fold,seed,detector,alpha,method,order,coverage,nominal,cov_gap,tpr,tnr,bal_acc,det_time,n_detected
0,0,SAFE-MLP,0.1,split CP (SAFE),exch,0.8125,0.9,-0.08750000000000002,0.5409836065573771,0.8125,0.6767418032786885,0.3503030303030303,33
0,0,SAFE-MLP,0.1,ACI g=0.05 (grow cal),exch,0.875,0.9,-0.025000000000000022,0.5245901639344263,0.875,0.6997950819672132,0.5393749999999999,32
0,0,SAFE-MLP,0.1,split CP (SAFE),blocked,0.7717391304347826,0.9,-0.12826086956521743,0.43119266055045874,0.7717391304347826,0.6014658954926206,0.28765957446808504,47
0,0,SAFE-MLP,0.1,ACI g=0.05 (grow cal),blocked,0.8913043478260869,0.9,-0.008695652173913104,0.44954128440366975,0.8913043478260869,0.6704228161148783,0.5787755102040816,49
0,0,SAFE-MLP,0.15,split CP (SAFE),exch,0.8125,0.85,-0.03749999999999998,0.819672131147541,0.8125,0.8160860655737705,0.446,50
0,0,SAFE-MLP,0.15,ACI g=0.05 (grow cal),exch,0.75,0.85,-0.09999999999999998,0.7049180327868853,0.75,0.7274590163934427,0.5841860465116279,43
0,0,SAFE-MLP,0.15,split CP (SAFE),blocked,0.7065217391304348,0.85,-0.14347826086956517,0.6330275229357798,0.7065217391304348,0.6697746310331073,0.4055072463768116,69
0,0,SAFE-MLP,0.15,ACI g=0.05 (grow cal),blocked,0.8369565217391304,0.85,-0.013043478260869601,0.5871559633027523,0.8369565217391304,0.7120562425209414,0.5796874999999999,64
0,0,SAFE-MLP,0.2,split CP (SAFE),exch,0.6875,0.8,-0.11250000000000004,0.819672131147541,0.6875,0.7535860655737705,0.43920000000000003,50
0,0,SAFE-MLP,0.2,ACI g=0.05 (grow cal),exch,0.6875,0.8,-0.11250000000000004,0.8032786885245902,0.6875,0.7453893442622951,0.4808163265306123,49
0,0,SAFE-MLP,0.2,split CP (SAFE),blocked,0.6956521739130435,0.8,-0.10434782608695659,0.6330275229357798,0.6956521739130435,0.6643398484244116,0.3944927536231885,69
0,0,SAFE-MLP,0.2,ACI g=0.05 (grow cal),blocked,0.782608695652174,0.8,-0.017391304347826098,0.6146788990825688,0.782608695652174,0.6986437973673714,0.5782089552238805,67
0,0,SAFE-MLP,0.25,split CP (SAFE),exch,0.75,0.75,0.0,0.5737704918032787,0.75,0.6618852459016393,0.3091428571428571,35
0,0,SAFE-MLP,0.25,ACI g=0.05 (grow cal),exch,0.75,0.75,0.0,0.5901639344262295,0.75,0.6700819672131147,0.31666666666666665,36
0,0,SAFE-MLP,0.25,split CP (SAFE),blocked,0.6847826086956521,0.75,-0.0652173913043479,0.44954128440366975,0.6847826086956521,0.5671619465496609,0.2179591836734694,49
0,0,SAFE-MLP,0.25,ACI g=0.05 (grow cal),blocked,0.7173913043478262,0.75,-0.032608695652173836,0.5321100917431193,0.7173913043478262,0.6247506980454727,0.3906896551724138,58
0,0,SAFE-MLP [task-rel],0.1,split CP (SAFE),exch,0.9375,0.9,0.03749999999999998,0.11475409836065574,0.9375,0.5261270491803278,0.2342857142857143,7
0,0,SAFE-MLP [task-rel],0.1,ACI g=0.05 (grow cal),exch,0.9375,0.9,0.03749999999999998,0.11475409836065574,0.9375,0.5261270491803278,0.2342857142857143,7
0,0,SAFE-MLP [task-rel],0.1,split CP (SAFE),blocked,0.9347826086956522,0.9,0.034782608695652195,0.045871559633027525,0.9347826086956522,0.4903270841643399,0.2,5
0,0,SAFE-MLP [task-rel],0.1,ACI g=0.05 (grow cal),blocked,0.9130434782608696,0.9,0.013043478260869601,0.09174311926605505,0.9130434782608696,0.5023932987634623,0.14000000000000004,10
0,0,SAFE-MLP [task-rel],0.15,split CP (SAFE),exch,0.9375,0.85,0.08750000000000002,0.21311475409836064,0.9375,0.5753073770491803,0.5015384615384615,13
0,0,SAFE-MLP [task-rel],0.15,ACI g=0.05 (grow cal),exch,0.875,0.85,0.025000000000000022,0.21311475409836064,0.875,0.5440573770491803,0.49692307692307686,13
0,0,SAFE-MLP [task-rel],0.15,split CP (SAFE),blocked,0.9347826086956522,0.85,0.08478260869565224,0.09174311926605505,0.9347826086956522,0.5132628639808536,0.372,10
0,0,SAFE-MLP [task-rel],0.15,ACI g=0.05 (grow cal),blocked,0.8695652173913043,0.85,0.019565217391304346,0.1834862385321101,0.8695652173913043,0.5265257279617073,0.22200000000000003,20
0,0,SAFE-MLP [task-rel],0.2,split CP (SAFE),exch,0.8125,0.8,0.012499999999999956,0.21311475409836064,0.8125,0.5128073770491803,0.48923076923076925,13
0,0,SAFE-MLP [task-rel],0.2,ACI g=0.05 (grow cal),exch,0.8125,0.8,0.012499999999999956,0.21311475409836064,0.8125,0.5128073770491803,0.4738461538461538,13
0,0,SAFE-MLP [task-rel],0.2,split CP (SAFE),blocked,0.9347826086956522,0.8,0.13478260869565217,0.11009174311926606,0.9347826086956522,0.5224371759074591,0.32,12
0,0,SAFE-MLP [task-rel],0.2,ACI g=0.05 (grow cal),blocked,0.8260869565217391,0.8,0.02608695652173909,0.22018348623853212,0.8260869565217391,0.5231352213801357,0.22583333333333333,24
0,0,SAFE-MLP [task-rel],0.25,split CP (SAFE),exch,0.8125,0.75,0.0625,0.29508196721311475,0.8125,0.5537909836065573,0.5955555555555556,18
0,0,SAFE-MLP [task-rel],0.25,ACI g=0.05 (grow cal),exch,0.8125,0.75,0.0625,0.3442622950819672,0.8125,0.5783811475409836,0.519047619047619,21
0,0,SAFE-MLP [task-rel],0.25,split CP (SAFE),blocked,0.8695652173913043,0.75,0.11956521739130432,0.1559633027522936,0.8695652173913043,0.512764260071799,0.3941176470588235,17
0,0,SAFE-MLP [task-rel],0.25,ACI g=0.05 (grow cal),blocked,0.7717391304347826,0.75,0.021739130434782594,0.27522935779816515,0.7717391304347826,0.5234842441164739,0.2273333333333333,30
0,0,H&S,0.1,split CP (SAFE),exch,0.6875,0.9,-0.21250000000000002,0.45901639344262296,0.6875,0.5732581967213115,0.5871428571428573,28
0,0,H&S,0.1,ACI g=0.05 (grow cal),exch,0.8125,0.9,-0.08750000000000002,0.3114754098360656,0.8125,0.5619877049180328,0.5,19
0,0,H&S,0.1,split CP (SAFE),blocked,0.8804347826086957,0.9,-0.019565217391304346,0.5045871559633027,0.8804347826086957,0.6925109692859992,0.7403636363636363,55
0,0,H&S,0.1,ACI g=0.05 (grow cal),blocked,0.8804347826086957,0.9,-0.019565217391304346,0.3577981651376147,0.8804347826086957,0.6191164738731552,0.7394871794871796,39
0,0,H&S,0.15,split CP (SAFE),exch,0.5625,0.85,-0.2875,0.4918032786885246,0.5625,0.5271516393442623,0.5846666666666668,30
0,0,H&S,0.15,ACI g=0.05 (grow cal),exch,0.75,0.85,-0.09999999999999998,0.4098360655737705,0.75,0.5799180327868853,0.5472,25
0,0,H&S,0.15,split CP (SAFE),blocked,0.8260869565217391,0.85,-0.023913043478260843,0.5412844036697247,0.8260869565217391,0.6836856800957319,0.6627118644067796,59
0,0,H&S,0.15,ACI g=0.05 (grow cal),blocked,0.8478260869565217,0.85,-0.0021739130434782483,0.5412844036697247,0.8478260869565217,0.6945552453131232,0.6742372881355932,59
0,0,H&S,0.2,split CP (SAFE),exch,0.5,0.8,-0.30000000000000004,0.6557377049180327,0.5,0.5778688524590163,0.5130000000000001,40
0,0,H&S,0.2,ACI g=0.05 (grow cal),exch,0.625,0.8,-0.17500000000000004,0.4918032786885246,0.625,0.5584016393442623,0.4780000000000001,30
0,0,H&S,0.2,split CP (SAFE),blocked,0.46739130434782605,0.8,-0.332608695652174,0.7247706422018348,0.46739130434782605,0.5960809732748305,0.56,79
0,0,H&S,0.2,ACI g=0.05 (grow cal),blocked,0.782608695652174,0.8,-0.017391304347826098,0.5688073394495413,0.782608695652174,0.6757080175508576,0.6577419354838709,62
0,0,H&S,0.25,split CP (SAFE),exch,0.5,0.75,-0.25,0.7868852459016393,0.5,0.6434426229508197,0.4991666666666667,48
0,0,H&S,0.25,ACI g=0.05 (grow cal),exch,0.5625,0.75,-0.1875,0.5573770491803278,0.5625,0.5599385245901639,0.4982352941176471,34
0,0,H&S,0.25,split CP (SAFE),blocked,0.3152173913043478,0.75,-0.4347826086956522,0.7889908256880734,0.3152173913043478,0.5521041084962106,0.5116279069767442,86
0,0,H&S,0.25,ACI g=0.05 (grow cal),blocked,0.7391304347826086,0.75,-0.010869565217391353,0.5963302752293578,0.7391304347826086,0.6677303550059832,0.6723076923076923,65
0,0,H&S [task-rel],0.1,split CP (SAFE),exch,0.625,0.9,-0.275,0.21311475409836064,0.625,0.41905737704918034,0.08307692307692308,13
0,0,H&S [task-rel],0.1,ACI g=0.05 (grow cal),exch,0.8125,0.9,-0.08750000000000002,0.09836065573770492,0.8125,0.45543032786885246,0.10333333333333335,6
0,0,H&S [task-rel],0.1,split CP (SAFE),blocked,0.8152173913043479,0.9,-0.08478260869565213,0.25688073394495414,0.8152173913043479,0.536049062624651,0.09714285714285716,28
0,0,H&S [task-rel],0.1,ACI g=0.05 (grow cal),blocked,0.8913043478260869,0.9,-0.008695652173913104,0.11009174311926606,0.8913043478260869,0.5006980454726765,0.11333333333333336,12
0,0,H&S [task-rel],0.15,split CP (SAFE),exch,0.5625,0.85,-0.2875,0.22950819672131148,0.5625,0.39600409836065575,0.060000000000000005,14
0,0,H&S [task-rel],0.15,ACI g=0.05 (grow cal),exch,0.6875,0.85,-0.16249999999999998,0.16393442622950818,0.6875,0.4257172131147541,0.06799999999999999,10
0,0,H&S [task-rel],0.15,split CP (SAFE),blocked,0.7173913043478262,0.85,-0.1326086956521738,0.3302752293577982,0.7173913043478262,0.5238332668528122,0.08055555555555556,36
0,0,H&S [task-rel],0.15,ACI g=0.05 (grow cal),blocked,0.8152173913043479,0.85,-0.034782608695652084,0.21100917431192662,0.8152173913043479,0.5131132828081373,0.16869565217391308,23
0,0,H&S [task-rel],0.2,split CP (SAFE),exch,0.4375,0.8,-0.36250000000000004,0.39344262295081966,0.4375,0.41547131147540983,0.14583333333333334,24
0,0,H&S [task-rel],0.2,ACI g=0.05 (grow cal),exch,0.6875,0.8,-0.11250000000000004,0.3114754098360656,0.6875,0.4994877049180328,0.19789473684210526,19
0,0,H&S [task-rel],0.2,split CP (SAFE),blocked,0.5326086956521738,0.8,-0.2673913043478262,0.5412844036697247,0.5326086956521738,0.5369465496609493,0.16135593220338984,59
0,0,H&S [task-rel],0.2,ACI g=0.05 (grow cal),blocked,0.7608695652173914,0.8,-0.03913043478260869,0.27522935779816515,0.7608695652173914,0.5180494615077782,0.19399999999999998,30
0,0,H&S [task-rel],0.25,split CP (SAFE),exch,0.5625,0.75,-0.1875,0.39344262295081966,0.5625,0.47797131147540983,0.07333333333333335,24
0,0,H&S [task-rel],0.25,ACI g=0.05 (grow cal),exch,0.625,0.75,-0.125,0.29508196721311475,0.625,0.4600409836065574,0.07111111111111111,18
0,0,H&S [task-rel],0.25,split CP (SAFE),blocked,0.42391304347826086,0.75,-0.32608695652173914,0.5871559633027523,0.42391304347826086,0.5055345033905065,0.1234375,64
0,0,H&S [task-rel],0.25,ACI g=0.05 (grow cal),blocked,0.7065217391304348,0.75,-0.04347826086956519,0.28440366972477066,0.7065217391304348,0.49546270442760276,0.07548387096774195,31
0,0,SAFE-Embed,0.1,split CP (SAFE),exch,0.875,0.9,-0.025000000000000022,0.39344262295081966,0.875,0.6342213114754098,0.5891666666666665,24
0,0,SAFE-Embed,0.1,ACI g=0.05 (grow cal),exch,0.875,0.9,-0.025000000000000022,0.32786885245901637,0.875,0.6014344262295082,0.623,20
0,0,SAFE-Embed,0.1,split CP (SAFE),blocked,0.04347826086956519,0.9,-0.8565217391304348,0.9908256880733946,0.04347826086956519,0.5171519744714799,0.4225925925925926,108
0,0,SAFE-Embed,0.1,ACI g=0.05 (grow cal),blocked,0.9021739130434783,0.9,0.0021739130434782483,0.45871559633027525,0.9021739130434783,0.6804447546868768,0.8959999999999998,50
0,0,SAFE-Embed,0.15,split CP (SAFE),exch,0.875,0.85,0.025000000000000022,0.5573770491803278,0.875,0.7161885245901639,0.5664705882352941,34
0,0,SAFE-Embed,0.15,ACI g=0.05 (grow cal),exch,0.875,0.85,0.025000000000000022,0.5245901639344263,0.875,0.6997950819672132,0.57875,32
0,0,SAFE-Embed,0.15,split CP (SAFE),blocked,0.0,0.85,-0.85,1.0,0.0,0.5,0.2704587155963302,109
0,0,SAFE-Embed,0.15,ACI g=0.05 (grow cal),blocked,0.8478260869565217,0.85,-0.0021739130434782483,0.5321100917431193,0.8478260869565217,0.6899680893498206,0.8200000000000001,58
0,0,SAFE-Embed,0.2,split CP (SAFE),exch,0.875,0.8,0.07499999999999996,0.5901639344262295,0.875,0.7325819672131147,0.5594444444444443,36
0,0,SAFE-Embed,0.2,ACI g=0.05 (grow cal),exch,0.875,0.8,0.07499999999999996,0.6065573770491803,0.875,0.7407786885245902,0.5313513513513514,37
0,0,SAFE-Embed,0.2,split CP (SAFE),blocked,0.0,0.8,-0.8,1.0,0.0,0.5,0.25871559633027524,109
0,0,SAFE-Embed,0.2,ACI g=0.05 (grow cal),blocked,0.7934782608695652,0.8,-0.006521739130434856,0.5779816513761468,0.7934782608695652,0.685729956122856,0.8047619047619049,63
0,0,SAFE-Embed,0.25,split CP (SAFE),exch,0.875,0.75,0.125,0.6721311475409836,0.875,0.7735655737704918,0.56,41
0,0,SAFE-Embed,0.25,ACI g=0.05 (grow cal),exch,0.8125,0.75,0.0625,0.6721311475409836,0.8125,0.7423155737704918,0.5151219512195122,41
0,0,SAFE-Embed,0.25,split CP (SAFE),blocked,0.0,0.75,-0.75,1.0,0.0,0.5,0.23871559633027523,109
0,0,SAFE-Embed,0.25,ACI g=0.05 (grow cal),blocked,0.7391304347826086,0.75,-0.010869565217391353,0.6238532110091743,0.7391304347826086,0.6814918228958915,0.8188235294117646,68
0,0,SAFE-Embed [task-rel],0.1,split CP (SAFE),exch,0.8125,0.9,-0.08750000000000002,0.18032786885245902,0.8125,0.4964139344262295,0.07090909090909091,11
0,0,SAFE-Embed [task-rel],0.1,ACI g=0.05 (grow cal),exch,0.875,0.9,-0.025000000000000022,0.13114754098360656,0.875,0.5030737704918032,0.07250000000000001,8
0,0,SAFE-Embed [task-rel],0.1,split CP (SAFE),blocked,0.9891304347826086,0.9,0.08913043478260863,0.027522935779816515,0.9891304347826086,0.5083266852812126,0.06666666666666667,3
0,0,SAFE-Embed [task-rel],0.1,ACI g=0.05 (grow cal),blocked,0.9239130434782609,0.9,0.023913043478260843,0.1651376146788991,0.9239130434782609,0.54452532907858,0.08222222222222222,18
0,0,SAFE-Embed [task-rel],0.15,split CP (SAFE),exch,0.75,0.85,-0.09999999999999998,0.3114754098360656,0.75,0.5307377049180328,0.3210526315789474,19
0,0,SAFE-Embed [task-rel],0.15,ACI g=0.05 (grow cal),exch,0.75,0.85,-0.09999999999999998,0.2786885245901639,0.75,0.514344262295082,0.351764705882353,17
0,0,SAFE-Embed [task-rel],0.15,split CP (SAFE),blocked,0.9782608695652174,0.85,0.12826086956521743,0.045871559633027525,0.9782608695652174,0.5120662145991225,0.256,5
0,0,SAFE-Embed [task-rel],0.15,ACI g=0.05 (grow cal),blocked,0.8478260869565217,0.85,-0.0021739130434782483,0.22018348623853212,0.8478260869565217,0.5340047865975269,0.22083333333333335,24
0,0,SAFE-Embed [task-rel],0.2,split CP (SAFE),exch,0.625,0.8,-0.17500000000000004,0.32786885245901637,0.625,0.47643442622950816,0.244,20
0,0,SAFE-Embed [task-rel],0.2,ACI g=0.05 (grow cal),exch,0.6875,0.8,-0.11250000000000004,0.32786885245901637,0.6875,0.5076844262295082,0.28300000000000003,20
0,0,SAFE-Embed [task-rel],0.2,split CP (SAFE),blocked,0.9565217391304348,0.8,0.15652173913043477,0.10091743119266056,0.9565217391304348,0.5287195851615477,0.16545454545454547,11
0,0,SAFE-Embed [task-rel],0.2,ACI g=0.05 (grow cal),blocked,0.8043478260869565,0.8,0.004347826086956497,0.28440366972477066,0.8043478260869565,0.5443757479058636,0.2670967741935484,31
0,0,SAFE-Embed [task-rel],0.25,split CP (SAFE),exch,0.625,0.75,-0.125,0.6229508196721312,0.625,0.6239754098360656,0.3531578947368421,38
0,0,SAFE-Embed [task-rel],0.25,ACI g=0.05 (grow cal),exch,0.625,0.75,-0.125,0.5573770491803278,0.625,0.5911885245901639,0.3564705882352941,34
0,0,SAFE-Embed [task-rel],0.25,split CP (SAFE),blocked,0.9021739130434783,0.75,0.15217391304347827,0.3853211009174312,0.9021739130434783,0.6437475069804548,0.5004761904761905,42
0,0,SAFE-Embed [task-rel],0.25,ACI g=0.05 (grow cal),blocked,0.7391304347826086,0.75,-0.010869565217391353,0.47706422018348627,0.7391304347826086,0.6080973274830475,0.3607692307692307,52
0,0,hand:cum_mean_token_entropy,0.1,split CP (SAFE),exch,0.875,0.9,-0.025000000000000022,0.18032786885245902,0.875,0.5276639344262295,0.07818181818181819,11
0,0,hand:cum_mean_token_entropy,0.1,ACI g=0.05 (grow cal),exch,0.875,0.9,-0.025000000000000022,0.13114754098360656,0.875,0.5030737704918032,0.11499999999999999,8
0,0,hand:cum_mean_token_entropy,0.1,split CP (SAFE),blocked,0.9021739130434783,0.9,0.0021739130434782483,0.11009174311926606,0.9021739130434783,0.5061328280813722,0.10333333333333333,12
0,0,hand:cum_mean_token_entropy,0.1,ACI g=0.05 (grow cal),blocked,0.8913043478260869,0.9,-0.008695652173913104,0.11926605504587157,0.8913043478260869,0.5052852014359792,0.12000000000000002,13
0,0,hand:cum_mean_token_entropy,0.15,split CP (SAFE),exch,0.875,0.85,0.025000000000000022,0.19672131147540983,0.875,0.5358606557377049,0.2566666666666667,12
0,0,hand:cum_mean_token_entropy,0.15,ACI g=0.05 (grow cal),exch,0.875,0.85,0.025000000000000022,0.19672131147540983,0.875,0.5358606557377049,0.265,12
0,0,hand:cum_mean_token_entropy,0.15,split CP (SAFE),blocked,0.9130434782608696,0.85,0.06304347826086965,0.11926605504587157,0.9130434782608696,0.5161547666533706,0.25538461538461543,13
0,0,hand:cum_mean_token_entropy,0.15,ACI g=0.05 (grow cal),blocked,0.8478260869565217,0.85,-0.0021739130434782483,0.22018348623853212,0.8478260869565217,0.5340047865975269,0.12416666666666669,24
0,0,hand:cum_mean_token_entropy,0.2,split CP (SAFE),exch,0.75,0.8,-0.050000000000000044,0.22950819672131148,0.75,0.48975409836065575,0.20285714285714287,14
0,0,hand:cum_mean_token_entropy,0.2,ACI g=0.05 (grow cal),exch,0.8125,0.8,0.012499999999999956,0.19672131147540983,0.8125,0.5046106557377049,0.22166666666666668,12
0,0,hand:cum_mean_token_entropy,0.2,split CP (SAFE),blocked,0.8913043478260869,0.8,0.09130434782608687,0.1651376146788991,0.8913043478260869,0.528220981252493,0.19333333333333336,18
0,0,hand:cum_mean_token_entropy,0.2,ACI g=0.05 (grow cal),blocked,0.7934782608695652,0.8,-0.006521739130434856,0.3119266055045872,0.7934782608695652,0.5527024331870762,0.14294117647058824,34
0,0,hand:cum_mean_token_entropy,0.25,split CP (SAFE),exch,0.625,0.75,-0.125,0.3770491803278688,0.625,0.5010245901639344,0.2104347826086956,23
0,0,hand:cum_mean_token_entropy,0.25,ACI g=0.05 (grow cal),exch,0.75,0.75,0.0,0.26229508196721313,0.75,0.5061475409836066,0.265,16
0,0,hand:cum_mean_token_entropy,0.25,split CP (SAFE),blocked,0.8152173913043479,0.75,0.0652173913043479,0.30275229357798167,0.8152173913043479,0.5589848424411648,0.18060606060606063,33
0,0,hand:cum_mean_token_entropy,0.25,ACI g=0.05 (grow cal),blocked,0.7391304347826086,0.75,-0.010869565217391353,0.3669724770642202,0.7391304347826086,0.5530514559234144,0.1675,40
0,0,hand:cum_mean_token_entropy [task-rel],0.1,split CP (SAFE),exch,1.0,0.9,0.09999999999999998,0.18032786885245902,1.0,0.5901639344262295,0.21272727272727276,11
0,0,hand:cum_mean_token_entropy [task-rel],0.1,ACI g=0.05 (grow cal),exch,0.9375,0.9,0.03749999999999998,0.22950819672131148,0.9375,0.5835040983606558,0.24285714285714288,14
0,0,hand:cum_mean_token_entropy [task-rel],0.1,split CP (SAFE),blocked,0.8369565217391304,0.9,-0.06304347826086965,0.12844036697247707,0.8369565217391304,0.4826984443558037,0.17571428571428574,14
0,0,hand:cum_mean_token_entropy [task-rel],0.1,ACI g=0.05 (grow cal),blocked,0.8804347826086957,0.9,-0.019565217391304346,0.10091743119266056,0.8804347826086957,0.4906761069006781,0.15818181818181817,11
0,0,hand:cum_mean_token_entropy [task-rel],0.15,split CP (SAFE),exch,0.9375,0.85,0.08750000000000002,0.29508196721311475,0.9375,0.6162909836065573,0.3111111111111111,18
0,0,hand:cum_mean_token_entropy [task-rel],0.15,ACI g=0.05 (grow cal),exch,0.875,0.85,0.025000000000000022,0.32786885245901637,0.875,0.6014344262295082,0.24500000000000002,20
0,0,hand:cum_mean_token_entropy [task-rel],0.15,split CP (SAFE),blocked,0.75,0.85,-0.09999999999999998,0.25688073394495414,0.75,0.5034403669724771,0.2492857142857143,28
0,0,hand:cum_mean_token_entropy [task-rel],0.15,ACI g=0.05 (grow cal),blocked,0.8260869565217391,0.85,-0.023913043478260843,0.14678899082568808,0.8260869565217391,0.4864379736737136,0.28500000000000003,16
0,0,hand:cum_mean_token_entropy [task-rel],0.2,split CP (SAFE),exch,0.875,0.8,0.07499999999999996,0.3770491803278688,0.875,0.6260245901639344,0.2521739130434783,23
0,0,hand:cum_mean_token_entropy [task-rel],0.2,ACI g=0.05 (grow cal),exch,0.875,0.8,0.07499999999999996,0.3770491803278688,0.875,0.6260245901639344,0.24695652173913044,23
0,0,hand:cum_mean_token_entropy [task-rel],0.2,split CP (SAFE),blocked,0.7282608695652174,0.8,-0.07173913043478264,0.3119266055045872,0.7282608695652174,0.5200937375349023,0.25117647058823533,34
0,0,hand:cum_mean_token_entropy [task-rel],0.2,ACI g=0.05 (grow cal),blocked,0.782608695652174,0.8,-0.017391304347826098,0.2018348623853211,0.782608695652174,0.49222177901874753,0.2563636363636364,22
0,0,hand:cum_mean_token_entropy [task-rel],0.25,split CP (SAFE),exch,0.875,0.75,0.125,0.3770491803278688,0.875,0.6260245901639344,0.2947826086956522,23
0,0,hand:cum_mean_token_entropy [task-rel],0.25,ACI g=0.05 (grow cal),exch,0.8125,0.75,0.0625,0.4426229508196721,0.8125,0.6275614754098361,0.2562962962962963,27
0,0,hand:cum_mean_token_entropy [task-rel],0.25,split CP (SAFE),blocked,0.7065217391304348,0.75,-0.04347826086956519,0.3577981651376147,0.7065217391304348,0.5321599521340248,0.29692307692307696,39
0,0,hand:cum_mean_token_entropy [task-rel],0.25,ACI g=0.05 (grow cal),blocked,0.7391304347826086,0.75,-0.010869565217391353,0.27522935779816515,0.7391304347826086,0.5071798962903868,0.32266666666666666,30
0,0,hand:mean_token_entropy,0.1,split CP (SAFE),exch,0.875,0.9,-0.025000000000000022,0.2459016393442623,0.875,0.5604508196721312,0.5866666666666666,15
0,0,hand:mean_token_entropy,0.1,ACI g=0.05 (grow cal),exch,0.8125,0.9,-0.08750000000000002,0.22950819672131148,0.8125,0.5210040983606558,0.62,14
0,0,hand:mean_token_entropy,0.1,split CP (SAFE),blocked,0.8043478260869565,0.9,-0.09565217391304348,0.21100917431192662,0.8043478260869565,0.5076785001994416,0.6460869565217392,23
0,0,hand:mean_token_entropy,0.1,ACI g=0.05 (grow cal),blocked,0.9239130434782609,0.9,0.023913043478260843,0.09174311926605505,0.9239130434782609,0.507828081372158,0.57,10
0,0,hand:mean_token_entropy,0.15,split CP (SAFE),exch,0.8125,0.85,-0.03749999999999998,0.3114754098360656,0.8125,0.5619877049180328,0.5421052631578945,19
0,0,hand:mean_token_entropy,0.15,ACI g=0.05 (grow cal),exch,0.8125,0.85,-0.03749999999999998,0.29508196721311475,0.8125,0.5537909836065573,0.5499999999999999,18
0,0,hand:mean_token_entropy,0.15,split CP (SAFE),blocked,0.7391304347826086,0.85,-0.11086956521739133,0.25688073394495414,0.7391304347826086,0.4980055843637814,0.6042857142857143,28
0,0,hand:mean_token_entropy,0.15,ACI g=0.05 (grow cal),blocked,0.8913043478260869,0.85,0.04130434782608694,0.12844036697247707,0.8913043478260869,0.509872357399282,0.5157142857142857,14
0,0,hand:mean_token_entropy,0.2,split CP (SAFE),exch,0.75,0.8,-0.050000000000000044,0.36065573770491804,0.75,0.555327868852459,0.5054545454545454,22
0,0,hand:mean_token_entropy,0.2,ACI g=0.05 (grow cal),exch,0.75,0.8,-0.050000000000000044,0.3770491803278688,0.75,0.5635245901639344,0.5843478260869565,23
0,0,hand:mean_token_entropy,0.2,split CP (SAFE),blocked,0.7282608695652174,0.8,-0.07173913043478264,0.29357798165137616,0.7282608695652174,0.5109194256082967,0.59375,32
0,0,hand:mean_token_entropy,0.2,ACI g=0.05 (grow cal),blocked,0.8369565217391304,0.8,0.03695652173913033,0.1834862385321101,0.8369565217391304,0.5102213801356202,0.5330000000000001,20
0,0,hand:mean_token_entropy,0.25,split CP (SAFE),exch,0.6875,0.75,-0.0625,0.45901639344262296,0.6875,0.5732581967213115,0.4942857142857142,28
0,0,hand:mean_token_entropy,0.25,ACI g=0.05 (grow cal),exch,0.6875,0.75,-0.0625,0.4098360655737705,0.6875,0.5486680327868853,0.5287999999999999,25
0,0,hand:mean_token_entropy,0.25,split CP (SAFE),blocked,0.6413043478260869,0.75,-0.10869565217391308,0.3944954128440367,0.6413043478260869,0.5178998803350618,0.6074418604651162,43
0,0,hand:mean_token_entropy,0.25,ACI g=0.05 (grow cal),blocked,0.782608695652174,0.75,0.03260869565217395,0.27522935779816515,0.782608695652174,0.5289190267251695,0.6199999999999999,30
0,0,hand:mean_token_entropy [task-rel],0.1,split CP (SAFE),exch,0.9375,0.9,0.03749999999999998,0.01639344262295082,0.9375,0.4769467213114754,0.06,1
0,0,hand:mean_token_entropy [task-rel],0.1,ACI g=0.05 (grow cal),exch,0.9375,0.9,0.03749999999999998,0.01639344262295082,0.9375,0.4769467213114754,0.06,1
0,0,hand:mean_token_entropy [task-rel],0.1,split CP (SAFE),blocked,0.9239130434782609,0.9,0.023913043478260843,0.01834862385321101,0.9239130434782609,0.47113083366573594,0.23,2
0,0,hand:mean_token_entropy [task-rel],0.1,ACI g=0.05 (grow cal),blocked,0.8804347826086957,0.9,-0.019565217391304346,0.07339449541284404,0.8804347826086957,0.47691463901076986,0.27,8
0,0,hand:mean_token_entropy [task-rel],0.15,split CP (SAFE),exch,0.875,0.85,0.025000000000000022,0.03278688524590164,0.875,0.45389344262295084,0.53,2
0,0,hand:mean_token_entropy [task-rel],0.15,ACI g=0.05 (grow cal),exch,0.875,0.85,0.025000000000000022,0.03278688524590164,0.875,0.45389344262295084,0.53,2
0,0,hand:mean_token_entropy [task-rel],0.15,split CP (SAFE),blocked,0.9239130434782609,0.85,0.07391304347826089,0.07339449541284404,0.9239130434782609,0.49865376944555245,0.4750000000000001,8
0,0,hand:mean_token_entropy [task-rel],0.15,ACI g=0.05 (grow cal),blocked,0.8369565217391304,0.85,-0.013043478260869601,0.21100917431192662,0.8369565217391304,0.5239828480255285,0.44260869565217403,23
0,0,hand:mean_token_entropy [task-rel],0.2,split CP (SAFE),exch,0.8125,0.8,0.012499999999999956,0.06557377049180328,0.8125,0.4390368852459016,0.405,4
0,0,hand:mean_token_entropy [task-rel],0.2,ACI g=0.05 (grow cal),exch,0.8125,0.8,0.012499999999999956,0.08196721311475409,0.8125,0.44723360655737704,0.368,5
0,0,hand:mean_token_entropy [task-rel],0.2,split CP (SAFE),blocked,0.8804347826086957,0.8,0.08043478260869563,0.13761467889908258,0.8804347826086957,0.5090247307538891,0.46799999999999997,15
0,0,hand:mean_token_entropy [task-rel],0.2,ACI g=0.05 (grow cal),blocked,0.7717391304347826,0.8,-0.02826086956521745,0.24770642201834864,0.7717391304347826,0.5097227762265656,0.3940740740740742,27
0,0,hand:mean_token_entropy [task-rel],0.25,split CP (SAFE),exch,0.75,0.75,0.0,0.14754098360655737,0.75,0.44877049180327866,0.40222222222222226,9
0,0,hand:mean_token_entropy [task-rel],0.25,ACI g=0.05 (grow cal),exch,0.75,0.75,0.0,0.11475409836065574,0.75,0.4323770491803279,0.32571428571428573,7
0,0,hand:mean_token_entropy [task-rel],0.25,split CP (SAFE),blocked,0.8043478260869565,0.75,0.05434782608695654,0.1834862385321101,0.8043478260869565,0.4939170323095333,0.471,20
0,0,hand:mean_token_entropy [task-rel],0.25,ACI g=0.05 (grow cal),blocked,0.7173913043478262,0.75,-0.032608695652173836,0.24770642201834864,0.7173913043478262,0.48254886318308743,0.3755555555555556,27
0,0,hand:cum_max_token_entropy,0.1,split CP (SAFE),exch,0.8125,0.9,-0.08750000000000002,0.3442622950819672,0.8125,0.5783811475409836,0.1838095238095238,21
0,0,hand:cum_max_token_entropy,0.1,ACI g=0.05 (grow cal),exch,0.8125,0.9,-0.08750000000000002,0.26229508196721313,0.8125,0.5373975409836066,0.22875,16
0,0,hand:cum_max_token_entropy,0.1,split CP (SAFE),blocked,0.9021739130434783,0.9,0.0021739130434782483,0.14678899082568808,0.9021739130434783,0.5244814519345832,0.11375,16
0,0,hand:cum_max_token_entropy,0.1,ACI g=0.05 (grow cal),blocked,0.8913043478260869,0.9,-0.008695652173913104,0.13761467889908258,0.8913043478260869,0.5144595133625848,0.11733333333333333,15
0,0,hand:cum_max_token_entropy,0.15,split CP (SAFE),exch,0.8125,0.85,-0.03749999999999998,0.39344262295081966,0.8125,0.6029713114754098,0.17750000000000002,24
0,0,hand:cum_max_token_entropy,0.15,ACI g=0.05 (grow cal),exch,0.8125,0.85,-0.03749999999999998,0.3442622950819672,0.8125,0.5783811475409836,0.17904761904761907,21
0,0,hand:cum_max_token_entropy,0.15,split CP (SAFE),blocked,0.8369565217391304,0.85,-0.013043478260869601,0.23853211009174313,0.8369565217391304,0.5377443159154367,0.20153846153846156,26
0,0,hand:cum_max_token_entropy,0.15,ACI g=0.05 (grow cal),blocked,0.8369565217391304,0.85,-0.013043478260869601,0.21100917431192662,0.8369565217391304,0.5239828480255285,0.23043478260869565,23
0,0,hand:cum_max_token_entropy,0.2,split CP (SAFE),exch,0.75,0.8,-0.050000000000000044,0.4426229508196721,0.75,0.5963114754098361,0.19999999999999998,27
0,0,hand:cum_max_token_entropy,0.2,ACI g=0.05 (grow cal),exch,0.8125,0.8,0.012499999999999956,0.4098360655737705,0.8125,0.6111680327868853,0.2,25
0,0,hand:cum_max_token_entropy,0.2,split CP (SAFE),blocked,0.7717391304347826,0.8,-0.02826086956521745,0.29357798165137616,0.7717391304347826,0.5326585560430794,0.181875,32
0,0,hand:cum_max_token_entropy,0.2,ACI g=0.05 (grow cal),blocked,0.782608695652174,0.8,-0.017391304347826098,0.25688073394495414,0.782608695652174,0.5197447147985641,0.21000000000000002,28
0,0,hand:cum_max_token_entropy,0.25,split CP (SAFE),exch,0.6875,0.75,-0.0625,0.45901639344262296,0.6875,0.5732581967213115,0.1764285714285714,28
0,0,hand:cum_max_token_entropy,0.25,ACI g=0.05 (grow cal),exch,0.75,0.75,0.0,0.47540983606557374,0.75,0.6127049180327868,0.1882758620689655,29
0,0,hand:cum_max_token_entropy,0.25,split CP (SAFE),blocked,0.7391304347826086,0.75,-0.010869565217391353,0.3577981651376147,0.7391304347826086,0.5484642999601117,0.19538461538461538,39
0,0,hand:cum_max_token_entropy,0.25,ACI g=0.05 (grow cal),blocked,0.7391304347826086,0.75,-0.010869565217391353,0.3211009174311927,0.7391304347826086,0.5301156761069007,0.17885714285714285,35
0,0,hand:cum_max_token_entropy [task-rel],0.1,split CP (SAFE),exch,0.8125,0.9,-0.08750000000000002,0.13114754098360656,0.8125,0.4718237704918033,0.235,8
0,0,hand:cum_max_token_entropy [task-rel],0.1,ACI g=0.05 (grow cal),exch,0.8125,0.9,-0.08750000000000002,0.11475409836065574,0.8125,0.4636270491803279,0.22285714285714286,7
0,0,hand:cum_max_token_entropy [task-rel],0.1,split CP (SAFE),blocked,0.9239130434782609,0.9,0.023913043478260843,0.10091743119266056,0.9239130434782609,0.5124152373354607,0.08363636363636363,11
0,0,hand:cum_max_token_entropy [task-rel],0.1,ACI g=0.05 (grow cal),blocked,0.8804347826086957,0.9,-0.019565217391304346,0.11009174311926606,0.8804347826086957,0.49526326286398087,0.165,12
0,0,hand:cum_max_token_entropy [task-rel],0.15,split CP (SAFE),exch,0.8125,0.85,-0.03749999999999998,0.22950819672131148,0.8125,0.5210040983606558,0.20571428571428577,14
0,0,hand:cum_max_token_entropy [task-rel],0.15,ACI g=0.05 (grow cal),exch,0.8125,0.85,-0.03749999999999998,0.22950819672131148,0.8125,0.5210040983606558,0.20571428571428577,14
0,0,hand:cum_max_token_entropy [task-rel],0.15,split CP (SAFE),blocked,0.8586956521739131,0.85,0.008695652173913104,0.13761467889908258,0.8586956521739131,0.49815516553649786,0.13733333333333336,15
0,0,hand:cum_max_token_entropy [task-rel],0.15,ACI g=0.05 (grow cal),blocked,0.8260869565217391,0.85,-0.023913043478260843,0.12844036697247707,0.8260869565217391,0.4772636617471081,0.11285714285714286,14
0,0,hand:cum_max_token_entropy [task-rel],0.2,split CP (SAFE),exch,0.8125,0.8,0.012499999999999956,0.22950819672131148,0.8125,0.5210040983606558,0.1842857142857143,14
0,0,hand:cum_max_token_entropy [task-rel],0.2,ACI g=0.05 (grow cal),exch,0.8125,0.8,0.012499999999999956,0.22950819672131148,0.8125,0.5210040983606558,0.18285714285714288,14
0,0,hand:cum_max_token_entropy [task-rel],0.2,split CP (SAFE),blocked,0.8369565217391304,0.8,0.03695652173913033,0.1651376146788991,0.8369565217391304,0.5010470682090147,0.14555555555555555,18
0,0,hand:cum_max_token_entropy [task-rel],0.2,ACI g=0.05 (grow cal),blocked,0.782608695652174,0.8,-0.017391304347826098,0.1651376146788991,0.782608695652174,0.4738731551655365,0.11666666666666667,18
0,0,hand:cum_max_token_entropy [task-rel],0.25,split CP (SAFE),exch,0.8125,0.75,0.0625,0.2459016393442623,0.8125,0.5292008196721312,0.1706666666666667,15
0,0,hand:cum_max_token_entropy [task-rel],0.25,ACI g=0.05 (grow cal),exch,0.8125,0.75,0.0625,0.2786885245901639,0.8125,0.545594262295082,0.16,17
0,0,hand:cum_max_token_entropy [task-rel],0.25,split CP (SAFE),blocked,0.782608695652174,0.75,0.03260869565217395,0.1926605504587156,0.782608695652174,0.4876346230554448,0.13428571428571429,21
0,0,hand:cum_max_token_entropy [task-rel],0.25,ACI g=0.05 (grow cal),blocked,0.7173913043478262,0.75,-0.032608695652173836,0.21100917431192662,0.7173913043478262,0.4642002393298764,0.11739130434782609,23
0,0,hand:cum_mean_token_prob,0.1,split CP (SAFE),exch,0.75,0.9,-0.15000000000000002,0.21311475409836064,0.75,0.48155737704918034,0.07230769230769231,13
0,0,hand:cum_mean_token_prob,0.1,ACI g=0.05 (grow cal),exch,0.8125,0.9,-0.08750000000000002,0.09836065573770492,0.8125,0.45543032786885246,0.09333333333333334,6
0,0,hand:cum_mean_token_prob,0.1,split CP (SAFE),blocked,0.8586956521739131,0.9,-0.04130434782608694,0.13761467889908258,0.8586956521739131,0.49815516553649786,0.04133333333333333,15
0,0,hand:cum_mean_token_prob,0.1,ACI g=0.05 (grow cal),blocked,0.8913043478260869,0.9,-0.008695652173913104,0.11009174311926606,0.8913043478260869,0.5006980454726765,0.05166666666666667,12
0,0,hand:cum_mean_token_prob,0.15,split CP (SAFE),exch,0.8125,0.85,-0.03749999999999998,0.22950819672131148,0.8125,0.5210040983606558,0.15142857142857144,14
0,0,hand:cum_mean_token_prob,0.15,ACI g=0.05 (grow cal),exch,0.8125,0.85,-0.03749999999999998,0.18032786885245902,0.8125,0.4964139344262295,0.17090909090909093,11
0,0,hand:cum_mean_token_prob,0.15,split CP (SAFE),blocked,0.9021739130434783,0.85,0.05217391304347829,0.13761467889908258,0.9021739130434783,0.5198942959712805,0.22800000000000004,15
0,0,hand:cum_mean_token_prob,0.15,ACI g=0.05 (grow cal),blocked,0.8369565217391304,0.85,-0.013043478260869601,0.1926605504587156,0.8369565217391304,0.514808536098923,0.12761904761904763,21
0,0,hand:cum_mean_token_prob,0.2,split CP (SAFE),exch,0.625,0.8,-0.17500000000000004,0.2459016393442623,0.625,0.4354508196721312,0.10266666666666667,15
0,0,hand:cum_mean_token_prob,0.2,ACI g=0.05 (grow cal),exch,0.75,0.8,-0.050000000000000044,0.19672131147540983,0.75,0.4733606557377049,0.16666666666666666,12
0,0,hand:cum_mean_token_prob,0.2,split CP (SAFE),blocked,0.8478260869565217,0.8,0.047826086956521685,0.22935779816513763,0.8478260869565217,0.5385919425608297,0.16879999999999998,25
0,0,hand:cum_mean_token_prob,0.2,ACI g=0.05 (grow cal),blocked,0.7934782608695652,0.8,-0.006521739130434856,0.22018348623853212,0.7934782608695652,0.5068308735540487,0.17,24
0,0,hand:cum_mean_token_prob,0.25,split CP (SAFE),exch,0.625,0.75,-0.125,0.2459016393442623,0.625,0.4354508196721312,0.10266666666666667,15
0,0,hand:cum_mean_token_prob,0.25,ACI g=0.05 (grow cal),exch,0.6875,0.75,-0.0625,0.22950819672131148,0.6875,0.45850409836065575,0.13571428571428573,14
0,0,hand:cum_mean_token_prob,0.25,split CP (SAFE),blocked,0.8369565217391304,0.75,0.08695652173913038,0.22935779816513763,0.8369565217391304,0.533157159952134,0.1488,25
0,0,hand:cum_mean_token_prob,0.25,ACI g=0.05 (grow cal),blocked,0.7391304347826086,0.75,-0.010869565217391353,0.3211009174311927,0.7391304347826086,0.5301156761069007,0.184,35
0,0,hand:cum_mean_token_prob [task-rel],0.1,split CP (SAFE),exch,1.0,0.9,0.09999999999999998,0.21311475409836064,1.0,0.6065573770491803,0.36769230769230765,13
0,0,hand:cum_mean_token_prob [task-rel],0.1,ACI g=0.05 (grow cal),exch,1.0,0.9,0.09999999999999998,0.22950819672131148,1.0,0.6147540983606558,0.3271428571428571,14
0,0,hand:cum_mean_token_prob [task-rel],0.1,split CP (SAFE),blocked,0.8804347826086957,0.9,-0.019565217391304346,0.11009174311926606,0.8804347826086957,0.49526326286398087,0.4216666666666667,12
0,0,hand:cum_mean_token_prob [task-rel],0.1,ACI g=0.05 (grow cal),blocked,0.8804347826086957,0.9,-0.019565217391304346,0.09174311926605505,0.8804347826086957,0.48608895093737536,0.43599999999999994,10
0,0,hand:cum_mean_token_prob [task-rel],0.15,split CP (SAFE),exch,1.0,0.85,0.15000000000000002,0.2786885245901639,1.0,0.639344262295082,0.2847058823529412,17
0,0,hand:cum_mean_token_prob [task-rel],0.15,ACI g=0.05 (grow cal),exch,1.0,0.85,0.15000000000000002,0.29508196721311475,1.0,0.6475409836065573,0.2577777777777778,18
0,0,hand:cum_mean_token_prob [task-rel],0.15,split CP (SAFE),blocked,0.782608695652174,0.85,-0.06739130434782603,0.2018348623853211,0.782608695652174,0.49222177901874753,0.24545454545454543,22
0,0,hand:cum_mean_token_prob [task-rel],0.15,ACI g=0.05 (grow cal),blocked,0.8369565217391304,0.85,-0.013043478260869601,0.11009174311926606,0.8369565217391304,0.4735241324291982,0.3766666666666667,12
0,0,hand:cum_mean_token_prob [task-rel],0.2,split CP (SAFE),exch,1.0,0.8,0.19999999999999996,0.2786885245901639,1.0,0.639344262295082,0.28,17
0,0,hand:cum_mean_token_prob [task-rel],0.2,ACI g=0.05 (grow cal),exch,0.875,0.8,0.07499999999999996,0.36065573770491804,0.875,0.617827868852459,0.2545454545454545,22
0,0,hand:cum_mean_token_prob [task-rel],0.2,split CP (SAFE),blocked,0.7717391304347826,0.8,-0.02826086956521745,0.2018348623853211,0.7717391304347826,0.48678699641005185,0.23,22
0,0,hand:cum_mean_token_prob [task-rel],0.2,ACI g=0.05 (grow cal),blocked,0.782608695652174,0.8,-0.017391304347826098,0.2018348623853211,0.782608695652174,0.49222177901874753,0.26909090909090916,22
0,0,hand:cum_mean_token_prob [task-rel],0.25,split CP (SAFE),exch,0.9375,0.75,0.1875,0.39344262295081966,0.9375,0.6654713114754098,0.31750000000000006,24
0,0,hand:cum_mean_token_prob [task-rel],0.25,ACI g=0.05 (grow cal),exch,0.875,0.75,0.125,0.47540983606557374,0.875,0.6752049180327868,0.23931034482758615,29
0,0,hand:cum_mean_token_prob [task-rel],0.25,split CP (SAFE),blocked,0.7173913043478262,0.75,-0.032608695652173836,0.3302752293577982,0.7173913043478262,0.5238332668528122,0.26,36
0,0,hand:cum_mean_token_prob [task-rel],0.25,ACI g=0.05 (grow cal),blocked,0.7391304347826086,0.75,-0.010869565217391353,0.27522935779816515,0.7391304347826086,0.5071798962903868,0.262,30
0,0,hand:cum_dpos,0.1,split CP (SAFE),exch,0.5625,0.9,-0.3375,0.3114754098360656,0.5625,0.4369877049180328,0.20736842105263156,19
0,0,hand:cum_dpos,0.1,ACI g=0.05 (grow cal),exch,0.75,0.9,-0.15000000000000002,0.21311475409836064,0.75,0.48155737704918034,0.18000000000000002,13
0,0,hand:cum_dpos,0.1,split CP (SAFE),blocked,0.6413043478260869,0.9,-0.2586956521739131,0.23853211009174313,0.6413043478260869,0.439918228958915,0.2569230769230769,26
0,0,hand:cum_dpos,0.1,ACI g=0.05 (grow cal),blocked,0.9021739130434783,0.9,0.0021739130434782483,0.07339449541284404,0.9021739130434783,0.48778420422816116,0.2175,8
0,0,hand:cum_dpos,0.15,split CP (SAFE),exch,0.5625,0.85,-0.2875,0.3114754098360656,0.5625,0.4369877049180328,0.20526315789473687,19
0,0,hand:cum_dpos,0.15,ACI g=0.05 (grow cal),exch,0.6875,0.85,-0.16249999999999998,0.2786885245901639,0.6875,0.48309426229508196,0.22705882352941179,17
0,0,hand:cum_dpos,0.15,split CP (SAFE),blocked,0.6413043478260869,0.85,-0.20869565217391306,0.23853211009174313,0.6413043478260869,0.439918228958915,0.2561538461538462,26
0,0,hand:cum_dpos,0.15,ACI g=0.05 (grow cal),blocked,0.8695652173913043,0.85,0.019565217391304346,0.06422018348623854,0.8695652173913043,0.4668927004387714,0.18285714285714288,7
0,0,hand:cum_dpos,0.2,split CP (SAFE),exch,0.5625,0.8,-0.23750000000000004,0.32786885245901637,0.5625,0.44518442622950816,0.188,20
0,0,hand:cum_dpos,0.2,ACI g=0.05 (grow cal),exch,0.6875,0.8,-0.11250000000000004,0.3114754098360656,0.6875,0.4994877049180328,0.2010526315789474,19
0,0,hand:cum_dpos,0.2,split CP (SAFE),blocked,0.6195652173913043,0.8,-0.18043478260869572,0.26605504587155965,0.6195652173913043,0.442810131631432,0.2786206896551724,29
0,0,hand:cum_dpos,0.2,ACI g=0.05 (grow cal),blocked,0.8478260869565217,0.8,0.047826086956521685,0.10091743119266056,0.8478260869565217,0.47437175907459117,0.2,11
0,0,hand:cum_dpos,0.25,split CP (SAFE),exch,0.5,0.75,-0.25,0.45901639344262296,0.5,0.4795081967213115,0.22857142857142856,28
0,0,hand:cum_dpos,0.25,ACI g=0.05 (grow cal),exch,0.625,0.75,-0.125,0.39344262295081966,0.625,0.5092213114754098,0.2675,24
0,0,hand:cum_dpos,0.25,split CP (SAFE),blocked,0.5434782608695652,0.75,-0.2065217391304348,0.3577981651376147,0.5434782608695652,0.45063821300358997,0.341025641025641,39
0,0,hand:cum_dpos,0.25,ACI g=0.05 (grow cal),blocked,0.7934782608695652,0.75,0.04347826086956519,0.13761467889908258,0.7934782608695652,0.4655464698843239,0.2653333333333333,15
0,0,hand:cum_dpos [task-rel],0.1,split CP (SAFE),exch,0.8125,0.9,-0.08750000000000002,0.32786885245901637,0.8125,0.5701844262295082,0.22999999999999998,20
0,0,hand:cum_dpos [task-rel],0.1,ACI g=0.05 (grow cal),exch,0.875,0.9,-0.025000000000000022,0.29508196721311475,0.875,0.5850409836065573,0.22666666666666668,18
0,0,hand:cum_dpos [task-rel],0.1,split CP (SAFE),blocked,0.7282608695652174,0.9,-0.17173913043478262,0.3669724770642202,0.7282608695652174,0.5476166733147187,0.156,40
0,0,hand:cum_dpos [task-rel],0.1,ACI g=0.05 (grow cal),blocked,0.8913043478260869,0.9,-0.008695652173913104,0.1651376146788991,0.8913043478260869,0.528220981252493,0.08444444444444445,18
0,0,hand:cum_dpos [task-rel],0.15,split CP (SAFE),exch,0.8125,0.85,-0.03749999999999998,0.3770491803278688,0.8125,0.5947745901639344,0.26956521739130435,23
0,0,hand:cum_dpos [task-rel],0.15,ACI g=0.05 (grow cal),exch,0.8125,0.85,-0.03749999999999998,0.32786885245901637,0.8125,0.5701844262295082,0.26599999999999996,20
0,0,hand:cum_dpos [task-rel],0.15,split CP (SAFE),blocked,0.7065217391304348,0.85,-0.14347826086956517,0.3853211009174312,0.7065217391304348,0.5459214200239331,0.12714285714285714,42
0,0,hand:cum_dpos [task-rel],0.15,ACI g=0.05 (grow cal),blocked,0.8478260869565217,0.85,-0.0021739130434782483,0.22018348623853212,0.8478260869565217,0.5340047865975269,0.11666666666666665,24
0,0,hand:cum_dpos [task-rel],0.2,split CP (SAFE),exch,0.75,0.8,-0.050000000000000044,0.4426229508196721,0.75,0.5963114754098361,0.29555555555555557,27
0,0,hand:cum_dpos [task-rel],0.2,ACI g=0.05 (grow cal),exch,0.8125,0.8,0.012499999999999956,0.39344262295081966,0.8125,0.6029713114754098,0.26583333333333337,24
0,0,hand:cum_dpos [task-rel],0.2,split CP (SAFE),blocked,0.6521739130434783,0.8,-0.14782608695652177,0.43119266055045874,0.6521739130434783,0.5416832867969685,0.1191489361702128,47
0,0,hand:cum_dpos [task-rel],0.2,ACI g=0.05 (grow cal),blocked,0.8043478260869565,0.8,0.004347826086956497,0.3211009174311927,0.8043478260869565,0.5627243717590746,0.19428571428571428,35
0,0,hand:cum_dpos [task-rel],0.25,split CP (SAFE),exch,0.6875,0.75,-0.0625,0.3770491803278688,0.6875,0.5322745901639344,0.2791304347826087,23
0,0,hand:cum_dpos [task-rel],0.25,ACI g=0.05 (grow cal),exch,0.75,0.75,0.0,0.3770491803278688,0.75,0.5635245901639344,0.2808695652173913,23
0,0,hand:cum_dpos [task-rel],0.25,split CP (SAFE),blocked,0.6086956521739131,0.75,-0.14130434782608692,0.42201834862385323,0.6086956521739131,0.5153570003988832,0.08521739130434784,46
0,0,hand:cum_dpos [task-rel],0.25,ACI g=0.05 (grow cal),blocked,0.7608695652173914,0.75,0.010869565217391353,0.30275229357798167,0.7608695652173914,0.5318109293976865,0.136969696969697,33
0,0,hand:cum_drot,0.1,split CP (SAFE),exch,0.8125,0.9,-0.08750000000000002,0.2459016393442623,0.8125,0.5292008196721312,0.30000000000000004,15
0,0,hand:cum_drot,0.1,ACI g=0.05 (grow cal),exch,0.75,0.9,-0.15000000000000002,0.2459016393442623,0.75,0.4979508196721312,0.32933333333333337,15
0,0,hand:cum_drot,0.1,split CP (SAFE),blocked,0.9347826086956522,0.9,0.034782608695652195,0.027522935779816515,0.9347826086956522,0.48115277223773434,0.18666666666666668,3
0,0,hand:cum_drot,0.1,ACI g=0.05 (grow cal),blocked,0.8804347826086957,0.9,-0.019565217391304346,0.03669724770642202,0.8804347826086957,0.45856601515755885,0.005,4
0,0,hand:cum_drot,0.15,split CP (SAFE),exch,0.5,0.85,-0.35,0.4918032786885246,0.5,0.4959016393442623,0.13799999999999998,30
0,0,hand:cum_drot,0.15,ACI g=0.05 (grow cal),exch,0.6875,0.85,-0.16249999999999998,0.4262295081967213,0.6875,0.5568647540983607,0.13153846153846158,26
0,0,hand:cum_drot,0.15,split CP (SAFE),blocked,0.8586956521739131,0.85,0.008695652173913104,0.13761467889908258,0.8586956521739131,0.49815516553649786,0.11466666666666668,15
0,0,hand:cum_drot,0.15,ACI g=0.05 (grow cal),blocked,0.8260869565217391,0.85,-0.023913043478260843,0.13761467889908258,0.8260869565217391,0.48185081771041083,0.09333333333333335,15
0,0,hand:cum_drot,0.2,split CP (SAFE),exch,0.5,0.8,-0.30000000000000004,0.5409836065573771,0.5,0.5204918032786885,0.1296969696969697,33
0,0,hand:cum_drot,0.2,ACI g=0.05 (grow cal),exch,0.625,0.8,-0.17500000000000004,0.45901639344262296,0.625,0.5420081967213115,0.10785714285714287,28
0,0,hand:cum_drot,0.2,split CP (SAFE),blocked,0.8260869565217391,0.8,0.02608695652173909,0.1559633027522936,0.8260869565217391,0.4910251296370164,0.10588235294117648,17
0,0,hand:cum_drot,0.2,ACI g=0.05 (grow cal),blocked,0.7717391304347826,0.8,-0.02826086956521745,0.1651376146788991,0.7717391304347826,0.46843837255684084,0.07888888888888891,18
0,0,hand:cum_drot,0.25,split CP (SAFE),exch,0.4375,0.75,-0.3125,0.5245901639344263,0.4375,0.48104508196721313,0.143125,32
0,0,hand:cum_drot,0.25,ACI g=0.05 (grow cal),exch,0.625,0.75,-0.125,0.4426229508196721,0.625,0.5338114754098361,0.13629629629629633,27
0,0,hand:cum_drot,0.25,split CP (SAFE),blocked,0.8152173913043479,0.75,0.0652173913043479,0.2018348623853211,0.8152173913043479,0.5085261268448344,0.13000000000000003,22
0,0,hand:cum_drot,0.25,ACI g=0.05 (grow cal),blocked,0.7173913043478262,0.75,-0.032608695652173836,0.22018348623853212,0.7173913043478262,0.46878739529317914,0.11833333333333333,24
0,0,hand:cum_drot [task-rel],0.1,split CP (SAFE),exch,0.9375,0.9,0.03749999999999998,0.06557377049180328,0.9375,0.5015368852459017,0.049999999999999996,4
0,0,hand:cum_drot [task-rel],0.1,ACI g=0.05 (grow cal),exch,0.875,0.9,-0.025000000000000022,0.06557377049180328,0.875,0.4702868852459016,0.049999999999999996,4
0,0,hand:cum_drot [task-rel],0.1,split CP (SAFE),blocked,0.7717391304347826,0.9,-0.12826086956521743,0.28440366972477066,0.7717391304347826,0.5280714000797766,0.06838709677419355,31
0,0,hand:cum_drot [task-rel],0.1,ACI g=0.05 (grow cal),blocked,0.9021739130434783,0.9,0.0021739130434782483,0.10091743119266056,0.9021739130434783,0.5015456721180694,0.09636363636363637,11
0,0,hand:cum_drot [task-rel],0.15,split CP (SAFE),exch,0.875,0.85,0.025000000000000022,0.08196721311475409,0.875,0.47848360655737704,0.06,5
0,0,hand:cum_drot [task-rel],0.15,ACI g=0.05 (grow cal),exch,0.875,0.85,0.025000000000000022,0.13114754098360656,0.875,0.5030737704918032,0.055,8
0,0,hand:cum_drot [task-rel],0.15,split CP (SAFE),blocked,0.7391304347826086,0.85,-0.11086956521739133,0.3302752293577982,0.7391304347826086,0.5347028320702034,0.1038888888888889,36
0,0,hand:cum_drot [task-rel],0.15,ACI g=0.05 (grow cal),blocked,0.8695652173913043,0.85,0.019565217391304346,0.2018348623853211,0.8695652173913043,0.5357000398883127,0.11727272727272729,22
0,0,hand:cum_drot [task-rel],0.2,split CP (SAFE),exch,0.8125,0.8,0.012499999999999956,0.09836065573770492,0.8125,0.45543032786885246,0.08,6
0,0,hand:cum_drot [task-rel],0.2,ACI g=0.05 (grow cal),exch,0.8125,0.8,0.012499999999999956,0.14754098360655737,0.8125,0.48002049180327866,0.06888888888888889,9
0,0,hand:cum_drot [task-rel],0.2,split CP (SAFE),blocked,0.6739130434782609,0.8,-0.12608695652173918,0.41284403669724773,0.6739130434782609,0.5433785400877543,0.07911111111111113,45
0,0,hand:cum_drot [task-rel],0.2,ACI g=0.05 (grow cal),blocked,0.8478260869565217,0.8,0.047826086956521685,0.26605504587155965,0.8478260869565217,0.5569405664140407,0.10758620689655174,29
0,0,hand:cum_drot [task-rel],0.25,split CP (SAFE),exch,0.875,0.75,0.125,0.11475409836065574,0.875,0.4948770491803279,0.13428571428571429,7
0,0,hand:cum_drot [task-rel],0.25,ACI g=0.05 (grow cal),exch,0.8125,0.75,0.0625,0.2459016393442623,0.8125,0.5292008196721312,0.15733333333333335,15
0,0,hand:cum_drot [task-rel],0.25,split CP (SAFE),blocked,0.6630434782608696,0.75,-0.08695652173913038,0.42201834862385323,0.6630434782608696,0.5425309134423615,0.09347826086956522,46
0,0,hand:cum_drot [task-rel],0.25,ACI g=0.05 (grow cal),blocked,0.7934782608695652,0.75,0.04347826086956519,0.28440366972477066,0.7934782608695652,0.538940965297168,0.13354838709677422,31
0,0,hand:dgripper,0.1,split CP (SAFE),exch,1.0,0.9,0.09999999999999998,0.0,1.0,0.5,,0
0,0,hand:dgripper,0.1,ACI g=0.05 (grow cal),exch,1.0,0.9,0.09999999999999998,0.0,1.0,0.5,,0
0,0,hand:dgripper,0.1,split CP (SAFE),blocked,1.0,0.9,0.09999999999999998,0.0,1.0,0.5,,0
0,0,hand:dgripper,0.1,ACI g=0.05 (grow cal),blocked,0.9891304347826086,0.9,0.08913043478260863,0.03669724770642202,0.9891304347826086,0.5129138412445153,0.48,4
0,0,hand:dgripper,0.15,split CP (SAFE),exch,1.0,0.85,0.15000000000000002,0.0,1.0,0.5,,0
0,0,hand:dgripper,0.15,ACI g=0.05 (grow cal),exch,1.0,0.85,0.15000000000000002,0.0,1.0,0.5,,0
0,0,hand:dgripper,0.15,split CP (SAFE),blocked,1.0,0.85,0.15000000000000002,0.0,1.0,0.5,,0
0,0,hand:dgripper,0.15,ACI g=0.05 (grow cal),blocked,0.9347826086956522,0.85,0.08478260869565224,0.3394495412844037,0.9347826086956522,0.637116074990028,0.5221621621621622,37
0,0,hand:dgripper,0.2,split CP (SAFE),exch,1.0,0.8,0.19999999999999996,0.0,1.0,0.5,,0
0,0,hand:dgripper,0.2,ACI g=0.05 (grow cal),exch,1.0,0.8,0.19999999999999996,0.0,1.0,0.5,,0
0,0,hand:dgripper,0.2,split CP (SAFE),blocked,1.0,0.8,0.19999999999999996,0.0,1.0,0.5,,0
0,0,hand:dgripper,0.2,ACI g=0.05 (grow cal),blocked,0.8804347826086957,0.8,0.08043478260869563,0.3669724770642202,0.8804347826086957,0.623703629836458,0.526,40
0,0,hand:dgripper,0.25,split CP (SAFE),exch,1.0,0.75,0.25,0.0,1.0,0.5,,0
0,0,hand:dgripper,0.25,ACI g=0.05 (grow cal),exch,1.0,0.75,0.25,0.0,1.0,0.5,,0
0,0,hand:dgripper,0.25,split CP (SAFE),blocked,1.0,0.75,0.25,0.0,1.0,0.5,,0
0,0,hand:dgripper,0.25,ACI g=0.05 (grow cal),blocked,0.8260869565217391,0.75,0.07608695652173914,0.46788990825688076,0.8260869565217391,0.6469884323893099,0.5235294117647059,51
0,0,hand:dgripper [task-rel],0.1,split CP (SAFE),exch,1.0,0.9,0.09999999999999998,0.0,1.0,0.5,,0
0,0,hand:dgripper [task-rel],0.1,ACI g=0.05 (grow cal),exch,1.0,0.9,0.09999999999999998,0.0,1.0,0.5,,0
0,0,hand:dgripper [task-rel],0.1,split CP (SAFE),blocked,0.8260869565217391,0.9,-0.07391304347826089,0.22018348623853212,0.8260869565217391,0.5231352213801357,0.03416666666666667,24
0,0,hand:dgripper [task-rel],0.1,ACI g=0.05 (grow cal),blocked,0.8913043478260869,0.9,-0.008695652173913104,0.1559633027522936,0.8913043478260869,0.5236338252891902,0.062352941176470576,17
0,0,hand:dgripper [task-rel],0.15,split CP (SAFE),exch,1.0,0.85,0.15000000000000002,0.0,1.0,0.5,,0
0,0,hand:dgripper [task-rel],0.15,ACI g=0.05 (grow cal),exch,1.0,0.85,0.15000000000000002,0.0,1.0,0.5,,0
0,0,hand:dgripper [task-rel],0.15,split CP (SAFE),blocked,0.9239130434782609,0.85,0.07391304347826089,0.1651376146788991,0.9239130434782609,0.54452532907858,0.06777777777777778,18
0,0,hand:dgripper [task-rel],0.15,ACI g=0.05 (grow cal),blocked,0.8804347826086957,0.85,0.0304347826086957,0.27522935779816515,0.8804347826086957,0.5778320702034304,0.23400000000000004,30
0,0,hand:dgripper [task-rel],0.2,split CP (SAFE),exch,1.0,0.8,0.19999999999999996,0.0,1.0,0.5,,0
0,0,hand:dgripper [task-rel],0.2,ACI g=0.05 (grow cal),exch,0.9375,0.8,0.13749999999999996,0.03278688524590164,0.9375,0.48514344262295084,0.48,2
0,0,hand:dgripper [task-rel],0.2,split CP (SAFE),blocked,0.9239130434782609,0.8,0.12391304347826082,0.1651376146788991,0.9239130434782609,0.54452532907858,0.06777777777777778,18
0,0,hand:dgripper [task-rel],0.2,ACI g=0.05 (grow cal),blocked,0.8369565217391304,0.8,0.03695652173913033,0.3853211009174312,0.8369565217391304,0.6111388113282807,0.30523809523809525,42
0,0,hand:dgripper [task-rel],0.25,split CP (SAFE),exch,1.0,0.75,0.25,0.0,1.0,0.5,,0
0,0,hand:dgripper [task-rel],0.25,ACI g=0.05 (grow cal),exch,0.875,0.75,0.125,0.09836065573770492,0.875,0.48668032786885246,0.48,6
0,0,hand:dgripper [task-rel],0.25,split CP (SAFE),blocked,0.8260869565217391,0.75,0.07608695652173914,0.22935779816513763,0.8260869565217391,0.5277223773434384,0.0256,25
0,0,hand:dgripper [task-rel],0.25,ACI g=0.05 (grow cal),blocked,0.7934782608695652,0.75,0.04347826086956519,0.4036697247706422,0.7934782608695652,0.5985739928201037,0.22636363636363638,44
0,1,SAFE-MLP,0.1,split CP (SAFE),exch,0.8666666666666667,0.9,-0.033333333333333326,0.71875,0.8666666666666667,0.7927083333333333,0.48869565217391303,46
0,1,SAFE-MLP,0.1,ACI g=0.05 (grow cal),exch,0.8666666666666667,0.9,-0.033333333333333326,0.71875,0.8666666666666667,0.7927083333333333,0.4504347826086957,46
0,1,SAFE-MLP,0.1,split CP (SAFE),blocked,0.7282608695652174,0.9,-0.17173913043478262,0.48623853211009177,0.7282608695652174,0.6072497008376546,0.3562264150943396,53
0,1,SAFE-MLP,0.1,ACI g=0.05 (grow cal),blocked,0.9021739130434783,0.9,0.0021739130434782483,0.44954128440366975,0.9021739130434783,0.675857598723574,0.573469387755102,49
0,1,SAFE-MLP,0.15,split CP (SAFE),exch,0.8666666666666667,0.85,0.01666666666666672,0.71875,0.8666666666666667,0.7927083333333333,0.45130434782608697,46
0,1,SAFE-MLP,0.15,ACI g=0.05 (grow cal),exch,0.8666666666666667,0.85,0.01666666666666672,0.71875,0.8666666666666667,0.7927083333333333,0.4452173913043479,46
0,1,SAFE-MLP,0.15,split CP (SAFE),blocked,0.6521739130434783,0.85,-0.1978260869565217,0.4954128440366973,0.6521739130434783,0.5737933785400877,0.32925925925925936,54
0,1,SAFE-MLP,0.15,ACI g=0.05 (grow cal),blocked,0.8369565217391304,0.85,-0.013043478260869601,0.46788990825688076,0.8369565217391304,0.6524232149980056,0.5364705882352941,51
0,1,SAFE-MLP,0.2,split CP (SAFE),exch,0.9333333333333333,0.8,0.1333333333333333,0.546875,0.9333333333333333,0.7401041666666667,0.39028571428571424,35
0,1,SAFE-MLP,0.2,ACI g=0.05 (grow cal),exch,0.8666666666666667,0.8,0.06666666666666665,0.578125,0.8666666666666667,0.7223958333333333,0.25783783783783776,37
0,1,SAFE-MLP,0.2,split CP (SAFE),blocked,0.6956521739130435,0.8,-0.10434782608695659,0.44954128440366975,0.6956521739130435,0.5725967291583566,0.2310204081632653,49
0,1,SAFE-MLP,0.2,ACI g=0.05 (grow cal),blocked,0.782608695652174,0.8,-0.017391304347826098,0.4954128440366973,0.782608695652174,0.6390107698444356,0.4144444444444445,54
0,1,SAFE-MLP,0.25,split CP (SAFE),exch,0.9333333333333333,0.75,0.18333333333333335,0.59375,0.9333333333333333,0.7635416666666667,0.3047368421052631,38
0,1,SAFE-MLP,0.25,ACI g=0.05 (grow cal),exch,0.8,0.75,0.050000000000000044,0.625,0.8,0.7125,0.259,40
0,1,SAFE-MLP,0.25,split CP (SAFE),blocked,0.6304347826086957,0.75,-0.11956521739130432,0.5229357798165137,0.6304347826086957,0.5766852812126047,0.15754385964912282,57
0,1,SAFE-MLP,0.25,ACI g=0.05 (grow cal),blocked,0.7173913043478262,0.75,-0.032608695652173836,0.5596330275229358,0.7173913043478262,0.638512165935381,0.4088524590163934,61
0,1,SAFE-MLP [task-rel],0.1,split CP (SAFE),exch,0.8666666666666667,0.9,-0.033333333333333326,0.15625,0.8666666666666667,0.5114583333333333,0.32599999999999996,10
0,1,SAFE-MLP [task-rel],0.1,ACI g=0.05 (grow cal),exch,0.9333333333333333,0.9,0.033333333333333326,0.078125,0.9333333333333333,0.5057291666666667,0.46799999999999997,5
0,1,SAFE-MLP [task-rel],0.1,split CP (SAFE),blocked,0.8152173913043479,0.9,-0.08478260869565213,0.11926605504587157,0.8152173913043479,0.4672417231751097,0.1430769230769231,13
0,1,SAFE-MLP [task-rel],0.1,ACI g=0.05 (grow cal),blocked,0.9130434782608696,0.9,0.013043478260869601,0.07339449541284404,0.9130434782608696,0.49321898683685683,0.0875,8
0,1,SAFE-MLP [task-rel],0.15,split CP (SAFE),exch,0.8,0.85,-0.04999999999999993,0.203125,0.8,0.5015625,0.24000000000000005,13
0,1,SAFE-MLP [task-rel],0.15,ACI g=0.05 (grow cal),exch,0.8,0.85,-0.04999999999999993,0.0625,0.8,0.43125,0.375,4
0,1,SAFE-MLP [task-rel],0.15,split CP (SAFE),blocked,0.75,0.85,-0.09999999999999998,0.1834862385321101,0.75,0.46674311926605505,0.101,20
0,1,SAFE-MLP [task-rel],0.15,ACI g=0.05 (grow cal),blocked,0.8695652173913043,0.85,0.019565217391304346,0.09174311926605505,0.8695652173913043,0.4806541683286797,0.086,10
0,1,SAFE-MLP [task-rel],0.2,split CP (SAFE),exch,0.8,0.8,0.0,0.28125,0.8,0.540625,0.26666666666666666,18
0,1,SAFE-MLP [task-rel],0.2,ACI g=0.05 (grow cal),exch,0.8,0.8,0.0,0.203125,0.8,0.5015625,0.26615384615384613,13
0,1,SAFE-MLP [task-rel],0.2,split CP (SAFE),blocked,0.7391304347826086,0.8,-0.0608695652173914,0.22935779816513763,0.7391304347826086,0.4842441164738731,0.11840000000000002,25
0,1,SAFE-MLP [task-rel],0.2,ACI g=0.05 (grow cal),blocked,0.8260869565217391,0.8,0.02608695652173909,0.11926605504587157,0.8260869565217391,0.4726765057838054,0.0753846153846154,13
0,1,SAFE-MLP [task-rel],0.25,split CP (SAFE),exch,0.7333333333333334,0.75,-0.016666666666666607,0.328125,0.7333333333333334,0.5307291666666667,0.26380952380952377,21
0,1,SAFE-MLP [task-rel],0.25,ACI g=0.05 (grow cal),exch,0.8,0.75,0.050000000000000044,0.265625,0.8,0.5328125,0.19294117647058825,17
0,1,SAFE-MLP [task-rel],0.25,split CP (SAFE),blocked,0.6739130434782609,0.75,-0.07608695652173914,0.23853211009174313,0.6739130434782609,0.456222576785002,0.11307692307692307,26
0,1,SAFE-MLP [task-rel],0.25,ACI g=0.05 (grow cal),blocked,0.782608695652174,0.75,0.03260869565217395,0.1743119266055046,0.782608695652174,0.47846031112883924,0.11578947368421054,19
0,1,H&S,0.1,split CP (SAFE),exch,1.0,0.9,0.09999999999999998,0.65625,1.0,0.828125,0.5514285714285714,42
0,1,H&S,0.1,ACI g=0.05 (grow cal),exch,0.9333333333333333,0.9,0.033333333333333326,0.671875,0.9333333333333333,0.8026041666666667,0.5539534883720929,43
0,1,H&S,0.1,split CP (SAFE),blocked,0.46739130434782605,0.9,-0.43260869565217397,0.7339449541284404,0.46739130434782605,0.6006681292381333,0.41500000000000004,80
0,1,H&S,0.1,ACI g=0.05 (grow cal),blocked,0.8913043478260869,0.9,-0.008695652173913104,0.13761467889908258,0.8913043478260869,0.5144595133625848,0.15066666666666667,15
0,1,H&S,0.15,split CP (SAFE),exch,0.9333333333333333,0.85,0.08333333333333337,0.75,0.9333333333333333,0.8416666666666667,0.5266666666666667,48
0,1,H&S,0.15,ACI g=0.05 (grow cal),exch,0.9333333333333333,0.85,0.08333333333333337,0.8125,0.9333333333333333,0.8729166666666667,0.5192307692307692,52
0,1,H&S,0.15,split CP (SAFE),blocked,0.3913043478260869,0.85,-0.45869565217391306,0.7981651376146789,0.3913043478260869,0.5947347427203828,0.4085057471264368,87
0,1,H&S,0.15,ACI g=0.05 (grow cal),blocked,0.8260869565217391,0.85,-0.023913043478260843,0.1834862385321101,0.8260869565217391,0.5047865975269246,0.164,20
0,1,H&S,0.2,split CP (SAFE),exch,0.9333333333333333,0.8,0.1333333333333333,0.828125,0.9333333333333333,0.8807291666666667,0.5762264150943396,53
0,1,H&S,0.2,ACI g=0.05 (grow cal),exch,0.8,0.8,0.0,0.828125,0.8,0.8140625,0.5362264150943397,53
0,1,H&S,0.2,split CP (SAFE),blocked,0.3369565217391305,0.8,-0.46304347826086956,0.8807339449541285,0.3369565217391305,0.6088452333466294,0.4533333333333333,96
0,1,H&S,0.2,ACI g=0.05 (grow cal),blocked,0.782608695652174,0.8,-0.017391304347826098,0.43119266055045874,0.782608695652174,0.6069006781013163,0.5268085106382979,47
0,1,H&S,0.25,split CP (SAFE),exch,0.8,0.75,0.050000000000000044,0.84375,0.8,0.821875,0.5307407407407408,54
0,1,H&S,0.25,ACI g=0.05 (grow cal),exch,0.7333333333333334,0.75,-0.016666666666666607,0.84375,0.7333333333333334,0.7885416666666667,0.5266666666666667,54
0,1,H&S,0.25,split CP (SAFE),blocked,0.2717391304347826,0.75,-0.4782608695652174,0.9174311926605505,0.2717391304347826,0.5945851615476665,0.4366,100
0,1,H&S,0.25,ACI g=0.05 (grow cal),blocked,0.7282608695652174,0.75,-0.021739130434782594,0.5137614678899083,0.7282608695652174,0.6210111687275628,0.5317857142857143,56
0,1,H&S [task-rel],0.1,split CP (SAFE),exch,0.9333333333333333,0.9,0.033333333333333326,0.09375,0.9333333333333333,0.5135416666666667,0.17333333333333337,6
0,1,H&S [task-rel],0.1,ACI g=0.05 (grow cal),exch,0.9333333333333333,0.9,0.033333333333333326,0.125,0.9333333333333333,0.5291666666666667,0.26749999999999996,8
0,1,H&S [task-rel],0.1,split CP (SAFE),blocked,0.6847826086956521,0.9,-0.21521739130434792,0.3577981651376147,0.6847826086956521,0.5212903869166334,0.22512820512820517,39
0,1,H&S [task-rel],0.1,ACI g=0.05 (grow cal),blocked,0.8586956521739131,0.9,-0.04130434782608694,0.10091743119266056,0.8586956521739131,0.47980654168328685,0.20363636363636364,11
0,1,H&S [task-rel],0.15,split CP (SAFE),exch,0.9333333333333333,0.85,0.08333333333333337,0.375,0.9333333333333333,0.6541666666666667,0.35250000000000004,24
0,1,H&S [task-rel],0.15,ACI g=0.05 (grow cal),exch,0.9333333333333333,0.85,0.08333333333333337,0.328125,0.9333333333333333,0.6307291666666667,0.3857142857142857,21
0,1,H&S [task-rel],0.15,split CP (SAFE),blocked,0.5326086956521738,0.85,-0.31739130434782614,0.5321100917431193,0.5326086956521738,0.5323593936976465,0.2341379310344828,58
0,1,H&S [task-rel],0.15,ACI g=0.05 (grow cal),blocked,0.8043478260869565,0.85,-0.04565217391304344,0.13761467889908258,0.8043478260869565,0.4709812524930196,0.20800000000000002,15
0,1,H&S [task-rel],0.2,split CP (SAFE),exch,0.8666666666666667,0.8,0.06666666666666665,0.546875,0.8666666666666667,0.7067708333333333,0.41485714285714287,35
0,1,H&S [task-rel],0.2,ACI g=0.05 (grow cal),exch,0.8666666666666667,0.8,0.06666666666666665,0.46875,0.8666666666666667,0.6677083333333333,0.38266666666666677,30
0,1,H&S [task-rel],0.2,split CP (SAFE),blocked,0.4565217391304348,0.8,-0.34347826086956523,0.6238532110091743,0.4565217391304348,0.5401874750698046,0.26382352941176473,68
0,1,H&S [task-rel],0.2,ACI g=0.05 (grow cal),blocked,0.75,0.8,-0.050000000000000044,0.22018348623853212,0.75,0.48509174311926606,0.24583333333333335,24
0,1,H&S [task-rel],0.25,split CP (SAFE),exch,0.7333333333333334,0.75,-0.016666666666666607,0.78125,0.7333333333333334,0.7572916666666667,0.44880000000000003,50
0,1,H&S [task-rel],0.25,ACI g=0.05 (grow cal),exch,0.8,0.75,0.050000000000000044,0.625,0.8,0.7125,0.4145,40
0,1,H&S [task-rel],0.25,split CP (SAFE),blocked,0.32608695652173914,0.75,-0.42391304347826086,0.7614678899082569,0.32608695652173914,0.543777423214998,0.30819277108433735,83
0,1,H&S [task-rel],0.25,ACI g=0.05 (grow cal),blocked,0.6956521739130435,0.75,-0.05434782608695654,0.26605504587155965,0.6956521739130435,0.4808536098923015,0.21931034482758618,29
0,1,SAFE-Embed,0.1,split CP (SAFE),exch,0.8666666666666667,0.9,-0.033333333333333326,0.453125,0.8666666666666667,0.6598958333333333,0.4220689655172414,29
0,1,SAFE-Embed,0.1,ACI g=0.05 (grow cal),exch,0.8666666666666667,0.9,-0.033333333333333326,0.296875,0.8666666666666667,0.5817708333333333,0.4957894736842105,19
0,1,SAFE-Embed,0.1,split CP (SAFE),blocked,0.0,0.9,-0.9,1.0,0.0,0.5,0.20018348623853213,109
0,1,SAFE-Embed,0.1,ACI g=0.05 (grow cal),blocked,0.8478260869565217,0.9,-0.05217391304347829,0.44036697247706424,0.8478260869565217,0.644096529716793,0.6008333333333333,48
0,1,SAFE-Embed,0.15,split CP (SAFE),exch,0.7333333333333334,0.85,-0.11666666666666659,0.609375,0.7333333333333334,0.6713541666666667,0.4810256410256409,39
0,1,SAFE-Embed,0.15,ACI g=0.05 (grow cal),exch,0.8666666666666667,0.85,0.01666666666666672,0.40625,0.8666666666666667,0.6364583333333333,0.43615384615384617,26
0,1,SAFE-Embed,0.15,split CP (SAFE),blocked,0.0,0.85,-0.85,1.0,0.0,0.5,0.10330275229357799,109
0,1,SAFE-Embed,0.15,ACI g=0.05 (grow cal),blocked,0.8152173913043479,0.85,-0.034782608695652084,0.4954128440366973,0.8152173913043479,0.6553151176705225,0.5907407407407407,54
0,1,SAFE-Embed,0.2,split CP (SAFE),exch,0.7333333333333334,0.8,-0.06666666666666665,0.625,0.7333333333333334,0.6791666666666667,0.475,40
0,1,SAFE-Embed,0.2,ACI g=0.05 (grow cal),exch,0.8,0.8,0.0,0.609375,0.8,0.7046875,0.4933333333333333,39
0,1,SAFE-Embed,0.2,split CP (SAFE),blocked,0.0,0.8,-0.8,1.0,0.0,0.5,0.10201834862385321,109
0,1,SAFE-Embed,0.2,ACI g=0.05 (grow cal),blocked,0.7717391304347826,0.8,-0.02826086956521745,0.5229357798165137,0.7717391304347826,0.6473374551256481,0.6708771929824562,57
0,1,SAFE-Embed,0.25,split CP (SAFE),exch,0.7333333333333334,0.75,-0.016666666666666607,0.71875,0.7333333333333334,0.7260416666666667,0.5295652173913044,46
0,1,SAFE-Embed,0.25,ACI g=0.05 (grow cal),exch,0.7333333333333334,0.75,-0.016666666666666607,0.6875,0.7333333333333334,0.7104166666666667,0.53,44
0,1,SAFE-Embed,0.25,split CP (SAFE),blocked,0.0,0.75,-0.75,1.0,0.0,0.5,0.09944954128440367,109
0,1,SAFE-Embed,0.25,ACI g=0.05 (grow cal),blocked,0.7173913043478262,0.75,-0.032608695652173836,0.6238532110091743,0.7173913043478262,0.6706222576785003,0.8185294117647058,68
0,1,SAFE-Embed [task-rel],0.1,split CP (SAFE),exch,0.7333333333333334,0.9,-0.16666666666666663,0.484375,0.7333333333333334,0.6088541666666667,0.37741935483870964,31
0,1,SAFE-Embed [task-rel],0.1,ACI g=0.05 (grow cal),exch,0.8666666666666667,0.9,-0.033333333333333326,0.203125,0.8666666666666667,0.5348958333333333,0.4230769230769231,13
0,1,SAFE-Embed [task-rel],0.1,split CP (SAFE),blocked,0.9456521739130435,0.9,0.04565217391304344,0.11926605504587157,0.9456521739130435,0.5324591144794575,0.20153846153846156,13
0,1,SAFE-Embed [task-rel],0.1,ACI g=0.05 (grow cal),blocked,0.9130434782608696,0.9,0.013043478260869601,0.23853211009174313,0.9130434782608696,0.5757877941763063,0.2915384615384615,26
0,1,SAFE-Embed [task-rel],0.15,split CP (SAFE),exch,0.6666666666666667,0.85,-0.18333333333333324,0.59375,0.6666666666666667,0.6302083333333334,0.2721052631578948,38
0,1,SAFE-Embed [task-rel],0.15,ACI g=0.05 (grow cal),exch,0.7333333333333334,0.85,-0.11666666666666659,0.25,0.7333333333333334,0.4916666666666667,0.45624999999999993,16
0,1,SAFE-Embed [task-rel],0.15,split CP (SAFE),blocked,0.9239130434782609,0.85,0.07391304347826089,0.1743119266055046,0.9239130434782609,0.5491124850418827,0.29157894736842105,19
0,1,SAFE-Embed [task-rel],0.15,ACI g=0.05 (grow cal),blocked,0.8478260869565217,0.85,-0.0021739130434782483,0.3119266055045872,0.8478260869565217,0.5798763462305545,0.2747058823529412,34
0,1,SAFE-Embed [task-rel],0.2,split CP (SAFE),exch,0.7333333333333334,0.8,-0.06666666666666665,0.359375,0.7333333333333334,0.5463541666666667,0.33217391304347826,23
0,1,SAFE-Embed [task-rel],0.2,ACI g=0.05 (grow cal),exch,0.7333333333333334,0.8,-0.06666666666666665,0.28125,0.7333333333333334,0.5072916666666667,0.3755555555555556,18
0,1,SAFE-Embed [task-rel],0.2,split CP (SAFE),blocked,0.9891304347826086,0.8,0.1891304347826086,0.045871559633027525,0.9891304347826086,0.5175009972078181,0.07200000000000001,5
0,1,SAFE-Embed [task-rel],0.2,ACI g=0.05 (grow cal),blocked,0.7934782608695652,0.8,-0.006521739130434856,0.3669724770642202,0.7934782608695652,0.5802253689668927,0.2585,40
0,1,SAFE-Embed [task-rel],0.25,split CP (SAFE),exch,0.6,0.75,-0.15000000000000002,0.515625,0.6,0.5578125,0.3375757575757576,33
0,1,SAFE-Embed [task-rel],0.25,ACI g=0.05 (grow cal),exch,0.7333333333333334,0.75,-0.016666666666666607,0.421875,0.7333333333333334,0.5776041666666667,0.4051851851851851,27
0,1,SAFE-Embed [task-rel],0.25,split CP (SAFE),blocked,0.9456521739130435,0.75,0.19565217391304346,0.24770642201834864,0.9456521739130435,0.5966792979656961,0.4992592592592593,27
0,1,SAFE-Embed [task-rel],0.25,ACI g=0.05 (grow cal),blocked,0.7282608695652174,0.75,-0.021739130434782594,0.6055045871559633,0.7282608695652174,0.6668827283605904,0.3784848484848485,66
0,1,hand:cum_mean_token_entropy,0.1,split CP (SAFE),exch,0.6,0.9,-0.30000000000000004,0.46875,0.6,0.534375,0.22133333333333333,30
0,1,hand:cum_mean_token_entropy,0.1,ACI g=0.05 (grow cal),exch,0.8,0.9,-0.09999999999999998,0.203125,0.8,0.5015625,0.22615384615384618,13
0,1,hand:cum_mean_token_entropy,0.1,split CP (SAFE),blocked,0.8695652173913043,0.9,-0.0304347826086957,0.25688073394495414,0.8695652173913043,0.5632229756681293,0.19500000000000003,28
0,1,hand:cum_mean_token_entropy,0.1,ACI g=0.05 (grow cal),blocked,0.8804347826086957,0.9,-0.019565217391304346,0.13761467889908258,0.8804347826086957,0.5090247307538891,0.22133333333333335,15
0,1,hand:cum_mean_token_entropy,0.15,split CP (SAFE),exch,0.6,0.85,-0.25,0.5,0.6,0.55,0.20375000000000001,32
0,1,hand:cum_mean_token_entropy,0.15,ACI g=0.05 (grow cal),exch,0.6666666666666667,0.85,-0.18333333333333324,0.265625,0.6666666666666667,0.46614583333333337,0.2564705882352941,17
0,1,hand:cum_mean_token_entropy,0.15,split CP (SAFE),blocked,0.8369565217391304,0.85,-0.013043478260869601,0.27522935779816515,0.8369565217391304,0.5560929397686478,0.15333333333333335,30
0,1,hand:cum_mean_token_entropy,0.15,ACI g=0.05 (grow cal),blocked,0.8369565217391304,0.85,-0.013043478260869601,0.21100917431192662,0.8369565217391304,0.5239828480255285,0.13043478260869565,23
0,1,hand:cum_mean_token_entropy,0.2,split CP (SAFE),exch,0.4666666666666667,0.8,-0.33333333333333337,0.53125,0.4666666666666667,0.49895833333333334,0.18529411764705883,34
0,1,hand:cum_mean_token_entropy,0.2,ACI g=0.05 (grow cal),exch,0.6666666666666667,0.8,-0.1333333333333333,0.3125,0.6666666666666667,0.48958333333333337,0.29100000000000004,20
0,1,hand:cum_mean_token_entropy,0.2,split CP (SAFE),blocked,0.75,0.8,-0.050000000000000044,0.3577981651376147,0.75,0.5538990825688074,0.16153846153846155,39
0,1,hand:cum_mean_token_entropy,0.2,ACI g=0.05 (grow cal),blocked,0.782608695652174,0.8,-0.017391304347826098,0.30275229357798167,0.782608695652174,0.5426804946150778,0.22666666666666666,33
0,1,hand:cum_mean_token_entropy,0.25,split CP (SAFE),exch,0.5333333333333333,0.75,-0.21666666666666667,0.53125,0.5333333333333333,0.5322916666666666,0.19117647058823528,34
0,1,hand:cum_mean_token_entropy,0.25,ACI g=0.05 (grow cal),exch,0.6666666666666667,0.75,-0.08333333333333326,0.375,0.6666666666666667,0.5208333333333334,0.24166666666666667,24
0,1,hand:cum_mean_token_entropy,0.25,split CP (SAFE),blocked,0.7934782608695652,0.75,0.04347826086956519,0.3486238532110092,0.7934782608695652,0.5710510570402871,0.16736842105263158,38
0,1,hand:cum_mean_token_entropy,0.25,ACI g=0.05 (grow cal),blocked,0.7282608695652174,0.75,-0.021739130434782594,0.3486238532110092,0.7282608695652174,0.5384423613881133,0.18736842105263157,38
0,1,hand:cum_mean_token_entropy [task-rel],0.1,split CP (SAFE),exch,0.8666666666666667,0.9,-0.033333333333333326,0.21875,0.8666666666666667,0.5427083333333333,0.24000000000000002,14
0,1,hand:cum_mean_token_entropy [task-rel],0.1,ACI g=0.05 (grow cal),exch,0.8666666666666667,0.9,-0.033333333333333326,0.171875,0.8666666666666667,0.5192708333333333,0.2072727272727273,11
0,1,hand:cum_mean_token_entropy [task-rel],0.1,split CP (SAFE),blocked,0.8586956521739131,0.9,-0.04130434782608694,0.08256880733944955,0.8586956521739131,0.4706322297566813,0.19111111111111112,9
0,1,hand:cum_mean_token_entropy [task-rel],0.1,ACI g=0.05 (grow cal),blocked,0.8913043478260869,0.9,-0.008695652173913104,0.07339449541284404,0.8913043478260869,0.4823494216194655,0.1375,8
0,1,hand:cum_mean_token_entropy [task-rel],0.15,split CP (SAFE),exch,0.8666666666666667,0.85,0.01666666666666672,0.234375,0.8666666666666667,0.5505208333333333,0.23333333333333334,15
0,1,hand:cum_mean_token_entropy [task-rel],0.15,ACI g=0.05 (grow cal),exch,0.8666666666666667,0.85,0.01666666666666672,0.28125,0.8666666666666667,0.5739583333333333,0.2022222222222222,18
0,1,hand:cum_mean_token_entropy [task-rel],0.15,split CP (SAFE),blocked,0.8152173913043479,0.85,-0.034782608695652084,0.11926605504587157,0.8152173913043479,0.4672417231751097,0.1353846153846154,13
0,1,hand:cum_mean_token_entropy [task-rel],0.15,ACI g=0.05 (grow cal),blocked,0.8369565217391304,0.85,-0.013043478260869601,0.09174311926605505,0.8369565217391304,0.4643498205025927,0.12600000000000003,10
0,1,hand:cum_mean_token_entropy [task-rel],0.2,split CP (SAFE),exch,0.8666666666666667,0.8,0.06666666666666665,0.390625,0.8666666666666667,0.6286458333333333,0.35840000000000005,25
0,1,hand:cum_mean_token_entropy [task-rel],0.2,ACI g=0.05 (grow cal),exch,0.8666666666666667,0.8,0.06666666666666665,0.46875,0.8666666666666667,0.6677083333333333,0.30066666666666664,30
0,1,hand:cum_mean_token_entropy [task-rel],0.2,split CP (SAFE),blocked,0.7391304347826086,0.8,-0.0608695652173914,0.22018348623853212,0.7391304347826086,0.4796569605105704,0.3358333333333334,24
0,1,hand:cum_mean_token_entropy [task-rel],0.2,ACI g=0.05 (grow cal),blocked,0.782608695652174,0.8,-0.017391304347826098,0.1651376146788991,0.782608695652174,0.4738731551655365,0.42,18
0,1,hand:cum_mean_token_entropy [task-rel],0.25,split CP (SAFE),exch,0.8666666666666667,0.75,0.1166666666666667,0.46875,0.8666666666666667,0.6677083333333333,0.3386666666666666,30
0,1,hand:cum_mean_token_entropy [task-rel],0.25,ACI g=0.05 (grow cal),exch,0.8666666666666667,0.75,0.1166666666666667,0.546875,0.8666666666666667,0.7067708333333333,0.25771428571428573,35
0,1,hand:cum_mean_token_entropy [task-rel],0.25,split CP (SAFE),blocked,0.7173913043478262,0.75,-0.032608695652173836,0.25688073394495414,0.7173913043478262,0.48713601914639015,0.3557142857142856,28
0,1,hand:cum_mean_token_entropy [task-rel],0.25,ACI g=0.05 (grow cal),blocked,0.7391304347826086,0.75,-0.010869565217391353,0.24770642201834864,0.7391304347826086,0.49341842840047867,0.3985185185185185,27
0,1,hand:mean_token_entropy,0.1,split CP (SAFE),exch,0.8,0.9,-0.09999999999999998,0.09375,0.8,0.446875,0.4000000000000001,6
0,1,hand:mean_token_entropy,0.1,ACI g=0.05 (grow cal),exch,0.8,0.9,-0.09999999999999998,0.09375,0.8,0.446875,0.4000000000000001,6
0,1,hand:mean_token_entropy,0.1,split CP (SAFE),blocked,0.9239130434782609,0.9,0.023913043478260843,0.08256880733944955,0.9239130434782609,0.5032409254088552,0.4466666666666667,9
0,1,hand:mean_token_entropy,0.1,ACI g=0.05 (grow cal),blocked,0.8913043478260869,0.9,-0.008695652173913104,0.10091743119266056,0.8913043478260869,0.49611088950937376,0.4309090909090909,11
0,1,hand:mean_token_entropy,0.15,split CP (SAFE),exch,0.6666666666666667,0.85,-0.18333333333333324,0.125,0.6666666666666667,0.39583333333333337,0.38,8
0,1,hand:mean_token_entropy,0.15,ACI g=0.05 (grow cal),exch,0.8,0.85,-0.04999999999999993,0.09375,0.8,0.446875,0.4000000000000001,6
0,1,hand:mean_token_entropy,0.15,split CP (SAFE),blocked,0.8478260869565217,0.85,-0.0021739130434782483,0.14678899082568808,0.8478260869565217,0.4973075388911049,0.3712500000000001,16
0,1,hand:mean_token_entropy,0.15,ACI g=0.05 (grow cal),blocked,0.8369565217391304,0.85,-0.013043478260869601,0.1651376146788991,0.8369565217391304,0.5010470682090147,0.4144444444444445,18
0,1,hand:mean_token_entropy,0.2,split CP (SAFE),exch,0.7333333333333334,0.8,-0.06666666666666665,0.09375,0.7333333333333334,0.4135416666666667,0.4000000000000001,6
0,1,hand:mean_token_entropy,0.2,ACI g=0.05 (grow cal),exch,0.7333333333333334,0.8,-0.06666666666666665,0.09375,0.7333333333333334,0.4135416666666667,0.4000000000000001,6
0,1,hand:mean_token_entropy,0.2,split CP (SAFE),blocked,0.8586956521739131,0.8,0.05869565217391304,0.10091743119266056,0.8586956521739131,0.47980654168328685,0.3909090909090909,11
0,1,hand:mean_token_entropy,0.2,ACI g=0.05 (grow cal),blocked,0.7717391304347826,0.8,-0.02826086956521745,0.14678899082568808,0.7717391304347826,0.45926406063023534,0.46,16
0,1,hand:mean_token_entropy,0.25,split CP (SAFE),exch,0.7333333333333334,0.75,-0.016666666666666607,0.125,0.7333333333333334,0.4291666666666667,0.355,8
0,1,hand:mean_token_entropy,0.25,ACI g=0.05 (grow cal),exch,0.7333333333333334,0.75,-0.016666666666666607,0.125,0.7333333333333334,0.4291666666666667,0.35750000000000004,8
0,1,hand:mean_token_entropy,0.25,split CP (SAFE),blocked,0.8260869565217391,0.75,0.07608695652173914,0.1559633027522936,0.8260869565217391,0.4910251296370164,0.3458823529411765,17
0,1,hand:mean_token_entropy,0.25,ACI g=0.05 (grow cal),blocked,0.7173913043478262,0.75,-0.032608695652173836,0.1926605504587156,0.7173913043478262,0.45502592740327086,0.3933333333333333,21
0,1,hand:mean_token_entropy [task-rel],0.1,split CP (SAFE),exch,0.8666666666666667,0.9,-0.033333333333333326,0.125,0.8666666666666667,0.49583333333333335,0.16499999999999998,8
0,1,hand:mean_token_entropy [task-rel],0.1,ACI g=0.05 (grow cal),exch,0.8666666666666667,0.9,-0.033333333333333326,0.125,0.8666666666666667,0.49583333333333335,0.16499999999999998,8
0,1,hand:mean_token_entropy [task-rel],0.1,split CP (SAFE),blocked,0.8152173913043479,0.9,-0.08478260869565213,0.10091743119266056,0.8152173913043479,0.45806741124850425,0.22545454545454546,11
0,1,hand:mean_token_entropy [task-rel],0.1,ACI g=0.05 (grow cal),blocked,0.8913043478260869,0.9,-0.008695652173913104,0.06422018348623854,0.8913043478260869,0.47776226565616275,0.19142857142857145,7
0,1,hand:mean_token_entropy [task-rel],0.15,split CP (SAFE),exch,0.8,0.85,-0.04999999999999993,0.125,0.8,0.4625,0.16,8
0,1,hand:mean_token_entropy [task-rel],0.15,ACI g=0.05 (grow cal),exch,0.8,0.85,-0.04999999999999993,0.125,0.8,0.4625,0.16499999999999998,8
0,1,hand:mean_token_entropy [task-rel],0.15,split CP (SAFE),blocked,0.7391304347826086,0.85,-0.11086956521739133,0.1651376146788991,0.7391304347826086,0.45213402473075387,0.15777777777777777,18
0,1,hand:mean_token_entropy [task-rel],0.15,ACI g=0.05 (grow cal),blocked,0.8369565217391304,0.85,-0.013043478260869601,0.09174311926605505,0.8369565217391304,0.4643498205025927,0.17200000000000001,10
0,1,hand:mean_token_entropy [task-rel],0.2,split CP (SAFE),exch,0.6666666666666667,0.8,-0.1333333333333333,0.21875,0.6666666666666667,0.44270833333333337,0.1942857142857143,14
0,1,hand:mean_token_entropy [task-rel],0.2,ACI g=0.05 (grow cal),exch,0.8,0.8,0.0,0.203125,0.8,0.5015625,0.21692307692307694,13
0,1,hand:mean_token_entropy [task-rel],0.2,split CP (SAFE),blocked,0.6847826086956521,0.8,-0.11521739130434794,0.29357798165137616,0.6847826086956521,0.48918029517351413,0.174375,32
0,1,hand:mean_token_entropy [task-rel],0.2,ACI g=0.05 (grow cal),blocked,0.7934782608695652,0.8,-0.006521739130434856,0.1743119266055046,0.7934782608695652,0.4838950937375349,0.20421052631578948,19
0,1,hand:mean_token_entropy [task-rel],0.25,split CP (SAFE),exch,0.6666666666666667,0.75,-0.08333333333333326,0.25,0.6666666666666667,0.45833333333333337,0.24375000000000002,16
0,1,hand:mean_token_entropy [task-rel],0.25,ACI g=0.05 (grow cal),exch,0.7333333333333334,0.75,-0.016666666666666607,0.234375,0.7333333333333334,0.4838541666666667,0.22933333333333336,15
0,1,hand:mean_token_entropy [task-rel],0.25,split CP (SAFE),blocked,0.6521739130434783,0.75,-0.09782608695652173,0.3302752293577982,0.6521739130434783,0.4912245712006382,0.2222222222222222,36
0,1,hand:mean_token_entropy [task-rel],0.25,ACI g=0.05 (grow cal),blocked,0.7391304347826086,0.75,-0.010869565217391353,0.1743119266055046,0.7391304347826086,0.45672118069405665,0.18526315789473688,19
0,1,hand:cum_max_token_entropy,0.1,split CP (SAFE),exch,0.8666666666666667,0.9,-0.033333333333333326,0.359375,0.8666666666666667,0.6130208333333333,0.21739130434782608,23
0,1,hand:cum_max_token_entropy,0.1,ACI g=0.05 (grow cal),exch,0.8666666666666667,0.9,-0.033333333333333326,0.3125,0.8666666666666667,0.5895833333333333,0.229,20
0,1,hand:cum_max_token_entropy,0.1,split CP (SAFE),blocked,0.8913043478260869,0.9,-0.008695652173913104,0.1926605504587156,0.8913043478260869,0.5419824491424012,0.18571428571428572,21
0,1,hand:cum_max_token_entropy,0.1,ACI g=0.05 (grow cal),blocked,0.8913043478260869,0.9,-0.008695652173913104,0.11926605504587157,0.8913043478260869,0.5052852014359792,0.17230769230769233,13
0,1,hand:cum_max_token_entropy,0.15,split CP (SAFE),exch,0.8666666666666667,0.85,0.01666666666666672,0.421875,0.8666666666666667,0.6442708333333333,0.25333333333333335,27
0,1,hand:cum_max_token_entropy,0.15,ACI g=0.05 (grow cal),exch,0.8666666666666667,0.85,0.01666666666666672,0.390625,0.8666666666666667,0.6286458333333333,0.2296,25
0,1,hand:cum_max_token_entropy,0.15,split CP (SAFE),blocked,0.8913043478260869,0.85,0.04130434782608694,0.2018348623853211,0.8913043478260869,0.5465696051057041,0.16090909090909092,22
0,1,hand:cum_max_token_entropy,0.15,ACI g=0.05 (grow cal),blocked,0.8369565217391304,0.85,-0.013043478260869601,0.1743119266055046,0.8369565217391304,0.5056342241723175,0.14526315789473687,19
0,1,hand:cum_max_token_entropy,0.2,split CP (SAFE),exch,0.8,0.8,0.0,0.484375,0.8,0.6421875,0.23161290322580644,31
0,1,hand:cum_max_token_entropy,0.2,ACI g=0.05 (grow cal),exch,0.8666666666666667,0.8,0.06666666666666665,0.484375,0.8666666666666667,0.6755208333333333,0.2232258064516129,31
0,1,hand:cum_max_token_entropy,0.2,split CP (SAFE),blocked,0.8478260869565217,0.8,0.047826086956521685,0.25688073394495414,0.8478260869565217,0.5523534104507379,0.1814285714285714,28
0,1,hand:cum_max_token_entropy,0.2,ACI g=0.05 (grow cal),blocked,0.782608695652174,0.8,-0.017391304347826098,0.23853211009174313,0.782608695652174,0.5105704028719585,0.20461538461538462,26
0,1,hand:cum_max_token_entropy,0.25,split CP (SAFE),exch,0.6666666666666667,0.75,-0.08333333333333326,0.546875,0.6666666666666667,0.6067708333333334,0.1617142857142857,35
0,1,hand:cum_max_token_entropy,0.25,ACI g=0.05 (grow cal),exch,0.8,0.75,0.050000000000000044,0.53125,0.8,0.665625,0.16176470588235295,34
0,1,hand:cum_max_token_entropy,0.25,split CP (SAFE),blocked,0.6630434782608696,0.75,-0.08695652173913038,0.3761467889908257,0.6630434782608696,0.5195951336258476,0.144390243902439,41
0,1,hand:cum_max_token_entropy,0.25,ACI g=0.05 (grow cal),blocked,0.7391304347826086,0.75,-0.010869565217391353,0.30275229357798167,0.7391304347826086,0.5209413641802951,0.15454545454545454,33
0,1,hand:cum_max_token_entropy [task-rel],0.1,split CP (SAFE),exch,0.6666666666666667,0.9,-0.23333333333333328,0.25,0.6666666666666667,0.45833333333333337,0.18375000000000002,16
0,1,hand:cum_max_token_entropy [task-rel],0.1,ACI g=0.05 (grow cal),exch,0.8,0.9,-0.09999999999999998,0.125,0.8,0.4625,0.175,8
0,1,hand:cum_max_token_entropy [task-rel],0.1,split CP (SAFE),blocked,0.8152173913043479,0.9,-0.08478260869565213,0.14678899082568808,0.8152173913043479,0.481003191065018,0.10375000000000001,16
0,1,hand:cum_max_token_entropy [task-rel],0.1,ACI g=0.05 (grow cal),blocked,0.8695652173913043,0.9,-0.0304347826086957,0.05504587155963303,0.8695652173913043,0.4623055444754687,0.12999999999999998,6
0,1,hand:cum_max_token_entropy [task-rel],0.15,split CP (SAFE),exch,0.6,0.85,-0.25,0.40625,0.6,0.503125,0.13923076923076924,26
0,1,hand:cum_max_token_entropy [task-rel],0.15,ACI g=0.05 (grow cal),exch,0.8,0.85,-0.04999999999999993,0.15625,0.8,0.478125,0.18400000000000002,10
0,1,hand:cum_max_token_entropy [task-rel],0.15,split CP (SAFE),blocked,0.6304347826086957,0.85,-0.2195652173913043,0.3302752293577982,0.6304347826086957,0.48035500598324693,0.11499999999999999,36
0,1,hand:cum_max_token_entropy [task-rel],0.15,ACI g=0.05 (grow cal),blocked,0.8369565217391304,0.85,-0.013043478260869601,0.08256880733944955,0.8369565217391304,0.45976266453928993,0.11333333333333334,9
0,1,hand:cum_max_token_entropy [task-rel],0.2,split CP (SAFE),exch,0.6666666666666667,0.8,-0.1333333333333333,0.40625,0.6666666666666667,0.5364583333333334,0.24384615384615385,26
0,1,hand:cum_max_token_entropy [task-rel],0.2,ACI g=0.05 (grow cal),exch,0.7333333333333334,0.8,-0.06666666666666665,0.28125,0.7333333333333334,0.5072916666666667,0.20555555555555555,18
0,1,hand:cum_max_token_entropy [task-rel],0.2,split CP (SAFE),blocked,0.5543478260869565,0.8,-0.2456521739130435,0.3211009174311927,0.5543478260869565,0.43772437175907464,0.1702857142857143,35
0,1,hand:cum_max_token_entropy [task-rel],0.2,ACI g=0.05 (grow cal),blocked,0.782608695652174,0.8,-0.017391304347826098,0.12844036697247707,0.782608695652174,0.4555245313123255,0.1757142857142857,14
0,1,hand:cum_max_token_entropy [task-rel],0.25,split CP (SAFE),exch,0.6666666666666667,0.75,-0.08333333333333326,0.4375,0.6666666666666667,0.5520833333333334,0.25785714285714284,28
0,1,hand:cum_max_token_entropy [task-rel],0.25,ACI g=0.05 (grow cal),exch,0.6666666666666667,0.75,-0.08333333333333326,0.390625,0.6666666666666667,0.5286458333333334,0.2568,25
0,1,hand:cum_max_token_entropy [task-rel],0.25,split CP (SAFE),blocked,0.5869565217391304,0.75,-0.16304347826086962,0.30275229357798167,0.5869565217391304,0.444854407658556,0.24606060606060604,33
0,1,hand:cum_max_token_entropy [task-rel],0.25,ACI g=0.05 (grow cal),blocked,0.7282608695652174,0.75,-0.021739130434782594,0.1651376146788991,0.7282608695652174,0.44669924212205825,0.2277777777777778,18
0,1,hand:cum_mean_token_prob,0.1,split CP (SAFE),exch,0.6,0.9,-0.30000000000000004,0.4375,0.6,0.51875,0.22428571428571428,28
0,1,hand:cum_mean_token_prob,0.1,ACI g=0.05 (grow cal),exch,0.8666666666666667,0.9,-0.033333333333333326,0.21875,0.8666666666666667,0.5427083333333333,0.27571428571428575,14
0,1,hand:cum_mean_token_prob,0.1,split CP (SAFE),blocked,0.7934782608695652,0.9,-0.10652173913043483,0.25688073394495414,0.7934782608695652,0.5251794974072597,0.22428571428571428,28
0,1,hand:cum_mean_token_prob,0.1,ACI g=0.05 (grow cal),blocked,0.8804347826086957,0.9,-0.019565217391304346,0.11009174311926606,0.8804347826086957,0.49526326286398087,0.24166666666666667,12
0,1,hand:cum_mean_token_prob,0.15,split CP (SAFE),exch,0.4666666666666667,0.85,-0.3833333333333333,0.5,0.4666666666666667,0.48333333333333334,0.226875,32
0,1,hand:cum_mean_token_prob,0.15,ACI g=0.05 (grow cal),exch,0.7333333333333334,0.85,-0.11666666666666659,0.265625,0.7333333333333334,0.4994791666666667,0.29294117647058826,17
0,1,hand:cum_mean_token_prob,0.15,split CP (SAFE),blocked,0.7282608695652174,0.85,-0.12173913043478257,0.3119266055045872,0.7282608695652174,0.5200937375349023,0.1688235294117647,34
0,1,hand:cum_mean_token_prob,0.15,ACI g=0.05 (grow cal),blocked,0.8369565217391304,0.85,-0.013043478260869601,0.13761467889908258,0.8369565217391304,0.4872856003191065,0.28666666666666674,15
0,1,hand:cum_mean_token_prob,0.2,split CP (SAFE),exch,0.5333333333333333,0.8,-0.2666666666666667,0.484375,0.5333333333333333,0.5088541666666666,0.23548387096774198,31
0,1,hand:cum_mean_token_prob,0.2,ACI g=0.05 (grow cal),exch,0.6666666666666667,0.8,-0.1333333333333333,0.34375,0.6666666666666667,0.5052083333333334,0.30454545454545456,22
0,1,hand:cum_mean_token_prob,0.2,split CP (SAFE),blocked,0.7282608695652174,0.8,-0.07173913043478264,0.3302752293577982,0.7282608695652174,0.5292680494615079,0.2277777777777778,36
0,1,hand:cum_mean_token_prob,0.2,ACI g=0.05 (grow cal),blocked,0.7934782608695652,0.8,-0.006521739130434856,0.24770642201834864,0.7934782608695652,0.5205923414439569,0.2659259259259259,27
0,1,hand:cum_mean_token_prob,0.25,split CP (SAFE),exch,0.4,0.75,-0.35,0.515625,0.4,0.4578125,0.1696969696969697,33
0,1,hand:cum_mean_token_prob,0.25,ACI g=0.05 (grow cal),exch,0.6,0.75,-0.15000000000000002,0.359375,0.6,0.4796875,0.25478260869565217,23
0,1,hand:cum_mean_token_prob,0.25,split CP (SAFE),blocked,0.6847826086956521,0.75,-0.0652173913043479,0.3211009174311927,0.6847826086956521,0.5029417630634224,0.15314285714285714,35
0,1,hand:cum_mean_token_prob,0.25,ACI g=0.05 (grow cal),blocked,0.7391304347826086,0.75,-0.010869565217391353,0.27522935779816515,0.7391304347826086,0.5071798962903868,0.21266666666666667,30
0,1,hand:cum_mean_token_prob [task-rel],0.1,split CP (SAFE),exch,0.9333333333333333,0.9,0.033333333333333326,0.125,0.9333333333333333,0.5291666666666667,0.3175,8
0,1,hand:cum_mean_token_prob [task-rel],0.1,ACI g=0.05 (grow cal),exch,0.9333333333333333,0.9,0.033333333333333326,0.125,0.9333333333333333,0.5291666666666667,0.3275,8
0,1,hand:cum_mean_token_prob [task-rel],0.1,split CP (SAFE),blocked,0.8695652173913043,0.9,-0.0304347826086957,0.07339449541284404,0.8695652173913043,0.4714798564020742,0.19,8
0,1,hand:cum_mean_token_prob [task-rel],0.1,ACI g=0.05 (grow cal),blocked,0.8804347826086957,0.9,-0.019565217391304346,0.03669724770642202,0.8804347826086957,0.45856601515755885,0.24,4
0,1,hand:cum_mean_token_prob [task-rel],0.15,split CP (SAFE),exch,0.9333333333333333,0.85,0.08333333333333337,0.390625,0.9333333333333333,0.6619791666666667,0.27759999999999996,25
0,1,hand:cum_mean_token_prob [task-rel],0.15,ACI g=0.05 (grow cal),exch,0.8666666666666667,0.85,0.01666666666666672,0.328125,0.8666666666666667,0.5973958333333333,0.22761904761904764,21
0,1,hand:cum_mean_token_prob [task-rel],0.15,split CP (SAFE),blocked,0.7065217391304348,0.85,-0.14347826086956517,0.1926605504587156,0.7065217391304348,0.4495911447945752,0.24,21
0,1,hand:cum_mean_token_prob [task-rel],0.15,ACI g=0.05 (grow cal),blocked,0.8369565217391304,0.85,-0.013043478260869601,0.06422018348623854,0.8369565217391304,0.4505883526126845,0.19142857142857145,7
0,1,hand:cum_mean_token_prob [task-rel],0.2,split CP (SAFE),exch,0.8,0.8,0.0,0.5625,0.8,0.68125,0.26555555555555554,36
0,1,hand:cum_mean_token_prob [task-rel],0.2,ACI g=0.05 (grow cal),exch,0.8666666666666667,0.8,0.06666666666666665,0.546875,0.8666666666666667,0.7067708333333333,0.2834285714285714,35
0,1,hand:cum_mean_token_prob [task-rel],0.2,split CP (SAFE),blocked,0.5108695652173914,0.8,-0.2891304347826087,0.4036697247706422,0.5108695652173914,0.4572696449940168,0.24954545454545454,44
0,1,hand:cum_mean_token_prob [task-rel],0.2,ACI g=0.05 (grow cal),blocked,0.8043478260869565,0.8,0.004347826086956497,0.13761467889908258,0.8043478260869565,0.4709812524930196,0.4586666666666666,15
0,1,hand:cum_mean_token_prob [task-rel],0.25,split CP (SAFE),exch,0.8,0.75,0.050000000000000044,0.609375,0.8,0.7046875,0.26564102564102565,39
0,1,hand:cum_mean_token_prob [task-rel],0.25,ACI g=0.05 (grow cal),exch,0.8666666666666667,0.75,0.1166666666666667,0.640625,0.8666666666666667,0.7536458333333333,0.25658536585365854,41
0,1,hand:cum_mean_token_prob [task-rel],0.25,split CP (SAFE),blocked,0.3804347826086957,0.75,-0.3695652173913043,0.5229357798165137,0.3804347826086957,0.4516852812126047,0.2585964912280702,57
0,1,hand:cum_mean_token_prob [task-rel],0.25,ACI g=0.05 (grow cal),blocked,0.75,0.75,0.0,0.2018348623853211,0.75,0.47591743119266056,0.4490909090909092,22
0,1,hand:cum_dpos,0.1,split CP (SAFE),exch,0.6666666666666667,0.9,-0.23333333333333328,0.3125,0.6666666666666667,0.48958333333333337,0.205,20
0,1,hand:cum_dpos,0.1,ACI g=0.05 (grow cal),exch,0.8666666666666667,0.9,-0.033333333333333326,0.3125,0.8666666666666667,0.5895833333333333,0.21600000000000003,20
0,1,hand:cum_dpos,0.1,split CP (SAFE),blocked,0.7717391304347826,0.9,-0.12826086956521743,0.1743119266055046,0.7717391304347826,0.47302552852014357,0.24842105263157893,19
0,1,hand:cum_dpos,0.1,ACI g=0.05 (grow cal),blocked,0.9021739130434783,0.9,0.0021739130434782483,0.06422018348623854,0.9021739130434783,0.48319704826485843,0.17714285714285719,7
0,1,hand:cum_dpos,0.15,split CP (SAFE),exch,0.6,0.85,-0.25,0.3125,0.6,0.45625,0.15300000000000002,20
0,1,hand:cum_dpos,0.15,ACI g=0.05 (grow cal),exch,0.8,0.85,-0.04999999999999993,0.3125,0.8,0.55625,0.20000000000000004,20
0,1,hand:cum_dpos,0.15,split CP (SAFE),blocked,0.7065217391304348,0.85,-0.14347826086956517,0.1926605504587156,0.7065217391304348,0.4495911447945752,0.18000000000000005,21
0,1,hand:cum_dpos,0.15,ACI g=0.05 (grow cal),blocked,0.8804347826086957,0.85,0.0304347826086957,0.10091743119266056,0.8804347826086957,0.4906761069006781,0.17454545454545453,11
0,1,hand:cum_dpos,0.2,split CP (SAFE),exch,0.6,0.8,-0.20000000000000007,0.3125,0.6,0.45625,0.15200000000000002,20
0,1,hand:cum_dpos,0.2,ACI g=0.05 (grow cal),exch,0.7333333333333334,0.8,-0.06666666666666665,0.3125,0.7333333333333334,0.5229166666666667,0.18200000000000002,20
0,1,hand:cum_dpos,0.2,split CP (SAFE),blocked,0.6847826086956521,0.8,-0.11521739130434794,0.21100917431192662,0.6847826086956521,0.4478958915037894,0.22956521739130437,23
0,1,hand:cum_dpos,0.2,ACI g=0.05 (grow cal),blocked,0.8369565217391304,0.8,0.03695652173913033,0.10091743119266056,0.8369565217391304,0.4689369764658955,0.14909090909090908,11
0,1,hand:cum_dpos,0.25,split CP (SAFE),exch,0.6666666666666667,0.75,-0.08333333333333326,0.328125,0.6666666666666667,0.49739583333333337,0.23238095238095238,21
0,1,hand:cum_dpos,0.25,ACI g=0.05 (grow cal),exch,0.6666666666666667,0.75,-0.08333333333333326,0.328125,0.6666666666666667,0.49739583333333337,0.2409523809523809,21
0,1,hand:cum_dpos,0.25,split CP (SAFE),blocked,0.7391304347826086,0.75,-0.010869565217391353,0.3119266055045872,0.7391304347826086,0.525528520143598,0.4835294117647058,34
0,1,hand:cum_dpos,0.25,ACI g=0.05 (grow cal),blocked,0.7934782608695652,0.75,0.04347826086956519,0.22018348623853212,0.7934782608695652,0.5068308735540487,0.48,24
0,1,hand:cum_dpos [task-rel],0.1,split CP (SAFE),exch,0.4666666666666667,0.9,-0.43333333333333335,0.296875,0.4666666666666667,0.38177083333333334,0.19894736842105268,19
0,1,hand:cum_dpos [task-rel],0.1,ACI g=0.05 (grow cal),exch,0.6666666666666667,0.9,-0.23333333333333328,0.078125,0.6666666666666667,0.37239583333333337,0.06,5
0,1,hand:cum_dpos [task-rel],0.1,split CP (SAFE),blocked,0.6739130434782609,0.9,-0.22608695652173916,0.3853211009174312,0.6739130434782609,0.529617072197846,0.13904761904761906,42
0,1,hand:cum_dpos [task-rel],0.1,ACI g=0.05 (grow cal),blocked,0.9021739130434783,0.9,0.0021739130434782483,0.23853211009174313,0.9021739130434783,0.5703530115676108,0.09769230769230769,26
0,1,hand:cum_dpos [task-rel],0.15,split CP (SAFE),exch,0.4666666666666667,0.85,-0.3833333333333333,0.3125,0.4666666666666667,0.38958333333333334,0.195,20
0,1,hand:cum_dpos [task-rel],0.15,ACI g=0.05 (grow cal),exch,0.6,0.85,-0.25,0.125,0.6,0.3625,0.14500000000000002,8
0,1,hand:cum_dpos [task-rel],0.15,split CP (SAFE),blocked,0.6739130434782609,0.85,-0.1760869565217391,0.3853211009174312,0.6739130434782609,0.529617072197846,0.13857142857142857,42
0,1,hand:cum_dpos [task-rel],0.15,ACI g=0.05 (grow cal),blocked,0.8478260869565217,0.85,-0.0021739130434782483,0.26605504587155965,0.8478260869565217,0.5569405664140407,0.0910344827586207,29
0,1,hand:cum_dpos [task-rel],0.2,split CP (SAFE),exch,0.6666666666666667,0.8,-0.1333333333333333,0.3125,0.6666666666666667,0.48958333333333337,0.2,20
0,1,hand:cum_dpos [task-rel],0.2,ACI g=0.05 (grow cal),exch,0.7333333333333334,0.8,-0.06666666666666665,0.296875,0.7333333333333334,0.5151041666666667,0.2136842105263158,19
0,1,hand:cum_dpos [task-rel],0.2,split CP (SAFE),blocked,0.6304347826086957,0.8,-0.16956521739130437,0.3944954128440367,0.6304347826086957,0.5124650977263662,0.1274418604651163,43
0,1,hand:cum_dpos [task-rel],0.2,ACI g=0.05 (grow cal),blocked,0.8152173913043479,0.8,0.01521739130434785,0.25688073394495414,0.8152173913043479,0.536049062624651,0.12357142857142858,28
0,1,hand:cum_dpos [task-rel],0.25,split CP (SAFE),exch,0.4666666666666667,0.75,-0.2833333333333333,0.359375,0.4666666666666667,0.41302083333333334,0.21739130434782608,23
0,1,hand:cum_dpos [task-rel],0.25,ACI g=0.05 (grow cal),exch,0.7333333333333334,0.75,-0.016666666666666607,0.328125,0.7333333333333334,0.5307291666666667,0.25619047619047625,21
0,1,hand:cum_dpos [task-rel],0.25,split CP (SAFE),blocked,0.5978260869565217,0.75,-0.15217391304347827,0.48623853211009177,0.5978260869565217,0.5420323095333067,0.1328301886792453,53
0,1,hand:cum_dpos [task-rel],0.25,ACI g=0.05 (grow cal),blocked,0.7608695652173914,0.75,0.010869565217391353,0.27522935779816515,0.7608695652173914,0.5180494615077782,0.14400000000000002,30
0,1,hand:cum_drot,0.1,split CP (SAFE),exch,1.0,0.9,0.09999999999999998,0.0625,1.0,0.53125,0.69,4
0,1,hand:cum_drot,0.1,ACI g=0.05 (grow cal),exch,0.9333333333333333,0.9,0.033333333333333326,0.09375,0.9333333333333333,0.5135416666666667,0.5733333333333334,6
0,1,hand:cum_drot,0.1,split CP (SAFE),blocked,0.967391304347826,0.9,0.06739130434782603,0.10091743119266056,0.967391304347826,0.5341543677702433,0.45272727272727276,11
0,1,hand:cum_drot,0.1,ACI g=0.05 (grow cal),blocked,0.9347826086956522,0.9,0.034782608695652195,0.1559633027522936,0.9347826086956522,0.5453729557239729,0.4870588235294118,17
0,1,hand:cum_drot,0.15,split CP (SAFE),exch,0.9333333333333333,0.85,0.08333333333333337,0.125,0.9333333333333333,0.5291666666666667,0.6025,8
0,1,hand:cum_drot,0.15,ACI g=0.05 (grow cal),exch,0.9333333333333333,0.85,0.08333333333333337,0.15625,0.9333333333333333,0.5447916666666667,0.6,10
0,1,hand:cum_drot,0.15,split CP (SAFE),blocked,0.8695652173913043,0.85,0.019565217391304346,0.23853211009174313,0.8695652173913043,0.5540486637415237,0.4000000000000001,26
0,1,hand:cum_drot,0.15,ACI g=0.05 (grow cal),blocked,0.9021739130434783,0.85,0.05217391304347829,0.25688073394495414,0.9021739130434783,0.5795273234942162,0.43642857142857144,28
0,1,hand:cum_drot,0.2,split CP (SAFE),exch,0.9333333333333333,0.8,0.1333333333333333,0.046875,0.9333333333333333,0.4901041666666667,0.20666666666666667,3
0,1,hand:cum_drot,0.2,ACI g=0.05 (grow cal),exch,0.9333333333333333,0.8,0.1333333333333333,0.171875,0.9333333333333333,0.5526041666666667,0.2963636363636364,11
0,1,hand:cum_drot,0.2,split CP (SAFE),blocked,0.7934782608695652,0.8,-0.006521739130434856,0.27522935779816515,0.7934782608695652,0.5343538093338651,0.09666666666666668,30
0,1,hand:cum_drot,0.2,ACI g=0.05 (grow cal),blocked,0.8586956521739131,0.8,0.05869565217391304,0.27522935779816515,0.8586956521739131,0.5669625049860392,0.12066666666666667,30
0,1,hand:cum_drot,0.25,split CP (SAFE),exch,0.9333333333333333,0.75,0.18333333333333335,0.15625,0.9333333333333333,0.5447916666666667,0.362,10
0,1,hand:cum_drot,0.25,ACI g=0.05 (grow cal),exch,0.8666666666666667,0.75,0.1166666666666667,0.203125,0.8666666666666667,0.5348958333333333,0.30923076923076925,13
0,1,hand:cum_drot,0.25,split CP (SAFE),blocked,0.7065217391304348,0.75,-0.04347826086956519,0.43119266055045874,0.7065217391304348,0.5688571998404468,0.13319148936170214,47
0,1,hand:cum_drot,0.25,ACI g=0.05 (grow cal),blocked,0.8152173913043479,0.75,0.0652173913043479,0.3211009174311927,0.8152173913043479,0.5681591543677703,0.22514285714285714,35
0,1,hand:cum_drot [task-rel],0.1,split CP (SAFE),exch,1.0,0.9,0.09999999999999998,0.03125,1.0,0.515625,0.14,2
0,1,hand:cum_drot [task-rel],0.1,ACI g=0.05 (grow cal),exch,0.9333333333333333,0.9,0.033333333333333326,0.0625,0.9333333333333333,0.4979166666666667,0.09,4
0,1,hand:cum_drot [task-rel],0.1,split CP (SAFE),blocked,0.782608695652174,0.9,-0.11739130434782608,0.25688073394495414,0.782608695652174,0.5197447147985641,0.08571428571428573,28
0,1,hand:cum_drot [task-rel],0.1,ACI g=0.05 (grow cal),blocked,0.9347826086956522,0.9,0.034782608695652195,0.11926605504587157,0.9347826086956522,0.5270243318707619,0.08769230769230768,13
0,1,hand:cum_drot [task-rel],0.15,split CP (SAFE),exch,1.0,0.85,0.15000000000000002,0.046875,1.0,0.5234375,0.10666666666666667,3
0,1,hand:cum_drot [task-rel],0.15,ACI g=0.05 (grow cal),exch,0.9333333333333333,0.85,0.08333333333333337,0.125,0.9333333333333333,0.5291666666666667,0.1125,8
0,1,hand:cum_drot [task-rel],0.15,split CP (SAFE),blocked,0.75,0.85,-0.09999999999999998,0.30275229357798167,0.75,0.5263761467889908,0.09090909090909093,33
0,1,hand:cum_drot [task-rel],0.15,ACI g=0.05 (grow cal),blocked,0.8913043478260869,0.85,0.04130434782608694,0.12844036697247707,0.8913043478260869,0.509872357399282,0.09142857142857141,14
0,1,hand:cum_drot [task-rel],0.2,split CP (SAFE),exch,0.8,0.8,0.0,0.265625,0.8,0.5328125,0.4505882352941176,17
0,1,hand:cum_drot [task-rel],0.2,ACI g=0.05 (grow cal),exch,0.8,0.8,0.0,0.234375,0.8,0.5171875,0.41733333333333333,15
0,1,hand:cum_drot [task-rel],0.2,split CP (SAFE),blocked,0.7717391304347826,0.8,-0.02826086956521745,0.3302752293577982,0.7717391304347826,0.5510071798962903,0.17888888888888888,36
0,1,hand:cum_drot [task-rel],0.2,ACI g=0.05 (grow cal),blocked,0.8152173913043479,0.8,0.01521739130434785,0.30275229357798167,0.8152173913043479,0.5589848424411648,0.19818181818181818,33
0,1,hand:cum_drot [task-rel],0.25,split CP (SAFE),exch,0.7333333333333334,0.75,-0.016666666666666607,0.28125,0.7333333333333334,0.5072916666666667,0.46444444444444444,18
0,1,hand:cum_drot [task-rel],0.25,ACI g=0.05 (grow cal),exch,0.8,0.75,0.050000000000000044,0.265625,0.8,0.5328125,0.40588235294117647,17
0,1,hand:cum_drot [task-rel],0.25,split CP (SAFE),blocked,0.6956521739130435,0.75,-0.05434782608695654,0.41284403669724773,0.6956521739130435,0.5542481053051456,0.17288888888888887,45
0,1,hand:cum_drot [task-rel],0.25,ACI g=0.05 (grow cal),blocked,0.782608695652174,0.75,0.03260869565217395,0.30275229357798167,0.782608695652174,0.5426804946150778,0.15393939393939393,33
0,1,hand:dgripper,0.1,split CP (SAFE),exch,0.9333333333333333,0.9,0.033333333333333326,0.046875,0.9333333333333333,0.4901041666666667,0.26,3
0,1,hand:dgripper,0.1,ACI g=0.05 (grow cal),exch,0.9333333333333333,0.9,0.033333333333333326,0.03125,0.9333333333333333,0.4822916666666667,0.24,2
0,1,hand:dgripper,0.1,split CP (SAFE),blocked,0.75,0.9,-0.15000000000000002,0.27522935779816515,0.75,0.5126146788990826,0.08066666666666666,30
0,1,hand:dgripper,0.1,ACI g=0.05 (grow cal),blocked,0.9239130434782609,0.9,0.023913043478260843,0.09174311926605505,0.9239130434782609,0.507828081372158,0.118,10
0,1,hand:dgripper,0.15,split CP (SAFE),exch,0.8,0.85,-0.04999999999999993,0.078125,0.8,0.4390625,0.27599999999999997,5
0,1,hand:dgripper,0.15,ACI g=0.05 (grow cal),exch,0.8666666666666667,0.85,0.01666666666666672,0.046875,0.8666666666666667,0.45677083333333335,0.26,3
0,1,hand:dgripper,0.15,split CP (SAFE),blocked,0.6956521739130435,0.85,-0.15434782608695652,0.3119266055045872,0.6956521739130435,0.5037893897088153,0.10176470588235295,34
0,1,hand:dgripper,0.15,ACI g=0.05 (grow cal),blocked,0.8586956521739131,0.85,0.008695652173913104,0.1651376146788991,0.8586956521739131,0.511916633426406,0.07555555555555556,18
0,1,hand:dgripper,0.2,split CP (SAFE),exch,0.8,0.8,0.0,0.09375,0.8,0.446875,0.2866666666666667,6
0,1,hand:dgripper,0.2,ACI g=0.05 (grow cal),exch,0.8,0.8,0.0,0.078125,0.8,0.4390625,0.27599999999999997,5
0,1,hand:dgripper,0.2,split CP (SAFE),blocked,0.5652173913043479,0.8,-0.23478260869565215,0.3394495412844037,0.5652173913043479,0.45233346629437576,0.12108108108108107,37
0,1,hand:dgripper,0.2,ACI g=0.05 (grow cal),blocked,0.8043478260869565,0.8,0.004347826086956497,0.1926605504587156,0.8043478260869565,0.49850418827283605,0.08476190476190476,21
0,1,hand:dgripper,0.25,split CP (SAFE),exch,0.8,0.75,0.050000000000000044,0.09375,0.8,0.446875,0.2866666666666667,6
0,1,hand:dgripper,0.25,ACI g=0.05 (grow cal),exch,0.8,0.75,0.050000000000000044,0.09375,0.8,0.446875,0.2866666666666667,6
0,1,hand:dgripper,0.25,split CP (SAFE),blocked,0.5652173913043479,0.75,-0.1847826086956521,0.3394495412844037,0.5652173913043479,0.45233346629437576,0.12108108108108107,37
0,1,hand:dgripper,0.25,ACI g=0.05 (grow cal),blocked,0.7608695652173914,0.75,0.010869565217391353,0.26605504587155965,0.7608695652173914,0.5134623055444755,0.11379310344827585,29
0,1,hand:dgripper [task-rel],0.1,split CP (SAFE),exch,0.9333333333333333,0.9,0.033333333333333326,0.046875,0.9333333333333333,0.4901041666666667,0.19999999999999998,3
0,1,hand:dgripper [task-rel],0.1,ACI g=0.05 (grow cal),exch,0.9333333333333333,0.9,0.033333333333333326,0.03125,0.9333333333333333,0.4822916666666667,0.15,2
0,1,hand:dgripper [task-rel],0.1,split CP (SAFE),blocked,0.75,0.9,-0.15000000000000002,0.27522935779816515,0.75,0.5126146788990826,0.078,30
0,1,hand:dgripper [task-rel],0.1,ACI g=0.05 (grow cal),blocked,0.8913043478260869,0.9,-0.008695652173913104,0.09174311926605505,0.8913043478260869,0.491523733546071,0.04,10
0,1,hand:dgripper [task-rel],0.15,split CP (SAFE),exch,0.8,0.85,-0.04999999999999993,0.078125,0.8,0.4390625,0.24,5
0,1,hand:dgripper [task-rel],0.15,ACI g=0.05 (grow cal),exch,0.8666666666666667,0.85,0.01666666666666672,0.046875,0.8666666666666667,0.45677083333333335,0.19999999999999998,3
0,1,hand:dgripper [task-rel],0.15,split CP (SAFE),blocked,0.6956521739130435,0.85,-0.15434782608695652,0.30275229357798167,0.6956521739130435,0.49920223374551254,0.0987878787878788,33
0,1,hand:dgripper [task-rel],0.15,ACI g=0.05 (grow cal),blocked,0.8478260869565217,0.85,-0.0021739130434782483,0.12844036697247707,0.8478260869565217,0.4881332269644994,0.04933333333333333,15
0,1,hand:dgripper [task-rel],0.2,split CP (SAFE),exch,0.8,0.8,0.0,0.09375,0.8,0.446875,0.25666666666666665,6
0,1,hand:dgripper [task-rel],0.2,ACI g=0.05 (grow cal),exch,0.8,0.8,0.0,0.078125,0.8,0.4390625,0.24,5
0,1,hand:dgripper [task-rel],0.2,split CP (SAFE),blocked,0.5652173913043479,0.8,-0.23478260869565215,0.3302752293577982,0.5652173913043479,0.44774631033107304,0.11833333333333333,36
0,1,hand:dgripper [task-rel],0.2,ACI g=0.05 (grow cal),blocked,0.8043478260869565,0.8,0.004347826086956497,0.2018348623853211,0.8043478260869565,0.5030913442361389,0.06869565217391305,23
0,1,hand:dgripper [task-rel],0.25,split CP (SAFE),exch,0.8,0.75,0.050000000000000044,0.09375,0.8,0.446875,0.25666666666666665,6
0,1,hand:dgripper [task-rel],0.25,ACI g=0.05 (grow cal),exch,0.8,0.75,0.050000000000000044,0.09375,0.8,0.446875,0.25666666666666665,6
0,1,hand:dgripper [task-rel],0.25,split CP (SAFE),blocked,0.5652173913043479,0.75,-0.1847826086956521,0.3302752293577982,0.5652173913043479,0.44774631033107304,0.11833333333333333,36
0,1,hand:dgripper [task-rel],0.25,ACI g=0.05 (grow cal),blocked,0.7608695652173914,0.75,0.010869565217391353,0.24770642201834864,0.7608695652173914,0.50428799361787,0.09999999999999999,29
1,0,SAFE-MLP,0.1,split CP (SAFE),exch,0.8125,0.9,-0.08750000000000002,0.4927536231884058,0.8125,0.6526268115942029,0.746470588235294,34
1,0,SAFE-MLP,0.1,ACI g=0.05 (grow cal),exch,0.8125,0.9,-0.08750000000000002,0.463768115942029,0.8125,0.6381340579710145,0.745,32
1,0,SAFE-MLP,0.1,split CP (SAFE),blocked,0.9021739130434783,0.9,0.0021739130434782483,0.4945054945054945,0.9021739130434783,0.6983397037744864,0.7715555555555556,45
1,0,SAFE-MLP,0.1,ACI g=0.05 (grow cal),blocked,0.9130434782608696,0.9,0.013043478260869601,0.45054945054945056,0.9130434782608696,0.6817964644051601,0.7370731707317074,41
1,0,SAFE-MLP,0.15,split CP (SAFE),exch,0.8125,0.85,-0.03749999999999998,0.5217391304347826,0.8125,0.6671195652173914,0.73,36
1,0,SAFE-MLP,0.15,ACI g=0.05 (grow cal),exch,0.8125,0.85,-0.03749999999999998,0.5217391304347826,0.8125,0.6671195652173914,0.5894444444444444,36
1,0,SAFE-MLP,0.15,split CP (SAFE),blocked,0.8586956521739131,0.85,0.008695652173913104,0.5274725274725275,0.8586956521739131,0.6930840898232202,0.7491666666666666,48
1,0,SAFE-MLP,0.15,ACI g=0.05 (grow cal),blocked,0.8586956521739131,0.85,0.008695652173913104,0.4945054945054945,0.8586956521739131,0.6766005733397038,0.6586666666666667,45
1,0,SAFE-MLP,0.2,split CP (SAFE),exch,0.8125,0.8,0.012499999999999956,0.7246376811594203,0.8125,0.7685688405797102,0.612,50
1,0,SAFE-MLP,0.2,ACI g=0.05 (grow cal),exch,0.75,0.8,-0.050000000000000044,0.6956521739130435,0.75,0.7228260869565217,0.5924999999999999,48
1,0,SAFE-MLP,0.2,split CP (SAFE),blocked,0.7173913043478262,0.8,-0.08260869565217388,0.6263736263736264,0.7173913043478262,0.6718824653607263,0.6052631578947367,57
1,0,SAFE-MLP,0.2,ACI g=0.05 (grow cal),blocked,0.8152173913043479,0.8,0.01521739130434785,0.5384615384615384,0.8152173913043479,0.6768394648829432,0.6551020408163264,49
1,0,SAFE-MLP,0.25,split CP (SAFE),exch,0.75,0.75,0.0,0.7536231884057971,0.75,0.7518115942028986,0.5634615384615386,52
1,0,SAFE-MLP,0.25,ACI g=0.05 (grow cal),exch,0.75,0.75,0.0,0.7536231884057971,0.75,0.7518115942028986,0.5480769230769231,52
1,0,SAFE-MLP,0.25,split CP (SAFE),blocked,0.6521739130434783,0.75,-0.09782608695652173,0.6263736263736264,0.6521739130434783,0.6392737697085523,0.5357894736842106,57
1,0,SAFE-MLP,0.25,ACI g=0.05 (grow cal),blocked,0.7608695652173914,0.75,0.010869565217391353,0.5604395604395604,0.7608695652173914,0.6606545628284759,0.5035294117647059,51
1,0,SAFE-MLP [task-rel],0.1,split CP (SAFE),exch,0.9375,0.9,0.03749999999999998,0.10144927536231885,0.9375,0.5194746376811594,0.17999999999999997,7
1,0,SAFE-MLP [task-rel],0.1,ACI g=0.05 (grow cal),exch,0.9375,0.9,0.03749999999999998,0.11594202898550725,0.9375,0.5267210144927537,0.18,8
1,0,SAFE-MLP [task-rel],0.1,split CP (SAFE),blocked,0.9456521739130435,0.9,0.04565217391304344,0.06593406593406594,0.9456521739130435,0.5057931199235547,0.13333333333333333,6
1,0,SAFE-MLP [task-rel],0.1,ACI g=0.05 (grow cal),blocked,0.9456521739130435,0.9,0.04565217391304344,0.10989010989010989,0.9456521739130435,0.5277711419015767,0.11200000000000002,10
1,0,SAFE-MLP [task-rel],0.15,split CP (SAFE),exch,0.9375,0.85,0.08750000000000002,0.10144927536231885,0.9375,0.5194746376811594,0.17999999999999997,7
1,0,SAFE-MLP [task-rel],0.15,ACI g=0.05 (grow cal),exch,0.875,0.85,0.025000000000000022,0.13043478260869565,0.875,0.5027173913043478,0.1711111111111111,9
1,0,SAFE-MLP [task-rel],0.15,split CP (SAFE),blocked,0.9347826086956522,0.85,0.08478260869565224,0.08791208791208792,0.9347826086956522,0.5113473483038701,0.1275,8
1,0,SAFE-MLP [task-rel],0.15,ACI g=0.05 (grow cal),blocked,0.9130434782608696,0.85,0.06304347826086965,0.15384615384615385,0.9130434782608696,0.5334448160535117,0.09428571428571428,14
1,0,SAFE-MLP [task-rel],0.2,split CP (SAFE),exch,0.9375,0.8,0.13749999999999996,0.15942028985507245,0.9375,0.5484601449275363,0.2109090909090909,11
1,0,SAFE-MLP [task-rel],0.2,ACI g=0.05 (grow cal),exch,0.8125,0.8,0.012499999999999956,0.2028985507246377,0.8125,0.5076992753623188,0.2328571428571429,14
1,0,SAFE-MLP [task-rel],0.2,split CP (SAFE),blocked,0.9347826086956522,0.8,0.13478260869565217,0.12087912087912088,0.9347826086956522,0.5278308647873865,0.21818181818181823,11
1,0,SAFE-MLP [task-rel],0.2,ACI g=0.05 (grow cal),blocked,0.8586956521739131,0.8,0.05869565217391304,0.26373626373626374,0.8586956521739131,0.5612159579550884,0.2716666666666667,24
1,0,SAFE-MLP [task-rel],0.25,split CP (SAFE),exch,0.8125,0.75,0.0625,0.2608695652173913,0.8125,0.5366847826086957,0.35000000000000003,18
1,0,SAFE-MLP [task-rel],0.25,ACI g=0.05 (grow cal),exch,0.75,0.75,0.0,0.4057971014492754,0.75,0.5778985507246377,0.36000000000000004,28
1,0,SAFE-MLP [task-rel],0.25,split CP (SAFE),blocked,0.8586956521739131,0.75,0.10869565217391308,0.21978021978021978,0.8586956521739131,0.5392379359770665,0.42099999999999993,20
1,0,SAFE-MLP [task-rel],0.25,ACI g=0.05 (grow cal),blocked,0.8152173913043479,0.75,0.0652173913043479,0.3076923076923077,0.8152173913043479,0.5614548494983278,0.4085714285714285,28
1,0,H&S,0.1,split CP (SAFE),exch,0.5625,0.9,-0.3375,0.4057971014492754,0.5625,0.4841485507246377,0.505,28
1,0,H&S,0.1,ACI g=0.05 (grow cal),exch,0.8125,0.9,-0.08750000000000002,0.17391304347826086,0.8125,0.49320652173913043,0.395,12
1,0,H&S,0.1,split CP (SAFE),blocked,0.5217391304347826,0.9,-0.37826086956521743,0.46153846153846156,0.5217391304347826,0.4916387959866221,0.18857142857142856,42
1,0,H&S,0.1,ACI g=0.05 (grow cal),blocked,0.8586956521739131,0.9,-0.04130434782608694,0.10989010989010989,0.8586956521739131,0.4842928810320115,0.092,10
1,0,H&S,0.15,split CP (SAFE),exch,0.5625,0.85,-0.2875,0.6231884057971014,0.5625,0.5928442028985508,0.5646511627906978,43
1,0,H&S,0.15,ACI g=0.05 (grow cal),exch,0.75,0.85,-0.09999999999999998,0.21739130434782608,0.75,0.483695652173913,0.3773333333333333,15
1,0,H&S,0.15,split CP (SAFE),blocked,0.4347826086956522,0.85,-0.41521739130434776,0.5604395604395604,0.4347826086956522,0.49761108456760633,0.2576470588235294,51
1,0,H&S,0.15,ACI g=0.05 (grow cal),blocked,0.8260869565217391,0.85,-0.023913043478260843,0.15384615384615385,0.8260869565217391,0.4899665551839465,0.14428571428571432,14
1,0,H&S,0.2,split CP (SAFE),exch,0.5625,0.8,-0.23750000000000004,0.2463768115942029,0.5625,0.40443840579710144,0.09411764705882353,17
1,0,H&S,0.2,ACI g=0.05 (grow cal),exch,0.75,0.8,-0.050000000000000044,0.2318840579710145,0.75,0.49094202898550726,0.22374999999999998,16
1,0,H&S,0.2,split CP (SAFE),blocked,0.4130434782608695,0.8,-0.38695652173913053,0.5164835164835165,0.4130434782608695,0.464763497372193,0.09531914893617022,47
1,0,H&S,0.2,ACI g=0.05 (grow cal),blocked,0.7717391304347826,0.8,-0.02826086956521745,0.1978021978021978,0.7717391304347826,0.4847706641184902,0.08666666666666667,18
1,0,H&S,0.25,split CP (SAFE),exch,0.4375,0.75,-0.3125,0.7101449275362319,0.4375,0.573822463768116,0.6093877551020408,49
1,0,H&S,0.25,ACI g=0.05 (grow cal),exch,0.6875,0.75,-0.0625,0.42028985507246375,0.6875,0.5538949275362319,0.49862068965517237,29
1,0,H&S,0.25,split CP (SAFE),blocked,0.32608695652173914,0.75,-0.42391304347826086,0.6813186813186813,0.32608695652173914,0.5037028189202102,0.2745161290322581,62
1,0,H&S,0.25,ACI g=0.05 (grow cal),blocked,0.7173913043478262,0.75,-0.032608695652173836,0.3076923076923077,0.7173913043478262,0.5125418060200669,0.2342857142857143,28
1,0,H&S [task-rel],0.1,split CP (SAFE),exch,0.875,0.9,-0.025000000000000022,0.13043478260869565,0.875,0.5027173913043478,0.09555555555555556,9
1,0,H&S [task-rel],0.1,ACI g=0.05 (grow cal),exch,0.875,0.9,-0.025000000000000022,0.057971014492753624,0.875,0.46648550724637683,0.125,4
1,0,H&S [task-rel],0.1,split CP (SAFE),blocked,0.6847826086956521,0.9,-0.21521739130434792,0.23076923076923078,0.6847826086956521,0.45777591973244147,0.10571428571428572,21
1,0,H&S [task-rel],0.1,ACI g=0.05 (grow cal),blocked,0.8913043478260869,0.9,-0.008695652173913104,0.06593406593406594,0.8913043478260869,0.4786192068800764,0.12,6
1,0,H&S [task-rel],0.15,split CP (SAFE),exch,0.625,0.85,-0.22499999999999998,0.6086956521739131,0.625,0.6168478260869565,0.5014285714285714,42
1,0,H&S [task-rel],0.15,ACI g=0.05 (grow cal),exch,0.8125,0.85,-0.03749999999999998,0.30434782608695654,0.8125,0.5584239130434783,0.42380952380952375,21
1,0,H&S [task-rel],0.15,split CP (SAFE),blocked,0.5760869565217391,0.85,-0.27391304347826084,0.5384615384615384,0.5760869565217391,0.5572742474916388,0.32244897959183677,49
1,0,H&S [task-rel],0.15,ACI g=0.05 (grow cal),blocked,0.8478260869565217,0.85,-0.0021739130434782483,0.14285714285714285,0.8478260869565217,0.49534161490683226,0.18000000000000002,13
1,0,H&S [task-rel],0.2,split CP (SAFE),exch,0.5625,0.8,-0.23750000000000004,0.6956521739130435,0.5625,0.6290760869565217,0.5116666666666667,48
1,0,H&S [task-rel],0.2,ACI g=0.05 (grow cal),exch,0.75,0.8,-0.050000000000000044,0.391304347826087,0.75,0.5706521739130435,0.4422222222222222,27
1,0,H&S [task-rel],0.2,split CP (SAFE),blocked,0.5217391304347826,0.8,-0.27826086956521745,0.6593406593406593,0.5217391304347826,0.590539894887721,0.34333333333333343,60
1,0,H&S [task-rel],0.2,ACI g=0.05 (grow cal),blocked,0.782608695652174,0.8,-0.017391304347826098,0.23076923076923078,0.782608695652174,0.5066889632107023,0.3561904761904761,21
1,0,H&S [task-rel],0.25,split CP (SAFE),exch,0.4375,0.75,-0.3125,0.7246376811594203,0.4375,0.5810688405797102,0.474,50
1,0,H&S [task-rel],0.25,ACI g=0.05 (grow cal),exch,0.6875,0.75,-0.0625,0.391304347826087,0.6875,0.5394021739130435,0.40444444444444444,27
1,0,H&S [task-rel],0.25,split CP (SAFE),blocked,0.5,0.75,-0.25,0.6813186813186813,0.5,0.5906593406593407,0.3348387096774194,62
1,0,H&S [task-rel],0.25,ACI g=0.05 (grow cal),blocked,0.7282608695652174,0.75,-0.021739130434782594,0.3076923076923077,0.7282608695652174,0.5179765886287626,0.32999999999999996,28
1,0,SAFE-Embed,0.1,split CP (SAFE),exch,0.6875,0.9,-0.21250000000000002,0.5072463768115942,0.6875,0.5973731884057971,0.3405714285714286,35
1,0,SAFE-Embed,0.1,ACI g=0.05 (grow cal),exch,0.875,0.9,-0.025000000000000022,0.2608695652173913,0.875,0.5679347826086957,0.3066666666666667,18
1,0,SAFE-Embed,0.1,split CP (SAFE),blocked,0.0,0.9,-0.9,1.0,0.0,0.5,0.02153846153846154,91
1,0,SAFE-Embed,0.1,ACI g=0.05 (grow cal),blocked,0.8586956521739131,0.9,-0.04130434782608694,0.26373626373626374,0.8586956521739131,0.5612159579550884,0.3941666666666667,24
1,0,SAFE-Embed,0.15,split CP (SAFE),exch,0.5625,0.85,-0.2875,0.5652173913043478,0.5625,0.5638586956521738,0.2830769230769231,39
1,0,SAFE-Embed,0.15,ACI g=0.05 (grow cal),exch,0.75,0.85,-0.09999999999999998,0.2898550724637681,0.75,0.519927536231884,0.261,20
1,0,SAFE-Embed,0.15,split CP (SAFE),blocked,0.0,0.85,-0.85,1.0,0.0,0.5,0.009450549450549451,91
1,0,SAFE-Embed,0.15,ACI g=0.05 (grow cal),blocked,0.8152173913043479,0.85,-0.034782608695652084,0.26373626373626374,0.8152173913043479,0.5394768275203058,0.35833333333333334,24
1,0,SAFE-Embed,0.2,split CP (SAFE),exch,0.5625,0.8,-0.23750000000000004,0.7681159420289855,0.5625,0.6653079710144927,0.42754716981132074,53
1,0,SAFE-Embed,0.2,ACI g=0.05 (grow cal),exch,0.6875,0.8,-0.11250000000000004,0.4782608695652174,0.6875,0.5828804347826086,0.4824242424242424,33
1,0,SAFE-Embed,0.2,split CP (SAFE),blocked,0.0,0.8,-0.8,1.0,0.0,0.5,0.010769230769230769,91
1,0,SAFE-Embed,0.2,ACI g=0.05 (grow cal),blocked,0.7934782608695652,0.8,-0.006521739130434856,0.5494505494505495,0.7934782608695652,0.6714644051600573,0.8132,50
1,0,SAFE-Embed,0.25,split CP (SAFE),exch,0.5625,0.75,-0.1875,0.782608695652174,0.5625,0.6725543478260869,0.4340740740740741,54
1,0,SAFE-Embed,0.25,ACI g=0.05 (grow cal),exch,0.5625,0.75,-0.1875,0.5507246376811594,0.5625,0.5566123188405797,0.43,38
1,0,SAFE-Embed,0.25,split CP (SAFE),blocked,0.0,0.75,-0.75,1.0,0.0,0.5,0.01846153846153846,91
1,0,SAFE-Embed,0.25,ACI g=0.05 (grow cal),blocked,0.7391304347826086,0.75,-0.010869565217391353,0.5494505494505495,0.7391304347826086,0.6442904921165791,0.7539999999999999,50
1,0,SAFE-Embed [task-rel],0.1,split CP (SAFE),exch,0.8125,0.9,-0.08750000000000002,0.18840579710144928,0.8125,0.5004528985507246,0.37999999999999995,13
1,0,SAFE-Embed [task-rel],0.1,ACI g=0.05 (grow cal),exch,0.875,0.9,-0.025000000000000022,0.10144927536231885,0.875,0.4882246376811594,0.32571428571428573,7
1,0,SAFE-Embed [task-rel],0.1,split CP (SAFE),blocked,0.8478260869565217,0.9,-0.05217391304347829,0.10989010989010989,0.8478260869565217,0.47885809842331584,0.14000000000000004,10
1,0,SAFE-Embed [task-rel],0.1,ACI g=0.05 (grow cal),blocked,0.8695652173913043,0.9,-0.0304347826086957,0.12087912087912088,0.8695652173913043,0.4952221691352126,0.14000000000000004,11
1,0,SAFE-Embed [task-rel],0.15,split CP (SAFE),exch,0.8125,0.85,-0.03749999999999998,0.21739130434782608,0.8125,0.5149456521739131,0.3386666666666666,15
1,0,SAFE-Embed [task-rel],0.15,ACI g=0.05 (grow cal),exch,0.8125,0.85,-0.03749999999999998,0.14492753623188406,0.8125,0.478713768115942,0.30800000000000005,10
1,0,SAFE-Embed [task-rel],0.15,split CP (SAFE),blocked,0.8478260869565217,0.85,-0.0021739130434782483,0.10989010989010989,0.8478260869565217,0.47885809842331584,0.14000000000000004,10
1,0,SAFE-Embed [task-rel],0.15,ACI g=0.05 (grow cal),blocked,0.8260869565217391,0.85,-0.023913043478260843,0.15384615384615385,0.8260869565217391,0.4899665551839465,0.19857142857142862,14
1,0,SAFE-Embed [task-rel],0.2,split CP (SAFE),exch,0.75,0.8,-0.050000000000000044,0.3188405797101449,0.75,0.5344202898550725,0.4890909090909092,22
1,0,SAFE-Embed [task-rel],0.2,ACI g=0.05 (grow cal),exch,0.75,0.8,-0.050000000000000044,0.2463768115942029,0.75,0.49818840579710144,0.5329411764705883,17
1,0,SAFE-Embed [task-rel],0.2,split CP (SAFE),blocked,0.8369565217391304,0.8,0.03695652173913033,0.16483516483516483,0.8369565217391304,0.5008958432871476,0.40799999999999986,15
1,0,SAFE-Embed [task-rel],0.2,ACI g=0.05 (grow cal),blocked,0.7608695652173914,0.8,-0.03913043478260869,0.3076923076923077,0.7608695652173914,0.5342809364548495,0.43142857142857155,28
1,0,SAFE-Embed [task-rel],0.25,split CP (SAFE),exch,0.6875,0.75,-0.0625,0.37681159420289856,0.6875,0.5321557971014492,0.4292307692307693,26
1,0,SAFE-Embed [task-rel],0.25,ACI g=0.05 (grow cal),exch,0.6875,0.75,-0.0625,0.30434782608695654,0.6875,0.49592391304347827,0.4685714285714286,21
1,0,SAFE-Embed [task-rel],0.25,split CP (SAFE),blocked,0.8260869565217391,0.75,0.07608695652173914,0.17582417582417584,0.8260869565217391,0.5009555661729574,0.34125000000000005,16
1,0,SAFE-Embed [task-rel],0.25,ACI g=0.05 (grow cal),blocked,0.7065217391304348,0.75,-0.04347826086956519,0.38461538461538464,0.7065217391304348,0.5455685618729097,0.256,35
1,0,hand:cum_mean_token_entropy,0.1,split CP (SAFE),exch,0.875,0.9,-0.025000000000000022,0.13043478260869565,0.875,0.5027173913043478,0.4600000000000001,9
1,0,hand:cum_mean_token_entropy,0.1,ACI g=0.05 (grow cal),exch,0.875,0.9,-0.025000000000000022,0.13043478260869565,0.875,0.5027173913043478,0.5333333333333333,9
1,0,hand:cum_mean_token_entropy,0.1,split CP (SAFE),blocked,0.8043478260869565,0.9,-0.09565217391304348,0.23076923076923078,0.8043478260869565,0.5175585284280937,0.641904761904762,21
1,0,hand:cum_mean_token_entropy,0.1,ACI g=0.05 (grow cal),blocked,0.9021739130434783,0.9,0.0021739130434782483,0.16483516483516483,0.9021739130434783,0.5335045389393216,0.6493333333333334,15
1,0,hand:cum_mean_token_entropy,0.15,split CP (SAFE),exch,0.875,0.85,0.025000000000000022,0.14492753623188406,0.875,0.509963768115942,0.404,10
1,0,hand:cum_mean_token_entropy,0.15,ACI g=0.05 (grow cal),exch,0.875,0.85,0.025000000000000022,0.15942028985507245,0.875,0.5172101449275363,0.4272727272727273,11
1,0,hand:cum_mean_token_entropy,0.15,split CP (SAFE),blocked,0.7608695652173914,0.85,-0.08913043478260863,0.3076923076923077,0.7608695652173914,0.5342809364548495,0.6285714285714287,28
1,0,hand:cum_mean_token_entropy,0.15,ACI g=0.05 (grow cal),blocked,0.8478260869565217,0.85,-0.0021739130434782483,0.2087912087912088,0.8478260869565217,0.5283086478738652,0.6547368421052633,19
1,0,hand:cum_mean_token_entropy,0.2,split CP (SAFE),exch,0.625,0.8,-0.17500000000000004,0.2898550724637681,0.625,0.45742753623188404,0.5990000000000001,20
1,0,hand:cum_mean_token_entropy,0.2,ACI g=0.05 (grow cal),exch,0.75,0.8,-0.050000000000000044,0.14492753623188406,0.75,0.447463768115942,0.44600000000000006,10
1,0,hand:cum_mean_token_entropy,0.2,split CP (SAFE),blocked,0.6956521739130435,0.8,-0.10434782608695659,0.3626373626373626,0.6956521739130435,0.5291447682752031,0.6187878787878789,33
1,0,hand:cum_mean_token_entropy,0.2,ACI g=0.05 (grow cal),blocked,0.7934782608695652,0.8,-0.006521739130434856,0.2857142857142857,0.7934782608695652,0.5395962732919255,0.7053846153846154,26
1,0,hand:cum_mean_token_entropy,0.25,split CP (SAFE),exch,0.625,0.75,-0.125,0.2898550724637681,0.625,0.45742753623188404,0.6240000000000001,20
1,0,hand:cum_mean_token_entropy,0.25,ACI g=0.05 (grow cal),exch,0.6875,0.75,-0.0625,0.21739130434782608,0.6875,0.452445652173913,0.5906666666666667,15
1,0,hand:cum_mean_token_entropy,0.25,split CP (SAFE),blocked,0.6847826086956521,0.75,-0.0652173913043479,0.3626373626373626,0.6847826086956521,0.5237099856665074,0.6599999999999999,33
1,0,hand:cum_mean_token_entropy,0.25,ACI g=0.05 (grow cal),blocked,0.7282608695652174,0.75,-0.021739130434782594,0.3076923076923077,0.7282608695652174,0.5179765886287626,0.7028571428571427,28
1,0,hand:cum_mean_token_entropy [task-rel],0.1,split CP (SAFE),exch,0.9375,0.9,0.03749999999999998,0.028985507246376812,0.9375,0.4832427536231884,0.35000000000000003,2
1,0,hand:cum_mean_token_entropy [task-rel],0.1,ACI g=0.05 (grow cal),exch,0.875,0.9,-0.025000000000000022,0.028985507246376812,0.875,0.4519927536231884,0.34,2
1,0,hand:cum_mean_token_entropy [task-rel],0.1,split CP (SAFE),blocked,0.9021739130434783,0.9,0.0021739130434782483,0.10989010989010989,0.9021739130434783,0.5060320114667941,0.34,10
1,0,hand:cum_mean_token_entropy [task-rel],0.1,ACI g=0.05 (grow cal),blocked,0.8695652173913043,0.9,-0.0304347826086957,0.1978021978021978,0.8695652173913043,0.5336837075967511,0.32111111111111107,18
1,0,hand:cum_mean_token_entropy [task-rel],0.15,split CP (SAFE),exch,0.875,0.85,0.025000000000000022,0.043478260869565216,0.875,0.4592391304347826,0.23333333333333336,3
1,0,hand:cum_mean_token_entropy [task-rel],0.15,ACI g=0.05 (grow cal),exch,0.8125,0.85,-0.03749999999999998,0.07246376811594203,0.8125,0.442481884057971,0.392,5
1,0,hand:cum_mean_token_entropy [task-rel],0.15,split CP (SAFE),blocked,0.8804347826086957,0.85,0.0304347826086957,0.14285714285714285,0.8804347826086957,0.5116459627329193,0.30307692307692313,13
1,0,hand:cum_mean_token_entropy [task-rel],0.15,ACI g=0.05 (grow cal),blocked,0.8152173913043479,0.85,-0.034782608695652084,0.24175824175824176,0.8152173913043479,0.5284878165312948,0.30818181818181817,22
1,0,hand:cum_mean_token_entropy [task-rel],0.2,split CP (SAFE),exch,0.8125,0.8,0.012499999999999956,0.10144927536231885,0.8125,0.4569746376811594,0.3942857142857143,7
1,0,hand:cum_mean_token_entropy [task-rel],0.2,ACI g=0.05 (grow cal),exch,0.6875,0.8,-0.11250000000000004,0.2028985507246377,0.6875,0.44519927536231885,0.34571428571428564,14
1,0,hand:cum_mean_token_entropy [task-rel],0.2,split CP (SAFE),blocked,0.8043478260869565,0.8,0.004347826086956497,0.1978021978021978,0.8043478260869565,0.5010750119445772,0.29,18
1,0,hand:cum_mean_token_entropy [task-rel],0.2,ACI g=0.05 (grow cal),blocked,0.7608695652173914,0.8,-0.03913043478260869,0.2967032967032967,0.7608695652173914,0.5287864309603441,0.24814814814814815,27
1,0,hand:cum_mean_token_entropy [task-rel],0.25,split CP (SAFE),exch,0.4375,0.75,-0.3125,0.5072463768115942,0.4375,0.4723731884057971,0.23485714285714288,35
1,0,hand:cum_mean_token_entropy [task-rel],0.25,ACI g=0.05 (grow cal),exch,0.625,0.75,-0.125,0.21739130434782608,0.625,0.421195652173913,0.3026666666666667,15
1,0,hand:cum_mean_token_entropy [task-rel],0.25,split CP (SAFE),blocked,0.5869565217391304,0.75,-0.16304347826086962,0.4835164835164835,0.5869565217391304,0.535236502627807,0.23818181818181816,44
1,0,hand:cum_mean_token_entropy [task-rel],0.25,ACI g=0.05 (grow cal),blocked,0.7282608695652174,0.75,-0.021739130434782594,0.3626373626373626,0.7282608695652174,0.54544911610129,0.25515151515151513,33
1,0,hand:mean_token_entropy,0.1,split CP (SAFE),exch,0.875,0.9,-0.025000000000000022,0.15942028985507245,0.875,0.5172101449275363,0.49090909090909096,11
1,0,hand:mean_token_entropy,0.1,ACI g=0.05 (grow cal),exch,0.875,0.9,-0.025000000000000022,0.11594202898550725,0.875,0.4954710144927536,0.485,8
1,0,hand:mean_token_entropy,0.1,split CP (SAFE),blocked,0.7282608695652174,0.9,-0.17173913043478262,0.34065934065934067,0.7282608695652174,0.534460105112279,0.5341935483870969,31
1,0,hand:mean_token_entropy,0.1,ACI g=0.05 (grow cal),blocked,0.9130434782608696,0.9,0.013043478260869601,0.14285714285714285,0.9130434782608696,0.5279503105590062,0.5723076923076923,13
1,0,hand:mean_token_entropy,0.15,split CP (SAFE),exch,0.8125,0.85,-0.03749999999999998,0.2318840579710145,0.8125,0.5221920289855072,0.47875,16
1,0,hand:mean_token_entropy,0.15,ACI g=0.05 (grow cal),exch,0.875,0.85,0.025000000000000022,0.21739130434782608,0.875,0.5461956521739131,0.5186666666666667,15
1,0,hand:mean_token_entropy,0.15,split CP (SAFE),blocked,0.6630434782608696,0.85,-0.18695652173913035,0.37362637362637363,0.6630434782608696,0.5183349259436216,0.5070588235294117,34
1,0,hand:mean_token_entropy,0.15,ACI g=0.05 (grow cal),blocked,0.8586956521739131,0.85,0.008695652173913104,0.21978021978021978,0.8586956521739131,0.5392379359770665,0.546,20
1,0,hand:mean_token_entropy,0.2,split CP (SAFE),exch,0.75,0.8,-0.050000000000000044,0.2608695652173913,0.75,0.5054347826086957,0.4666666666666667,18
1,0,hand:mean_token_entropy,0.2,ACI g=0.05 (grow cal),exch,0.8125,0.8,0.012499999999999956,0.2463768115942029,0.8125,0.5294384057971014,0.52,17
1,0,hand:mean_token_entropy,0.2,split CP (SAFE),blocked,0.6086956521739131,0.8,-0.19130434782608696,0.4065934065934066,0.6086956521739131,0.5076445293836598,0.5102702702702704,37
1,0,hand:mean_token_entropy,0.2,ACI g=0.05 (grow cal),blocked,0.8043478260869565,0.8,0.004347826086956497,0.23076923076923078,0.8043478260869565,0.5175585284280937,0.4895238095238096,21
1,0,hand:mean_token_entropy,0.25,split CP (SAFE),exch,0.5625,0.75,-0.1875,0.4927536231884058,0.5625,0.5276268115942029,0.4552941176470588,34
1,0,hand:mean_token_entropy,0.25,ACI g=0.05 (grow cal),exch,0.6875,0.75,-0.0625,0.4492753623188406,0.6875,0.5683876811594203,0.4483870967741936,31
1,0,hand:mean_token_entropy,0.25,split CP (SAFE),blocked,0.3913043478260869,0.75,-0.3586956521739131,0.6043956043956044,0.3913043478260869,0.49784997611084564,0.4989090909090909,55
1,0,hand:mean_token_entropy,0.25,ACI g=0.05 (grow cal),blocked,0.7608695652173914,0.75,0.010869565217391353,0.2857142857142857,0.7608695652173914,0.5232919254658386,0.5284615384615384,26
1,0,hand:mean_token_entropy [task-rel],0.1,split CP (SAFE),exch,0.9375,0.9,0.03749999999999998,0.07246376811594203,0.9375,0.5049818840579711,0.18400000000000002,5
1,0,hand:mean_token_entropy [task-rel],0.1,ACI g=0.05 (grow cal),exch,0.9375,0.9,0.03749999999999998,0.057971014492753624,0.9375,0.49773550724637683,0.185,4
1,0,hand:mean_token_entropy [task-rel],0.1,split CP (SAFE),blocked,0.7934782608695652,0.9,-0.10652173913043483,0.15384615384615385,0.7934782608695652,0.4736622073578595,0.16,14
1,0,hand:mean_token_entropy [task-rel],0.1,ACI g=0.05 (grow cal),blocked,0.8804347826086957,0.9,-0.019565217391304346,0.08791208791208792,0.8804347826086957,0.4841734352603918,0.09749999999999999,8
1,0,hand:mean_token_entropy [task-rel],0.15,split CP (SAFE),exch,0.75,0.85,-0.09999999999999998,0.10144927536231885,0.75,0.4257246376811594,0.18857142857142858,7
1,0,hand:mean_token_entropy [task-rel],0.15,ACI g=0.05 (grow cal),exch,0.875,0.85,0.025000000000000022,0.08695652173913043,0.875,0.4809782608695652,0.1566666666666667,6
1,0,hand:mean_token_entropy [task-rel],0.15,split CP (SAFE),blocked,0.782608695652174,0.85,-0.06739130434782603,0.17582417582417584,0.782608695652174,0.4792164357381749,0.15250000000000002,16
1,0,hand:mean_token_entropy [task-rel],0.15,ACI g=0.05 (grow cal),blocked,0.8260869565217391,0.85,-0.023913043478260843,0.10989010989010989,0.8260869565217391,0.4679885332059245,0.098,10
1,0,hand:mean_token_entropy [task-rel],0.2,split CP (SAFE),exch,0.6875,0.8,-0.11250000000000004,0.13043478260869565,0.6875,0.40896739130434784,0.20666666666666667,9
1,0,hand:mean_token_entropy [task-rel],0.2,ACI g=0.05 (grow cal),exch,0.75,0.8,-0.050000000000000044,0.08695652173913043,0.75,0.4184782608695652,0.12,6
1,0,hand:mean_token_entropy [task-rel],0.2,split CP (SAFE),blocked,0.6847826086956521,0.8,-0.11521739130434794,0.21978021978021978,0.6847826086956521,0.45228141423793594,0.154,20
1,0,hand:mean_token_entropy [task-rel],0.2,ACI g=0.05 (grow cal),blocked,0.7717391304347826,0.8,-0.02826086956521745,0.12087912087912088,0.7717391304347826,0.44630912565695174,0.08727272727272727,11
1,0,hand:mean_token_entropy [task-rel],0.25,split CP (SAFE),exch,0.8125,0.75,0.0625,0.13043478260869565,0.8125,0.47146739130434784,0.19777777777777777,9
1,0,hand:mean_token_entropy [task-rel],0.25,ACI g=0.05 (grow cal),exch,0.8125,0.75,0.0625,0.14492753623188406,0.8125,0.478713768115942,0.19799999999999998,10
1,0,hand:mean_token_entropy [task-rel],0.25,split CP (SAFE),blocked,0.7717391304347826,0.75,0.021739130434782594,0.2087912087912088,0.7717391304347826,0.4902651696129957,0.1863157894736842,19
1,0,hand:mean_token_entropy [task-rel],0.25,ACI g=0.05 (grow cal),blocked,0.7173913043478262,0.75,-0.032608695652173836,0.2087912087912088,0.7173913043478262,0.4630912565695175,0.19263157894736843,19
1,0,hand:cum_max_token_entropy,0.1,split CP (SAFE),exch,0.875,0.9,-0.025000000000000022,0.17391304347826086,0.875,0.5244565217391304,0.37833333333333335,12
1,0,hand:cum_max_token_entropy,0.1,ACI g=0.05 (grow cal),exch,0.875,0.9,-0.025000000000000022,0.14492753623188406,0.875,0.509963768115942,0.392,10
1,0,hand:cum_max_token_entropy,0.1,split CP (SAFE),blocked,0.9239130434782609,0.9,0.023913043478260843,0.3076923076923077,0.9239130434782609,0.6158026755852843,0.5199999999999999,28
1,0,hand:cum_max_token_entropy,0.1,ACI g=0.05 (grow cal),blocked,0.9130434782608696,0.9,0.013043478260869601,0.26373626373626374,0.9130434782608696,0.5883898709985667,0.4908333333333333,24
1,0,hand:cum_max_token_entropy,0.15,split CP (SAFE),exch,0.8125,0.85,-0.03749999999999998,0.17391304347826086,0.8125,0.49320652173913043,0.355,12
1,0,hand:cum_max_token_entropy,0.15,ACI g=0.05 (grow cal),exch,0.8125,0.85,-0.03749999999999998,0.17391304347826086,0.8125,0.49320652173913043,0.3766666666666667,12
1,0,hand:cum_max_token_entropy,0.15,split CP (SAFE),blocked,0.9130434782608696,0.85,0.06304347826086965,0.3076923076923077,0.9130434782608696,0.6103678929765887,0.5114285714285713,28
1,0,hand:cum_max_token_entropy,0.15,ACI g=0.05 (grow cal),blocked,0.8695652173913043,0.85,0.019565217391304346,0.32967032967032966,0.8695652173913043,0.599617773530817,0.502,30
1,0,hand:cum_max_token_entropy,0.2,split CP (SAFE),exch,0.8125,0.8,0.012499999999999956,0.2318840579710145,0.8125,0.5221920289855072,0.4075,16
1,0,hand:cum_max_token_entropy,0.2,ACI g=0.05 (grow cal),exch,0.8125,0.8,0.012499999999999956,0.2463768115942029,0.8125,0.5294384057971014,0.4023529411764706,17
1,0,hand:cum_max_token_entropy,0.2,split CP (SAFE),blocked,0.8369565217391304,0.8,0.03695652173913033,0.32967032967032966,0.8369565217391304,0.58331342570473,0.5293333333333332,30
1,0,hand:cum_max_token_entropy,0.2,ACI g=0.05 (grow cal),blocked,0.8260869565217391,0.8,0.02608695652173909,0.3516483516483517,0.8260869565217391,0.5888676540850454,0.5425,32
1,0,hand:cum_max_token_entropy,0.25,split CP (SAFE),exch,0.8125,0.75,0.0625,0.2608695652173913,0.8125,0.5366847826086957,0.4255555555555556,18
1,0,hand:cum_max_token_entropy,0.25,ACI g=0.05 (grow cal),exch,0.8125,0.75,0.0625,0.391304347826087,0.8125,0.6019021739130435,0.3377777777777778,27
1,0,hand:cum_max_token_entropy,0.25,split CP (SAFE),blocked,0.8152173913043479,0.75,0.0652173913043479,0.31868131868131866,0.8152173913043479,0.5669493549928333,0.4462068965517242,29
1,0,hand:cum_max_token_entropy,0.25,ACI g=0.05 (grow cal),blocked,0.7717391304347826,0.75,0.021739130434782594,0.38461538461538464,0.7717391304347826,0.5781772575250836,0.4645714285714285,35
1,0,hand:cum_max_token_entropy [task-rel],0.1,split CP (SAFE),exch,0.875,0.9,-0.025000000000000022,0.2028985507246377,0.875,0.5389492753623188,0.07142857142857142,14
1,0,hand:cum_max_token_entropy [task-rel],0.1,ACI g=0.05 (grow cal),exch,0.875,0.9,-0.025000000000000022,0.13043478260869565,0.875,0.5027173913043478,0.10888888888888888,9
1,0,hand:cum_max_token_entropy [task-rel],0.1,split CP (SAFE),blocked,0.7282608695652174,0.9,-0.17173913043478262,0.37362637362637363,0.7282608695652174,0.5509436215957955,0.09470588235294117,34
1,0,hand:cum_max_token_entropy [task-rel],0.1,ACI g=0.05 (grow cal),blocked,0.9021739130434783,0.9,0.0021739130434782483,0.16483516483516483,0.9021739130434783,0.5335045389393216,0.24133333333333332,15
1,0,hand:cum_max_token_entropy [task-rel],0.15,split CP (SAFE),exch,0.875,0.85,0.025000000000000022,0.2028985507246377,0.875,0.5389492753623188,0.07142857142857142,14
1,0,hand:cum_max_token_entropy [task-rel],0.15,ACI g=0.05 (grow cal),exch,0.875,0.85,0.025000000000000022,0.2028985507246377,0.875,0.5389492753623188,0.07142857142857142,14
1,0,hand:cum_max_token_entropy [task-rel],0.15,split CP (SAFE),blocked,0.7282608695652174,0.85,-0.12173913043478257,0.38461538461538464,0.7282608695652174,0.556438127090301,0.09257142857142858,35
1,0,hand:cum_max_token_entropy [task-rel],0.15,ACI g=0.05 (grow cal),blocked,0.8478260869565217,0.85,-0.0021739130434782483,0.25274725274725274,0.8478260869565217,0.5502866698518872,0.15913043478260872,23
1,0,hand:cum_max_token_entropy [task-rel],0.2,split CP (SAFE),exch,0.75,0.8,-0.050000000000000044,0.2028985507246377,0.75,0.47644927536231885,0.16142857142857145,14
1,0,hand:cum_max_token_entropy [task-rel],0.2,ACI g=0.05 (grow cal),exch,0.8125,0.8,0.012499999999999956,0.21739130434782608,0.8125,0.5149456521739131,0.17733333333333334,15
1,0,hand:cum_max_token_entropy [task-rel],0.2,split CP (SAFE),blocked,0.75,0.8,-0.050000000000000044,0.2967032967032967,0.75,0.5233516483516484,0.14666666666666667,27
1,0,hand:cum_max_token_entropy [task-rel],0.2,ACI g=0.05 (grow cal),blocked,0.8152173913043479,0.8,0.01521739130434785,0.24175824175824176,0.8152173913043479,0.5284878165312948,0.18999999999999997,22
1,0,hand:cum_max_token_entropy [task-rel],0.25,split CP (SAFE),exch,0.8125,0.75,0.0625,0.2318840579710145,0.8125,0.5221920289855072,0.15000000000000002,16
1,0,hand:cum_max_token_entropy [task-rel],0.25,ACI g=0.05 (grow cal),exch,0.75,0.75,0.0,0.2463768115942029,0.75,0.49818840579710144,0.1611764705882353,17
1,0,hand:cum_max_token_entropy [task-rel],0.25,split CP (SAFE),blocked,0.7717391304347826,0.75,0.021739130434782594,0.34065934065934067,0.7717391304347826,0.5561992355470616,0.14774193548387096,31
1,0,hand:cum_max_token_entropy [task-rel],0.25,ACI g=0.05 (grow cal),blocked,0.7608695652173914,0.75,0.010869565217391353,0.2967032967032967,0.7608695652173914,0.5287864309603441,0.20222222222222225,27
1,0,hand:cum_mean_token_prob,0.1,split CP (SAFE),exch,0.75,0.9,-0.15000000000000002,0.2028985507246377,0.75,0.47644927536231885,0.5385714285714286,14
1,0,hand:cum_mean_token_prob,0.1,ACI g=0.05 (grow cal),exch,0.8125,0.9,-0.08750000000000002,0.07246376811594203,0.8125,0.442481884057971,0.504,5
1,0,hand:cum_mean_token_prob,0.1,split CP (SAFE),blocked,0.8043478260869565,0.9,-0.09565217391304348,0.25274725274725274,0.8043478260869565,0.5285475394171046,0.5965217391304346,23
1,0,hand:cum_mean_token_prob,0.1,ACI g=0.05 (grow cal),blocked,0.9021739130434783,0.9,0.0021739130434782483,0.10989010989010989,0.9021739130434783,0.5060320114667941,0.678,10
1,0,hand:cum_mean_token_prob,0.15,split CP (SAFE),exch,0.6875,0.85,-0.16249999999999998,0.2318840579710145,0.6875,0.45969202898550726,0.49874999999999997,16
1,0,hand:cum_mean_token_prob,0.15,ACI g=0.05 (grow cal),exch,0.8125,0.85,-0.03749999999999998,0.11594202898550725,0.8125,0.4642210144927536,0.47500000000000003,8
1,0,hand:cum_mean_token_prob,0.15,split CP (SAFE),blocked,0.782608695652174,0.85,-0.06739130434782603,0.2857142857142857,0.782608695652174,0.5341614906832298,0.5953846153846153,26
1,0,hand:cum_mean_token_prob,0.15,ACI g=0.05 (grow cal),blocked,0.8478260869565217,0.85,-0.0021739130434782483,0.12087912087912088,0.8478260869565217,0.4843526039178213,0.6436363636363637,11
1,0,hand:cum_mean_token_prob,0.2,split CP (SAFE),exch,0.6875,0.8,-0.11250000000000004,0.2608695652173913,0.6875,0.4741847826086957,0.5366666666666666,18
1,0,hand:cum_mean_token_prob,0.2,ACI g=0.05 (grow cal),exch,0.75,0.8,-0.050000000000000044,0.2028985507246377,0.75,0.47644927536231885,0.58,14
1,0,hand:cum_mean_token_prob,0.2,split CP (SAFE),blocked,0.7282608695652174,0.8,-0.07173913043478264,0.2967032967032967,0.7282608695652174,0.512482083134257,0.6066666666666666,27
1,0,hand:cum_mean_token_prob,0.2,ACI g=0.05 (grow cal),blocked,0.7934782608695652,0.8,-0.006521739130434856,0.24175824175824176,0.7934782608695652,0.5176182513139035,0.6836363636363636,22
1,0,hand:cum_mean_token_prob,0.25,split CP (SAFE),exch,0.6875,0.75,-0.0625,0.2898550724637681,0.6875,0.48867753623188404,0.5619999999999999,20
1,0,hand:cum_mean_token_prob,0.25,ACI g=0.05 (grow cal),exch,0.6875,0.75,-0.0625,0.2318840579710145,0.6875,0.45969202898550726,0.555,16
1,0,hand:cum_mean_token_prob,0.25,split CP (SAFE),blocked,0.7282608695652174,0.75,-0.021739130434782594,0.2967032967032967,0.7282608695652174,0.512482083134257,0.5940740740740741,27
1,0,hand:cum_mean_token_prob,0.25,ACI g=0.05 (grow cal),blocked,0.7391304347826086,0.75,-0.010869565217391353,0.2967032967032967,0.7391304347826086,0.5179168657429527,0.6066666666666666,27
1,0,hand:cum_mean_token_prob [task-rel],0.1,split CP (SAFE),exch,0.9375,0.9,0.03749999999999998,0.057971014492753624,0.9375,0.49773550724637683,0.605,4
1,0,hand:cum_mean_token_prob [task-rel],0.1,ACI g=0.05 (grow cal),exch,0.875,0.9,-0.025000000000000022,0.10144927536231885,0.875,0.4882246376811594,0.37142857142857144,7
1,0,hand:cum_mean_token_prob [task-rel],0.1,split CP (SAFE),blocked,0.9891304347826086,0.9,0.08913043478260863,0.0989010989010989,0.9891304347826086,0.5440157668418538,0.4822222222222222,9
1,0,hand:cum_mean_token_prob [task-rel],0.1,ACI g=0.05 (grow cal),blocked,0.9021739130434783,0.9,0.0021739130434782483,0.16483516483516483,0.9021739130434783,0.5335045389393216,0.36399999999999993,15
1,0,hand:cum_mean_token_prob [task-rel],0.15,split CP (SAFE),exch,0.9375,0.85,0.08750000000000002,0.07246376811594203,0.9375,0.5049818840579711,0.46399999999999997,5
1,0,hand:cum_mean_token_prob [task-rel],0.15,ACI g=0.05 (grow cal),exch,0.8125,0.85,-0.03749999999999998,0.11594202898550725,0.8125,0.4642210144927536,0.4,8
1,0,hand:cum_mean_token_prob [task-rel],0.15,split CP (SAFE),blocked,0.9456521739130435,0.85,0.09565217391304348,0.10989010989010989,0.9456521739130435,0.5277711419015767,0.426,10
1,0,hand:cum_mean_token_prob [task-rel],0.15,ACI g=0.05 (grow cal),blocked,0.8369565217391304,0.85,-0.013043478260869601,0.16483516483516483,0.8369565217391304,0.5008958432871476,0.34533333333333327,15
1,0,hand:cum_mean_token_prob [task-rel],0.2,split CP (SAFE),exch,0.6875,0.8,-0.11250000000000004,0.2608695652173913,0.6875,0.4741847826086957,0.35444444444444445,18
1,0,hand:cum_mean_token_prob [task-rel],0.2,ACI g=0.05 (grow cal),exch,0.75,0.8,-0.050000000000000044,0.2318840579710145,0.75,0.49094202898550726,0.3975,16
1,0,hand:cum_mean_token_prob [task-rel],0.2,split CP (SAFE),blocked,0.7934782608695652,0.8,-0.006521739130434856,0.34065934065934067,0.7934782608695652,0.5670688007644529,0.3135483870967743,31
1,0,hand:cum_mean_token_prob [task-rel],0.2,ACI g=0.05 (grow cal),blocked,0.7934782608695652,0.8,-0.006521739130434856,0.24175824175824176,0.7934782608695652,0.5176182513139035,0.3272727272727272,22
1,0,hand:cum_mean_token_prob [task-rel],0.25,split CP (SAFE),exch,0.5625,0.75,-0.1875,0.37681159420289856,0.5625,0.4696557971014493,0.2653846153846154,26
1,0,hand:cum_mean_token_prob [task-rel],0.25,ACI g=0.05 (grow cal),exch,0.5625,0.75,-0.1875,0.2463768115942029,0.5625,0.40443840579710144,0.3294117647058824,17
1,0,hand:cum_mean_token_prob [task-rel],0.25,split CP (SAFE),blocked,0.6956521739130435,0.75,-0.05434782608695654,0.37362637362637363,0.6956521739130435,0.5346392737697085,0.28647058823529414,34
1,0,hand:cum_mean_token_prob [task-rel],0.25,ACI g=0.05 (grow cal),blocked,0.7391304347826086,0.75,-0.010869565217391353,0.31868131868131866,0.7391304347826086,0.5289058767319637,0.29793103448275865,29
1,0,hand:cum_dpos,0.1,split CP (SAFE),exch,0.9375,0.9,0.03749999999999998,0.07246376811594203,0.9375,0.5049818840579711,0.092,5
1,0,hand:cum_dpos,0.1,ACI g=0.05 (grow cal),exch,0.9375,0.9,0.03749999999999998,0.07246376811594203,0.9375,0.5049818840579711,0.096,5
1,0,hand:cum_dpos,0.1,split CP (SAFE),blocked,0.7391304347826086,0.9,-0.16086956521739137,0.31868131868131866,0.7391304347826086,0.5289058767319637,0.09379310344827588,29
1,0,hand:cum_dpos,0.1,ACI g=0.05 (grow cal),blocked,0.8804347826086957,0.9,-0.019565217391304346,0.1978021978021978,0.8804347826086957,0.5391184902054468,0.10222222222222224,18
1,0,hand:cum_dpos,0.15,split CP (SAFE),exch,0.8125,0.85,-0.03749999999999998,0.07246376811594203,0.8125,0.442481884057971,0.084,5
1,0,hand:cum_dpos,0.15,ACI g=0.05 (grow cal),exch,0.875,0.85,0.025000000000000022,0.07246376811594203,0.875,0.473731884057971,0.092,5
1,0,hand:cum_dpos,0.15,split CP (SAFE),blocked,0.6847826086956521,0.85,-0.16521739130434787,0.32967032967032966,0.6847826086956521,0.5072264691829909,0.07933333333333335,30
1,0,hand:cum_dpos,0.15,ACI g=0.05 (grow cal),blocked,0.8260869565217391,0.85,-0.023913043478260843,0.2857142857142857,0.8260869565217391,0.5559006211180124,0.10230769230769234,26
1,0,hand:cum_dpos,0.2,split CP (SAFE),exch,0.75,0.8,-0.050000000000000044,0.13043478260869565,0.75,0.44021739130434784,0.29333333333333333,9
1,0,hand:cum_dpos,0.2,ACI g=0.05 (grow cal),exch,0.8125,0.8,0.012499999999999956,0.13043478260869565,0.8125,0.47146739130434784,0.2955555555555555,9
1,0,hand:cum_dpos,0.2,split CP (SAFE),blocked,0.7282608695652174,0.8,-0.07173913043478264,0.31868131868131866,0.7282608695652174,0.5234710941232681,0.09310344827586209,29
1,0,hand:cum_dpos,0.2,ACI g=0.05 (grow cal),blocked,0.7717391304347826,0.8,-0.02826086956521745,0.2967032967032967,0.7717391304347826,0.5342212135690396,0.10296296296296298,27
1,0,hand:cum_dpos,0.25,split CP (SAFE),exch,0.625,0.75,-0.125,0.21739130434782608,0.625,0.421195652173913,0.31466666666666665,15
1,0,hand:cum_dpos,0.25,ACI g=0.05 (grow cal),exch,0.6875,0.75,-0.0625,0.14492753623188406,0.6875,0.416213768115942,0.34199999999999997,10
1,0,hand:cum_dpos,0.25,split CP (SAFE),blocked,0.6630434782608696,0.75,-0.08695652173913038,0.3516483516483517,0.6630434782608696,0.5073459149546107,0.10937500000000001,32
1,0,hand:cum_dpos,0.25,ACI g=0.05 (grow cal),blocked,0.7173913043478262,0.75,-0.032608695652173836,0.2967032967032967,0.7173913043478262,0.5070473005255615,0.0962962962962963,27
1,0,hand:cum_dpos [task-rel],0.1,split CP (SAFE),exch,0.9375,0.9,0.03749999999999998,0.18840579710144928,0.9375,0.5629528985507246,0.2538461538461539,13
1,0,hand:cum_dpos [task-rel],0.1,ACI g=0.05 (grow cal),exch,0.875,0.9,-0.025000000000000022,0.2318840579710145,0.875,0.5534420289855072,0.23875000000000002,16
1,0,hand:cum_dpos [task-rel],0.1,split CP (SAFE),blocked,0.9021739130434783,0.9,0.0021739130434782483,0.1978021978021978,0.9021739130434783,0.549988055422838,0.42666666666666664,18
1,0,hand:cum_dpos [task-rel],0.1,ACI g=0.05 (grow cal),blocked,0.8913043478260869,0.9,-0.008695652173913104,0.1978021978021978,0.8913043478260869,0.5445532728141423,0.41777777777777775,18
1,0,hand:cum_dpos [task-rel],0.15,split CP (SAFE),exch,0.8125,0.85,-0.03749999999999998,0.30434782608695654,0.8125,0.5584239130434783,0.22571428571428567,21
1,0,hand:cum_dpos [task-rel],0.15,ACI g=0.05 (grow cal),exch,0.8125,0.85,-0.03749999999999998,0.34782608695652173,0.8125,0.5801630434782609,0.23083333333333333,24
1,0,hand:cum_dpos [task-rel],0.15,split CP (SAFE),blocked,0.7717391304347826,0.85,-0.07826086956521738,0.34065934065934067,0.7717391304347826,0.5561992355470616,0.2941935483870968,31
1,0,hand:cum_dpos [task-rel],0.15,ACI g=0.05 (grow cal),blocked,0.8369565217391304,0.85,-0.013043478260869601,0.25274725274725274,0.8369565217391304,0.5448518872431916,0.3313043478260869,23
1,0,hand:cum_dpos [task-rel],0.2,split CP (SAFE),exch,0.8125,0.8,0.012499999999999956,0.391304347826087,0.8125,0.6019021739130435,0.26666666666666666,27
1,0,hand:cum_dpos [task-rel],0.2,ACI g=0.05 (grow cal),exch,0.8125,0.8,0.012499999999999956,0.43478260869565216,0.8125,0.623641304347826,0.2493333333333333,30
1,0,hand:cum_dpos [task-rel],0.2,split CP (SAFE),blocked,0.7065217391304348,0.8,-0.09347826086956523,0.4945054945054945,0.7065217391304348,0.6005136168179647,0.30044444444444446,45
1,0,hand:cum_dpos [task-rel],0.2,ACI g=0.05 (grow cal),blocked,0.7934782608695652,0.8,-0.006521739130434856,0.2967032967032967,0.7934782608695652,0.545090778786431,0.3903703703703705,27
1,0,hand:cum_dpos [task-rel],0.25,split CP (SAFE),exch,0.8125,0.75,0.0625,0.4057971014492754,0.8125,0.6091485507246377,0.28214285714285714,28
1,0,hand:cum_dpos [task-rel],0.25,ACI g=0.05 (grow cal),exch,0.75,0.75,0.0,0.4782608695652174,0.75,0.6141304347826086,0.2648484848484849,33
1,0,hand:cum_dpos [task-rel],0.25,split CP (SAFE),blocked,0.6521739130434783,0.75,-0.09782608695652173,0.5494505494505495,0.6521739130434783,0.6008122312470139,0.3124,50
1,0,hand:cum_dpos [task-rel],0.25,ACI g=0.05 (grow cal),blocked,0.7608695652173914,0.75,0.010869565217391353,0.37362637362637363,0.7608695652173914,0.5672479694218825,0.44058823529411767,34
1,0,hand:cum_drot,0.1,split CP (SAFE),exch,0.875,0.9,-0.025000000000000022,0.15942028985507245,0.875,0.5172101449275363,0.049090909090909095,11
1,0,hand:cum_drot,0.1,ACI g=0.05 (grow cal),exch,0.875,0.9,-0.025000000000000022,0.08695652173913043,0.875,0.4809782608695652,0.0,6
1,0,hand:cum_drot,0.1,split CP (SAFE),blocked,0.8369565217391304,0.9,-0.06304347826086965,0.14285714285714285,0.8369565217391304,0.4899068322981366,0.02923076923076923,13
1,0,hand:cum_drot,0.1,ACI g=0.05 (grow cal),blocked,0.9130434782608696,0.9,0.013043478260869601,0.0989010989010989,0.9130434782608696,0.5059722885809843,0.13555555555555554,9
1,0,hand:cum_drot,0.15,split CP (SAFE),exch,0.8125,0.85,-0.03749999999999998,0.15942028985507245,0.8125,0.48596014492753625,0.03272727272727272,11
1,0,hand:cum_drot,0.15,ACI g=0.05 (grow cal),exch,0.8125,0.85,-0.03749999999999998,0.15942028985507245,0.8125,0.48596014492753625,0.049090909090909095,11
1,0,hand:cum_drot,0.15,split CP (SAFE),blocked,0.8369565217391304,0.85,-0.013043478260869601,0.14285714285714285,0.8369565217391304,0.4899068322981366,0.0,13
1,0,hand:cum_drot,0.15,ACI g=0.05 (grow cal),blocked,0.8586956521739131,0.85,0.008695652173913104,0.10989010989010989,0.8586956521739131,0.4842928810320115,0.11599999999999999,10
1,0,hand:cum_drot,0.2,split CP (SAFE),exch,0.8125,0.8,0.012499999999999956,0.21739130434782608,0.8125,0.5149456521739131,0.11866666666666668,15
1,0,hand:cum_drot,0.2,ACI g=0.05 (grow cal),exch,0.8125,0.8,0.012499999999999956,0.15942028985507245,0.8125,0.48596014492753625,0.04363636363636364,11
1,0,hand:cum_drot,0.2,split CP (SAFE),blocked,0.8152173913043479,0.8,0.01521739130434785,0.18681318681318682,0.8152173913043479,0.5010152890587674,0.0811764705882353,17
1,0,hand:cum_drot,0.2,ACI g=0.05 (grow cal),blocked,0.8260869565217391,0.8,0.02608695652173909,0.16483516483516483,0.8260869565217391,0.49546106067845197,0.21733333333333335,15
1,0,hand:cum_drot,0.25,split CP (SAFE),exch,0.8125,0.75,0.0625,0.2898550724637681,0.8125,0.551177536231884,0.22900000000000004,20
1,0,hand:cum_drot,0.25,ACI g=0.05 (grow cal),exch,0.8125,0.75,0.0625,0.2753623188405797,0.8125,0.5439311594202898,0.2115789473684211,19
1,0,hand:cum_drot,0.25,split CP (SAFE),blocked,0.782608695652174,0.75,0.03260869565217395,0.27472527472527475,0.782608695652174,0.5286669851887243,0.21760000000000002,25
1,0,hand:cum_drot,0.25,ACI g=0.05 (grow cal),blocked,0.7717391304347826,0.75,0.021739130434782594,0.23076923076923078,0.7717391304347826,0.5012541806020067,0.2885714285714286,21
1,0,hand:cum_drot [task-rel],0.1,split CP (SAFE),exch,0.875,0.9,-0.025000000000000022,0.08695652173913043,0.875,0.4809782608695652,0.20333333333333337,6
1,0,hand:cum_drot [task-rel],0.1,ACI g=0.05 (grow cal),exch,0.875,0.9,-0.025000000000000022,0.07246376811594203,0.875,0.473731884057971,0.132,5
1,0,hand:cum_drot [task-rel],0.1,split CP (SAFE),blocked,0.9456521739130435,0.9,0.04565217391304344,0.12087912087912088,0.9456521739130435,0.5332656473960822,0.07272727272727274,11
1,0,hand:cum_drot [task-rel],0.1,ACI g=0.05 (grow cal),blocked,0.9021739130434783,0.9,0.0021739130434782483,0.10989010989010989,0.9021739130434783,0.5060320114667941,0.06600000000000002,10
1,0,hand:cum_drot [task-rel],0.15,split CP (SAFE),exch,0.875,0.85,0.025000000000000022,0.10144927536231885,0.875,0.4882246376811594,0.19142857142857145,7
1,0,hand:cum_drot [task-rel],0.15,ACI g=0.05 (grow cal),exch,0.875,0.85,0.025000000000000022,0.13043478260869565,0.875,0.5027173913043478,0.1688888888888889,9
1,0,hand:cum_drot [task-rel],0.15,split CP (SAFE),blocked,0.9239130434782609,0.85,0.07391304347826089,0.12087912087912088,0.9239130434782609,0.5223960821786908,0.07090909090909092,11
1,0,hand:cum_drot [task-rel],0.15,ACI g=0.05 (grow cal),blocked,0.8586956521739131,0.85,0.008695652173913104,0.14285714285714285,0.8586956521739131,0.5007763975155279,0.06461538461538462,13
1,0,hand:cum_drot [task-rel],0.2,split CP (SAFE),exch,0.8125,0.8,0.012499999999999956,0.2028985507246377,0.8125,0.5076992753623188,0.31999999999999995,14
1,0,hand:cum_drot [task-rel],0.2,ACI g=0.05 (grow cal),exch,0.8125,0.8,0.012499999999999956,0.21739130434782608,0.8125,0.5149456521739131,0.33999999999999997,15
1,0,hand:cum_drot [task-rel],0.2,split CP (SAFE),blocked,0.8804347826086957,0.8,0.08043478260869563,0.15384615384615385,0.8804347826086957,0.5171404682274248,0.14857142857142858,14
1,0,hand:cum_drot [task-rel],0.2,ACI g=0.05 (grow cal),blocked,0.8152173913043479,0.8,0.01521739130434785,0.21978021978021978,0.8152173913043479,0.5174988055422838,0.191,20
1,0,hand:cum_drot [task-rel],0.25,split CP (SAFE),exch,0.75,0.75,0.0,0.2318840579710145,0.75,0.49094202898550726,0.31,16
1,0,hand:cum_drot [task-rel],0.25,ACI g=0.05 (grow cal),exch,0.75,0.75,0.0,0.2318840579710145,0.75,0.49094202898550726,0.305,16
1,0,hand:cum_drot [task-rel],0.25,split CP (SAFE),blocked,0.782608695652174,0.75,0.03260869565217395,0.2967032967032967,0.782608695652174,0.5396559961777353,0.2785185185185185,27
1,0,hand:cum_drot [task-rel],0.25,ACI g=0.05 (grow cal),blocked,0.75,0.75,0.0,0.3076923076923077,0.75,0.5288461538461539,0.2542857142857143,28
1,0,hand:dgripper,0.1,split CP (SAFE),exch,1.0,0.9,0.09999999999999998,0.0,1.0,0.5,,0
1,0,hand:dgripper,0.1,ACI g=0.05 (grow cal),exch,1.0,0.9,0.09999999999999998,0.0,1.0,0.5,,0
1,0,hand:dgripper,0.1,split CP (SAFE),blocked,1.0,0.9,0.09999999999999998,0.0,1.0,0.5,,0
1,0,hand:dgripper,0.1,ACI g=0.05 (grow cal),blocked,0.9565217391304348,0.9,0.05652173913043479,0.0,0.9565217391304348,0.4782608695652174,,0
1,0,hand:dgripper,0.15,split CP (SAFE),exch,0.6875,0.85,-0.16249999999999998,0.5362318840579711,0.6875,0.6118659420289856,0.5199999999999999,37
1,0,hand:dgripper,0.15,ACI g=0.05 (grow cal),exch,0.9375,0.85,0.08750000000000002,0.15942028985507245,0.9375,0.5484601449275363,0.5199999999999999,11
1,0,hand:dgripper,0.15,split CP (SAFE),blocked,0.6086956521739131,0.85,-0.2413043478260869,0.7582417582417582,0.6086956521739131,0.6834687052078356,0.5200000000000002,69
1,0,hand:dgripper,0.15,ACI g=0.05 (grow cal),blocked,0.9130434782608696,0.85,0.06304347826086965,0.13186813186813187,0.9130434782608696,0.5224558050645007,0.5199999999999999,12
1,0,hand:dgripper,0.2,split CP (SAFE),exch,0.6875,0.8,-0.11250000000000004,0.5362318840579711,0.6875,0.6118659420289856,0.5199999999999999,37
1,0,hand:dgripper,0.2,ACI g=0.05 (grow cal),exch,0.875,0.8,0.07499999999999996,0.2318840579710145,0.875,0.5534420289855072,0.52,16
1,0,hand:dgripper,0.2,split CP (SAFE),blocked,0.6086956521739131,0.8,-0.19130434782608696,0.7582417582417582,0.6086956521739131,0.6834687052078356,0.5200000000000002,69
1,0,hand:dgripper,0.2,ACI g=0.05 (grow cal),blocked,0.8586956521739131,0.8,0.05869565217391304,0.17582417582417584,0.8586956521739131,0.5172599139990445,0.52,16
1,0,hand:dgripper,0.25,split CP (SAFE),exch,0.6875,0.75,-0.0625,0.5362318840579711,0.6875,0.6118659420289856,0.5199999999999999,37
1,0,hand:dgripper,0.25,ACI g=0.05 (grow cal),exch,0.75,0.75,0.0,0.3333333333333333,0.75,0.5416666666666666,0.5199999999999999,23
1,0,hand:dgripper,0.25,split CP (SAFE),blocked,0.6086956521739131,0.75,-0.14130434782608692,0.7582417582417582,0.6086956521739131,0.6834687052078356,0.5200000000000002,69
1,0,hand:dgripper,0.25,ACI g=0.05 (grow cal),blocked,0.8043478260869565,0.75,0.05434782608695654,0.34065934065934067,0.8043478260869565,0.5725035833731487,0.5199999999999999,31
1,0,hand:dgripper [task-rel],0.1,split CP (SAFE),exch,0.9375,0.9,0.03749999999999998,0.10144927536231885,0.9375,0.5194746376811594,0.045714285714285714,7
1,0,hand:dgripper [task-rel],0.1,ACI g=0.05 (grow cal),exch,0.9375,0.9,0.03749999999999998,0.10144927536231885,0.9375,0.5194746376811594,0.045714285714285714,7
1,0,hand:dgripper [task-rel],0.1,split CP (SAFE),blocked,0.8804347826086957,0.9,-0.019565217391304346,0.13186813186813187,0.8804347826086957,0.5061514572384138,0.024999999999999998,12
1,0,hand:dgripper [task-rel],0.1,ACI g=0.05 (grow cal),blocked,0.9347826086956522,0.9,0.034782608695652195,0.07692307692307693,0.9347826086956522,0.5058528428093646,0.1,7
1,0,hand:dgripper [task-rel],0.15,split CP (SAFE),exch,0.625,0.85,-0.22499999999999998,0.5507246376811594,0.625,0.5878623188405797,0.43263157894736837,38
1,0,hand:dgripper [task-rel],0.15,ACI g=0.05 (grow cal),exch,0.875,0.85,0.025000000000000022,0.2318840579710145,0.875,0.5534420289855072,0.3125,16
1,0,hand:dgripper [task-rel],0.15,split CP (SAFE),blocked,0.5434782608695652,0.85,-0.3065217391304348,0.7912087912087912,0.5434782608695652,0.6673435260391782,0.4375,72
1,0,hand:dgripper [task-rel],0.15,ACI g=0.05 (grow cal),blocked,0.9130434782608696,0.85,0.06304347826086965,0.10989010989010989,0.9130434782608696,0.5114667940754898,0.122,10
1,0,hand:dgripper [task-rel],0.2,split CP (SAFE),exch,0.625,0.8,-0.17500000000000004,0.5507246376811594,0.625,0.5878623188405797,0.43263157894736837,38
1,0,hand:dgripper [task-rel],0.2,ACI g=0.05 (grow cal),exch,0.8125,0.8,0.012499999999999956,0.2463768115942029,0.8125,0.5294384057971014,0.3247058823529412,17
1,0,hand:dgripper [task-rel],0.2,split CP (SAFE),blocked,0.5434782608695652,0.8,-0.25652173913043486,0.7912087912087912,0.5434782608695652,0.6673435260391782,0.4375,72
1,0,hand:dgripper [task-rel],0.2,ACI g=0.05 (grow cal),blocked,0.8695652173913043,0.8,0.06956521739130428,0.2087912087912088,0.8695652173913043,0.5391782130912566,0.2810526315789474,19
1,0,hand:dgripper [task-rel],0.25,split CP (SAFE),exch,0.625,0.75,-0.125,0.5507246376811594,0.625,0.5878623188405797,0.43263157894736837,38
1,0,hand:dgripper [task-rel],0.25,ACI g=0.05 (grow cal),exch,0.6875,0.75,-0.0625,0.34782608695652173,0.6875,0.5176630434782609,0.38166666666666665,24
1,0,hand:dgripper [task-rel],0.25,split CP (SAFE),blocked,0.5434782608695652,0.75,-0.2065217391304348,0.7912087912087912,0.5434782608695652,0.6673435260391782,0.4375,72
1,0,hand:dgripper [task-rel],0.25,ACI g=0.05 (grow cal),blocked,0.8152173913043479,0.75,0.0652173913043479,0.32967032967032966,0.8152173913043479,0.5724438604873388,0.3653333333333333,30
1,1,SAFE-MLP,0.1,split CP (SAFE),exch,0.8235294117647058,0.9,-0.07647058823529418,0.6507936507936508,0.8235294117647058,0.7371615312791784,0.48682926829268286,41
1,1,SAFE-MLP,0.1,ACI g=0.05 (grow cal),exch,0.8235294117647058,0.9,-0.07647058823529418,0.6349206349206349,0.8235294117647058,0.7292250233426704,0.62,40
1,1,SAFE-MLP,0.1,split CP (SAFE),blocked,0.7282608695652174,0.9,-0.17173913043478262,0.5824175824175825,0.7282608695652174,0.6553392259913999,0.4894339622641509,53
1,1,SAFE-MLP,0.1,ACI g=0.05 (grow cal),blocked,0.9130434782608696,0.9,0.013043478260869601,0.37362637362637363,0.9130434782608696,0.6433349259436216,0.6817647058823529,34
1,1,SAFE-MLP,0.15,split CP (SAFE),exch,0.7647058823529411,0.85,-0.08529411764705885,0.7142857142857143,0.7647058823529411,0.7394957983193278,0.5248888888888888,45
1,1,SAFE-MLP,0.15,ACI g=0.05 (grow cal),exch,0.7647058823529411,0.85,-0.08529411764705885,0.7142857142857143,0.7647058823529411,0.7394957983193278,0.6035555555555555,45
1,1,SAFE-MLP,0.15,split CP (SAFE),blocked,0.6847826086956521,0.85,-0.16521739130434787,0.6043956043956044,0.6847826086956521,0.6445891065456282,0.44618181818181823,55
1,1,SAFE-MLP,0.15,ACI g=0.05 (grow cal),blocked,0.8695652173913043,0.85,0.019565217391304346,0.4945054945054945,0.8695652173913043,0.6820353559483994,0.6742222222222222,45
1,1,SAFE-MLP,0.2,split CP (SAFE),exch,0.6470588235294117,0.8,-0.15294117647058836,0.7142857142857143,0.6470588235294117,0.680672268907563,0.36577777777777787,45
1,1,SAFE-MLP,0.2,ACI g=0.05 (grow cal),exch,0.7058823529411764,0.8,-0.09411764705882364,0.6825396825396826,0.7058823529411764,0.6942110177404295,0.4027906976744186,43
1,1,SAFE-MLP,0.2,split CP (SAFE),blocked,0.6521739130434783,0.8,-0.14782608695652177,0.5824175824175825,0.6521739130434783,0.6172957477305303,0.4147169811320754,53
1,1,SAFE-MLP,0.2,ACI g=0.05 (grow cal),blocked,0.8260869565217391,0.8,0.02608695652173909,0.4835164835164835,0.8260869565217391,0.6548017200191113,0.6699999999999999,44
1,1,SAFE-MLP,0.25,split CP (SAFE),exch,0.6470588235294117,0.75,-0.10294117647058831,0.746031746031746,0.6470588235294117,0.6965452847805789,0.33361702127659576,47
1,1,SAFE-MLP,0.25,ACI g=0.05 (grow cal),exch,0.6470588235294117,0.75,-0.10294117647058831,0.6825396825396826,0.6470588235294117,0.6647992530345471,0.3455813953488373,43
1,1,SAFE-MLP,0.25,split CP (SAFE),blocked,0.6521739130434783,0.75,-0.09782608695652173,0.6153846153846154,0.6521739130434783,0.6337792642140468,0.3678571428571428,56
1,1,SAFE-MLP,0.25,ACI g=0.05 (grow cal),blocked,0.782608695652174,0.75,0.03260869565217395,0.5054945054945055,0.782608695652174,0.6440516005733397,0.5930434782608696,46
1,1,SAFE-MLP [task-rel],0.1,split CP (SAFE),exch,0.8823529411764706,0.9,-0.01764705882352946,0.031746031746031744,0.8823529411764706,0.45704948646125115,0.03,2
1,1,SAFE-MLP [task-rel],0.1,ACI g=0.05 (grow cal),exch,0.8823529411764706,0.9,-0.01764705882352946,0.031746031746031744,0.8823529411764706,0.45704948646125115,0.03,2
1,1,SAFE-MLP [task-rel],0.1,split CP (SAFE),blocked,0.8804347826086957,0.9,-0.019565217391304346,0.10989010989010989,0.8804347826086957,0.49516244624940275,0.05600000000000001,10
1,1,SAFE-MLP [task-rel],0.1,ACI g=0.05 (grow cal),blocked,0.9021739130434783,0.9,0.0021739130434782483,0.07692307692307693,0.9021739130434783,0.48954849498327757,0.037142857142857144,7
1,1,SAFE-MLP [task-rel],0.15,split CP (SAFE),exch,0.8823529411764706,0.85,0.032352941176470584,0.20634920634920634,0.8823529411764706,0.5443510737628384,0.6676923076923077,13
1,1,SAFE-MLP [task-rel],0.15,ACI g=0.05 (grow cal),exch,0.8823529411764706,0.85,0.032352941176470584,0.19047619047619047,0.8823529411764706,0.5364145658263305,0.7066666666666667,12
1,1,SAFE-MLP [task-rel],0.15,split CP (SAFE),blocked,0.8478260869565217,0.85,-0.0021739130434782483,0.27472527472527475,0.8478260869565217,0.5612756808408983,0.528,25
1,1,SAFE-MLP [task-rel],0.15,ACI g=0.05 (grow cal),blocked,0.8586956521739131,0.85,0.008695652173913104,0.23076923076923078,0.8586956521739131,0.544732441471572,0.49809523809523804,21
1,1,SAFE-MLP [task-rel],0.2,split CP (SAFE),exch,0.8823529411764706,0.8,0.08235294117647052,0.2222222222222222,0.8823529411764706,0.5522875816993464,0.6785714285714286,14
1,1,SAFE-MLP [task-rel],0.2,ACI g=0.05 (grow cal),exch,0.8235294117647058,0.8,0.0235294117647058,0.23809523809523808,0.8235294117647058,0.530812324929972,0.5786666666666667,15
1,1,SAFE-MLP [task-rel],0.2,split CP (SAFE),blocked,0.8260869565217391,0.8,0.02608695652173909,0.3516483516483517,0.8260869565217391,0.5888676540850454,0.565,32
1,1,SAFE-MLP [task-rel],0.2,ACI g=0.05 (grow cal),blocked,0.8152173913043479,0.8,0.01521739130434785,0.32967032967032966,0.8152173913043479,0.5724438604873388,0.5153333333333333,30
1,1,SAFE-MLP [task-rel],0.25,split CP (SAFE),exch,0.8235294117647058,0.75,0.07352941176470584,0.2857142857142857,0.8235294117647058,0.5546218487394958,0.5800000000000001,18
1,1,SAFE-MLP [task-rel],0.25,ACI g=0.05 (grow cal),exch,0.7647058823529411,0.75,0.014705882352941124,0.2857142857142857,0.7647058823529411,0.5252100840336134,0.531111111111111,18
1,1,SAFE-MLP [task-rel],0.25,split CP (SAFE),blocked,0.75,0.75,0.0,0.3956043956043956,0.75,0.5728021978021978,0.5716666666666665,36
1,1,SAFE-MLP [task-rel],0.25,ACI g=0.05 (grow cal),blocked,0.75,0.75,0.0,0.3956043956043956,0.75,0.5728021978021978,0.48777777777777764,36
1,1,H&S,0.1,split CP (SAFE),exch,0.8235294117647058,0.9,-0.07647058823529418,0.4603174603174603,0.8235294117647058,0.641923436041083,0.3544827586206897,29
1,1,H&S,0.1,ACI g=0.05 (grow cal),exch,0.8823529411764706,0.9,-0.01764705882352946,0.31746031746031744,0.8823529411764706,0.599906629318394,0.21199999999999997,20
1,1,H&S,0.1,split CP (SAFE),blocked,0.5978260869565217,0.9,-0.3021739130434783,0.31868131868131866,0.5978260869565217,0.4582537028189202,0.21655172413793106,29
1,1,H&S,0.1,ACI g=0.05 (grow cal),blocked,0.9021739130434783,0.9,0.0021739130434782483,0.10989010989010989,0.9021739130434783,0.5060320114667941,0.088,10
1,1,H&S,0.15,split CP (SAFE),exch,0.8235294117647058,0.85,-0.026470588235294135,0.31746031746031744,0.8235294117647058,0.5704948646125116,0.131,20
1,1,H&S,0.15,ACI g=0.05 (grow cal),exch,0.8235294117647058,0.85,-0.026470588235294135,0.23809523809523808,0.8235294117647058,0.530812324929972,0.12133333333333338,15
1,1,H&S,0.15,split CP (SAFE),blocked,0.5434782608695652,0.85,-0.3065217391304348,0.27472527472527475,0.5434782608695652,0.40910176779741997,0.11120000000000001,25
1,1,H&S,0.15,ACI g=0.05 (grow cal),blocked,0.8478260869565217,0.85,-0.0021739130434782483,0.10989010989010989,0.8478260869565217,0.47885809842331584,0.078,10
1,1,H&S,0.2,split CP (SAFE),exch,0.8235294117647058,0.8,0.0235294117647058,0.49206349206349204,0.8235294117647058,0.657796451914099,0.34838709677419355,31
1,1,H&S,0.2,ACI g=0.05 (grow cal),exch,0.8235294117647058,0.8,0.0235294117647058,0.49206349206349204,0.8235294117647058,0.657796451914099,0.3470967741935484,31
1,1,H&S,0.2,split CP (SAFE),blocked,0.5326086956521738,0.8,-0.2673913043478262,0.34065934065934067,0.5326086956521738,0.43663401815575725,0.23870967741935484,31
1,1,H&S,0.2,ACI g=0.05 (grow cal),blocked,0.8043478260869565,0.8,0.004347826086956497,0.13186813186813187,0.8043478260869565,0.4681079789775442,0.08166666666666667,12
1,1,H&S,0.25,split CP (SAFE),exch,0.7647058823529411,0.75,0.014705882352941124,0.6349206349206349,0.7647058823529411,0.699813258636788,0.41850000000000004,40
1,1,H&S,0.25,ACI g=0.05 (grow cal),exch,0.7647058823529411,0.75,0.014705882352941124,0.6031746031746031,0.7647058823529411,0.6839402427637722,0.3826315789473684,38
1,1,H&S,0.25,split CP (SAFE),blocked,0.48913043478260865,0.75,-0.26086956521739135,0.5054945054945055,0.48913043478260865,0.49731247013855706,0.3295652173913043,46
1,1,H&S,0.25,ACI g=0.05 (grow cal),blocked,0.7608695652173914,0.75,0.010869565217391353,0.15384615384615385,0.7608695652173914,0.4573578595317726,0.0842857142857143,14
1,1,H&S [task-rel],0.1,split CP (SAFE),exch,0.9411764705882353,0.9,0.04117647058823526,0.1746031746031746,0.9411764705882353,0.557889822595705,0.06363636363636364,11
1,1,H&S [task-rel],0.1,ACI g=0.05 (grow cal),exch,0.8823529411764706,0.9,-0.01764705882352946,0.15873015873015872,0.8823529411764706,0.5205415499533146,0.05800000000000001,10
1,1,H&S [task-rel],0.1,split CP (SAFE),blocked,0.782608695652174,0.9,-0.11739130434782608,0.17582417582417584,0.782608695652174,0.4792164357381749,0.06875,16
1,1,H&S [task-rel],0.1,ACI g=0.05 (grow cal),blocked,0.8804347826086957,0.9,-0.019565217391304346,0.10989010989010989,0.8804347826086957,0.49516244624940275,0.08,10
1,1,H&S [task-rel],0.15,split CP (SAFE),exch,0.7647058823529411,0.85,-0.08529411764705885,0.5238095238095238,0.7647058823529411,0.6442577030812324,0.2715151515151515,33
1,1,H&S [task-rel],0.15,ACI g=0.05 (grow cal),exch,0.8823529411764706,0.85,0.032352941176470584,0.5238095238095238,0.8823529411764706,0.7030812324929971,0.2715151515151515,33
1,1,H&S [task-rel],0.15,split CP (SAFE),blocked,0.5326086956521738,0.85,-0.31739130434782614,0.34065934065934067,0.5326086956521738,0.43663401815575725,0.13870967741935483,31
1,1,H&S [task-rel],0.15,ACI g=0.05 (grow cal),blocked,0.8478260869565217,0.85,-0.0021739130434782483,0.12087912087912088,0.8478260869565217,0.4843526039178213,0.060000000000000005,11
1,1,H&S [task-rel],0.2,split CP (SAFE),exch,0.7647058823529411,0.8,-0.03529411764705892,0.6507936507936508,0.7647058823529411,0.7077497665732959,0.3648780487804878,41
1,1,H&S [task-rel],0.2,ACI g=0.05 (grow cal),exch,0.7647058823529411,0.8,-0.03529411764705892,0.6190476190476191,0.7647058823529411,0.6918767507002801,0.3466666666666667,39
1,1,H&S [task-rel],0.2,split CP (SAFE),blocked,0.48913043478260865,0.8,-0.3108695652173914,0.5054945054945055,0.48913043478260865,0.49731247013855706,0.3008695652173913,46
1,1,H&S [task-rel],0.2,ACI g=0.05 (grow cal),blocked,0.7934782608695652,0.8,-0.006521739130434856,0.13186813186813187,0.7934782608695652,0.4626731963688485,0.055,12
1,1,H&S [task-rel],0.25,split CP (SAFE),exch,0.7058823529411764,0.75,-0.044117647058823595,0.7777777777777778,0.7058823529411764,0.7418300653594772,0.3869387755102041,49
1,1,H&S [task-rel],0.25,ACI g=0.05 (grow cal),exch,0.7058823529411764,0.75,-0.044117647058823595,0.6190476190476191,0.7058823529411764,0.6624649859943977,0.3312820512820513,39
1,1,H&S [task-rel],0.25,split CP (SAFE),blocked,0.3586956521739131,0.75,-0.3913043478260869,0.6593406593406593,0.3586956521739131,0.5090181557572862,0.33966666666666673,60
1,1,H&S [task-rel],0.25,ACI g=0.05 (grow cal),blocked,0.7391304347826086,0.75,-0.010869565217391353,0.17582417582417584,0.7391304347826086,0.45747730530339226,0.0425,16
1,1,SAFE-Embed,0.1,split CP (SAFE),exch,0.7058823529411764,0.9,-0.19411764705882362,0.6349206349206349,0.7058823529411764,0.6704014939309056,0.387,40
1,1,SAFE-Embed,0.1,ACI g=0.05 (grow cal),exch,0.8823529411764706,0.9,-0.01764705882352946,0.4444444444444444,0.8823529411764706,0.6633986928104575,0.5928571428571427,28
1,1,SAFE-Embed,0.1,split CP (SAFE),blocked,0.0,0.9,-0.9,1.0,0.0,0.5,0.04263736263736263,91
1,1,SAFE-Embed,0.1,ACI g=0.05 (grow cal),blocked,0.8586956521739131,0.9,-0.04130434782608694,0.3076923076923077,0.8586956521739131,0.5831939799331104,0.6614285714285716,28
1,1,SAFE-Embed,0.15,split CP (SAFE),exch,0.7058823529411764,0.85,-0.14411764705882357,0.7301587301587301,0.7058823529411764,0.7180205415499532,0.3678260869565217,46
1,1,SAFE-Embed,0.15,ACI g=0.05 (grow cal),exch,0.7647058823529411,0.85,-0.08529411764705885,0.47619047619047616,0.7647058823529411,0.6204481792717087,0.4726666666666667,30
1,1,SAFE-Embed,0.15,split CP (SAFE),blocked,0.0,0.85,-0.85,1.0,0.0,0.5,0.02175824175824176,91
1,1,SAFE-Embed,0.15,ACI g=0.05 (grow cal),blocked,0.8260869565217391,0.85,-0.023913043478260843,0.2967032967032967,0.8260869565217391,0.5613951266125179,0.5577777777777777,27
1,1,SAFE-Embed,0.2,split CP (SAFE),exch,0.6470588235294117,0.8,-0.15294117647058836,0.8888888888888888,0.6470588235294117,0.7679738562091503,0.38,56
1,1,SAFE-Embed,0.2,ACI g=0.05 (grow cal),exch,0.7058823529411764,0.8,-0.09411764705882364,0.6349206349206349,0.7058823529411764,0.6704014939309056,0.4995,40
1,1,SAFE-Embed,0.2,split CP (SAFE),blocked,0.0,0.8,-0.8,1.0,0.0,0.5,0.007472527472527472,91
1,1,SAFE-Embed,0.2,ACI g=0.05 (grow cal),blocked,0.782608695652174,0.8,-0.017391304347826098,0.3626373626373626,0.782608695652174,0.5726230291447683,0.706060606060606,33
1,1,SAFE-Embed,0.25,split CP (SAFE),exch,0.6470588235294117,0.75,-0.10294117647058831,0.8888888888888888,0.6470588235294117,0.7679738562091503,0.31428571428571433,56
1,1,SAFE-Embed,0.25,ACI g=0.05 (grow cal),exch,0.7058823529411764,0.75,-0.044117647058823595,0.7777777777777778,0.7058823529411764,0.7418300653594772,0.40571428571428575,49
1,1,SAFE-Embed,0.25,split CP (SAFE),blocked,0.0,0.75,-0.75,1.0,0.0,0.5,0.004175824175824176,91
1,1,SAFE-Embed,0.25,ACI g=0.05 (grow cal),blocked,0.7391304347826086,0.75,-0.010869565217391353,0.3956043956043956,0.7391304347826086,0.5673674151935021,0.6611111111111111,36
1,1,SAFE-Embed [task-rel],0.1,split CP (SAFE),exch,0.8823529411764706,0.9,-0.01764705882352946,0.12698412698412698,0.8823529411764706,0.5046685340802988,0.0625,8
1,1,SAFE-Embed [task-rel],0.1,ACI g=0.05 (grow cal),exch,0.8235294117647058,0.9,-0.07647058823529418,0.15873015873015872,0.8235294117647058,0.4911297852474323,0.06200000000000001,10
1,1,SAFE-Embed [task-rel],0.1,split CP (SAFE),blocked,0.9456521739130435,0.9,0.04565217391304344,0.15384615384615385,0.9456521739130435,0.5497491638795986,0.06285714285714288,14
1,1,SAFE-Embed [task-rel],0.1,ACI g=0.05 (grow cal),blocked,0.9130434782608696,0.9,0.013043478260869601,0.18681318681318682,0.9130434782608696,0.5499283325370282,0.07176470588235295,17
1,1,SAFE-Embed [task-rel],0.15,split CP (SAFE),exch,0.7647058823529411,0.85,-0.08529411764705885,0.15873015873015872,0.7647058823529411,0.4617180205415499,0.162,10
1,1,SAFE-Embed [task-rel],0.15,ACI g=0.05 (grow cal),exch,0.7058823529411764,0.85,-0.14411764705882357,0.19047619047619047,0.7058823529411764,0.44817927170868344,0.10333333333333335,12
1,1,SAFE-Embed [task-rel],0.15,split CP (SAFE),blocked,0.9347826086956522,0.85,0.08478260869565224,0.16483516483516483,0.9347826086956522,0.5498088867654085,0.06266666666666669,15
1,1,SAFE-Embed [task-rel],0.15,ACI g=0.05 (grow cal),blocked,0.8695652173913043,0.85,0.019565217391304346,0.21978021978021978,0.8695652173913043,0.544672718585762,0.07000000000000002,20
1,1,SAFE-Embed [task-rel],0.2,split CP (SAFE),exch,0.7058823529411764,0.8,-0.09411764705882364,0.5238095238095238,0.7058823529411764,0.6148459383753502,0.3806060606060606,33
1,1,SAFE-Embed [task-rel],0.2,ACI g=0.05 (grow cal),exch,0.6470588235294117,0.8,-0.15294117647058836,0.4444444444444444,0.6470588235294117,0.545751633986928,0.45499999999999996,28
1,1,SAFE-Embed [task-rel],0.2,split CP (SAFE),blocked,0.8152173913043479,0.8,0.01521739130434785,0.3956043956043956,0.8152173913043479,0.6054108934543717,0.1633333333333333,36
1,1,SAFE-Embed [task-rel],0.2,ACI g=0.05 (grow cal),blocked,0.8152173913043479,0.8,0.01521739130434785,0.32967032967032966,0.8152173913043479,0.5724438604873388,0.19666666666666663,30
1,1,SAFE-Embed [task-rel],0.25,split CP (SAFE),exch,0.5882352941176471,0.75,-0.16176470588235292,0.6507936507936508,0.5882352941176471,0.619514472455649,0.3751219512195122,41
1,1,SAFE-Embed [task-rel],0.25,ACI g=0.05 (grow cal),exch,0.5882352941176471,0.75,-0.16176470588235292,0.49206349206349204,0.5882352941176471,0.5401493930905695,0.427741935483871,31
1,1,SAFE-Embed [task-rel],0.25,split CP (SAFE),blocked,0.6630434782608696,0.75,-0.08695652173913038,0.5274725274725275,0.6630434782608696,0.5952580028666985,0.18500000000000003,48
1,1,SAFE-Embed [task-rel],0.25,ACI g=0.05 (grow cal),blocked,0.7608695652173914,0.75,0.010869565217391353,0.42857142857142855,0.7608695652173914,0.59472049689441,0.2051282051282051,39
1,1,hand:cum_mean_token_entropy,0.1,split CP (SAFE),exch,0.8823529411764706,0.9,-0.01764705882352946,0.12698412698412698,0.8823529411764706,0.5046685340802988,0.40249999999999997,8
1,1,hand:cum_mean_token_entropy,0.1,ACI g=0.05 (grow cal),exch,0.8823529411764706,0.9,-0.01764705882352946,0.14285714285714285,0.8823529411764706,0.5126050420168067,0.41111111111111115,9
1,1,hand:cum_mean_token_entropy,0.1,split CP (SAFE),blocked,0.7717391304347826,0.9,-0.12826086956521743,0.26373626373626374,0.7717391304347826,0.5177376970855232,0.4491666666666667,24
1,1,hand:cum_mean_token_entropy,0.1,ACI g=0.05 (grow cal),blocked,0.8913043478260869,0.9,-0.008695652173913104,0.14285714285714285,0.8913043478260869,0.5170807453416149,0.4876923076923077,13
1,1,hand:cum_mean_token_entropy,0.15,split CP (SAFE),exch,0.8823529411764706,0.85,0.032352941176470584,0.2222222222222222,0.8823529411764706,0.5522875816993464,0.47000000000000003,14
1,1,hand:cum_mean_token_entropy,0.15,ACI g=0.05 (grow cal),exch,0.8823529411764706,0.85,0.032352941176470584,0.23809523809523808,0.8823529411764706,0.5602240896358543,0.4586666666666667,15
1,1,hand:cum_mean_token_entropy,0.15,split CP (SAFE),blocked,0.7391304347826086,0.85,-0.11086956521739133,0.3076923076923077,0.7391304347826086,0.5234113712374582,0.43714285714285717,28
1,1,hand:cum_mean_token_entropy,0.15,ACI g=0.05 (grow cal),blocked,0.8369565217391304,0.85,-0.013043478260869601,0.15384615384615385,0.8369565217391304,0.4954013377926421,0.4742857142857143,14
1,1,hand:cum_mean_token_entropy,0.2,split CP (SAFE),exch,0.7058823529411764,0.8,-0.09411764705882364,0.30158730158730157,0.7058823529411764,0.503734827264239,0.5357894736842104,19
1,1,hand:cum_mean_token_entropy,0.2,ACI g=0.05 (grow cal),exch,0.7058823529411764,0.8,-0.09411764705882364,0.30158730158730157,0.7058823529411764,0.503734827264239,0.5694736842105264,19
1,1,hand:cum_mean_token_entropy,0.2,split CP (SAFE),blocked,0.6739130434782609,0.8,-0.12608695652173918,0.3516483516483517,0.6739130434782609,0.5127806975633062,0.469375,32
1,1,hand:cum_mean_token_entropy,0.2,ACI g=0.05 (grow cal),blocked,0.7934782608695652,0.8,-0.006521739130434856,0.27472527472527475,0.7934782608695652,0.53410176779742,0.5728000000000001,25
1,1,hand:cum_mean_token_entropy,0.25,split CP (SAFE),exch,0.7058823529411764,0.75,-0.044117647058823595,0.30158730158730157,0.7058823529411764,0.503734827264239,0.5147368421052632,19
1,1,hand:cum_mean_token_entropy,0.25,ACI g=0.05 (grow cal),exch,0.7058823529411764,0.75,-0.044117647058823595,0.3333333333333333,0.7058823529411764,0.5196078431372548,0.5419047619047619,21
1,1,hand:cum_mean_token_entropy,0.25,split CP (SAFE),blocked,0.6630434782608696,0.75,-0.08695652173913038,0.3626373626373626,0.6630434782608696,0.5128404204491162,0.46424242424242423,33
1,1,hand:cum_mean_token_entropy,0.25,ACI g=0.05 (grow cal),blocked,0.7282608695652174,0.75,-0.021739130434782594,0.2967032967032967,0.7282608695652174,0.512482083134257,0.5533333333333333,27
1,1,hand:cum_mean_token_entropy [task-rel],0.1,split CP (SAFE),exch,0.8823529411764706,0.9,-0.01764705882352946,0.2222222222222222,0.8823529411764706,0.5522875816993464,0.1671428571428572,14
1,1,hand:cum_mean_token_entropy [task-rel],0.1,ACI g=0.05 (grow cal),exch,0.8823529411764706,0.9,-0.01764705882352946,0.19047619047619047,0.8823529411764706,0.5364145658263305,0.155,12
1,1,hand:cum_mean_token_entropy [task-rel],0.1,split CP (SAFE),blocked,0.75,0.9,-0.15000000000000002,0.2087912087912088,0.75,0.4793956043956044,0.15157894736842104,19
1,1,hand:cum_mean_token_entropy [task-rel],0.1,ACI g=0.05 (grow cal),blocked,0.8478260869565217,0.9,-0.05217391304347829,0.23076923076923078,0.8478260869565217,0.5392976588628763,0.22952380952380955,21
1,1,hand:cum_mean_token_entropy [task-rel],0.15,split CP (SAFE),exch,0.7647058823529411,0.85,-0.08529411764705885,0.2857142857142857,0.7647058823529411,0.5252100840336134,0.18555555555555556,18
1,1,hand:cum_mean_token_entropy [task-rel],0.15,ACI g=0.05 (grow cal),exch,0.7647058823529411,0.85,-0.08529411764705885,0.2698412698412698,0.7647058823529411,0.5172735760971054,0.15411764705882353,17
1,1,hand:cum_mean_token_entropy [task-rel],0.15,split CP (SAFE),blocked,0.6956521739130435,0.85,-0.15434782608695652,0.34065934065934067,0.6956521739130435,0.5181557572861921,0.19806451612903228,31
1,1,hand:cum_mean_token_entropy [task-rel],0.15,ACI g=0.05 (grow cal),blocked,0.7934782608695652,0.85,-0.05652173913043479,0.2857142857142857,0.7934782608695652,0.5395962732919255,0.22153846153846152,26
1,1,hand:cum_mean_token_entropy [task-rel],0.2,split CP (SAFE),exch,0.7058823529411764,0.8,-0.09411764705882364,0.5079365079365079,0.7058823529411764,0.6069094304388422,0.23875000000000002,32
1,1,hand:cum_mean_token_entropy [task-rel],0.2,ACI g=0.05 (grow cal),exch,0.7058823529411764,0.8,-0.09411764705882364,0.31746031746031744,0.7058823529411764,0.5116713352007469,0.22600000000000003,20
1,1,hand:cum_mean_token_entropy [task-rel],0.2,split CP (SAFE),blocked,0.5869565217391304,0.8,-0.21304347826086967,0.4175824175824176,0.5869565217391304,0.502269469660774,0.17947368421052634,38
1,1,hand:cum_mean_token_entropy [task-rel],0.2,ACI g=0.05 (grow cal),blocked,0.7282608695652174,0.8,-0.07173913043478264,0.2857142857142857,0.7282608695652174,0.5069875776397516,0.29846153846153844,26
1,1,hand:cum_mean_token_entropy [task-rel],0.25,split CP (SAFE),exch,0.5882352941176471,0.75,-0.16176470588235292,0.5396825396825397,0.5882352941176471,0.5639589169000934,0.2176470588235294,34
1,1,hand:cum_mean_token_entropy [task-rel],0.25,ACI g=0.05 (grow cal),exch,0.7058823529411764,0.75,-0.044117647058823595,0.42857142857142855,0.7058823529411764,0.5672268907563025,0.27851851851851855,27
1,1,hand:cum_mean_token_entropy [task-rel],0.25,split CP (SAFE),blocked,0.5652173913043479,0.75,-0.1847826086956521,0.4835164835164835,0.5652173913043479,0.5243669374104157,0.19409090909090906,44
1,1,hand:cum_mean_token_entropy [task-rel],0.25,ACI g=0.05 (grow cal),blocked,0.6847826086956521,0.75,-0.0652173913043479,0.34065934065934067,0.6847826086956521,0.5127209746774963,0.2735483870967741,31
1,1,hand:mean_token_entropy,0.1,split CP (SAFE),exch,0.8235294117647058,0.9,-0.07647058823529418,0.14285714285714285,0.8235294117647058,0.4831932773109243,0.6022222222222222,9
1,1,hand:mean_token_entropy,0.1,ACI g=0.05 (grow cal),exch,0.8823529411764706,0.9,-0.01764705882352946,0.12698412698412698,0.8823529411764706,0.5046685340802988,0.6075,8
1,1,hand:mean_token_entropy,0.1,split CP (SAFE),blocked,0.7934782608695652,0.9,-0.10652173913043483,0.25274725274725274,0.7934782608695652,0.523112756808409,0.5339130434782607,23
1,1,hand:mean_token_entropy,0.1,ACI g=0.05 (grow cal),blocked,0.9021739130434783,0.9,0.0021739130434782483,0.08791208791208792,0.9021739130434783,0.4950430004777831,0.42500000000000004,8
1,1,hand:mean_token_entropy,0.15,split CP (SAFE),exch,0.6470588235294117,0.85,-0.2029411764705883,0.20634920634920634,0.6470588235294117,0.426704014939309,0.4323076923076922,13
1,1,hand:mean_token_entropy,0.15,ACI g=0.05 (grow cal),exch,0.7058823529411764,0.85,-0.14411764705882357,0.1746031746031746,0.7058823529411764,0.4402427637721755,0.4090909090909091,11
1,1,hand:mean_token_entropy,0.15,split CP (SAFE),blocked,0.75,0.85,-0.09999999999999998,0.27472527472527475,0.75,0.5123626373626373,0.4799999999999999,25
1,1,hand:mean_token_entropy,0.15,ACI g=0.05 (grow cal),blocked,0.8695652173913043,0.85,0.019565217391304346,0.10989010989010989,0.8695652173913043,0.4897276636407071,0.47400000000000003,10
1,1,hand:mean_token_entropy,0.2,split CP (SAFE),exch,0.6470588235294117,0.8,-0.15294117647058836,0.2698412698412698,0.6470588235294117,0.45845004668534073,0.511764705882353,17
1,1,hand:mean_token_entropy,0.2,ACI g=0.05 (grow cal),exch,0.6470588235294117,0.8,-0.15294117647058836,0.2222222222222222,0.6470588235294117,0.43464052287581695,0.4828571428571428,14
1,1,hand:mean_token_entropy,0.2,split CP (SAFE),blocked,0.6521739130434783,0.8,-0.14782608695652177,0.34065934065934067,0.6521739130434783,0.49641662685140947,0.5258064516129033,31
1,1,hand:mean_token_entropy,0.2,ACI g=0.05 (grow cal),blocked,0.8152173913043479,0.8,0.01521739130434785,0.16483516483516483,0.8152173913043479,0.49002627806975635,0.47600000000000003,15
1,1,hand:mean_token_entropy,0.25,split CP (SAFE),exch,0.47058823529411764,0.75,-0.27941176470588236,0.3492063492063492,0.47058823529411764,0.4098972922502334,0.519090909090909,22
1,1,hand:mean_token_entropy,0.25,ACI g=0.05 (grow cal),exch,0.5882352941176471,0.75,-0.16176470588235292,0.23809523809523808,0.5882352941176471,0.41316526610644255,0.48666666666666664,15
1,1,hand:mean_token_entropy,0.25,split CP (SAFE),blocked,0.5434782608695652,0.75,-0.2065217391304348,0.4945054945054945,0.5434782608695652,0.5189918776875299,0.4537777777777779,45
1,1,hand:mean_token_entropy,0.25,ACI g=0.05 (grow cal),blocked,0.7717391304347826,0.75,0.021739130434782594,0.27472527472527475,0.7717391304347826,0.5232322025800287,0.5096,25
1,1,hand:mean_token_entropy [task-rel],0.1,split CP (SAFE),exch,1.0,0.9,0.09999999999999998,0.031746031746031744,1.0,0.5158730158730158,0.09,2
1,1,hand:mean_token_entropy [task-rel],0.1,ACI g=0.05 (grow cal),exch,1.0,0.9,0.09999999999999998,0.07936507936507936,1.0,0.5396825396825397,0.144,5
1,1,hand:mean_token_entropy [task-rel],0.1,split CP (SAFE),blocked,0.8804347826086957,0.9,-0.019565217391304346,0.03296703296703297,0.8804347826086957,0.4567009077878643,0.15333333333333332,3
1,1,hand:mean_token_entropy [task-rel],0.1,ACI g=0.05 (grow cal),blocked,0.8804347826086957,0.9,-0.019565217391304346,0.04395604395604396,0.8804347826086957,0.4621954132823698,0.155,4
1,1,hand:mean_token_entropy [task-rel],0.15,split CP (SAFE),exch,0.9411764705882353,0.85,0.0911764705882353,0.047619047619047616,0.9411764705882353,0.4943977591036415,0.08,3
1,1,hand:mean_token_entropy [task-rel],0.15,ACI g=0.05 (grow cal),exch,0.9411764705882353,0.85,0.0911764705882353,0.07936507936507936,0.9411764705882353,0.5102707749766573,0.13199999999999998,5
1,1,hand:mean_token_entropy [task-rel],0.15,split CP (SAFE),blocked,0.7608695652173914,0.85,-0.08913043478260863,0.08791208791208792,0.7608695652173914,0.42439082656473964,0.2575,8
1,1,hand:mean_token_entropy [task-rel],0.15,ACI g=0.05 (grow cal),blocked,0.8260869565217391,0.85,-0.023913043478260843,0.12087912087912088,0.8260869565217391,0.47348303870043,0.28363636363636363,11
1,1,hand:mean_token_entropy [task-rel],0.2,split CP (SAFE),exch,0.9411764705882353,0.8,0.14117647058823524,0.047619047619047616,0.9411764705882353,0.4943977591036415,0.20000000000000004,3
1,1,hand:mean_token_entropy [task-rel],0.2,ACI g=0.05 (grow cal),exch,0.9411764705882353,0.8,0.14117647058823524,0.14285714285714285,0.9411764705882353,0.542016806722689,0.23111111111111113,9
1,1,hand:mean_token_entropy [task-rel],0.2,split CP (SAFE),blocked,0.7282608695652174,0.8,-0.07173913043478264,0.0989010989010989,0.7282608695652174,0.41358098423315814,0.3,9
1,1,hand:mean_token_entropy [task-rel],0.2,ACI g=0.05 (grow cal),blocked,0.7717391304347826,0.8,-0.02826086956521745,0.16483516483516483,0.7717391304347826,0.4682871476349737,0.276,15
1,1,hand:mean_token_entropy [task-rel],0.25,split CP (SAFE),exch,0.9411764705882353,0.75,0.19117647058823528,0.12698412698412698,0.9411764705882353,0.5340802987861811,0.21500000000000002,8
1,1,hand:mean_token_entropy [task-rel],0.25,ACI g=0.05 (grow cal),exch,0.8235294117647058,0.75,0.07352941176470584,0.1746031746031746,0.8235294117647058,0.49906629318394025,0.17454545454545453,11
1,1,hand:mean_token_entropy [task-rel],0.25,split CP (SAFE),blocked,0.7173913043478262,0.75,-0.032608695652173836,0.14285714285714285,0.7173913043478262,0.4301242236024845,0.3384615384615385,13
1,1,hand:mean_token_entropy [task-rel],0.25,ACI g=0.05 (grow cal),blocked,0.7173913043478262,0.75,-0.032608695652173836,0.24175824175824176,0.7173913043478262,0.479574773053034,0.2690909090909091,22
1,1,hand:cum_max_token_entropy,0.1,split CP (SAFE),exch,0.7647058823529411,0.9,-0.1352941176470589,0.23809523809523808,0.7647058823529411,0.5014005602240896,0.536,15
1,1,hand:cum_max_token_entropy,0.1,ACI g=0.05 (grow cal),exch,0.8235294117647058,0.9,-0.07647058823529418,0.1746031746031746,0.8235294117647058,0.49906629318394025,0.5945454545454546,11
1,1,hand:cum_max_token_entropy,0.1,split CP (SAFE),blocked,0.9239130434782609,0.9,0.023913043478260843,0.2967032967032967,0.9239130434782609,0.6103081700907788,0.49851851851851864,27
1,1,hand:cum_max_token_entropy,0.1,ACI g=0.05 (grow cal),blocked,0.9130434782608696,0.9,0.013043478260869601,0.2967032967032967,0.9130434782608696,0.6048733874820832,0.48148148148148157,27
1,1,hand:cum_max_token_entropy,0.15,split CP (SAFE),exch,0.7647058823529411,0.85,-0.08529411764705885,0.36507936507936506,0.7647058823529411,0.5648926237161531,0.4400000000000001,23
1,1,hand:cum_max_token_entropy,0.15,ACI g=0.05 (grow cal),exch,0.7647058823529411,0.85,-0.08529411764705885,0.30158730158730157,0.7647058823529411,0.5331465919701214,0.41684210526315796,19
1,1,hand:cum_max_token_entropy,0.15,split CP (SAFE),blocked,0.8369565217391304,0.85,-0.013043478260869601,0.32967032967032966,0.8369565217391304,0.58331342570473,0.41866666666666674,30
1,1,hand:cum_max_token_entropy,0.15,ACI g=0.05 (grow cal),blocked,0.8586956521739131,0.85,0.008695652173913104,0.2967032967032967,0.8586956521739131,0.5776994744386049,0.4348148148148148,27
1,1,hand:cum_max_token_entropy,0.2,split CP (SAFE),exch,0.7647058823529411,0.8,-0.03529411764705892,0.36507936507936506,0.7647058823529411,0.5648926237161531,0.39217391304347826,23
1,1,hand:cum_max_token_entropy,0.2,ACI g=0.05 (grow cal),exch,0.7647058823529411,0.8,-0.03529411764705892,0.3492063492063492,0.7647058823529411,0.5569561157796452,0.3827272727272728,22
1,1,hand:cum_max_token_entropy,0.2,split CP (SAFE),blocked,0.8369565217391304,0.8,0.03695652173913033,0.34065934065934067,0.8369565217391304,0.5888079311992356,0.37290322580645163,31
1,1,hand:cum_max_token_entropy,0.2,ACI g=0.05 (grow cal),blocked,0.8260869565217391,0.8,0.02608695652173909,0.38461538461538464,0.8260869565217391,0.6053511705685619,0.38457142857142856,35
1,1,hand:cum_max_token_entropy,0.25,split CP (SAFE),exch,0.7647058823529411,0.75,0.014705882352941124,0.36507936507936506,0.7647058823529411,0.5648926237161531,0.3895652173913044,23
1,1,hand:cum_max_token_entropy,0.25,ACI g=0.05 (grow cal),exch,0.7647058823529411,0.75,0.014705882352941124,0.3968253968253968,0.7647058823529411,0.5807656395891689,0.35600000000000004,25
1,1,hand:cum_max_token_entropy,0.25,split CP (SAFE),blocked,0.8369565217391304,0.75,0.08695652173913038,0.34065934065934067,0.8369565217391304,0.5888079311992356,0.3722580645161291,31
1,1,hand:cum_max_token_entropy,0.25,ACI g=0.05 (grow cal),blocked,0.7717391304347826,0.75,0.021739130434782594,0.38461538461538464,0.7717391304347826,0.5781772575250836,0.36628571428571427,35
1,1,hand:cum_max_token_entropy [task-rel],0.1,split CP (SAFE),exch,0.9411764705882353,0.9,0.04117647058823526,0.15873015873015872,0.9411764705882353,0.5499533146591971,0.052000000000000005,10
1,1,hand:cum_max_token_entropy [task-rel],0.1,ACI g=0.05 (grow cal),exch,0.9411764705882353,0.9,0.04117647058823526,0.1746031746031746,0.9411764705882353,0.557889822595705,0.060000000000000005,11
1,1,hand:cum_max_token_entropy [task-rel],0.1,split CP (SAFE),blocked,0.8586956521739131,0.9,-0.04130434782608694,0.27472527472527475,0.8586956521739131,0.5667104634495939,0.168,25
1,1,hand:cum_max_token_entropy [task-rel],0.1,ACI g=0.05 (grow cal),blocked,0.9021739130434783,0.9,0.0021739130434782483,0.17582417582417584,0.9021739130434783,0.5389990444338271,0.18875,16
1,1,hand:cum_max_token_entropy [task-rel],0.15,split CP (SAFE),exch,0.8235294117647058,0.85,-0.026470588235294135,0.30158730158730157,0.8235294117647058,0.5625583566760037,0.1168421052631579,19
1,1,hand:cum_max_token_entropy [task-rel],0.15,ACI g=0.05 (grow cal),exch,0.8235294117647058,0.85,-0.026470588235294135,0.25396825396825395,0.8235294117647058,0.5387488328664799,0.16,16
1,1,hand:cum_max_token_entropy [task-rel],0.15,split CP (SAFE),blocked,0.8260869565217391,0.85,-0.023913043478260843,0.32967032967032966,0.8260869565217391,0.5778786430960344,0.12200000000000001,30
1,1,hand:cum_max_token_entropy [task-rel],0.15,ACI g=0.05 (grow cal),blocked,0.8586956521739131,0.85,0.008695652173913104,0.24175824175824176,0.8586956521739131,0.5502269469660774,0.18090909090909094,22
1,1,hand:cum_max_token_entropy [task-rel],0.2,split CP (SAFE),exch,0.7058823529411764,0.8,-0.09411764705882364,0.4444444444444444,0.7058823529411764,0.5751633986928104,0.23214285714285718,28
1,1,hand:cum_max_token_entropy [task-rel],0.2,ACI g=0.05 (grow cal),exch,0.7647058823529411,0.8,-0.03529411764705892,0.3492063492063492,0.7647058823529411,0.5569561157796452,0.23363636363636367,22
1,1,hand:cum_max_token_entropy [task-rel],0.2,split CP (SAFE),blocked,0.6630434782608696,0.8,-0.13695652173913042,0.3956043956043956,0.6630434782608696,0.5293239369326326,0.2233333333333333,36
1,1,hand:cum_max_token_entropy [task-rel],0.2,ACI g=0.05 (grow cal),blocked,0.8152173913043479,0.8,0.01521739130434785,0.23076923076923078,0.8152173913043479,0.5229933110367894,0.21238095238095242,21
1,1,hand:cum_max_token_entropy [task-rel],0.25,split CP (SAFE),exch,0.6470588235294117,0.75,-0.10294117647058831,0.49206349206349204,0.6470588235294117,0.5695611577964519,0.20451612903225805,31
1,1,hand:cum_max_token_entropy [task-rel],0.25,ACI g=0.05 (grow cal),exch,0.7647058823529411,0.75,0.014705882352941124,0.42857142857142855,0.7647058823529411,0.5966386554621849,0.20444444444444446,27
1,1,hand:cum_max_token_entropy [task-rel],0.25,split CP (SAFE),blocked,0.6304347826086957,0.75,-0.11956521739130432,0.4725274725274725,0.6304347826086957,0.5514811275680841,0.2144186046511628,43
1,1,hand:cum_max_token_entropy [task-rel],0.25,ACI g=0.05 (grow cal),blocked,0.7934782608695652,0.75,0.04347826086956519,0.3076923076923077,0.7934782608695652,0.5505852842809364,0.23214285714285715,28
1,1,hand:cum_mean_token_prob,0.1,split CP (SAFE),exch,0.9411764705882353,0.9,0.04117647058823526,0.09523809523809523,0.9411764705882353,0.5182072829131652,0.3733333333333333,6
1,1,hand:cum_mean_token_prob,0.1,ACI g=0.05 (grow cal),exch,0.8823529411764706,0.9,-0.01764705882352946,0.14285714285714285,0.8823529411764706,0.5126050420168067,0.40666666666666673,9
1,1,hand:cum_mean_token_prob,0.1,split CP (SAFE),blocked,0.9239130434782609,0.9,0.023913043478260843,0.10989010989010989,0.9239130434782609,0.5169015766841853,0.32,10
1,1,hand:cum_mean_token_prob,0.1,ACI g=0.05 (grow cal),blocked,0.8913043478260869,0.9,-0.008695652173913104,0.12087912087912088,0.8913043478260869,0.5060917343526039,0.3581818181818182,11
1,1,hand:cum_mean_token_prob,0.15,split CP (SAFE),exch,0.9411764705882353,0.85,0.0911764705882353,0.1111111111111111,0.9411764705882353,0.5261437908496732,0.36857142857142866,7
1,1,hand:cum_mean_token_prob,0.15,ACI g=0.05 (grow cal),exch,0.8235294117647058,0.85,-0.026470588235294135,0.1746031746031746,0.8235294117647058,0.49906629318394025,0.3836363636363636,11
1,1,hand:cum_mean_token_prob,0.15,split CP (SAFE),blocked,0.8369565217391304,0.85,-0.013043478260869601,0.18681318681318682,0.8369565217391304,0.5118848542761586,0.36,17
1,1,hand:cum_mean_token_prob,0.15,ACI g=0.05 (grow cal),blocked,0.8369565217391304,0.85,-0.013043478260869601,0.15384615384615385,0.8369565217391304,0.4954013377926421,0.3657142857142857,14
1,1,hand:cum_mean_token_prob,0.2,split CP (SAFE),exch,0.8823529411764706,0.8,0.08235294117647052,0.1746031746031746,0.8823529411764706,0.5284780578898226,0.4818181818181818,11
1,1,hand:cum_mean_token_prob,0.2,ACI g=0.05 (grow cal),exch,0.8235294117647058,0.8,0.0235294117647058,0.25396825396825395,0.8235294117647058,0.5387488328664799,0.47874999999999995,16
1,1,hand:cum_mean_token_prob,0.2,split CP (SAFE),blocked,0.7717391304347826,0.8,-0.02826086956521745,0.24175824175824176,0.7717391304347826,0.5067486860965121,0.41727272727272724,22
1,1,hand:cum_mean_token_prob,0.2,ACI g=0.05 (grow cal),blocked,0.8043478260869565,0.8,0.004347826086956497,0.1978021978021978,0.8043478260869565,0.5010750119445772,0.4011111111111111,18
1,1,hand:cum_mean_token_prob,0.25,split CP (SAFE),exch,0.8235294117647058,0.75,0.07352941176470584,0.23809523809523808,0.8235294117647058,0.530812324929972,0.47733333333333333,15
1,1,hand:cum_mean_token_prob,0.25,ACI g=0.05 (grow cal),exch,0.7647058823529411,0.75,0.014705882352941124,0.25396825396825395,0.7647058823529411,0.5093370681605975,0.46624999999999994,16
1,1,hand:cum_mean_token_prob,0.25,split CP (SAFE),blocked,0.7173913043478262,0.75,-0.032608695652173836,0.26373626373626374,0.7173913043478262,0.4905637840420449,0.4166666666666667,24
1,1,hand:cum_mean_token_prob,0.25,ACI g=0.05 (grow cal),blocked,0.7391304347826086,0.75,-0.010869565217391353,0.25274725274725274,0.7391304347826086,0.4959388437649307,0.3956521739130435,23
1,1,hand:cum_mean_token_prob [task-rel],0.1,split CP (SAFE),exch,0.7647058823529411,0.9,-0.1352941176470589,0.47619047619047616,0.7647058823529411,0.6204481792717087,0.2253333333333333,30
1,1,hand:cum_mean_token_prob [task-rel],0.1,ACI g=0.05 (grow cal),exch,0.8823529411764706,0.9,-0.01764705882352946,0.38095238095238093,0.8823529411764706,0.6316526610644257,0.26416666666666666,24
1,1,hand:cum_mean_token_prob [task-rel],0.1,split CP (SAFE),blocked,0.6521739130434783,0.9,-0.24782608695652175,0.3956043956043956,0.6521739130434783,0.5238891543239369,0.2188888888888889,36
1,1,hand:cum_mean_token_prob [task-rel],0.1,ACI g=0.05 (grow cal),blocked,0.8586956521739131,0.9,-0.04130434782608694,0.1978021978021978,0.8586956521739131,0.5282489249880554,0.2666666666666667,18
1,1,hand:cum_mean_token_prob [task-rel],0.15,split CP (SAFE),exch,0.7058823529411764,0.85,-0.14411764705882357,0.3968253968253968,0.7058823529411764,0.5513538748832866,0.3903999999999999,25
1,1,hand:cum_mean_token_prob [task-rel],0.15,ACI g=0.05 (grow cal),exch,0.7647058823529411,0.85,-0.08529411764705885,0.3492063492063492,0.7647058823529411,0.5569561157796452,0.44272727272727275,22
1,1,hand:cum_mean_token_prob [task-rel],0.15,split CP (SAFE),blocked,0.6956521739130435,0.85,-0.15434782608695652,0.3626373626373626,0.6956521739130435,0.5291447682752031,0.24484848484848484,33
1,1,hand:cum_mean_token_prob [task-rel],0.15,ACI g=0.05 (grow cal),blocked,0.8260869565217391,0.85,-0.023913043478260843,0.26373626373626374,0.8260869565217391,0.5449116101290015,0.34833333333333333,24
1,1,hand:cum_mean_token_prob [task-rel],0.2,split CP (SAFE),exch,0.6470588235294117,0.8,-0.15294117647058836,0.5714285714285714,0.6470588235294117,0.6092436974789915,0.256111111111111,36
1,1,hand:cum_mean_token_prob [task-rel],0.2,ACI g=0.05 (grow cal),exch,0.7058823529411764,0.8,-0.09411764705882364,0.42857142857142855,0.7058823529411764,0.5672268907563025,0.3437037037037036,27
1,1,hand:cum_mean_token_prob [task-rel],0.2,split CP (SAFE),blocked,0.5217391304347826,0.8,-0.27826086956521745,0.5274725274725275,0.5217391304347826,0.524605828953655,0.21375,48
1,1,hand:cum_mean_token_prob [task-rel],0.2,ACI g=0.05 (grow cal),blocked,0.7608695652173914,0.8,-0.03913043478260869,0.34065934065934067,0.7608695652173914,0.550764452938366,0.30580645161290304,31
1,1,hand:cum_mean_token_prob [task-rel],0.25,split CP (SAFE),exch,0.5882352941176471,0.75,-0.16176470588235292,0.6349206349206349,0.5882352941176471,0.611577964519141,0.251,40
1,1,hand:cum_mean_token_prob [task-rel],0.25,ACI g=0.05 (grow cal),exch,0.6470588235294117,0.75,-0.10294117647058831,0.5396825396825397,0.6470588235294117,0.5933706816059756,0.32,34
1,1,hand:cum_mean_token_prob [task-rel],0.25,split CP (SAFE),blocked,0.5,0.75,-0.25,0.5714285714285714,0.5,0.5357142857142857,0.18076923076923074,52
1,1,hand:cum_mean_token_prob [task-rel],0.25,ACI g=0.05 (grow cal),blocked,0.7173913043478262,0.75,-0.032608695652173836,0.3626373626373626,0.7173913043478262,0.5400143334925944,0.25272727272727274,33
1,1,hand:cum_dpos,0.1,split CP (SAFE),exch,1.0,0.9,0.09999999999999998,0.09523809523809523,1.0,0.5476190476190477,0.3966666666666667,6
1,1,hand:cum_dpos,0.1,ACI g=0.05 (grow cal),exch,0.9411764705882353,0.9,0.04117647058823526,0.09523809523809523,0.9411764705882353,0.5182072829131652,0.3966666666666667,6
1,1,hand:cum_dpos,0.1,split CP (SAFE),blocked,0.9130434782608696,0.9,0.013043478260869601,0.2087912087912088,0.9130434782608696,0.5609173435260392,0.10210526315789474,19
1,1,hand:cum_dpos,0.1,ACI g=0.05 (grow cal),blocked,0.9130434782608696,0.9,0.013043478260869601,0.18681318681318682,0.9130434782608696,0.5499283325370282,0.11647058823529412,17
1,1,hand:cum_dpos,0.15,split CP (SAFE),exch,0.8823529411764706,0.85,0.032352941176470584,0.19047619047619047,0.8823529411764706,0.5364145658263305,0.4016666666666666,12
1,1,hand:cum_dpos,0.15,ACI g=0.05 (grow cal),exch,0.8823529411764706,0.85,0.032352941176470584,0.15873015873015872,0.8823529411764706,0.5205415499533146,0.36,10
1,1,hand:cum_dpos,0.15,split CP (SAFE),blocked,0.8043478260869565,0.85,-0.04565217391304344,0.26373626373626374,0.8043478260869565,0.5340420449116101,0.11333333333333333,24
1,1,hand:cum_dpos,0.15,ACI g=0.05 (grow cal),blocked,0.8478260869565217,0.85,-0.0021739130434782483,0.23076923076923078,0.8478260869565217,0.5392976588628763,0.15333333333333335,21
1,1,hand:cum_dpos,0.2,split CP (SAFE),exch,0.8823529411764706,0.8,0.08235294117647052,0.25396825396825395,0.8823529411764706,0.5681605975723623,0.31875,16
1,1,hand:cum_dpos,0.2,ACI g=0.05 (grow cal),exch,0.8235294117647058,0.8,0.0235294117647058,0.2698412698412698,0.8235294117647058,0.5466853408029878,0.30235294117647055,17
1,1,hand:cum_dpos,0.2,split CP (SAFE),blocked,0.6304347826086957,0.8,-0.16956521739130437,0.3516483516483517,0.6304347826086957,0.49104156712852365,0.123125,32
1,1,hand:cum_dpos,0.2,ACI g=0.05 (grow cal),blocked,0.7934782608695652,0.8,-0.006521739130434856,0.25274725274725274,0.7934782608695652,0.523112756808409,0.15130434782608698,23
1,1,hand:cum_dpos,0.25,split CP (SAFE),exch,0.8235294117647058,0.75,0.07352941176470584,0.2698412698412698,0.8235294117647058,0.5466853408029878,0.27647058823529413,17
1,1,hand:cum_dpos,0.25,ACI g=0.05 (grow cal),exch,0.8235294117647058,0.75,0.07352941176470584,0.30158730158730157,0.8235294117647058,0.5625583566760037,0.24421052631578946,19
1,1,hand:cum_dpos,0.25,split CP (SAFE),blocked,0.6195652173913043,0.75,-0.13043478260869568,0.37362637362637363,0.6195652173913043,0.496595795508839,0.14470588235294118,34
1,1,hand:cum_dpos,0.25,ACI g=0.05 (grow cal),blocked,0.7282608695652174,0.75,-0.021739130434782594,0.26373626373626374,0.7282608695652174,0.4959985666507406,0.1275,24
1,1,hand:cum_dpos [task-rel],0.1,split CP (SAFE),exch,0.9411764705882353,0.9,0.04117647058823526,0.1111111111111111,0.9411764705882353,0.5261437908496732,0.13714285714285715,7
1,1,hand:cum_dpos [task-rel],0.1,ACI g=0.05 (grow cal),exch,0.8823529411764706,0.9,-0.01764705882352946,0.1111111111111111,0.8823529411764706,0.49673202614379086,0.1457142857142857,7
1,1,hand:cum_dpos [task-rel],0.1,split CP (SAFE),blocked,0.9347826086956522,0.9,0.034782608695652195,0.04395604395604396,0.9347826086956522,0.48936932632584806,0.29,4
1,1,hand:cum_dpos [task-rel],0.1,ACI g=0.05 (grow cal),blocked,0.9021739130434783,0.9,0.0021739130434782483,0.07692307692307693,0.9021739130434783,0.48954849498327757,0.18857142857142858,7
1,1,hand:cum_dpos [task-rel],0.15,split CP (SAFE),exch,0.8235294117647058,0.85,-0.026470588235294135,0.23809523809523808,0.8235294117647058,0.530812324929972,0.23200000000000004,15
1,1,hand:cum_dpos [task-rel],0.15,ACI g=0.05 (grow cal),exch,0.8235294117647058,0.85,-0.026470588235294135,0.20634920634920634,0.8235294117647058,0.5149393090569561,0.20923076923076925,13
1,1,hand:cum_dpos [task-rel],0.15,split CP (SAFE),blocked,0.8695652173913043,0.85,0.019565217391304346,0.13186813186813187,0.8695652173913043,0.5007166746297181,0.29833333333333334,12
1,1,hand:cum_dpos [task-rel],0.15,ACI g=0.05 (grow cal),blocked,0.8478260869565217,0.85,-0.0021739130434782483,0.0989010989010989,0.8478260869565217,0.4733635929288103,0.1933333333333333,9
1,1,hand:cum_dpos [task-rel],0.2,split CP (SAFE),exch,0.7647058823529411,0.8,-0.03529411764705892,0.2698412698412698,0.7647058823529411,0.5172735760971054,0.30705882352941183,17
1,1,hand:cum_dpos [task-rel],0.2,ACI g=0.05 (grow cal),exch,0.7647058823529411,0.8,-0.03529411764705892,0.2698412698412698,0.7647058823529411,0.5172735760971054,0.3035294117647059,17
1,1,hand:cum_dpos [task-rel],0.2,split CP (SAFE),blocked,0.8695652173913043,0.8,0.06956521739130428,0.15384615384615385,0.8695652173913043,0.5117056856187291,0.37999999999999995,14
1,1,hand:cum_dpos [task-rel],0.2,ACI g=0.05 (grow cal),blocked,0.7934782608695652,0.8,-0.006521739130434856,0.16483516483516483,0.7934782608695652,0.479156712852365,0.3026666666666667,15
1,1,hand:cum_dpos [task-rel],0.25,split CP (SAFE),exch,0.3529411764705882,0.75,-0.3970588235294118,0.4444444444444444,0.3529411764705882,0.3986928104575163,0.26642857142857146,28
1,1,hand:cum_dpos [task-rel],0.25,ACI g=0.05 (grow cal),exch,0.6470588235294117,0.75,-0.10294117647058831,0.31746031746031744,0.6470588235294117,0.48225957049486456,0.3,20
1,1,hand:cum_dpos [task-rel],0.25,split CP (SAFE),blocked,0.6195652173913043,0.75,-0.13043478260869568,0.4175824175824176,0.6195652173913043,0.5185738174868609,0.25578947368421046,38
1,1,hand:cum_dpos [task-rel],0.25,ACI g=0.05 (grow cal),blocked,0.75,0.75,0.0,0.26373626373626374,0.75,0.5068681318681318,0.3216666666666667,24
1,1,hand:cum_drot,0.1,split CP (SAFE),exch,0.8823529411764706,0.9,-0.01764705882352946,0.09523809523809523,0.8823529411764706,0.4887955182072829,0.0,6
1,1,hand:cum_drot,0.1,ACI g=0.05 (grow cal),exch,0.8823529411764706,0.9,-0.01764705882352946,0.12698412698412698,0.8823529411764706,0.5046685340802988,0.18,8
1,1,hand:cum_drot,0.1,split CP (SAFE),blocked,0.8478260869565217,0.9,-0.05217391304347829,0.14285714285714285,0.8478260869565217,0.49534161490683226,0.03538461538461539,13
1,1,hand:cum_drot,0.1,ACI g=0.05 (grow cal),blocked,0.9130434782608696,0.9,0.013043478260869601,0.07692307692307693,0.9130434782608696,0.49498327759197325,0.1542857142857143,7
1,1,hand:cum_drot,0.15,split CP (SAFE),exch,0.8235294117647058,0.85,-0.026470588235294135,0.2222222222222222,0.8235294117647058,0.522875816993464,0.21000000000000002,14
1,1,hand:cum_drot,0.15,ACI g=0.05 (grow cal),exch,0.8235294117647058,0.85,-0.026470588235294135,0.23809523809523808,0.8235294117647058,0.530812324929972,0.168,15
1,1,hand:cum_drot,0.15,split CP (SAFE),blocked,0.782608695652174,0.85,-0.06739130434782603,0.26373626373626374,0.782608695652174,0.5231724796942189,0.12583333333333332,24
1,1,hand:cum_drot,0.15,ACI g=0.05 (grow cal),blocked,0.8804347826086957,0.85,0.0304347826086957,0.14285714285714285,0.8804347826086957,0.5116459627329193,0.2276923076923077,13
1,1,hand:cum_drot,0.2,split CP (SAFE),exch,0.7647058823529411,0.8,-0.03529411764705892,0.23809523809523808,0.7647058823529411,0.5014005602240896,0.164,15
1,1,hand:cum_drot,0.2,ACI g=0.05 (grow cal),exch,0.7647058823529411,0.8,-0.03529411764705892,0.23809523809523808,0.7647058823529411,0.5014005602240896,0.15066666666666667,15
1,1,hand:cum_drot,0.2,split CP (SAFE),blocked,0.75,0.8,-0.050000000000000044,0.27472527472527475,0.75,0.5123626373626373,0.10640000000000001,25
1,1,hand:cum_drot,0.2,ACI g=0.05 (grow cal),blocked,0.8260869565217391,0.8,0.02608695652173909,0.1978021978021978,0.8260869565217391,0.5119445771619685,0.21555555555555556,18
1,1,hand:cum_drot,0.25,split CP (SAFE),exch,0.7647058823529411,0.75,0.014705882352941124,0.25396825396825395,0.7647058823529411,0.5093370681605975,0.11250000000000002,16
1,1,hand:cum_drot,0.25,ACI g=0.05 (grow cal),exch,0.7647058823529411,0.75,0.014705882352941124,0.2857142857142857,0.7647058823529411,0.5252100840336134,0.15444444444444444,18
1,1,hand:cum_drot,0.25,split CP (SAFE),blocked,0.7391304347826086,0.75,-0.010869565217391353,0.2967032967032967,0.7391304347826086,0.5179168657429527,0.10518518518518517,27
1,1,hand:cum_drot,0.25,ACI g=0.05 (grow cal),blocked,0.7717391304347826,0.75,0.021739130434782594,0.25274725274725274,0.7717391304347826,0.5122431915910177,0.13043478260869565,23
1,1,hand:cum_drot [task-rel],0.1,split CP (SAFE),exch,1.0,0.9,0.09999999999999998,0.12698412698412698,1.0,0.5634920634920635,0.09,8
1,1,hand:cum_drot [task-rel],0.1,ACI g=0.05 (grow cal),exch,1.0,0.9,0.09999999999999998,0.23809523809523808,1.0,0.6190476190476191,0.168,15
1,1,hand:cum_drot [task-rel],0.1,split CP (SAFE),blocked,0.9347826086956522,0.9,0.034782608695652195,0.10989010989010989,0.9347826086956522,0.522336359292881,0.076,10
1,1,hand:cum_drot [task-rel],0.1,ACI g=0.05 (grow cal),blocked,0.9021739130434783,0.9,0.0021739130434782483,0.08791208791208792,0.9021739130434783,0.4950430004777831,0.08249999999999999,8
1,1,hand:cum_drot [task-rel],0.15,split CP (SAFE),exch,1.0,0.85,0.15000000000000002,0.1746031746031746,1.0,0.5873015873015873,0.16000000000000003,11
1,1,hand:cum_drot [task-rel],0.15,ACI g=0.05 (grow cal),exch,0.9411764705882353,0.85,0.0911764705882353,0.23809523809523808,0.9411764705882353,0.5896358543417367,0.18800000000000003,15
1,1,hand:cum_drot [task-rel],0.15,split CP (SAFE),blocked,0.9021739130434783,0.85,0.05217391304347829,0.13186813186813187,0.9021739130434783,0.5170210224558051,0.08833333333333336,12
1,1,hand:cum_drot [task-rel],0.15,ACI g=0.05 (grow cal),blocked,0.8586956521739131,0.85,0.008695652173913104,0.15384615384615385,0.8586956521739131,0.5062709030100334,0.09000000000000001,14
1,1,hand:cum_drot [task-rel],0.2,split CP (SAFE),exch,0.8823529411764706,0.8,0.08235294117647052,0.2222222222222222,0.8823529411764706,0.5522875816993464,0.26857142857142857,14
1,1,hand:cum_drot [task-rel],0.2,ACI g=0.05 (grow cal),exch,0.8235294117647058,0.8,0.0235294117647058,0.2857142857142857,0.8235294117647058,0.5546218487394958,0.26999999999999996,18
1,1,hand:cum_drot [task-rel],0.2,split CP (SAFE),blocked,0.9239130434782609,0.8,0.12391304347826082,0.14285714285714285,0.9239130434782609,0.5333850931677019,0.18153846153846157,13
1,1,hand:cum_drot [task-rel],0.2,ACI g=0.05 (grow cal),blocked,0.8152173913043479,0.8,0.01521739130434785,0.24175824175824176,0.8152173913043479,0.5284878165312948,0.28818181818181815,22
1,1,hand:cum_drot [task-rel],0.25,split CP (SAFE),exch,0.7647058823529411,0.75,0.014705882352941124,0.2222222222222222,0.7647058823529411,0.49346405228758167,0.2542857142857143,14
1,1,hand:cum_drot [task-rel],0.25,ACI g=0.05 (grow cal),exch,0.7058823529411764,0.75,-0.044117647058823595,0.25396825396825395,0.7058823529411764,0.4799253034547152,0.26875000000000004,16
1,1,hand:cum_drot [task-rel],0.25,split CP (SAFE),blocked,0.8586956521739131,0.75,0.10869565217391308,0.16483516483516483,0.8586956521739131,0.511765408504539,0.18666666666666668,15
1,1,hand:cum_drot [task-rel],0.25,ACI g=0.05 (grow cal),blocked,0.7717391304347826,0.75,0.021739130434782594,0.2967032967032967,0.7717391304347826,0.5342212135690396,0.2874074074074074,27
1,1,hand:dgripper,0.1,split CP (SAFE),exch,0.9411764705882353,0.9,0.04117647058823526,0.12698412698412698,0.9411764705882353,0.5340802987861811,0.14,8
1,1,hand:dgripper,0.1,ACI g=0.05 (grow cal),exch,0.8823529411764706,0.9,-0.01764705882352946,0.12698412698412698,0.8823529411764706,0.5046685340802988,0.1375,8
1,1,hand:dgripper,0.1,split CP (SAFE),blocked,0.8369565217391304,0.9,-0.06304347826086965,0.1978021978021978,0.8369565217391304,0.5173793597706641,0.12999999999999998,18
1,1,hand:dgripper,0.1,ACI g=0.05 (grow cal),blocked,0.9021739130434783,0.9,0.0021739130434782483,0.0989010989010989,0.9021739130434783,0.5005375059722886,0.23111111111111113,9
1,1,hand:dgripper,0.15,split CP (SAFE),exch,0.8823529411764706,0.85,0.032352941176470584,0.15873015873015872,0.8823529411764706,0.5205415499533146,0.174,10
1,1,hand:dgripper,0.15,ACI g=0.05 (grow cal),exch,0.8823529411764706,0.85,0.032352941176470584,0.15873015873015872,0.8823529411764706,0.5205415499533146,0.174,10
1,1,hand:dgripper,0.15,split CP (SAFE),blocked,0.7608695652173914,0.85,-0.08913043478260863,0.2087912087912088,0.7608695652173914,0.4848303870043001,0.13999999999999996,19
1,1,hand:dgripper,0.15,ACI g=0.05 (grow cal),blocked,0.8695652173913043,0.85,0.019565217391304346,0.12087912087912088,0.8695652173913043,0.4952221691352126,0.2109090909090909,11
1,1,hand:dgripper,0.2,split CP (SAFE),exch,0.8823529411764706,0.8,0.08235294117647052,0.15873015873015872,0.8823529411764706,0.5205415499533146,0.174,10
1,1,hand:dgripper,0.2,ACI g=0.05 (grow cal),exch,0.8235294117647058,0.8,0.0235294117647058,0.15873015873015872,0.8235294117647058,0.4911297852474323,0.174,10
1,1,hand:dgripper,0.2,split CP (SAFE),blocked,0.7608695652173914,0.8,-0.03913043478260869,0.2087912087912088,0.7608695652173914,0.4848303870043001,0.13999999999999996,19
1,1,hand:dgripper,0.2,ACI g=0.05 (grow cal),blocked,0.8260869565217391,0.8,0.02608695652173909,0.14285714285714285,0.8260869565217391,0.484472049689441,0.22923076923076918,13
1,1,hand:dgripper,0.25,split CP (SAFE),exch,0.7058823529411764,0.75,-0.044117647058823595,0.15873015873015872,0.7058823529411764,0.43230625583566756,0.174,10
1,1,hand:dgripper,0.25,ACI g=0.05 (grow cal),exch,0.7058823529411764,0.75,-0.044117647058823595,0.15873015873015872,0.7058823529411764,0.43230625583566756,0.174,10
1,1,hand:dgripper,0.25,split CP (SAFE),blocked,0.7065217391304348,0.75,-0.04347826086956519,0.25274725274725274,0.7065217391304348,0.4796344959388438,0.17478260869565215,23
1,1,hand:dgripper,0.25,ACI g=0.05 (grow cal),blocked,0.7717391304347826,0.75,0.021739130434782594,0.1978021978021978,0.7717391304347826,0.4847706641184902,0.2111111111111111,18
1,1,hand:dgripper [task-rel],0.1,split CP (SAFE),exch,0.9411764705882353,0.9,0.04117647058823526,0.1111111111111111,0.9411764705882353,0.5261437908496732,0.17428571428571432,7
1,1,hand:dgripper [task-rel],0.1,ACI g=0.05 (grow cal),exch,0.8823529411764706,0.9,-0.01764705882352946,0.1111111111111111,0.8823529411764706,0.49673202614379086,0.1685714285714286,7
1,1,hand:dgripper [task-rel],0.1,split CP (SAFE),blocked,0.8152173913043479,0.9,-0.08478260869565213,0.1978021978021978,0.8152173913043479,0.5065097945532728,0.18555555555555556,18
1,1,hand:dgripper [task-rel],0.1,ACI g=0.05 (grow cal),blocked,0.9130434782608696,0.9,0.013043478260869601,0.0989010989010989,0.9130434782608696,0.5059722885809843,0.17555555555555558,9
1,1,hand:dgripper [task-rel],0.15,split CP (SAFE),exch,0.8823529411764706,0.85,0.032352941176470584,0.15873015873015872,0.8823529411764706,0.5205415499533146,0.202,10
1,1,hand:dgripper [task-rel],0.15,ACI g=0.05 (grow cal),exch,0.8823529411764706,0.85,0.032352941176470584,0.15873015873015872,0.8823529411764706,0.5205415499533146,0.202,10
1,1,hand:dgripper [task-rel],0.15,split CP (SAFE),blocked,0.7608695652173914,0.85,-0.08913043478260863,0.2087912087912088,0.7608695652173914,0.4848303870043001,0.16526315789473683,19
1,1,hand:dgripper [task-rel],0.15,ACI g=0.05 (grow cal),blocked,0.8586956521739131,0.85,0.008695652173913104,0.14285714285714285,0.8586956521739131,0.5007763975155279,0.19076923076923075,13
1,1,hand:dgripper [task-rel],0.2,split CP (SAFE),exch,0.8823529411764706,0.8,0.08235294117647052,0.15873015873015872,0.8823529411764706,0.5205415499533146,0.15999999999999998,10
1,1,hand:dgripper [task-rel],0.2,ACI g=0.05 (grow cal),exch,0.8235294117647058,0.8,0.0235294117647058,0.15873015873015872,0.8235294117647058,0.4911297852474323,0.15999999999999998,10
1,1,hand:dgripper [task-rel],0.2,split CP (SAFE),blocked,0.7608695652173914,0.8,-0.03913043478260869,0.2087912087912088,0.7608695652173914,0.4848303870043001,0.12631578947368421,19
1,1,hand:dgripper [task-rel],0.2,ACI g=0.05 (grow cal),blocked,0.8152173913043479,0.8,0.01521739130434785,0.17582417582417584,0.8152173913043479,0.4955207835642619,0.1625,16
1,1,hand:dgripper [task-rel],0.25,split CP (SAFE),exch,0.7058823529411764,0.75,-0.044117647058823595,0.15873015873015872,0.7058823529411764,0.43230625583566756,0.15999999999999998,10
1,1,hand:dgripper [task-rel],0.25,ACI g=0.05 (grow cal),exch,0.7058823529411764,0.75,-0.044117647058823595,0.15873015873015872,0.7058823529411764,0.43230625583566756,0.15999999999999998,10
1,1,hand:dgripper [task-rel],0.25,split CP (SAFE),blocked,0.7065217391304348,0.75,-0.04347826086956519,0.25274725274725274,0.7065217391304348,0.4796344959388438,0.16347826086956516,23
1,1,hand:dgripper [task-rel],0.25,ACI g=0.05 (grow cal),blocked,0.7717391304347826,0.75,0.021739130434782594,0.24175824175824176,0.7717391304347826,0.5067486860965121,0.1627272727272727,22
2,0,SAFE-MLP,0.1,split CP (SAFE),exch,0.9333333333333333,0.9,0.033333333333333326,0.5081967213114754,0.9333333333333333,0.7207650273224044,0.5187096774193549,31
2,0,SAFE-MLP,0.1,ACI g=0.05 (grow cal),exch,0.9333333333333333,0.9,0.033333333333333326,0.5409836065573771,0.9333333333333333,0.7371584699453553,0.4248484848484848,33
2,0,SAFE-MLP,0.1,split CP (SAFE),blocked,0.9021739130434783,0.9,0.0021739130434782483,0.3482142857142857,0.9021739130434783,0.625194099378882,0.5076923076923077,39
2,0,SAFE-MLP,0.1,ACI g=0.05 (grow cal),blocked,0.9021739130434783,0.9,0.0021739130434782483,0.3392857142857143,0.9021739130434783,0.6207298136645962,0.5147368421052632,38
2,0,SAFE-MLP,0.15,split CP (SAFE),exch,0.8666666666666667,0.85,0.01666666666666672,0.7213114754098361,0.8666666666666667,0.7939890710382513,0.6631818181818181,44
2,0,SAFE-MLP,0.15,ACI g=0.05 (grow cal),exch,0.8,0.85,-0.04999999999999993,0.7868852459016393,0.8,0.7934426229508197,0.6458333333333334,48
2,0,SAFE-MLP,0.15,split CP (SAFE),blocked,0.8369565217391304,0.85,-0.013043478260869601,0.5714285714285714,0.8369565217391304,0.7041925465838509,0.72625,64
2,0,SAFE-MLP,0.15,ACI g=0.05 (grow cal),blocked,0.8586956521739131,0.85,0.008695652173913104,0.5089285714285714,0.8586956521739131,0.6838121118012422,0.7564912280701755,57
2,0,SAFE-MLP,0.2,split CP (SAFE),exch,0.8,0.8,0.0,0.819672131147541,0.8,0.8098360655737705,0.4568,50
2,0,SAFE-MLP,0.2,ACI g=0.05 (grow cal),exch,0.7333333333333334,0.8,-0.06666666666666665,0.7868852459016393,0.7333333333333334,0.7601092896174864,0.57125,48
2,0,SAFE-MLP,0.2,split CP (SAFE),blocked,0.5326086956521738,0.8,-0.2673913043478262,0.7142857142857143,0.5326086956521738,0.6234472049689441,0.48925,80
2,0,SAFE-MLP,0.2,ACI g=0.05 (grow cal),blocked,0.8152173913043479,0.8,0.01521739130434785,0.5535714285714286,0.8152173913043479,0.6843944099378882,0.7067741935483871,62
2,0,SAFE-MLP,0.25,split CP (SAFE),exch,0.8,0.75,0.050000000000000044,0.6721311475409836,0.8,0.7360655737704918,0.3931707317073171,41
2,0,SAFE-MLP,0.25,ACI g=0.05 (grow cal),exch,0.7333333333333334,0.75,-0.016666666666666607,0.6721311475409836,0.7333333333333334,0.7027322404371585,0.38195121951219513,41
2,0,SAFE-MLP,0.25,split CP (SAFE),blocked,0.6304347826086957,0.75,-0.11956521739130432,0.6517857142857143,0.6304347826086957,0.641110248447205,0.2602739726027397,73
2,0,SAFE-MLP,0.25,ACI g=0.05 (grow cal),blocked,0.7717391304347826,0.75,0.021739130434782594,0.5178571428571429,0.7717391304347826,0.6447981366459627,0.3782758620689656,58
2,0,SAFE-MLP [task-rel],0.1,split CP (SAFE),exch,0.9333333333333333,0.9,0.033333333333333326,0.2786885245901639,0.9333333333333333,0.6060109289617486,0.29647058823529404,17
2,0,SAFE-MLP [task-rel],0.1,ACI g=0.05 (grow cal),exch,0.8666666666666667,0.9,-0.033333333333333326,0.2459016393442623,0.8666666666666667,0.5562841530054645,0.3506666666666666,15
2,0,SAFE-MLP [task-rel],0.1,split CP (SAFE),blocked,0.8260869565217391,0.9,-0.07391304347826089,0.14285714285714285,0.8260869565217391,0.484472049689441,0.195,16
2,0,SAFE-MLP [task-rel],0.1,ACI g=0.05 (grow cal),blocked,0.8913043478260869,0.9,-0.008695652173913104,0.0625,0.8913043478260869,0.47690217391304346,0.22285714285714286,7
2,0,SAFE-MLP [task-rel],0.15,split CP (SAFE),exch,0.8666666666666667,0.85,0.01666666666666672,0.29508196721311475,0.8666666666666667,0.5808743169398907,0.33,18
2,0,SAFE-MLP [task-rel],0.15,ACI g=0.05 (grow cal),exch,0.8666666666666667,0.85,0.01666666666666672,0.29508196721311475,0.8666666666666667,0.5808743169398907,0.28333333333333327,18
2,0,SAFE-MLP [task-rel],0.15,split CP (SAFE),blocked,0.8043478260869565,0.85,-0.04565217391304344,0.16071428571428573,0.8043478260869565,0.4825310559006211,0.23111111111111113,18
2,0,SAFE-MLP [task-rel],0.15,ACI g=0.05 (grow cal),blocked,0.8478260869565217,0.85,-0.0021739130434782483,0.13392857142857142,0.8478260869565217,0.49087732919254656,0.3093333333333333,15
2,0,SAFE-MLP [task-rel],0.2,split CP (SAFE),exch,0.7333333333333334,0.8,-0.06666666666666665,0.3770491803278688,0.7333333333333334,0.5551912568306011,0.2234782608695652,23
2,0,SAFE-MLP [task-rel],0.2,ACI g=0.05 (grow cal),exch,0.8,0.8,0.0,0.32786885245901637,0.8,0.5639344262295082,0.267,20
2,0,SAFE-MLP [task-rel],0.2,split CP (SAFE),blocked,0.7391304347826086,0.8,-0.0608695652173914,0.30357142857142855,0.7391304347826086,0.5213509316770186,0.1952941176470588,34
2,0,SAFE-MLP [task-rel],0.2,ACI g=0.05 (grow cal),blocked,0.7934782608695652,0.8,-0.006521739130434856,0.16964285714285715,0.7934782608695652,0.4815605590062112,0.2957894736842105,19
2,0,SAFE-MLP [task-rel],0.25,split CP (SAFE),exch,0.6666666666666667,0.75,-0.08333333333333326,0.39344262295081966,0.6666666666666667,0.5300546448087432,0.24500000000000002,24
2,0,SAFE-MLP [task-rel],0.25,ACI g=0.05 (grow cal),exch,0.6666666666666667,0.75,-0.08333333333333326,0.3770491803278688,0.6666666666666667,0.5218579234972678,0.26695652173913037,23
2,0,SAFE-MLP [task-rel],0.25,split CP (SAFE),blocked,0.6847826086956521,0.75,-0.0652173913043479,0.35714285714285715,0.6847826086956521,0.5209627329192547,0.258,40
2,0,SAFE-MLP [task-rel],0.25,ACI g=0.05 (grow cal),blocked,0.7608695652173914,0.75,0.010869565217391353,0.26785714285714285,0.7608695652173914,0.5143633540372671,0.27333333333333326,30
2,0,H&S,0.1,split CP (SAFE),exch,0.6,0.9,-0.30000000000000004,0.32786885245901637,0.6,0.4639344262295082,0.12000000000000002,20
2,0,H&S,0.1,ACI g=0.05 (grow cal),exch,0.8,0.9,-0.09999999999999998,0.21311475409836064,0.8,0.5065573770491804,0.14153846153846159,13
2,0,H&S,0.1,split CP (SAFE),blocked,0.7391304347826086,0.9,-0.16086956521739137,0.3482142857142857,0.7391304347826086,0.5436723602484472,0.15435897435897436,39
2,0,H&S,0.1,ACI g=0.05 (grow cal),blocked,0.8913043478260869,0.9,-0.008695652173913104,0.125,0.8913043478260869,0.5081521739130435,0.15857142857142856,14
2,0,H&S,0.15,split CP (SAFE),exch,0.6,0.85,-0.25,0.36065573770491804,0.6,0.48032786885245904,0.13636363636363638,22
2,0,H&S,0.15,ACI g=0.05 (grow cal),exch,0.8,0.85,-0.04999999999999993,0.32786885245901637,0.8,0.5639344262295082,0.15600000000000003,20
2,0,H&S,0.15,split CP (SAFE),blocked,0.6956521739130435,0.85,-0.15434782608695652,0.36607142857142855,0.6956521739130435,0.530861801242236,0.14682926829268295,41
2,0,H&S,0.15,ACI g=0.05 (grow cal),blocked,0.8478260869565217,0.85,-0.0021739130434782483,0.1875,0.8478260869565217,0.5176630434782609,0.13333333333333336,21
2,0,H&S,0.2,split CP (SAFE),exch,0.6,0.8,-0.20000000000000007,0.4426229508196721,0.6,0.521311475409836,0.2925925925925926,27
2,0,H&S,0.2,ACI g=0.05 (grow cal),exch,0.7333333333333334,0.8,-0.06666666666666665,0.32786885245901637,0.7333333333333334,0.5306010928961749,0.14100000000000004,20
2,0,H&S,0.2,split CP (SAFE),blocked,0.6630434782608696,0.8,-0.13695652173913042,0.5,0.6630434782608696,0.5815217391304348,0.33178571428571424,56
2,0,H&S,0.2,ACI g=0.05 (grow cal),blocked,0.7934782608695652,0.8,-0.006521739130434856,0.24107142857142858,0.7934782608695652,0.5172748447204969,0.13555555555555557,27
2,0,H&S,0.25,split CP (SAFE),exch,0.5333333333333333,0.75,-0.21666666666666667,0.45901639344262296,0.5333333333333333,0.4961748633879781,0.14500000000000002,28
2,0,H&S,0.25,ACI g=0.05 (grow cal),exch,0.6666666666666667,0.75,-0.08333333333333326,0.3442622950819672,0.6666666666666667,0.505464480874317,0.16095238095238096,21
2,0,H&S,0.25,split CP (SAFE),blocked,0.5543478260869565,0.75,-0.19565217391304346,0.4732142857142857,0.5543478260869565,0.5137810559006211,0.1577358490566038,53
2,0,H&S,0.25,ACI g=0.05 (grow cal),blocked,0.7391304347826086,0.75,-0.010869565217391353,0.26785714285714285,0.7391304347826086,0.5034937888198757,0.164,30
2,0,H&S [task-rel],0.1,split CP (SAFE),exch,0.7333333333333334,0.9,-0.16666666666666663,0.18032786885245902,0.7333333333333334,0.4568306010928962,0.2818181818181818,11
2,0,H&S [task-rel],0.1,ACI g=0.05 (grow cal),exch,0.7333333333333334,0.9,-0.16666666666666663,0.04918032786885246,0.7333333333333334,0.39125683060109295,0.2733333333333334,3
2,0,H&S [task-rel],0.1,split CP (SAFE),blocked,0.6630434782608696,0.9,-0.2369565217391304,0.3482142857142857,0.6630434782608696,0.5056288819875776,0.2738461538461539,39
2,0,H&S [task-rel],0.1,ACI g=0.05 (grow cal),blocked,0.8913043478260869,0.9,-0.008695652173913104,0.07142857142857142,0.8913043478260869,0.48136645962732916,0.24,8
2,0,H&S [task-rel],0.15,split CP (SAFE),exch,0.6666666666666667,0.85,-0.18333333333333324,0.26229508196721313,0.6666666666666667,0.46448087431693996,0.30125,16
2,0,H&S [task-rel],0.15,ACI g=0.05 (grow cal),exch,0.7333333333333334,0.85,-0.11666666666666659,0.08196721311475409,0.7333333333333334,0.40765027322404374,0.288,5
2,0,H&S [task-rel],0.15,split CP (SAFE),blocked,0.5978260869565217,0.85,-0.25217391304347825,0.42857142857142855,0.5978260869565217,0.5131987577639752,0.285,48
2,0,H&S [task-rel],0.15,ACI g=0.05 (grow cal),blocked,0.8586956521739131,0.85,0.008695652173913104,0.13392857142857142,0.8586956521739131,0.49631211180124224,0.2533333333333333,15
2,0,H&S [task-rel],0.2,split CP (SAFE),exch,0.6,0.8,-0.20000000000000007,0.36065573770491804,0.6,0.48032786885245904,0.3281818181818182,22
2,0,H&S [task-rel],0.2,ACI g=0.05 (grow cal),exch,0.7333333333333334,0.8,-0.06666666666666665,0.19672131147540983,0.7333333333333334,0.4650273224043716,0.3066666666666667,12
2,0,H&S [task-rel],0.2,split CP (SAFE),blocked,0.5434782608695652,0.8,-0.25652173913043486,0.6160714285714286,0.5434782608695652,0.5797748447204969,0.3165217391304347,69
2,0,H&S [task-rel],0.2,ACI g=0.05 (grow cal),blocked,0.8043478260869565,0.8,0.004347826086956497,0.1875,0.8043478260869565,0.49592391304347827,0.26380952380952377,21
2,0,H&S [task-rel],0.25,split CP (SAFE),exch,0.5333333333333333,0.75,-0.21666666666666667,0.4098360655737705,0.5333333333333333,0.4715846994535519,0.3272,25
2,0,H&S [task-rel],0.25,ACI g=0.05 (grow cal),exch,0.7333333333333334,0.75,-0.016666666666666607,0.29508196721311475,0.7333333333333334,0.514207650273224,0.2944444444444445,18
2,0,H&S [task-rel],0.25,split CP (SAFE),blocked,0.46739130434782605,0.75,-0.28260869565217395,0.6875,0.46739130434782605,0.5774456521739131,0.31454545454545446,77
2,0,H&S [task-rel],0.25,ACI g=0.05 (grow cal),blocked,0.7608695652173914,0.75,0.010869565217391353,0.23214285714285715,0.7608695652173914,0.4965062111801243,0.25846153846153846,26
2,0,SAFE-Embed,0.1,split CP (SAFE),exch,0.8666666666666667,0.9,-0.033333333333333326,0.19672131147540983,0.8666666666666667,0.5316939890710383,0.235,12
2,0,SAFE-Embed,0.1,ACI g=0.05 (grow cal),exch,0.8666666666666667,0.9,-0.033333333333333326,0.16393442622950818,0.8666666666666667,0.5153005464480874,0.15,10
2,0,SAFE-Embed,0.1,split CP (SAFE),blocked,0.07608695652173914,0.9,-0.8239130434782609,0.8571428571428571,0.07608695652173914,0.4666149068322981,0.15208333333333335,96
2,0,SAFE-Embed,0.1,ACI g=0.05 (grow cal),blocked,0.8260869565217391,0.9,-0.07391304347826089,0.13392857142857142,0.8260869565217391,0.48000776397515527,0.3106666666666667,15
2,0,SAFE-Embed,0.15,split CP (SAFE),exch,0.8666666666666667,0.85,0.01666666666666672,0.39344262295081966,0.8666666666666667,0.6300546448087432,0.5083333333333333,24
2,0,SAFE-Embed,0.15,ACI g=0.05 (grow cal),exch,0.8666666666666667,0.85,0.01666666666666672,0.39344262295081966,0.8666666666666667,0.6300546448087432,0.5108333333333334,24
2,0,SAFE-Embed,0.15,split CP (SAFE),blocked,0.0,0.85,-0.85,0.9732142857142857,0.0,0.48660714285714285,0.2229357798165137,109
2,0,SAFE-Embed,0.15,ACI g=0.05 (grow cal),blocked,0.8043478260869565,0.85,-0.04565217391304344,0.5535714285714286,0.8043478260869565,0.6789596273291926,0.716774193548387,62
2,0,SAFE-Embed,0.2,split CP (SAFE),exch,0.7333333333333334,0.8,-0.06666666666666665,0.5245901639344263,0.7333333333333334,0.6289617486338799,0.46124999999999994,32
2,0,SAFE-Embed,0.2,ACI g=0.05 (grow cal),exch,0.8,0.8,0.0,0.4098360655737705,0.8,0.6049180327868853,0.4976,25
2,0,SAFE-Embed,0.2,split CP (SAFE),blocked,0.0,0.8,-0.8,0.9910714285714286,0.0,0.4955357142857143,0.13027027027027027,111
2,0,SAFE-Embed,0.2,ACI g=0.05 (grow cal),blocked,0.7717391304347826,0.8,-0.02826086956521745,0.6071428571428571,0.7717391304347826,0.6894409937888198,0.6955882352941175,68
2,0,SAFE-Embed,0.25,split CP (SAFE),exch,0.5333333333333333,0.75,-0.21666666666666667,0.7540983606557377,0.5333333333333333,0.6437158469945354,0.4,46
2,0,SAFE-Embed,0.25,ACI g=0.05 (grow cal),exch,0.7333333333333334,0.75,-0.016666666666666607,0.5245901639344263,0.7333333333333334,0.6289617486338799,0.395625,32
2,0,SAFE-Embed,0.25,split CP (SAFE),blocked,0.0,0.75,-0.75,1.0,0.0,0.5,0.02125,112
2,0,SAFE-Embed,0.25,ACI g=0.05 (grow cal),blocked,0.7173913043478262,0.75,-0.032608695652173836,0.6339285714285714,0.7173913043478262,0.6756599378881988,0.6459154929577463,71
2,0,SAFE-Embed [task-rel],0.1,split CP (SAFE),exch,1.0,0.9,0.09999999999999998,0.19672131147540983,1.0,0.5983606557377049,0.58,12
2,0,SAFE-Embed [task-rel],0.1,ACI g=0.05 (grow cal),exch,1.0,0.9,0.09999999999999998,0.36065573770491804,1.0,0.680327868852459,0.5163636363636365,22
2,0,SAFE-Embed [task-rel],0.1,split CP (SAFE),blocked,1.0,0.9,0.09999999999999998,0.008928571428571428,1.0,0.5044642857142857,0.84,1
2,0,SAFE-Embed [task-rel],0.1,ACI g=0.05 (grow cal),blocked,0.9021739130434783,0.9,0.0021739130434782483,0.1875,0.9021739130434783,0.5448369565217391,0.5438095238095239,21
2,0,SAFE-Embed [task-rel],0.15,split CP (SAFE),exch,1.0,0.85,0.15000000000000002,0.26229508196721313,1.0,0.6311475409836066,0.5725,16
2,0,SAFE-Embed [task-rel],0.15,ACI g=0.05 (grow cal),exch,0.8666666666666667,0.85,0.01666666666666672,0.3442622950819672,0.8666666666666667,0.6054644808743169,0.5247619047619049,21
2,0,SAFE-Embed [task-rel],0.15,split CP (SAFE),blocked,1.0,0.85,0.15000000000000002,0.026785714285714284,1.0,0.5133928571428571,0.7200000000000001,3
2,0,SAFE-Embed [task-rel],0.15,ACI g=0.05 (grow cal),blocked,0.8586956521739131,0.85,0.008695652173913104,0.29464285714285715,0.8586956521739131,0.5766692546583851,0.5024242424242424,33
2,0,SAFE-Embed [task-rel],0.2,split CP (SAFE),exch,0.9333333333333333,0.8,0.1333333333333333,0.4098360655737705,0.9333333333333333,0.6715846994535519,0.5432000000000001,25
2,0,SAFE-Embed [task-rel],0.2,ACI g=0.05 (grow cal),exch,0.8666666666666667,0.8,0.06666666666666665,0.5081967213114754,0.8666666666666667,0.687431693989071,0.4393548387096774,31
2,0,SAFE-Embed [task-rel],0.2,split CP (SAFE),blocked,1.0,0.8,0.19999999999999996,0.08928571428571429,1.0,0.5446428571428571,0.592,10
2,0,SAFE-Embed [task-rel],0.2,ACI g=0.05 (grow cal),blocked,0.8260869565217391,0.8,0.02608695652173909,0.375,0.8260869565217391,0.6005434782608696,0.41190476190476194,42
2,0,SAFE-Embed [task-rel],0.25,split CP (SAFE),exch,0.4666666666666667,0.75,-0.2833333333333333,0.5901639344262295,0.4666666666666667,0.528415300546448,0.35555555555555557,36
2,0,SAFE-Embed [task-rel],0.25,ACI g=0.05 (grow cal),exch,0.7333333333333334,0.75,-0.016666666666666607,0.4918032786885246,0.7333333333333334,0.612568306010929,0.44066666666666676,30
2,0,SAFE-Embed [task-rel],0.25,split CP (SAFE),blocked,0.9565217391304348,0.75,0.2065217391304348,0.16964285714285715,0.9565217391304348,0.563082298136646,0.5157894736842105,19
2,0,SAFE-Embed [task-rel],0.25,ACI g=0.05 (grow cal),blocked,0.7717391304347826,0.75,0.021739130434782594,0.4732142857142857,0.7717391304347826,0.6224767080745341,0.34226415094339624,53
2,0,hand:cum_mean_token_entropy,0.1,split CP (SAFE),exch,1.0,0.9,0.09999999999999998,0.21311475409836064,1.0,0.6065573770491803,0.5246153846153846,13
2,0,hand:cum_mean_token_entropy,0.1,ACI g=0.05 (grow cal),exch,1.0,0.9,0.09999999999999998,0.29508196721311475,1.0,0.6475409836065573,0.5233333333333333,18
2,0,hand:cum_mean_token_entropy,0.1,split CP (SAFE),blocked,0.9239130434782609,0.9,0.023913043478260843,0.11607142857142858,0.9239130434782609,0.5199922360248447,0.2476923076923077,13
2,0,hand:cum_mean_token_entropy,0.1,ACI g=0.05 (grow cal),blocked,0.9130434782608696,0.9,0.013043478260869601,0.07142857142857142,0.9130434782608696,0.4922360248447205,0.29500000000000004,8
2,0,hand:cum_mean_token_entropy,0.15,split CP (SAFE),exch,0.4666666666666667,0.85,-0.3833333333333333,0.36065573770491804,0.4666666666666667,0.4136612021857924,0.660909090909091,22
2,0,hand:cum_mean_token_entropy,0.15,ACI g=0.05 (grow cal),exch,0.8,0.85,-0.04999999999999993,0.19672131147540983,0.8,0.49836065573770494,0.785,12
2,0,hand:cum_mean_token_entropy,0.15,split CP (SAFE),blocked,0.8913043478260869,0.85,0.04130434782608694,0.1875,0.8913043478260869,0.5394021739130435,0.6000000000000001,21
2,0,hand:cum_mean_token_entropy,0.15,ACI g=0.05 (grow cal),blocked,0.8804347826086957,0.85,0.0304347826086957,0.1875,0.8804347826086957,0.5339673913043479,0.5380952380952382,21
2,0,hand:cum_mean_token_entropy,0.2,split CP (SAFE),exch,0.4666666666666667,0.8,-0.33333333333333337,0.36065573770491804,0.4666666666666667,0.4136612021857924,0.6445454545454546,22
2,0,hand:cum_mean_token_entropy,0.2,ACI g=0.05 (grow cal),exch,0.7333333333333334,0.8,-0.06666666666666665,0.21311475409836064,0.7333333333333334,0.47322404371584703,0.7553846153846154,13
2,0,hand:cum_mean_token_entropy,0.2,split CP (SAFE),blocked,0.8804347826086957,0.8,0.08043478260869563,0.19642857142857142,0.8804347826086957,0.5384316770186336,0.5881818181818183,22
2,0,hand:cum_mean_token_entropy,0.2,ACI g=0.05 (grow cal),blocked,0.8260869565217391,0.8,0.02608695652173909,0.21428571428571427,0.8260869565217391,0.5201863354037267,0.4875,24
2,0,hand:cum_mean_token_entropy,0.25,split CP (SAFE),exch,0.33333333333333337,0.75,-0.41666666666666663,0.4426229508196721,0.33333333333333337,0.3879781420765027,0.588888888888889,27
2,0,hand:cum_mean_token_entropy,0.25,ACI g=0.05 (grow cal),exch,0.6,0.75,-0.15000000000000002,0.19672131147540983,0.6,0.3983606557377049,0.6533333333333333,12
2,0,hand:cum_mean_token_entropy,0.25,split CP (SAFE),blocked,0.8478260869565217,0.75,0.09782608695652173,0.21428571428571427,0.8478260869565217,0.531055900621118,0.5533333333333333,24
2,0,hand:cum_mean_token_entropy,0.25,ACI g=0.05 (grow cal),blocked,0.782608695652174,0.75,0.03260869565217395,0.2767857142857143,0.782608695652174,0.5296972049689441,0.4470967741935484,31
2,0,hand:cum_mean_token_entropy [task-rel],0.1,split CP (SAFE),exch,0.8666666666666667,0.9,-0.033333333333333326,0.19672131147540983,0.8666666666666667,0.5316939890710383,0.315,12
2,0,hand:cum_mean_token_entropy [task-rel],0.1,ACI g=0.05 (grow cal),exch,0.8,0.9,-0.09999999999999998,0.18032786885245902,0.8,0.4901639344262295,0.2781818181818182,11
2,0,hand:cum_mean_token_entropy [task-rel],0.1,split CP (SAFE),blocked,0.8586956521739131,0.9,-0.04130434782608694,0.11607142857142858,0.8586956521739131,0.48738354037267084,0.16769230769230775,13
2,0,hand:cum_mean_token_entropy [task-rel],0.1,ACI g=0.05 (grow cal),blocked,0.9021739130434783,0.9,0.0021739130434782483,0.044642857142857144,0.9021739130434783,0.4734083850931677,0.08800000000000001,5
2,0,hand:cum_mean_token_entropy [task-rel],0.15,split CP (SAFE),exch,0.7333333333333334,0.85,-0.11666666666666659,0.29508196721311475,0.7333333333333334,0.514207650273224,0.3588888888888888,18
2,0,hand:cum_mean_token_entropy [task-rel],0.15,ACI g=0.05 (grow cal),exch,0.8,0.85,-0.04999999999999993,0.3114754098360656,0.8,0.5557377049180328,0.3736842105263158,19
2,0,hand:cum_mean_token_entropy [task-rel],0.15,split CP (SAFE),blocked,0.8152173913043479,0.85,-0.034782608695652084,0.19642857142857142,0.8152173913043479,0.5058229813664596,0.13454545454545455,22
2,0,hand:cum_mean_token_entropy [task-rel],0.15,ACI g=0.05 (grow cal),blocked,0.8586956521739131,0.85,0.008695652173913104,0.08928571428571429,0.8586956521739131,0.4739906832298137,0.184,10
2,0,hand:cum_mean_token_entropy [task-rel],0.2,split CP (SAFE),exch,0.6666666666666667,0.8,-0.1333333333333333,0.45901639344262296,0.6666666666666667,0.5628415300546449,0.24499999999999994,28
2,0,hand:cum_mean_token_entropy [task-rel],0.2,ACI g=0.05 (grow cal),exch,0.7333333333333334,0.8,-0.06666666666666665,0.4262295081967213,0.7333333333333334,0.5797814207650274,0.2392307692307692,26
2,0,hand:cum_mean_token_entropy [task-rel],0.2,split CP (SAFE),blocked,0.6521739130434783,0.8,-0.14782608695652177,0.3125,0.6521739130434783,0.48233695652173914,0.15142857142857144,35
2,0,hand:cum_mean_token_entropy [task-rel],0.2,ACI g=0.05 (grow cal),blocked,0.8152173913043479,0.8,0.01521739130434785,0.15178571428571427,0.8152173913043479,0.4835015527950311,0.1435294117647059,17
2,0,hand:cum_mean_token_entropy [task-rel],0.25,split CP (SAFE),exch,0.6666666666666667,0.75,-0.08333333333333326,0.47540983606557374,0.6666666666666667,0.5710382513661203,0.2662068965517241,29
2,0,hand:cum_mean_token_entropy [task-rel],0.25,ACI g=0.05 (grow cal),exch,0.6,0.75,-0.15000000000000002,0.47540983606557374,0.6,0.5377049180327869,0.25793103448275856,29
2,0,hand:cum_mean_token_entropy [task-rel],0.25,split CP (SAFE),blocked,0.6195652173913043,0.75,-0.13043478260869568,0.33035714285714285,0.6195652173913043,0.4749611801242236,0.17351351351351355,37
2,0,hand:cum_mean_token_entropy [task-rel],0.25,ACI g=0.05 (grow cal),blocked,0.7717391304347826,0.75,0.021739130434782594,0.16964285714285715,0.7717391304347826,0.47069099378881984,0.18736842105263157,19
2,0,hand:mean_token_entropy,0.1,split CP (SAFE),exch,1.0,0.9,0.09999999999999998,0.22950819672131148,1.0,0.6147540983606558,0.2771428571428572,14
2,0,hand:mean_token_entropy,0.1,ACI g=0.05 (grow cal),exch,0.9333333333333333,0.9,0.033333333333333326,0.3114754098360656,0.9333333333333333,0.6224043715846994,0.33473684210526317,19
2,0,hand:mean_token_entropy,0.1,split CP (SAFE),blocked,0.7608695652173914,0.9,-0.13913043478260867,0.16964285714285715,0.7608695652173914,0.4652562111801243,0.3168421052631579,19
2,0,hand:mean_token_entropy,0.1,ACI g=0.05 (grow cal),blocked,0.8913043478260869,0.9,-0.008695652173913104,0.0625,0.8913043478260869,0.47690217391304346,0.35714285714285715,7
2,0,hand:mean_token_entropy,0.15,split CP (SAFE),exch,1.0,0.85,0.15000000000000002,0.3114754098360656,1.0,0.6557377049180328,0.3147368421052632,19
2,0,hand:mean_token_entropy,0.15,ACI g=0.05 (grow cal),exch,0.9333333333333333,0.85,0.08333333333333337,0.39344262295081966,0.9333333333333333,0.6633879781420765,0.3541666666666667,24
2,0,hand:mean_token_entropy,0.15,split CP (SAFE),blocked,0.7608695652173914,0.85,-0.08913043478260863,0.16071428571428573,0.7608695652173914,0.4607919254658385,0.3333333333333333,18
2,0,hand:mean_token_entropy,0.15,ACI g=0.05 (grow cal),blocked,0.8369565217391304,0.85,-0.013043478260869601,0.13392857142857142,0.8369565217391304,0.4854425465838509,0.29333333333333333,15
2,0,hand:mean_token_entropy,0.2,split CP (SAFE),exch,1.0,0.8,0.19999999999999996,0.3114754098360656,1.0,0.6557377049180328,0.3147368421052632,19
2,0,hand:mean_token_entropy,0.2,ACI g=0.05 (grow cal),exch,0.8666666666666667,0.8,0.06666666666666665,0.39344262295081966,0.8666666666666667,0.6300546448087432,0.3533333333333333,24
2,0,hand:mean_token_entropy,0.2,split CP (SAFE),blocked,0.6739130434782609,0.8,-0.12608695652173918,0.20535714285714285,0.6739130434782609,0.4396350931677019,0.28347826086956524,23
2,0,hand:mean_token_entropy,0.2,ACI g=0.05 (grow cal),blocked,0.782608695652174,0.8,-0.017391304347826098,0.16071428571428573,0.782608695652174,0.4716614906832298,0.31333333333333335,18
2,0,hand:mean_token_entropy,0.25,split CP (SAFE),exch,0.8666666666666667,0.75,0.1166666666666667,0.3770491803278688,0.8666666666666667,0.6218579234972678,0.34869565217391313,23
2,0,hand:mean_token_entropy,0.25,ACI g=0.05 (grow cal),exch,0.8,0.75,0.050000000000000044,0.39344262295081966,0.8,0.5967213114754099,0.35166666666666657,24
2,0,hand:mean_token_entropy,0.25,split CP (SAFE),blocked,0.5760869565217391,0.75,-0.17391304347826086,0.26785714285714285,0.5760869565217391,0.421972049689441,0.2846666666666666,30
2,0,hand:mean_token_entropy,0.25,ACI g=0.05 (grow cal),blocked,0.7173913043478262,0.75,-0.032608695652173836,0.21428571428571427,0.7173913043478262,0.46583850931677023,0.30000000000000004,24
2,0,hand:mean_token_entropy [task-rel],0.1,split CP (SAFE),exch,0.8666666666666667,0.9,-0.033333333333333326,0.14754098360655737,0.8666666666666667,0.507103825136612,0.08,9
2,0,hand:mean_token_entropy [task-rel],0.1,ACI g=0.05 (grow cal),exch,0.8666666666666667,0.9,-0.033333333333333326,0.14754098360655737,0.8666666666666667,0.507103825136612,0.08,9
2,0,hand:mean_token_entropy [task-rel],0.1,split CP (SAFE),blocked,0.75,0.9,-0.15000000000000002,0.24107142857142858,0.75,0.4955357142857143,0.08296296296296297,27
2,0,hand:mean_token_entropy [task-rel],0.1,ACI g=0.05 (grow cal),blocked,0.8913043478260869,0.9,-0.008695652173913104,0.11607142857142858,0.8913043478260869,0.5036878881987578,0.06615384615384616,13
2,0,hand:mean_token_entropy [task-rel],0.15,split CP (SAFE),exch,0.7333333333333334,0.85,-0.11666666666666659,0.2786885245901639,0.7333333333333334,0.5060109289617487,0.15764705882352942,17
2,0,hand:mean_token_entropy [task-rel],0.15,ACI g=0.05 (grow cal),exch,0.7333333333333334,0.85,-0.11666666666666659,0.16393442622950818,0.7333333333333334,0.4486338797814208,0.16,10
2,0,hand:mean_token_entropy [task-rel],0.15,split CP (SAFE),blocked,0.6956521739130435,0.85,-0.15434782608695652,0.30357142857142855,0.6956521739130435,0.49961180124223603,0.10882352941176472,34
2,0,hand:mean_token_entropy [task-rel],0.15,ACI g=0.05 (grow cal),blocked,0.8478260869565217,0.85,-0.0021739130434782483,0.09821428571428571,0.8478260869565217,0.4730201863354037,0.08363636363636363,11
2,0,hand:mean_token_entropy [task-rel],0.2,split CP (SAFE),exch,0.5333333333333333,0.8,-0.2666666666666667,0.2786885245901639,0.5333333333333333,0.4060109289617486,0.15764705882352942,17
2,0,hand:mean_token_entropy [task-rel],0.2,ACI g=0.05 (grow cal),exch,0.6666666666666667,0.8,-0.1333333333333333,0.16393442622950818,0.6666666666666667,0.41530054644808745,0.16,10
2,0,hand:mean_token_entropy [task-rel],0.2,split CP (SAFE),blocked,0.6630434782608696,0.8,-0.13695652173913042,0.32142857142857145,0.6630434782608696,0.4922360248447205,0.13166666666666668,36
2,0,hand:mean_token_entropy [task-rel],0.2,ACI g=0.05 (grow cal),blocked,0.8043478260869565,0.8,0.004347826086956497,0.24107142857142858,0.8043478260869565,0.5227096273291926,0.11111111111111113,27
2,0,hand:mean_token_entropy [task-rel],0.25,split CP (SAFE),exch,0.5333333333333333,0.75,-0.21666666666666667,0.29508196721311475,0.5333333333333333,0.41420765027322404,0.13444444444444445,18
2,0,hand:mean_token_entropy [task-rel],0.25,ACI g=0.05 (grow cal),exch,0.5333333333333333,0.75,-0.21666666666666667,0.18032786885245902,0.5333333333333333,0.35683060109289616,0.14363636363636365,11
2,0,hand:mean_token_entropy [task-rel],0.25,split CP (SAFE),blocked,0.6086956521739131,0.75,-0.14130434782608692,0.3482142857142857,0.6086956521739131,0.4784549689440994,0.11948717948717946,39
2,0,hand:mean_token_entropy [task-rel],0.25,ACI g=0.05 (grow cal),blocked,0.75,0.75,0.0,0.25,0.75,0.5,0.1385714285714286,28
2,0,hand:cum_max_token_entropy,0.1,split CP (SAFE),exch,0.8666666666666667,0.9,-0.033333333333333326,0.22950819672131148,0.8666666666666667,0.5480874316939891,0.4771428571428572,14
2,0,hand:cum_max_token_entropy,0.1,ACI g=0.05 (grow cal),exch,0.8666666666666667,0.9,-0.033333333333333326,0.26229508196721313,0.8666666666666667,0.5644808743169399,0.515,16
2,0,hand:cum_max_token_entropy,0.1,split CP (SAFE),blocked,1.0,0.9,0.09999999999999998,0.07142857142857142,1.0,0.5357142857142857,0.5125,8
2,0,hand:cum_max_token_entropy,0.1,ACI g=0.05 (grow cal),blocked,0.9347826086956522,0.9,0.034782608695652195,0.125,0.9347826086956522,0.5298913043478262,0.4742857142857142,14
2,0,hand:cum_max_token_entropy,0.15,split CP (SAFE),exch,0.8,0.85,-0.04999999999999993,0.36065573770491804,0.8,0.580327868852459,0.4272727272727272,22
2,0,hand:cum_max_token_entropy,0.15,ACI g=0.05 (grow cal),exch,0.8,0.85,-0.04999999999999993,0.2786885245901639,0.8,0.5393442622950819,0.3788235294117647,17
2,0,hand:cum_max_token_entropy,0.15,split CP (SAFE),blocked,0.9130434782608696,0.85,0.06304347826086965,0.1875,0.9130434782608696,0.5502717391304348,0.5028571428571428,21
2,0,hand:cum_max_token_entropy,0.15,ACI g=0.05 (grow cal),blocked,0.8913043478260869,0.85,0.04130434782608694,0.20535714285714285,0.8913043478260869,0.5483307453416149,0.40956521739130436,23
2,0,hand:cum_max_token_entropy,0.2,split CP (SAFE),exch,0.8,0.8,0.0,0.36065573770491804,0.8,0.580327868852459,0.419090909090909,22
2,0,hand:cum_max_token_entropy,0.2,ACI g=0.05 (grow cal),exch,0.8,0.8,0.0,0.36065573770491804,0.8,0.580327868852459,0.4272727272727272,22
2,0,hand:cum_max_token_entropy,0.2,split CP (SAFE),blocked,0.8913043478260869,0.8,0.09130434782608687,0.19642857142857142,0.8913043478260869,0.5438664596273292,0.44181818181818183,22
2,0,hand:cum_max_token_entropy,0.2,ACI g=0.05 (grow cal),blocked,0.8478260869565217,0.8,0.047826086956521685,0.29464285714285715,0.8478260869565217,0.5712344720496895,0.43757575757575756,33
2,0,hand:cum_max_token_entropy,0.25,split CP (SAFE),exch,0.7333333333333334,0.75,-0.016666666666666607,0.36065573770491804,0.7333333333333334,0.5469945355191257,0.4272727272727272,22
2,0,hand:cum_max_token_entropy,0.25,ACI g=0.05 (grow cal),exch,0.7333333333333334,0.75,-0.016666666666666607,0.3442622950819672,0.7333333333333334,0.5387978142076503,0.42380952380952375,21
2,0,hand:cum_max_token_entropy,0.25,split CP (SAFE),blocked,0.9021739130434783,0.75,0.15217391304347827,0.1875,0.9021739130434783,0.5448369565217391,0.5123809523809524,21
2,0,hand:cum_max_token_entropy,0.25,ACI g=0.05 (grow cal),blocked,0.7934782608695652,0.75,0.04347826086956519,0.30357142857142855,0.7934782608695652,0.5485248447204969,0.38176470588235295,34
2,0,hand:cum_max_token_entropy [task-rel],0.1,split CP (SAFE),exch,0.8666666666666667,0.9,-0.033333333333333326,0.16393442622950818,0.8666666666666667,0.5153005464480874,0.16999999999999998,10
2,0,hand:cum_max_token_entropy [task-rel],0.1,ACI g=0.05 (grow cal),exch,0.8666666666666667,0.9,-0.033333333333333326,0.16393442622950818,0.8666666666666667,0.5153005464480874,0.16999999999999998,10
2,0,hand:cum_max_token_entropy [task-rel],0.1,split CP (SAFE),blocked,0.8804347826086957,0.9,-0.019565217391304346,0.15178571428571427,0.8804347826086957,0.516110248447205,0.11764705882352944,17
2,0,hand:cum_max_token_entropy [task-rel],0.1,ACI g=0.05 (grow cal),blocked,0.9239130434782609,0.9,0.023913043478260843,0.09821428571428571,0.9239130434782609,0.5110636645962733,0.11818181818181817,11
2,0,hand:cum_max_token_entropy [task-rel],0.15,split CP (SAFE),exch,0.8666666666666667,0.85,0.01666666666666672,0.22950819672131148,0.8666666666666667,0.5480874316939891,0.2942857142857143,14
2,0,hand:cum_max_token_entropy [task-rel],0.15,ACI g=0.05 (grow cal),exch,0.8666666666666667,0.85,0.01666666666666672,0.22950819672131148,0.8666666666666667,0.5480874316939891,0.26142857142857145,14
2,0,hand:cum_max_token_entropy [task-rel],0.15,split CP (SAFE),blocked,0.8478260869565217,0.85,-0.0021739130434782483,0.125,0.8478260869565217,0.48641304347826086,0.11428571428571432,14
2,0,hand:cum_max_token_entropy [task-rel],0.15,ACI g=0.05 (grow cal),blocked,0.8586956521739131,0.85,0.008695652173913104,0.13392857142857142,0.8586956521739131,0.49631211180124224,0.10933333333333337,15
2,0,hand:cum_max_token_entropy [task-rel],0.2,split CP (SAFE),exch,0.8666666666666667,0.8,0.06666666666666665,0.22950819672131148,0.8666666666666667,0.5480874316939891,0.28285714285714286,14
2,0,hand:cum_max_token_entropy [task-rel],0.2,ACI g=0.05 (grow cal),exch,0.8666666666666667,0.8,0.06666666666666665,0.2459016393442623,0.8666666666666667,0.5562841530054645,0.23200000000000004,15
2,0,hand:cum_max_token_entropy [task-rel],0.2,split CP (SAFE),blocked,0.8260869565217391,0.8,0.02608695652173909,0.16071428571428573,0.8260869565217391,0.4934006211180124,0.12000000000000001,18
2,0,hand:cum_max_token_entropy [task-rel],0.2,ACI g=0.05 (grow cal),blocked,0.8260869565217391,0.8,0.02608695652173909,0.17857142857142858,0.8260869565217391,0.5023291925465838,0.11800000000000004,20
2,0,hand:cum_max_token_entropy [task-rel],0.25,split CP (SAFE),exch,0.7333333333333334,0.75,-0.016666666666666607,0.29508196721311475,0.7333333333333334,0.514207650273224,0.2155555555555556,18
2,0,hand:cum_max_token_entropy [task-rel],0.25,ACI g=0.05 (grow cal),exch,0.7333333333333334,0.75,-0.016666666666666607,0.3442622950819672,0.7333333333333334,0.5387978142076503,0.23523809523809525,21
2,0,hand:cum_max_token_entropy [task-rel],0.25,split CP (SAFE),blocked,0.6956521739130435,0.75,-0.05434782608695654,0.24107142857142858,0.6956521739130435,0.46836180124223603,0.22074074074074074,27
2,0,hand:cum_max_token_entropy [task-rel],0.25,ACI g=0.05 (grow cal),blocked,0.7717391304347826,0.75,0.021739130434782594,0.19642857142857142,0.7717391304347826,0.484083850931677,0.19545454545454544,22
2,0,hand:cum_mean_token_prob,0.1,split CP (SAFE),exch,0.8,0.9,-0.09999999999999998,0.2459016393442623,0.8,0.5229508196721312,0.3973333333333333,15
2,0,hand:cum_mean_token_prob,0.1,ACI g=0.05 (grow cal),exch,0.8666666666666667,0.9,-0.033333333333333326,0.16393442622950818,0.8666666666666667,0.5153005464480874,0.388,10
2,0,hand:cum_mean_token_prob,0.1,split CP (SAFE),blocked,0.8478260869565217,0.9,-0.05217391304347829,0.11607142857142858,0.8478260869565217,0.48194875776397517,0.44615384615384623,13
2,0,hand:cum_mean_token_prob,0.1,ACI g=0.05 (grow cal),blocked,0.9021739130434783,0.9,0.0021739130434782483,0.07142857142857142,0.9021739130434783,0.48680124223602483,0.28250000000000003,8
2,0,hand:cum_mean_token_prob,0.15,split CP (SAFE),exch,0.6,0.85,-0.25,0.2786885245901639,0.6,0.43934426229508194,0.38588235294117645,17
2,0,hand:cum_mean_token_prob,0.15,ACI g=0.05 (grow cal),exch,0.7333333333333334,0.85,-0.11666666666666659,0.16393442622950818,0.7333333333333334,0.4486338797814208,0.35200000000000004,10
2,0,hand:cum_mean_token_prob,0.15,split CP (SAFE),blocked,0.8260869565217391,0.85,-0.023913043478260843,0.21428571428571427,0.8260869565217391,0.5201863354037267,0.3316666666666667,24
2,0,hand:cum_mean_token_prob,0.15,ACI g=0.05 (grow cal),blocked,0.8478260869565217,0.85,-0.0021739130434782483,0.1875,0.8478260869565217,0.5176630434782609,0.33714285714285713,21
2,0,hand:cum_mean_token_prob,0.2,split CP (SAFE),exch,0.4666666666666667,0.8,-0.33333333333333337,0.32786885245901637,0.4666666666666667,0.39726775956284155,0.3549999999999999,20
2,0,hand:cum_mean_token_prob,0.2,ACI g=0.05 (grow cal),exch,0.6666666666666667,0.8,-0.1333333333333333,0.18032786885245902,0.6666666666666667,0.42349726775956287,0.2981818181818182,11
2,0,hand:cum_mean_token_prob,0.2,split CP (SAFE),blocked,0.8152173913043479,0.8,0.01521739130434785,0.22321428571428573,0.8152173913043479,0.5192158385093169,0.3104,25
2,0,hand:cum_mean_token_prob,0.2,ACI g=0.05 (grow cal),blocked,0.7934782608695652,0.8,-0.006521739130434856,0.19642857142857142,0.7934782608695652,0.4949534161490683,0.3454545454545454,22
2,0,hand:cum_mean_token_prob,0.25,split CP (SAFE),exch,0.4666666666666667,0.75,-0.2833333333333333,0.39344262295081966,0.4666666666666667,0.43005464480874317,0.6266666666666666,24
2,0,hand:cum_mean_token_prob,0.25,ACI g=0.05 (grow cal),exch,0.6,0.75,-0.15000000000000002,0.19672131147540983,0.6,0.3983606557377049,0.68,12
2,0,hand:cum_mean_token_prob,0.25,split CP (SAFE),blocked,0.8804347826086957,0.75,0.13043478260869568,0.19642857142857142,0.8804347826086957,0.5384316770186336,0.6036363636363636,22
2,0,hand:cum_mean_token_prob,0.25,ACI g=0.05 (grow cal),blocked,0.7717391304347826,0.75,0.021739130434782594,0.32142857142857145,0.7717391304347826,0.546583850931677,0.47611111111111115,36
2,0,hand:cum_mean_token_prob [task-rel],0.1,split CP (SAFE),exch,0.8666666666666667,0.9,-0.033333333333333326,0.2459016393442623,0.8666666666666667,0.5562841530054645,0.424,15
2,0,hand:cum_mean_token_prob [task-rel],0.1,ACI g=0.05 (grow cal),exch,0.8,0.9,-0.09999999999999998,0.21311475409836064,0.8,0.5065573770491804,0.4707692307692308,13
2,0,hand:cum_mean_token_prob [task-rel],0.1,split CP (SAFE),blocked,0.8369565217391304,0.9,-0.06304347826086965,0.1875,0.8369565217391304,0.5122282608695652,0.2152380952380953,21
2,0,hand:cum_mean_token_prob [task-rel],0.1,ACI g=0.05 (grow cal),blocked,0.8913043478260869,0.9,-0.008695652173913104,0.05357142857142857,0.8913043478260869,0.47243788819875776,0.43666666666666676,6
2,0,hand:cum_mean_token_prob [task-rel],0.15,split CP (SAFE),exch,0.7333333333333334,0.85,-0.11666666666666659,0.3114754098360656,0.7333333333333334,0.5224043715846995,0.38421052631578945,19
2,0,hand:cum_mean_token_prob [task-rel],0.15,ACI g=0.05 (grow cal),exch,0.7333333333333334,0.85,-0.11666666666666659,0.2459016393442623,0.7333333333333334,0.48961748633879787,0.4799999999999999,15
2,0,hand:cum_mean_token_prob [task-rel],0.15,split CP (SAFE),blocked,0.8152173913043479,0.85,-0.034782608695652084,0.23214285714285715,0.8152173913043479,0.5236801242236025,0.22615384615384615,26
2,0,hand:cum_mean_token_prob [task-rel],0.15,ACI g=0.05 (grow cal),blocked,0.8586956521739131,0.85,0.008695652173913104,0.10714285714285714,0.8586956521739131,0.4829192546583851,0.3666666666666667,12
2,0,hand:cum_mean_token_prob [task-rel],0.2,split CP (SAFE),exch,0.6666666666666667,0.8,-0.1333333333333333,0.4262295081967213,0.6666666666666667,0.546448087431694,0.33538461538461534,26
2,0,hand:cum_mean_token_prob [task-rel],0.2,ACI g=0.05 (grow cal),exch,0.7333333333333334,0.8,-0.06666666666666665,0.36065573770491804,0.7333333333333334,0.5469945355191257,0.42454545454545456,22
2,0,hand:cum_mean_token_prob [task-rel],0.2,split CP (SAFE),blocked,0.6956521739130435,0.8,-0.10434782608695659,0.3125,0.6956521739130435,0.5040760869565217,0.20800000000000005,35
2,0,hand:cum_mean_token_prob [task-rel],0.2,ACI g=0.05 (grow cal),blocked,0.8152173913043479,0.8,0.01521739130434785,0.16071428571428573,0.8152173913043479,0.4879658385093168,0.2888888888888889,18
2,0,hand:cum_mean_token_prob [task-rel],0.25,split CP (SAFE),exch,0.6,0.75,-0.15000000000000002,0.5409836065573771,0.6,0.5704918032786885,0.32606060606060605,33
2,0,hand:cum_mean_token_prob [task-rel],0.25,ACI g=0.05 (grow cal),exch,0.6666666666666667,0.75,-0.08333333333333326,0.45901639344262296,0.6666666666666667,0.5628415300546449,0.29142857142857137,28
2,0,hand:cum_mean_token_prob [task-rel],0.25,split CP (SAFE),blocked,0.6521739130434783,0.75,-0.09782608695652173,0.4017857142857143,0.6521739130434783,0.5269798136645962,0.21644444444444444,45
2,0,hand:cum_mean_token_prob [task-rel],0.25,ACI g=0.05 (grow cal),blocked,0.7717391304347826,0.75,0.021739130434782594,0.17857142857142858,0.7717391304347826,0.4751552795031056,0.29300000000000004,20
2,0,hand:cum_dpos,0.1,split CP (SAFE),exch,0.8666666666666667,0.9,-0.033333333333333326,0.22950819672131148,0.8666666666666667,0.5480874316939891,0.40142857142857136,14
2,0,hand:cum_dpos,0.1,ACI g=0.05 (grow cal),exch,0.8666666666666667,0.9,-0.033333333333333326,0.22950819672131148,0.8666666666666667,0.5480874316939891,0.4042857142857143,14
2,0,hand:cum_dpos,0.1,split CP (SAFE),blocked,0.9456521739130435,0.9,0.04565217391304344,0.09821428571428571,0.9456521739130435,0.5219332298136646,0.5727272727272728,11
2,0,hand:cum_dpos,0.1,ACI g=0.05 (grow cal),blocked,0.9130434782608696,0.9,0.013043478260869601,0.13392857142857142,0.9130434782608696,0.5234860248447205,0.20266666666666663,15
2,0,hand:cum_dpos,0.15,split CP (SAFE),exch,0.9333333333333333,0.85,0.08333333333333337,0.2786885245901639,0.9333333333333333,0.6060109289617486,0.40823529411764703,17
2,0,hand:cum_dpos,0.15,ACI g=0.05 (grow cal),exch,0.8666666666666667,0.85,0.01666666666666672,0.2786885245901639,0.8666666666666667,0.5726775956284154,0.3776470588235294,17
2,0,hand:cum_dpos,0.15,split CP (SAFE),blocked,0.9456521739130435,0.85,0.09565217391304348,0.08928571428571429,0.9456521739130435,0.5174689440993788,0.4659999999999999,10
2,0,hand:cum_dpos,0.15,ACI g=0.05 (grow cal),blocked,0.8586956521739131,0.85,0.008695652173913104,0.21428571428571427,0.8586956521739131,0.5364906832298136,0.2575,24
2,0,hand:cum_dpos,0.2,split CP (SAFE),exch,0.8666666666666667,0.8,0.06666666666666665,0.29508196721311475,0.8666666666666667,0.5808743169398907,0.35777777777777786,18
2,0,hand:cum_dpos,0.2,ACI g=0.05 (grow cal),exch,0.8666666666666667,0.8,0.06666666666666665,0.36065573770491804,0.8666666666666667,0.6136612021857923,0.32545454545454544,22
2,0,hand:cum_dpos,0.2,split CP (SAFE),blocked,0.9456521739130435,0.8,0.14565217391304341,0.09821428571428571,0.9456521739130435,0.5219332298136646,0.46727272727272723,11
2,0,hand:cum_dpos,0.2,ACI g=0.05 (grow cal),blocked,0.8043478260869565,0.8,0.004347826086956497,0.25,0.8043478260869565,0.5271739130434783,0.22857142857142856,28
2,0,hand:cum_dpos,0.25,split CP (SAFE),exch,0.8666666666666667,0.75,0.1166666666666667,0.29508196721311475,0.8666666666666667,0.5808743169398907,0.35777777777777786,18
2,0,hand:cum_dpos,0.25,ACI g=0.05 (grow cal),exch,0.8,0.75,0.050000000000000044,0.3770491803278688,0.8,0.5885245901639344,0.3113043478260869,23
2,0,hand:cum_dpos,0.25,split CP (SAFE),blocked,0.9456521739130435,0.75,0.19565217391304346,0.11607142857142858,0.9456521739130435,0.530861801242236,0.5276923076923077,13
2,0,hand:cum_dpos,0.25,ACI g=0.05 (grow cal),blocked,0.7717391304347826,0.75,0.021739130434782594,0.30357142857142855,0.7717391304347826,0.5376552795031055,0.20529411764705882,34
2,0,hand:cum_dpos [task-rel],0.1,split CP (SAFE),exch,0.7333333333333334,0.9,-0.16666666666666663,0.29508196721311475,0.7333333333333334,0.514207650273224,0.11333333333333334,18
2,0,hand:cum_dpos [task-rel],0.1,ACI g=0.05 (grow cal),exch,0.8,0.9,-0.09999999999999998,0.09836065573770492,0.8,0.4491803278688525,0.25,6
2,0,hand:cum_dpos [task-rel],0.1,split CP (SAFE),blocked,0.5108695652173914,0.9,-0.38913043478260867,0.48214285714285715,0.5108695652173914,0.4965062111801243,0.1207407407407407,54
2,0,hand:cum_dpos [task-rel],0.1,ACI g=0.05 (grow cal),blocked,0.8804347826086957,0.9,-0.019565217391304346,0.11607142857142858,0.8804347826086957,0.49825310559006214,0.07230769230769231,13
2,0,hand:cum_dpos [task-rel],0.15,split CP (SAFE),exch,0.6666666666666667,0.85,-0.18333333333333324,0.4098360655737705,0.6666666666666667,0.5382513661202186,0.26080000000000003,25
2,0,hand:cum_dpos [task-rel],0.15,ACI g=0.05 (grow cal),exch,0.7333333333333334,0.85,-0.11666666666666659,0.22950819672131148,0.7333333333333334,0.48142076502732245,0.2842857142857143,14
2,0,hand:cum_dpos [task-rel],0.15,split CP (SAFE),blocked,0.5217391304347826,0.85,-0.3282608695652174,0.5535714285714286,0.5217391304347826,0.5376552795031055,0.1774193548387097,62
2,0,hand:cum_dpos [task-rel],0.15,ACI g=0.05 (grow cal),blocked,0.8369565217391304,0.85,-0.013043478260869601,0.22321428571428573,0.8369565217391304,0.5300854037267081,0.2944,25
2,0,hand:cum_dpos [task-rel],0.2,split CP (SAFE),exch,0.6666666666666667,0.8,-0.1333333333333333,0.47540983606557374,0.6666666666666667,0.5710382513661203,0.25103448275862067,29
2,0,hand:cum_dpos [task-rel],0.2,ACI g=0.05 (grow cal),exch,0.7333333333333334,0.8,-0.06666666666666665,0.4098360655737705,0.7333333333333334,0.571584699453552,0.26,25
2,0,hand:cum_dpos [task-rel],0.2,split CP (SAFE),blocked,0.42391304347826086,0.8,-0.3760869565217392,0.5803571428571429,0.42391304347826086,0.5021350931677019,0.176,65
2,0,hand:cum_dpos [task-rel],0.2,ACI g=0.05 (grow cal),blocked,0.782608695652174,0.8,-0.017391304347826098,0.24107142857142858,0.782608695652174,0.5118400621118012,0.2925925925925925,27
2,0,hand:cum_dpos [task-rel],0.25,split CP (SAFE),exch,0.6666666666666667,0.75,-0.08333333333333326,0.45901639344262296,0.6666666666666667,0.5628415300546449,0.2564285714285714,28
2,0,hand:cum_dpos [task-rel],0.25,ACI g=0.05 (grow cal),exch,0.6666666666666667,0.75,-0.08333333333333326,0.39344262295081966,0.6666666666666667,0.5300546448087432,0.24583333333333335,24
2,0,hand:cum_dpos [task-rel],0.25,split CP (SAFE),blocked,0.42391304347826086,0.75,-0.32608695652173914,0.5803571428571429,0.42391304347826086,0.5021350931677019,0.1766153846153846,65
2,0,hand:cum_dpos [task-rel],0.25,ACI g=0.05 (grow cal),blocked,0.7282608695652174,0.75,-0.021739130434782594,0.26785714285714285,0.7282608695652174,0.49805900621118016,0.3,30
2,0,hand:cum_drot,0.1,split CP (SAFE),exch,0.8666666666666667,0.9,-0.033333333333333326,0.04918032786885246,0.8666666666666667,0.4579234972677596,0.16,3
2,0,hand:cum_drot,0.1,ACI g=0.05 (grow cal),exch,0.8666666666666667,0.9,-0.033333333333333326,0.03278688524590164,0.8666666666666667,0.4497267759562842,0.17,2
2,0,hand:cum_drot,0.1,split CP (SAFE),blocked,0.9021739130434783,0.9,0.0021739130434782483,0.08928571428571429,0.9021739130434783,0.4957298136645963,0.05600000000000001,10
2,0,hand:cum_drot,0.1,ACI g=0.05 (grow cal),blocked,0.9565217391304348,0.9,0.05652173913043479,0.14285714285714285,0.9565217391304348,0.5496894409937888,0.1,16
2,0,hand:cum_drot,0.15,split CP (SAFE),exch,0.8,0.85,-0.04999999999999993,0.11475409836065574,0.8,0.4573770491803279,0.4457142857142857,7
2,0,hand:cum_drot,0.15,ACI g=0.05 (grow cal),exch,0.8,0.85,-0.04999999999999993,0.04918032786885246,0.8,0.4245901639344263,0.26666666666666666,3
2,0,hand:cum_drot,0.15,split CP (SAFE),blocked,0.8695652173913043,0.85,0.019565217391304346,0.11607142857142858,0.8695652173913043,0.49281832298136646,0.14307692307692307,13
2,0,hand:cum_drot,0.15,ACI g=0.05 (grow cal),blocked,0.9021739130434783,0.85,0.05217391304347829,0.17857142857142858,0.9021739130434783,0.5403726708074534,0.29999999999999993,20
2,0,hand:cum_drot,0.2,split CP (SAFE),exch,0.8,0.8,0.0,0.18032786885245902,0.8,0.4901639344262295,0.3,11
2,0,hand:cum_drot,0.2,ACI g=0.05 (grow cal),exch,0.8,0.8,0.0,0.14754098360655737,0.8,0.4737704918032787,0.33111111111111113,9
2,0,hand:cum_drot,0.2,split CP (SAFE),blocked,0.8260869565217391,0.8,0.02608695652173909,0.17857142857142858,0.8260869565217391,0.5023291925465838,0.229,20
2,0,hand:cum_drot,0.2,ACI g=0.05 (grow cal),blocked,0.8369565217391304,0.8,0.03695652173913033,0.20535714285714285,0.8369565217391304,0.5211568322981366,0.1956521739130435,23
2,0,hand:cum_drot,0.25,split CP (SAFE),exch,0.7333333333333334,0.75,-0.016666666666666607,0.26229508196721313,0.7333333333333334,0.4978142076502733,0.37625000000000003,16
2,0,hand:cum_drot,0.25,ACI g=0.05 (grow cal),exch,0.7333333333333334,0.75,-0.016666666666666607,0.2459016393442623,0.7333333333333334,0.48961748633879787,0.38533333333333336,15
2,0,hand:cum_drot,0.25,split CP (SAFE),blocked,0.782608695652174,0.75,0.03260869565217395,0.25892857142857145,0.782608695652174,0.5207686335403727,0.296551724137931,29
2,0,hand:cum_drot,0.25,ACI g=0.05 (grow cal),blocked,0.7717391304347826,0.75,0.021739130434782594,0.25,0.7717391304347826,0.5108695652173914,0.22214285714285717,28
2,0,hand:cum_drot [task-rel],0.1,split CP (SAFE),exch,0.8666666666666667,0.9,-0.033333333333333326,0.14754098360655737,0.8666666666666667,0.507103825136612,0.16666666666666666,9
2,0,hand:cum_drot [task-rel],0.1,ACI g=0.05 (grow cal),exch,0.8666666666666667,0.9,-0.033333333333333326,0.16393442622950818,0.8666666666666667,0.5153005464480874,0.19,10
2,0,hand:cum_drot [task-rel],0.1,split CP (SAFE),blocked,0.8586956521739131,0.9,-0.04130434782608694,0.19642857142857142,0.8586956521739131,0.5275621118012422,0.16090909090909095,22
2,0,hand:cum_drot [task-rel],0.1,ACI g=0.05 (grow cal),blocked,0.8913043478260869,0.9,-0.008695652173913104,0.15178571428571427,0.8913043478260869,0.5215450310559006,0.16823529411764707,17
2,0,hand:cum_drot [task-rel],0.15,split CP (SAFE),exch,0.8666666666666667,0.85,0.01666666666666672,0.19672131147540983,0.8666666666666667,0.5316939890710383,0.23000000000000007,12
2,0,hand:cum_drot [task-rel],0.15,ACI g=0.05 (grow cal),exch,0.8666666666666667,0.85,0.01666666666666672,0.19672131147540983,0.8666666666666667,0.5316939890710383,0.21500000000000005,12
2,0,hand:cum_drot [task-rel],0.15,split CP (SAFE),blocked,0.75,0.85,-0.09999999999999998,0.25,0.75,0.5,0.1785714285714286,28
2,0,hand:cum_drot [task-rel],0.15,ACI g=0.05 (grow cal),blocked,0.8478260869565217,0.85,-0.0021739130434782483,0.23214285714285715,0.8478260869565217,0.5399844720496895,0.1546153846153846,26
2,0,hand:cum_drot [task-rel],0.2,split CP (SAFE),exch,0.8666666666666667,0.8,0.06666666666666665,0.22950819672131148,0.8666666666666667,0.5480874316939891,0.21000000000000002,14
2,0,hand:cum_drot [task-rel],0.2,ACI g=0.05 (grow cal),exch,0.8666666666666667,0.8,0.06666666666666665,0.2786885245901639,0.8666666666666667,0.5726775956284154,0.21058823529411766,17
2,0,hand:cum_drot [task-rel],0.2,split CP (SAFE),blocked,0.6956521739130435,0.8,-0.10434782608695659,0.3125,0.6956521739130435,0.5040760869565217,0.19657142857142856,35
2,0,hand:cum_drot [task-rel],0.2,ACI g=0.05 (grow cal),blocked,0.8043478260869565,0.8,0.004347826086956497,0.25892857142857145,0.8043478260869565,0.531638198757764,0.1531034482758621,29
2,0,hand:cum_drot [task-rel],0.25,split CP (SAFE),exch,0.8,0.75,0.050000000000000044,0.3114754098360656,0.8,0.5557377049180328,0.31263157894736837,19
2,0,hand:cum_drot [task-rel],0.25,ACI g=0.05 (grow cal),exch,0.8,0.75,0.050000000000000044,0.36065573770491804,0.8,0.580327868852459,0.32545454545454544,22
2,0,hand:cum_drot [task-rel],0.25,split CP (SAFE),blocked,0.6956521739130435,0.75,-0.05434782608695654,0.35714285714285715,0.6956521739130435,0.5263975155279503,0.2375,40
2,0,hand:cum_drot [task-rel],0.25,ACI g=0.05 (grow cal),blocked,0.7608695652173914,0.75,0.010869565217391353,0.32142857142857145,0.7608695652173914,0.5411490683229814,0.21777777777777776,36
2,0,hand:dgripper,0.1,split CP (SAFE),exch,0.8,0.9,-0.09999999999999998,0.13114754098360656,0.8,0.4655737704918033,0.2,8
2,0,hand:dgripper,0.1,ACI g=0.05 (grow cal),exch,0.8,0.9,-0.09999999999999998,0.08196721311475409,0.8,0.44098360655737706,0.2,5
2,0,hand:dgripper,0.1,split CP (SAFE),blocked,0.7717391304347826,0.9,-0.12826086956521743,0.23214285714285715,0.7717391304347826,0.5019409937888198,0.08846153846153845,26
2,0,hand:dgripper,0.1,ACI g=0.05 (grow cal),blocked,0.9239130434782609,0.9,0.023913043478260843,0.044642857142857144,0.9239130434782609,0.484277950310559,0.13999999999999999,5
2,0,hand:dgripper,0.15,split CP (SAFE),exch,0.8,0.85,-0.04999999999999993,0.13114754098360656,0.8,0.4655737704918033,0.2,8
2,0,hand:dgripper,0.15,ACI g=0.05 (grow cal),exch,0.7333333333333334,0.85,-0.11666666666666659,0.11475409836065574,0.7333333333333334,0.4240437158469946,0.2285714285714286,7
2,0,hand:dgripper,0.15,split CP (SAFE),blocked,0.7717391304347826,0.85,-0.07826086956521738,0.23214285714285715,0.7717391304347826,0.5019409937888198,0.08846153846153845,26
2,0,hand:dgripper,0.15,ACI g=0.05 (grow cal),blocked,0.8695652173913043,0.85,0.019565217391304346,0.10714285714285714,0.8695652173913043,0.4883540372670807,0.11833333333333333,12
2,0,hand:dgripper,0.2,split CP (SAFE),exch,0.7333333333333334,0.8,-0.06666666666666665,0.14754098360655737,0.7333333333333334,0.44043715846994536,0.21333333333333335,9
2,0,hand:dgripper,0.2,ACI g=0.05 (grow cal),exch,0.7333333333333334,0.8,-0.06666666666666665,0.14754098360655737,0.7333333333333334,0.44043715846994536,0.21333333333333335,9
2,0,hand:dgripper,0.2,split CP (SAFE),blocked,0.7065217391304348,0.8,-0.09347826086956523,0.25892857142857145,0.7065217391304348,0.4827251552795031,0.11241379310344825,29
2,0,hand:dgripper,0.2,ACI g=0.05 (grow cal),blocked,0.8152173913043479,0.8,0.01521739130434785,0.13392857142857142,0.8152173913043479,0.47457298136645965,0.10000000000000002,15
2,0,hand:dgripper,0.25,split CP (SAFE),exch,0.7333333333333334,0.75,-0.016666666666666607,0.14754098360655737,0.7333333333333334,0.44043715846994536,0.21333333333333335,9
2,0,hand:dgripper,0.25,ACI g=0.05 (grow cal),exch,0.7333333333333334,0.75,-0.016666666666666607,0.14754098360655737,0.7333333333333334,0.44043715846994536,0.21333333333333335,9
2,0,hand:dgripper,0.25,split CP (SAFE),blocked,0.7065217391304348,0.75,-0.04347826086956519,0.25892857142857145,0.7065217391304348,0.4827251552795031,0.11241379310344825,29
2,0,hand:dgripper,0.25,ACI g=0.05 (grow cal),blocked,0.7717391304347826,0.75,0.021739130434782594,0.19642857142857142,0.7717391304347826,0.484083850931677,0.12999999999999998,22
2,0,hand:dgripper [task-rel],0.1,split CP (SAFE),exch,0.8,0.9,-0.09999999999999998,0.13114754098360656,0.8,0.4655737704918033,0.18,8
2,0,hand:dgripper [task-rel],0.1,ACI g=0.05 (grow cal),exch,0.8,0.9,-0.09999999999999998,0.11475409836065574,0.8,0.4573770491803279,0.2285714285714286,7
2,0,hand:dgripper [task-rel],0.1,split CP (SAFE),blocked,0.7717391304347826,0.9,-0.12826086956521743,0.22321428571428573,0.7717391304347826,0.49747670807453415,0.08959999999999999,25
2,0,hand:dgripper [task-rel],0.1,ACI g=0.05 (grow cal),blocked,0.9021739130434783,0.9,0.0021739130434782483,0.09821428571428571,0.9021739130434783,0.500194099378882,0.24909090909090906,11
2,0,hand:dgripper [task-rel],0.15,split CP (SAFE),exch,0.8,0.85,-0.04999999999999993,0.13114754098360656,0.8,0.4655737704918033,0.18,8
2,0,hand:dgripper [task-rel],0.15,ACI g=0.05 (grow cal),exch,0.7333333333333334,0.85,-0.11666666666666659,0.13114754098360656,0.7333333333333334,0.43224043715847,0.21749999999999997,8
2,0,hand:dgripper [task-rel],0.15,split CP (SAFE),blocked,0.7717391304347826,0.85,-0.07826086956521738,0.22321428571428573,0.7717391304347826,0.49747670807453415,0.08959999999999999,25
2,0,hand:dgripper [task-rel],0.15,ACI g=0.05 (grow cal),blocked,0.8695652173913043,0.85,0.019565217391304346,0.10714285714285714,0.8695652173913043,0.4883540372670807,0.2433333333333333,12
2,0,hand:dgripper [task-rel],0.2,split CP (SAFE),exch,0.7333333333333334,0.8,-0.06666666666666665,0.14754098360655737,0.7333333333333334,0.44043715846994536,0.19555555555555557,9
2,0,hand:dgripper [task-rel],0.2,ACI g=0.05 (grow cal),exch,0.7333333333333334,0.8,-0.06666666666666665,0.14754098360655737,0.7333333333333334,0.44043715846994536,0.19555555555555557,9
2,0,hand:dgripper [task-rel],0.2,split CP (SAFE),blocked,0.7065217391304348,0.8,-0.09347826086956523,0.25,0.7065217391304348,0.4782608695652174,0.11428571428571425,28
2,0,hand:dgripper [task-rel],0.2,ACI g=0.05 (grow cal),blocked,0.8152173913043479,0.8,0.01521739130434785,0.13392857142857142,0.8152173913043479,0.47457298136645965,0.22399999999999992,15
2,0,hand:dgripper [task-rel],0.25,split CP (SAFE),exch,0.7333333333333334,0.75,-0.016666666666666607,0.14754098360655737,0.7333333333333334,0.44043715846994536,0.19555555555555557,9
2,0,hand:dgripper [task-rel],0.25,ACI g=0.05 (grow cal),exch,0.7333333333333334,0.75,-0.016666666666666607,0.14754098360655737,0.7333333333333334,0.44043715846994536,0.19555555555555557,9
2,0,hand:dgripper [task-rel],0.25,split CP (SAFE),blocked,0.7065217391304348,0.75,-0.04347826086956519,0.25,0.7065217391304348,0.4782608695652174,0.11428571428571425,28
2,0,hand:dgripper [task-rel],0.25,ACI g=0.05 (grow cal),blocked,0.7608695652173914,0.75,0.010869565217391353,0.16964285714285715,0.7608695652173914,0.4652562111801243,0.17263157894736839,19
2,1,SAFE-MLP,0.1,split CP (SAFE),exch,0.75,0.9,-0.15000000000000002,0.576271186440678,0.75,0.663135593220339,0.2441176470588235,34
2,1,SAFE-MLP,0.1,ACI g=0.05 (grow cal),exch,0.75,0.9,-0.15000000000000002,0.5423728813559322,0.75,0.646186440677966,0.318125,32
2,1,SAFE-MLP,0.1,split CP (SAFE),blocked,0.5978260869565217,0.9,-0.3021739130434783,0.5892857142857143,0.5978260869565217,0.593555900621118,0.22121212121212122,66
2,1,SAFE-MLP,0.1,ACI g=0.05 (grow cal),blocked,0.9130434782608696,0.9,0.013043478260869601,0.42857142857142855,0.9130434782608696,0.6708074534161491,0.6841666666666667,48
2,1,SAFE-MLP,0.15,split CP (SAFE),exch,0.625,0.85,-0.22499999999999998,0.6949152542372882,0.625,0.659957627118644,0.25414634146341464,41
2,1,SAFE-MLP,0.15,ACI g=0.05 (grow cal),exch,0.6875,0.85,-0.16249999999999998,0.6101694915254238,0.6875,0.6488347457627119,0.3122222222222221,36
2,1,SAFE-MLP,0.15,split CP (SAFE),blocked,0.46739130434782605,0.85,-0.3826086956521739,0.7142857142857143,0.46739130434782605,0.5908385093167702,0.16075,80
2,1,SAFE-MLP,0.15,ACI g=0.05 (grow cal),blocked,0.8695652173913043,0.85,0.019565217391304346,0.42857142857142855,0.8695652173913043,0.6490683229813664,0.6175,48
2,1,SAFE-MLP,0.2,split CP (SAFE),exch,0.5625,0.8,-0.23750000000000004,0.711864406779661,0.5625,0.6371822033898304,0.23476190476190475,42
2,1,SAFE-MLP,0.2,ACI g=0.05 (grow cal),exch,0.625,0.8,-0.17500000000000004,0.6440677966101694,0.625,0.6345338983050848,0.28684210526315784,38
2,1,SAFE-MLP,0.2,split CP (SAFE),blocked,0.3913043478260869,0.8,-0.4086956521739131,0.7410714285714286,0.3913043478260869,0.5661878881987578,0.14289156626506022,83
2,1,SAFE-MLP,0.2,ACI g=0.05 (grow cal),blocked,0.8369565217391304,0.8,0.03695652173913033,0.4642857142857143,0.8369565217391304,0.6506211180124224,0.5434615384615384,52
2,1,SAFE-MLP,0.25,split CP (SAFE),exch,0.4375,0.75,-0.3125,0.8135593220338984,0.4375,0.6255296610169492,0.21124999999999997,48
2,1,SAFE-MLP,0.25,ACI g=0.05 (grow cal),exch,0.5625,0.75,-0.1875,0.6949152542372882,0.5625,0.628707627118644,0.2541463414634147,41
2,1,SAFE-MLP,0.25,split CP (SAFE),blocked,0.19565217391304346,0.75,-0.5543478260869565,0.8660714285714286,0.19565217391304346,0.530861801242236,0.15525773195876288,97
2,1,SAFE-MLP,0.25,ACI g=0.05 (grow cal),blocked,0.782608695652174,0.75,0.03260869565217395,0.5267857142857143,0.782608695652174,0.6546972049689441,0.608813559322034,59
2,1,SAFE-MLP [task-rel],0.1,split CP (SAFE),exch,0.875,0.9,-0.025000000000000022,0.2711864406779661,0.875,0.573093220338983,0.6525000000000001,16
2,1,SAFE-MLP [task-rel],0.1,ACI g=0.05 (grow cal),exch,0.875,0.9,-0.025000000000000022,0.23728813559322035,0.875,0.5561440677966102,0.6528571428571427,14
2,1,SAFE-MLP [task-rel],0.1,split CP (SAFE),blocked,0.8260869565217391,0.9,-0.07391304347826089,0.17857142857142858,0.8260869565217391,0.5023291925465838,0.692,20
2,1,SAFE-MLP [task-rel],0.1,ACI g=0.05 (grow cal),blocked,0.9021739130434783,0.9,0.0021739130434782483,0.08928571428571429,0.9021739130434783,0.4957298136645963,0.736,10
2,1,SAFE-MLP [task-rel],0.15,split CP (SAFE),exch,0.8125,0.85,-0.03749999999999998,0.3389830508474576,0.8125,0.5757415254237288,0.5840000000000001,20
2,1,SAFE-MLP [task-rel],0.15,ACI g=0.05 (grow cal),exch,0.8125,0.85,-0.03749999999999998,0.3389830508474576,0.8125,0.5757415254237288,0.6250000000000001,20
2,1,SAFE-MLP [task-rel],0.15,split CP (SAFE),blocked,0.7717391304347826,0.85,-0.07826086956521738,0.22321428571428573,0.7717391304347826,0.49747670807453415,0.5903999999999999,25
2,1,SAFE-MLP [task-rel],0.15,ACI g=0.05 (grow cal),blocked,0.8695652173913043,0.85,0.019565217391304346,0.1875,0.8695652173913043,0.5285326086956521,0.6933333333333331,21
2,1,SAFE-MLP [task-rel],0.2,split CP (SAFE),exch,0.8125,0.8,0.012499999999999956,0.3728813559322034,0.8125,0.5926906779661016,0.5345454545454545,22
2,1,SAFE-MLP [task-rel],0.2,ACI g=0.05 (grow cal),exch,0.8125,0.8,0.012499999999999956,0.4067796610169492,0.8125,0.6096398305084746,0.5299999999999999,24
2,1,SAFE-MLP [task-rel],0.2,split CP (SAFE),blocked,0.75,0.8,-0.050000000000000044,0.25892857142857145,0.75,0.5044642857142857,0.5744827586206896,29
2,1,SAFE-MLP [task-rel],0.2,ACI g=0.05 (grow cal),blocked,0.8369565217391304,0.8,0.03695652173913033,0.24107142857142858,0.8369565217391304,0.5390139751552795,0.6481481481481481,27
2,1,SAFE-MLP [task-rel],0.25,split CP (SAFE),exch,0.8125,0.75,0.0625,0.4406779661016949,0.8125,0.6265889830508474,0.49230769230769234,26
2,1,SAFE-MLP [task-rel],0.25,ACI g=0.05 (grow cal),exch,0.8125,0.75,0.0625,0.4576271186440678,0.8125,0.635063559322034,0.4703703703703703,27
2,1,SAFE-MLP [task-rel],0.25,split CP (SAFE),blocked,0.6956521739130435,0.75,-0.05434782608695654,0.33035714285714285,0.6956521739130435,0.5130046583850931,0.5091891891891893,37
2,1,SAFE-MLP [task-rel],0.25,ACI g=0.05 (grow cal),blocked,0.7934782608695652,0.75,0.04347826086956519,0.2767857142857143,0.7934782608695652,0.5351319875776397,0.6225806451612903,31
2,1,H&S,0.1,split CP (SAFE),exch,0.875,0.9,-0.025000000000000022,0.288135593220339,0.875,0.5815677966101696,0.23999999999999996,17
2,1,H&S,0.1,ACI g=0.05 (grow cal),exch,0.875,0.9,-0.025000000000000022,0.3559322033898305,0.875,0.6154661016949152,0.3352380952380952,21
2,1,H&S,0.1,split CP (SAFE),blocked,0.8260869565217391,0.9,-0.07391304347826089,0.375,0.8260869565217391,0.6005434782608696,0.32095238095238093,42
2,1,H&S,0.1,ACI g=0.05 (grow cal),blocked,0.9130434782608696,0.9,0.013043478260869601,0.10714285714285714,0.9130434782608696,0.5100931677018634,0.10666666666666665,12
2,1,H&S,0.15,split CP (SAFE),exch,0.75,0.85,-0.09999999999999998,0.4576271186440678,0.75,0.603813559322034,0.3711111111111111,27
2,1,H&S,0.15,ACI g=0.05 (grow cal),exch,0.75,0.85,-0.09999999999999998,0.4745762711864407,0.75,0.6122881355932204,0.38071428571428567,28
2,1,H&S,0.15,split CP (SAFE),blocked,0.6847826086956521,0.85,-0.16521739130434787,0.5625,0.6847826086956521,0.623641304347826,0.4190476190476191,63
2,1,H&S,0.15,ACI g=0.05 (grow cal),blocked,0.8478260869565217,0.85,-0.0021739130434782483,0.4017857142857143,0.8478260869565217,0.624805900621118,0.4502222222222224,45
2,1,H&S,0.2,split CP (SAFE),exch,0.75,0.8,-0.050000000000000044,0.4915254237288136,0.75,0.6207627118644068,0.38827586206896547,29
2,1,H&S,0.2,ACI g=0.05 (grow cal),exch,0.75,0.8,-0.050000000000000044,0.4915254237288136,0.75,0.6207627118644068,0.38827586206896547,29
2,1,H&S,0.2,split CP (SAFE),blocked,0.6521739130434783,0.8,-0.14782608695652177,0.6071428571428571,0.6521739130434783,0.6296583850931676,0.3841176470588236,68
2,1,H&S,0.2,ACI g=0.05 (grow cal),blocked,0.8043478260869565,0.8,0.004347826086956497,0.41964285714285715,0.8043478260869565,0.6119953416149069,0.44978723404255333,47
2,1,H&S,0.25,split CP (SAFE),exch,0.75,0.75,0.0,0.5932203389830508,0.75,0.6716101694915254,0.46571428571428575,35
2,1,H&S,0.25,ACI g=0.05 (grow cal),exch,0.75,0.75,0.0,0.5932203389830508,0.75,0.6716101694915254,0.4622857142857143,35
2,1,H&S,0.25,split CP (SAFE),blocked,0.5978260869565217,0.75,-0.15217391304347827,0.7767857142857143,0.5978260869565217,0.687305900621118,0.437471264367816,87
2,1,H&S,0.25,ACI g=0.05 (grow cal),blocked,0.7717391304347826,0.75,0.021739130434782594,0.5089285714285714,0.7717391304347826,0.6403338509316769,0.48807017543859654,57
2,1,H&S [task-rel],0.1,split CP (SAFE),exch,0.9375,0.9,0.03749999999999998,0.13559322033898305,0.9375,0.5365466101694916,0.14,8
2,1,H&S [task-rel],0.1,ACI g=0.05 (grow cal),exch,0.9375,0.9,0.03749999999999998,0.288135593220339,0.9375,0.6128177966101696,0.2564705882352941,17
2,1,H&S [task-rel],0.1,split CP (SAFE),blocked,0.7934782608695652,0.9,-0.10652173913043483,0.15178571428571427,0.7934782608695652,0.47263198757763975,0.17176470588235293,17
2,1,H&S [task-rel],0.1,ACI g=0.05 (grow cal),blocked,0.9021739130434783,0.9,0.0021739130434782483,0.08928571428571429,0.9021739130434783,0.4957298136645963,0.17600000000000002,10
2,1,H&S [task-rel],0.15,split CP (SAFE),exch,0.8125,0.85,-0.03749999999999998,0.4915254237288136,0.8125,0.6520127118644068,0.36689655172413793,29
2,1,H&S [task-rel],0.15,ACI g=0.05 (grow cal),exch,0.8125,0.85,-0.03749999999999998,0.4745762711864407,0.8125,0.6435381355932204,0.3678571428571429,28
2,1,H&S [task-rel],0.15,split CP (SAFE),blocked,0.5434782608695652,0.85,-0.3065217391304348,0.6160714285714286,0.5434782608695652,0.5797748447204969,0.34173913043478255,69
2,1,H&S [task-rel],0.15,ACI g=0.05 (grow cal),blocked,0.8586956521739131,0.85,0.008695652173913104,0.13392857142857142,0.8586956521739131,0.49631211180124224,0.19600000000000004,15
2,1,H&S [task-rel],0.2,split CP (SAFE),exch,0.8125,0.8,0.012499999999999956,0.5932203389830508,0.8125,0.7028601694915254,0.37542857142857144,35
2,1,H&S [task-rel],0.2,ACI g=0.05 (grow cal),exch,0.8125,0.8,0.012499999999999956,0.6101694915254238,0.8125,0.7113347457627119,0.3705555555555555,36
2,1,H&S [task-rel],0.2,split CP (SAFE),blocked,0.4565217391304348,0.8,-0.34347826086956523,0.75,0.4565217391304348,0.6032608695652174,0.3673809523809523,84
2,1,H&S [task-rel],0.2,ACI g=0.05 (grow cal),blocked,0.8152173913043479,0.8,0.01521739130434785,0.14285714285714285,0.8152173913043479,0.47903726708074534,0.2,16
2,1,H&S [task-rel],0.25,split CP (SAFE),exch,0.6875,0.75,-0.0625,0.7796610169491526,0.6875,0.7335805084745763,0.4956521739130435,46
2,1,H&S [task-rel],0.25,ACI g=0.05 (grow cal),exch,0.6875,0.75,-0.0625,0.7627118644067796,0.6875,0.7251059322033898,0.4946666666666667,45
2,1,H&S [task-rel],0.25,split CP (SAFE),blocked,0.3369565217391305,0.75,-0.4130434782608695,0.9107142857142857,0.3369565217391305,0.6238354037267081,0.4390196078431373,102
2,1,H&S [task-rel],0.25,ACI g=0.05 (grow cal),blocked,0.782608695652174,0.75,0.03260869565217395,0.5892857142857143,0.782608695652174,0.6859472049689441,0.5139393939393938,66
2,1,SAFE-Embed,0.1,split CP (SAFE),exch,0.875,0.9,-0.025000000000000022,0.3559322033898305,0.875,0.6154661016949152,0.4371428571428572,21
2,1,SAFE-Embed,0.1,ACI g=0.05 (grow cal),exch,0.8125,0.9,-0.08750000000000002,0.2711864406779661,0.8125,0.541843220338983,0.495,16
2,1,SAFE-Embed,0.1,split CP (SAFE),blocked,0.010869565217391353,0.9,-0.8891304347826087,0.9910714285714286,0.010869565217391353,0.50097049689441,0.2389189189189189,111
2,1,SAFE-Embed,0.1,ACI g=0.05 (grow cal),blocked,0.8478260869565217,0.9,-0.05217391304347829,0.5,0.8478260869565217,0.6739130434782609,0.8082142857142857,56
2,1,SAFE-Embed,0.15,split CP (SAFE),exch,0.8125,0.85,-0.03749999999999998,0.423728813559322,0.8125,0.618114406779661,0.3863999999999999,25
2,1,SAFE-Embed,0.15,ACI g=0.05 (grow cal),exch,0.8125,0.85,-0.03749999999999998,0.3898305084745763,0.8125,0.6011652542372882,0.3739130434782609,23
2,1,SAFE-Embed,0.15,split CP (SAFE),blocked,0.0,0.85,-0.85,0.9910714285714286,0.0,0.4955357142857143,0.1504504504504504,111
2,1,SAFE-Embed,0.15,ACI g=0.05 (grow cal),blocked,0.7934782608695652,0.85,-0.05652173913043479,0.44642857142857145,0.7934782608695652,0.6199534161490683,0.7424,50
2,1,SAFE-Embed,0.2,split CP (SAFE),exch,0.6875,0.8,-0.11250000000000004,0.5932203389830508,0.6875,0.6403601694915254,0.416,35
2,1,SAFE-Embed,0.2,ACI g=0.05 (grow cal),exch,0.75,0.8,-0.050000000000000044,0.5423728813559322,0.75,0.646186440677966,0.4375,32
2,1,SAFE-Embed,0.2,split CP (SAFE),blocked,0.0,0.8,-0.8,0.9910714285714286,0.0,0.4955357142857143,0.06396396396396395,111
2,1,SAFE-Embed,0.2,ACI g=0.05 (grow cal),blocked,0.7391304347826086,0.8,-0.0608695652173914,0.5267857142857143,0.7391304347826086,0.6329580745341614,0.7240677966101695,59
2,1,SAFE-Embed,0.25,split CP (SAFE),exch,0.4375,0.75,-0.3125,0.711864406779661,0.4375,0.5746822033898304,0.34952380952380946,42
2,1,SAFE-Embed,0.25,ACI g=0.05 (grow cal),exch,0.6875,0.75,-0.0625,0.5423728813559322,0.6875,0.614936440677966,0.40625,32
2,1,SAFE-Embed,0.25,split CP (SAFE),blocked,0.0,0.75,-0.75,1.0,0.0,0.5,0.014821428571428572,112
2,1,SAFE-Embed,0.25,ACI g=0.05 (grow cal),blocked,0.6956521739130435,0.75,-0.05434782608695654,0.5803571428571429,0.6956521739130435,0.6380046583850931,0.6043076923076923,65
2,1,SAFE-Embed [task-rel],0.1,split CP (SAFE),exch,0.8125,0.9,-0.08750000000000002,0.423728813559322,0.8125,0.618114406779661,0.304,25
2,1,SAFE-Embed [task-rel],0.1,ACI g=0.05 (grow cal),exch,0.875,0.9,-0.025000000000000022,0.3220338983050847,0.875,0.5985169491525424,0.248421052631579,19
2,1,SAFE-Embed [task-rel],0.1,split CP (SAFE),blocked,1.0,0.9,0.09999999999999998,0.0625,1.0,0.53125,0.27142857142857146,7
2,1,SAFE-Embed [task-rel],0.1,ACI g=0.05 (grow cal),blocked,0.9130434782608696,0.9,0.013043478260869601,0.16964285714285715,0.9130434782608696,0.5413431677018634,0.16,19
2,1,SAFE-Embed [task-rel],0.15,split CP (SAFE),exch,0.75,0.85,-0.09999999999999998,0.5254237288135594,0.75,0.6377118644067796,0.4516129032258064,31
2,1,SAFE-Embed [task-rel],0.15,ACI g=0.05 (grow cal),exch,0.8125,0.85,-0.03749999999999998,0.4915254237288136,0.8125,0.6520127118644068,0.47103448275862064,29
2,1,SAFE-Embed [task-rel],0.15,split CP (SAFE),blocked,1.0,0.85,0.15000000000000002,0.09821428571428571,1.0,0.5491071428571429,0.5290909090909092,11
2,1,SAFE-Embed [task-rel],0.15,ACI g=0.05 (grow cal),blocked,0.8804347826086957,0.85,0.0304347826086957,0.375,0.8804347826086957,0.6277173913043479,0.3761904761904762,42
2,1,SAFE-Embed [task-rel],0.2,split CP (SAFE),exch,0.75,0.8,-0.050000000000000044,0.576271186440678,0.75,0.663135593220339,0.4411764705882354,34
2,1,SAFE-Embed [task-rel],0.2,ACI g=0.05 (grow cal),exch,0.75,0.8,-0.050000000000000044,0.559322033898305,0.75,0.6546610169491525,0.45636363636363636,33
2,1,SAFE-Embed [task-rel],0.2,split CP (SAFE),blocked,1.0,0.8,0.19999999999999996,0.125,1.0,0.5625,0.5342857142857143,14
2,1,SAFE-Embed [task-rel],0.2,ACI g=0.05 (grow cal),blocked,0.8260869565217391,0.8,0.02608695652173909,0.39285714285714285,0.8260869565217391,0.609472049689441,0.3236363636363636,44
2,1,SAFE-Embed [task-rel],0.25,split CP (SAFE),exch,0.6875,0.75,-0.0625,0.559322033898305,0.6875,0.6234110169491525,0.41393939393939394,33
2,1,SAFE-Embed [task-rel],0.25,ACI g=0.05 (grow cal),exch,0.6875,0.75,-0.0625,0.559322033898305,0.6875,0.6234110169491525,0.41454545454545455,33
2,1,SAFE-Embed [task-rel],0.25,split CP (SAFE),blocked,0.967391304347826,0.75,0.21739130434782605,0.23214285714285715,0.967391304347826,0.5997670807453416,0.6830769230769231,26
2,1,SAFE-Embed [task-rel],0.25,ACI g=0.05 (grow cal),blocked,0.782608695652174,0.75,0.03260869565217395,0.39285714285714285,0.782608695652174,0.5877329192546584,0.3736363636363635,44
2,1,hand:cum_mean_token_entropy,0.1,split CP (SAFE),exch,0.9375,0.9,0.03749999999999998,0.15254237288135594,0.9375,0.545021186440678,0.015555555555555557,9
2,1,hand:cum_mean_token_entropy,0.1,ACI g=0.05 (grow cal),exch,0.9375,0.9,0.03749999999999998,0.1694915254237288,0.9375,0.5534957627118644,0.013999999999999999,10
2,1,hand:cum_mean_token_entropy,0.1,split CP (SAFE),blocked,0.8260869565217391,0.9,-0.07391304347826089,0.16964285714285715,0.8260869565217391,0.4978649068322981,0.05052631578947369,19
2,1,hand:cum_mean_token_entropy,0.1,ACI g=0.05 (grow cal),blocked,0.8913043478260869,0.9,-0.008695652173913104,0.15178571428571427,0.8913043478260869,0.5215450310559006,0.058823529411764705,17
2,1,hand:cum_mean_token_entropy,0.15,split CP (SAFE),exch,0.875,0.85,0.025000000000000022,0.1864406779661017,0.875,0.5307203389830508,0.08727272727272727,11
2,1,hand:cum_mean_token_entropy,0.15,ACI g=0.05 (grow cal),exch,0.875,0.85,0.025000000000000022,0.1864406779661017,0.875,0.5307203389830508,0.08727272727272727,11
2,1,hand:cum_mean_token_entropy,0.15,split CP (SAFE),blocked,0.7282608695652174,0.85,-0.12173913043478257,0.24107142857142858,0.7282608695652174,0.484666149068323,0.2866666666666666,27
2,1,hand:cum_mean_token_entropy,0.15,ACI g=0.05 (grow cal),blocked,0.8043478260869565,0.85,-0.04565217391304344,0.16071428571428573,0.8043478260869565,0.4825310559006211,0.2666666666666666,18
2,1,hand:cum_mean_token_entropy,0.2,split CP (SAFE),exch,0.875,0.8,0.07499999999999996,0.23728813559322035,0.875,0.5561440677966102,0.09714285714285716,14
2,1,hand:cum_mean_token_entropy,0.2,ACI g=0.05 (grow cal),exch,0.8125,0.8,0.012499999999999956,0.23728813559322035,0.8125,0.5248940677966102,0.09285714285714286,14
2,1,hand:cum_mean_token_entropy,0.2,split CP (SAFE),blocked,0.6847826086956521,0.8,-0.11521739130434794,0.26785714285714285,0.6847826086956521,0.47631987577639745,0.22866666666666663,30
2,1,hand:cum_mean_token_entropy,0.2,ACI g=0.05 (grow cal),blocked,0.7717391304347826,0.8,-0.02826086956521745,0.1875,0.7717391304347826,0.4796195652173913,0.2266666666666667,21
2,1,hand:cum_mean_token_entropy,0.25,split CP (SAFE),exch,0.8125,0.75,0.0625,0.2542372881355932,0.8125,0.5333686440677966,0.15333333333333335,15
2,1,hand:cum_mean_token_entropy,0.25,ACI g=0.05 (grow cal),exch,0.8125,0.75,0.0625,0.2542372881355932,0.8125,0.5333686440677966,0.14400000000000002,15
2,1,hand:cum_mean_token_entropy,0.25,split CP (SAFE),blocked,0.5543478260869565,0.75,-0.19565217391304346,0.3125,0.5543478260869565,0.43342391304347827,0.30457142857142855,35
2,1,hand:cum_mean_token_entropy,0.25,ACI g=0.05 (grow cal),blocked,0.7282608695652174,0.75,-0.021739130434782594,0.17857142857142858,0.7282608695652174,0.453416149068323,0.20900000000000002,20
2,1,hand:cum_mean_token_entropy [task-rel],0.1,split CP (SAFE),exch,0.9375,0.9,0.03749999999999998,0.03389830508474576,0.9375,0.4856991525423729,0.04,2
2,1,hand:cum_mean_token_entropy [task-rel],0.1,ACI g=0.05 (grow cal),exch,0.9375,0.9,0.03749999999999998,0.05084745762711865,0.9375,0.4941737288135593,0.08666666666666667,3
2,1,hand:cum_mean_token_entropy [task-rel],0.1,split CP (SAFE),blocked,0.9130434782608696,0.9,0.013043478260869601,0.09821428571428571,0.9130434782608696,0.5056288819875777,0.23454545454545456,11
2,1,hand:cum_mean_token_entropy [task-rel],0.1,ACI g=0.05 (grow cal),blocked,0.9021739130434783,0.9,0.0021739130434782483,0.08035714285714286,0.9021739130434783,0.4912655279503106,0.20222222222222222,9
2,1,hand:cum_mean_token_entropy [task-rel],0.15,split CP (SAFE),exch,1.0,0.85,0.15000000000000002,0.0,1.0,0.5,,0
2,1,hand:cum_mean_token_entropy [task-rel],0.15,ACI g=0.05 (grow cal),exch,0.875,0.85,0.025000000000000022,0.01694915254237288,0.875,0.4459745762711864,0.88,1
2,1,hand:cum_mean_token_entropy [task-rel],0.15,split CP (SAFE),blocked,0.9021739130434783,0.85,0.05217391304347829,0.05357142857142857,0.9021739130434783,0.47787267080745344,0.7133333333333334,6
2,1,hand:cum_mean_token_entropy [task-rel],0.15,ACI g=0.05 (grow cal),blocked,0.8586956521739131,0.85,0.008695652173913104,0.08928571428571429,0.8586956521739131,0.4739906832298137,0.52,10
2,1,hand:cum_mean_token_entropy [task-rel],0.2,split CP (SAFE),exch,1.0,0.8,0.19999999999999996,0.03389830508474576,1.0,0.5169491525423728,0.04,2
2,1,hand:cum_mean_token_entropy [task-rel],0.2,ACI g=0.05 (grow cal),exch,0.8125,0.8,0.012499999999999956,0.06779661016949153,0.8125,0.4401483050847458,0.26,4
2,1,hand:cum_mean_token_entropy [task-rel],0.2,split CP (SAFE),blocked,0.8804347826086957,0.8,0.08043478260869563,0.07142857142857142,0.8804347826086957,0.47593167701863354,0.6025,8
2,1,hand:cum_mean_token_entropy [task-rel],0.2,ACI g=0.05 (grow cal),blocked,0.8043478260869565,0.8,0.004347826086956497,0.11607142857142858,0.8043478260869565,0.46020962732919257,0.4092307692307692,13
2,1,hand:cum_mean_token_entropy [task-rel],0.25,split CP (SAFE),exch,0.9375,0.75,0.1875,0.03389830508474576,0.9375,0.4856991525423729,0.18,2
2,1,hand:cum_mean_token_entropy [task-rel],0.25,ACI g=0.05 (grow cal),exch,0.75,0.75,0.0,0.13559322033898305,0.75,0.4427966101694915,0.355,8
2,1,hand:cum_mean_token_entropy [task-rel],0.25,split CP (SAFE),blocked,0.8586956521739131,0.75,0.10869565217391308,0.09821428571428571,0.8586956521739131,0.4784549689440994,0.4890909090909091,11
2,1,hand:cum_mean_token_entropy [task-rel],0.25,ACI g=0.05 (grow cal),blocked,0.75,0.75,0.0,0.15178571428571427,0.75,0.45089285714285715,0.31999999999999995,17
2,1,hand:mean_token_entropy,0.1,split CP (SAFE),exch,0.9375,0.9,0.03749999999999998,0.01694915254237288,0.9375,0.4772245762711864,0.88,1
2,1,hand:mean_token_entropy,0.1,ACI g=0.05 (grow cal),exch,0.9375,0.9,0.03749999999999998,0.01694915254237288,0.9375,0.4772245762711864,0.88,1
2,1,hand:mean_token_entropy,0.1,split CP (SAFE),blocked,0.8369565217391304,0.9,-0.06304347826086965,0.0,0.8369565217391304,0.4184782608695652,,0
2,1,hand:mean_token_entropy,0.1,ACI g=0.05 (grow cal),blocked,0.9021739130434783,0.9,0.0021739130434782483,0.026785714285714284,0.9021739130434783,0.4644798136645963,0.7000000000000001,3
2,1,hand:mean_token_entropy,0.15,split CP (SAFE),exch,0.9375,0.85,0.08750000000000002,0.03389830508474576,0.9375,0.4856991525423729,0.44,2
2,1,hand:mean_token_entropy,0.15,ACI g=0.05 (grow cal),exch,0.9375,0.85,0.08750000000000002,0.05084745762711865,0.9375,0.4941737288135593,0.6133333333333333,3
2,1,hand:mean_token_entropy,0.15,split CP (SAFE),blocked,0.8369565217391304,0.85,-0.013043478260869601,0.044642857142857144,0.8369565217391304,0.44079968944099374,0.6519999999999999,5
2,1,hand:mean_token_entropy,0.15,ACI g=0.05 (grow cal),blocked,0.8478260869565217,0.85,-0.0021739130434782483,0.044642857142857144,0.8478260869565217,0.4462344720496894,0.7919999999999999,5
2,1,hand:mean_token_entropy,0.2,split CP (SAFE),exch,0.9375,0.8,0.13749999999999996,0.06779661016949153,0.9375,0.5026483050847458,0.71,4
2,1,hand:mean_token_entropy,0.2,ACI g=0.05 (grow cal),exch,0.875,0.8,0.07499999999999996,0.06779661016949153,0.875,0.4713983050847458,0.45999999999999996,4
2,1,hand:mean_token_entropy,0.2,split CP (SAFE),blocked,0.7065217391304348,0.8,-0.09347826086956523,0.10714285714285714,0.7065217391304348,0.40683229813664595,0.6316666666666667,12
2,1,hand:mean_token_entropy,0.2,ACI g=0.05 (grow cal),blocked,0.7934782608695652,0.8,-0.006521739130434856,0.05357142857142857,0.7934782608695652,0.4235248447204969,0.7766666666666667,6
2,1,hand:mean_token_entropy,0.25,split CP (SAFE),exch,0.8125,0.75,0.0625,0.0847457627118644,0.8125,0.4486228813559322,0.564,5
2,1,hand:mean_token_entropy,0.25,ACI g=0.05 (grow cal),exch,0.8125,0.75,0.0625,0.0847457627118644,0.8125,0.4486228813559322,0.564,5
2,1,hand:mean_token_entropy,0.25,split CP (SAFE),blocked,0.6304347826086957,0.75,-0.11956521739130432,0.125,0.6304347826086957,0.37771739130434784,0.6371428571428571,14
2,1,hand:mean_token_entropy,0.25,ACI g=0.05 (grow cal),blocked,0.7391304347826086,0.75,-0.010869565217391353,0.09821428571428571,0.7391304347826086,0.4186723602484472,0.5218181818181818,11
2,1,hand:mean_token_entropy [task-rel],0.1,split CP (SAFE),exch,0.9375,0.9,0.03749999999999998,0.0847457627118644,0.9375,0.5111228813559322,0.21600000000000003,5
2,1,hand:mean_token_entropy [task-rel],0.1,ACI g=0.05 (grow cal),exch,0.9375,0.9,0.03749999999999998,0.13559322033898305,0.9375,0.5365466101694916,0.22000000000000003,8
2,1,hand:mean_token_entropy [task-rel],0.1,split CP (SAFE),blocked,0.8478260869565217,0.9,-0.05217391304347829,0.21428571428571427,0.8478260869565217,0.531055900621118,0.18583333333333332,24
2,1,hand:mean_token_entropy [task-rel],0.1,ACI g=0.05 (grow cal),blocked,0.8913043478260869,0.9,-0.008695652173913104,0.14285714285714285,0.8913043478260869,0.5170807453416149,0.17375000000000002,16
2,1,hand:mean_token_entropy [task-rel],0.15,split CP (SAFE),exch,0.875,0.85,0.025000000000000022,0.1694915254237288,0.875,0.5222457627118644,0.274,10
2,1,hand:mean_token_entropy [task-rel],0.15,ACI g=0.05 (grow cal),exch,0.875,0.85,0.025000000000000022,0.1864406779661017,0.875,0.5307203389830508,0.23636363636363641,11
2,1,hand:mean_token_entropy [task-rel],0.15,split CP (SAFE),blocked,0.7717391304347826,0.85,-0.07826086956521738,0.2857142857142857,0.7717391304347826,0.5287267080745341,0.268125,32
2,1,hand:mean_token_entropy [task-rel],0.15,ACI g=0.05 (grow cal),blocked,0.8478260869565217,0.85,-0.0021739130434782483,0.17857142857142858,0.8478260869565217,0.5131987577639752,0.26199999999999996,20
2,1,hand:mean_token_entropy [task-rel],0.2,split CP (SAFE),exch,0.875,0.8,0.07499999999999996,0.1864406779661017,0.875,0.5307203389830508,0.23272727272727278,11
2,1,hand:mean_token_entropy [task-rel],0.2,ACI g=0.05 (grow cal),exch,0.875,0.8,0.07499999999999996,0.2033898305084746,0.875,0.5391949152542372,0.24500000000000002,12
2,1,hand:mean_token_entropy [task-rel],0.2,split CP (SAFE),blocked,0.6739130434782609,0.8,-0.12608695652173918,0.35714285714285715,0.6739130434782609,0.515527950310559,0.24899999999999997,40
2,1,hand:mean_token_entropy [task-rel],0.2,ACI g=0.05 (grow cal),blocked,0.782608695652174,0.8,-0.017391304347826098,0.20535714285714285,0.782608695652174,0.4939829192546584,0.24173913043478254,23
2,1,hand:mean_token_entropy [task-rel],0.25,split CP (SAFE),exch,0.875,0.75,0.125,0.1864406779661017,0.875,0.5307203389830508,0.4436363636363636,11
2,1,hand:mean_token_entropy [task-rel],0.25,ACI g=0.05 (grow cal),exch,0.875,0.75,0.125,0.3050847457627119,0.875,0.590042372881356,0.37,18
2,1,hand:mean_token_entropy [task-rel],0.25,split CP (SAFE),blocked,0.7608695652173914,0.75,0.010869565217391353,0.25,0.7608695652173914,0.5054347826086957,0.3171428571428571,28
2,1,hand:mean_token_entropy [task-rel],0.25,ACI g=0.05 (grow cal),blocked,0.7282608695652174,0.75,-0.021739130434782594,0.29464285714285715,0.7282608695652174,0.5114518633540373,0.3072727272727273,33
2,1,hand:cum_max_token_entropy,0.1,split CP (SAFE),exch,0.9375,0.9,0.03749999999999998,0.23728813559322035,0.9375,0.5873940677966102,0.3657142857142857,14
2,1,hand:cum_max_token_entropy,0.1,ACI g=0.05 (grow cal),exch,0.9375,0.9,0.03749999999999998,0.3050847457627119,0.9375,0.621292372881356,0.41333333333333333,18
2,1,hand:cum_max_token_entropy,0.1,split CP (SAFE),blocked,0.9456521739130435,0.9,0.04565217391304344,0.125,0.9456521739130435,0.5353260869565217,0.41000000000000003,14
2,1,hand:cum_max_token_entropy,0.1,ACI g=0.05 (grow cal),blocked,0.9239130434782609,0.9,0.023913043478260843,0.11607142857142858,0.9239130434782609,0.5199922360248447,0.5092307692307693,13
2,1,hand:cum_max_token_entropy,0.15,split CP (SAFE),exch,0.875,0.85,0.025000000000000022,0.2542372881355932,0.875,0.5646186440677966,0.2733333333333334,15
2,1,hand:cum_max_token_entropy,0.15,ACI g=0.05 (grow cal),exch,0.875,0.85,0.025000000000000022,0.3050847457627119,0.875,0.590042372881356,0.30777777777777776,18
2,1,hand:cum_max_token_entropy,0.15,split CP (SAFE),blocked,0.9130434782608696,0.85,0.06304347826086965,0.125,0.9130434782608696,0.5190217391304348,0.28285714285714286,14
2,1,hand:cum_max_token_entropy,0.15,ACI g=0.05 (grow cal),blocked,0.8804347826086957,0.85,0.0304347826086957,0.15178571428571427,0.8804347826086957,0.516110248447205,0.28117647058823525,17
2,1,hand:cum_max_token_entropy,0.2,split CP (SAFE),exch,0.875,0.8,0.07499999999999996,0.288135593220339,0.875,0.5815677966101696,0.2670588235294118,17
2,1,hand:cum_max_token_entropy,0.2,ACI g=0.05 (grow cal),exch,0.8125,0.8,0.012499999999999956,0.3898305084745763,0.8125,0.6011652542372882,0.28695652173913044,23
2,1,hand:cum_max_token_entropy,0.2,split CP (SAFE),blocked,0.9021739130434783,0.8,0.10217391304347823,0.1875,0.9021739130434783,0.5448369565217391,0.29619047619047617,21
2,1,hand:cum_max_token_entropy,0.2,ACI g=0.05 (grow cal),blocked,0.8369565217391304,0.8,0.03695652173913033,0.21428571428571427,0.8369565217391304,0.5256211180124223,0.25,24
2,1,hand:cum_max_token_entropy,0.25,split CP (SAFE),exch,0.8125,0.75,0.0625,0.4067796610169492,0.8125,0.6096398305084746,0.285,24
2,1,hand:cum_max_token_entropy,0.25,ACI g=0.05 (grow cal),exch,0.75,0.75,0.0,0.423728813559322,0.75,0.586864406779661,0.2672,25
2,1,hand:cum_max_token_entropy,0.25,split CP (SAFE),blocked,0.8695652173913043,0.75,0.11956521739130432,0.25892857142857145,0.8695652173913043,0.5642468944099379,0.21241379310344827,29
2,1,hand:cum_max_token_entropy,0.25,ACI g=0.05 (grow cal),blocked,0.782608695652174,0.75,0.03260869565217395,0.25,0.782608695652174,0.5163043478260869,0.22285714285714286,28
2,1,hand:cum_max_token_entropy [task-rel],0.1,split CP (SAFE),exch,0.9375,0.9,0.03749999999999998,0.2033898305084746,0.9375,0.5704449152542372,0.09833333333333334,12
2,1,hand:cum_max_token_entropy [task-rel],0.1,ACI g=0.05 (grow cal),exch,0.875,0.9,-0.025000000000000022,0.2033898305084746,0.875,0.5391949152542372,0.07833333333333334,12
2,1,hand:cum_max_token_entropy [task-rel],0.1,split CP (SAFE),blocked,0.967391304347826,0.9,0.06739130434782603,0.0625,0.967391304347826,0.5149456521739131,0.10285714285714286,7
2,1,hand:cum_max_token_entropy [task-rel],0.1,ACI g=0.05 (grow cal),blocked,0.9239130434782609,0.9,0.023913043478260843,0.11607142857142858,0.9239130434782609,0.5199922360248447,0.07846153846153846,13
2,1,hand:cum_max_token_entropy [task-rel],0.15,split CP (SAFE),exch,0.75,0.85,-0.09999999999999998,0.2542372881355932,0.75,0.5021186440677966,0.15866666666666668,15
2,1,hand:cum_max_token_entropy [task-rel],0.15,ACI g=0.05 (grow cal),exch,0.8125,0.85,-0.03749999999999998,0.23728813559322035,0.8125,0.5248940677966102,0.13999999999999999,14
2,1,hand:cum_max_token_entropy [task-rel],0.15,split CP (SAFE),blocked,0.8695652173913043,0.85,0.019565217391304346,0.13392857142857142,0.8695652173913043,0.5017468944099379,0.05999999999999999,15
2,1,hand:cum_max_token_entropy [task-rel],0.15,ACI g=0.05 (grow cal),blocked,0.8804347826086957,0.85,0.0304347826086957,0.10714285714285714,0.8804347826086957,0.4937888198757764,0.06833333333333334,12
2,1,hand:cum_max_token_entropy [task-rel],0.2,split CP (SAFE),exch,0.75,0.8,-0.050000000000000044,0.2711864406779661,0.75,0.510593220338983,0.14625,16
2,1,hand:cum_max_token_entropy [task-rel],0.2,ACI g=0.05 (grow cal),exch,0.75,0.8,-0.050000000000000044,0.2711864406779661,0.75,0.510593220338983,0.14375,16
2,1,hand:cum_max_token_entropy [task-rel],0.2,split CP (SAFE),blocked,0.8478260869565217,0.8,0.047826086956521685,0.16071428571428573,0.8478260869565217,0.5042701863354038,0.05555555555555555,18
2,1,hand:cum_max_token_entropy [task-rel],0.2,ACI g=0.05 (grow cal),blocked,0.8260869565217391,0.8,0.02608695652173909,0.21428571428571427,0.8260869565217391,0.5201863354037267,0.06333333333333334,24
2,1,hand:cum_max_token_entropy [task-rel],0.25,split CP (SAFE),exch,0.625,0.75,-0.125,0.3389830508474576,0.625,0.4819915254237288,0.213,20
2,1,hand:cum_max_token_entropy [task-rel],0.25,ACI g=0.05 (grow cal),exch,0.625,0.75,-0.125,0.3220338983050847,0.625,0.4735169491525424,0.26842105263157895,19
2,1,hand:cum_max_token_entropy [task-rel],0.25,split CP (SAFE),blocked,0.8260869565217391,0.75,0.07608695652173914,0.21428571428571427,0.8260869565217391,0.5201863354037267,0.11916666666666666,24
2,1,hand:cum_max_token_entropy [task-rel],0.25,ACI g=0.05 (grow cal),blocked,0.7717391304347826,0.75,0.021739130434782594,0.2857142857142857,0.7717391304347826,0.5287267080745341,0.145625,32
2,1,hand:cum_mean_token_prob,0.1,split CP (SAFE),exch,0.875,0.9,-0.025000000000000022,0.0847457627118644,0.875,0.4798728813559322,0.012,5
2,1,hand:cum_mean_token_prob,0.1,ACI g=0.05 (grow cal),exch,0.875,0.9,-0.025000000000000022,0.0847457627118644,0.875,0.4798728813559322,0.016,5
2,1,hand:cum_mean_token_prob,0.1,split CP (SAFE),blocked,0.8804347826086957,0.9,-0.019565217391304346,0.15178571428571427,0.8804347826086957,0.516110248447205,0.052941176470588235,17
2,1,hand:cum_mean_token_prob,0.1,ACI g=0.05 (grow cal),blocked,0.8913043478260869,0.9,-0.008695652173913104,0.14285714285714285,0.8913043478260869,0.5170807453416149,0.12125,16
2,1,hand:cum_mean_token_prob,0.15,split CP (SAFE),exch,0.9375,0.85,0.08750000000000002,0.0847457627118644,0.9375,0.5111228813559322,0.12400000000000003,5
2,1,hand:cum_mean_token_prob,0.15,ACI g=0.05 (grow cal),exch,0.9375,0.85,0.08750000000000002,0.1016949152542373,0.9375,0.5195974576271186,0.24333333333333332,6
2,1,hand:cum_mean_token_prob,0.15,split CP (SAFE),blocked,0.7934782608695652,0.85,-0.05652173913043479,0.19642857142857142,0.7934782608695652,0.4949534161490683,0.5627272727272726,22
2,1,hand:cum_mean_token_prob,0.15,ACI g=0.05 (grow cal),blocked,0.8152173913043479,0.85,-0.034782608695652084,0.14285714285714285,0.8152173913043479,0.47903726708074534,0.29625,16
2,1,hand:cum_mean_token_prob,0.2,split CP (SAFE),exch,0.875,0.8,0.07499999999999996,0.11864406779661017,0.875,0.4968220338983051,0.21428571428571427,7
2,1,hand:cum_mean_token_prob,0.2,ACI g=0.05 (grow cal),exch,0.875,0.8,0.07499999999999996,0.11864406779661017,0.875,0.4968220338983051,0.20857142857142857,7
2,1,hand:cum_mean_token_prob,0.2,split CP (SAFE),blocked,0.7173913043478262,0.8,-0.08260869565217388,0.25,0.7173913043478262,0.4836956521739131,0.35928571428571426,28
2,1,hand:cum_mean_token_prob,0.2,ACI g=0.05 (grow cal),blocked,0.7608695652173914,0.8,-0.03913043478260869,0.16071428571428573,0.7608695652173914,0.4607919254658385,0.2611111111111111,18
2,1,hand:cum_mean_token_prob,0.25,split CP (SAFE),exch,0.875,0.75,0.125,0.1864406779661017,0.875,0.5307203389830508,0.23636363636363636,11
2,1,hand:cum_mean_token_prob,0.25,ACI g=0.05 (grow cal),exch,0.8125,0.75,0.0625,0.2711864406779661,0.8125,0.541843220338983,0.22,16
2,1,hand:cum_mean_token_prob,0.25,split CP (SAFE),blocked,0.6956521739130435,0.75,-0.05434782608695654,0.30357142857142855,0.6956521739130435,0.49961180124223603,0.29470588235294115,34
2,1,hand:cum_mean_token_prob,0.25,ACI g=0.05 (grow cal),blocked,0.7282608695652174,0.75,-0.021739130434782594,0.1875,0.7282608695652174,0.4578804347826087,0.2342857142857143,21
2,1,hand:cum_mean_token_prob [task-rel],0.1,split CP (SAFE),exch,1.0,0.9,0.09999999999999998,0.06779661016949153,1.0,0.5338983050847458,0.065,4
2,1,hand:cum_mean_token_prob [task-rel],0.1,ACI g=0.05 (grow cal),exch,0.9375,0.9,0.03749999999999998,0.0847457627118644,0.9375,0.5111228813559322,0.06000000000000001,5
2,1,hand:cum_mean_token_prob [task-rel],0.1,split CP (SAFE),blocked,0.8913043478260869,0.9,-0.008695652173913104,0.08928571428571429,0.8913043478260869,0.4902950310559006,0.05600000000000001,10
2,1,hand:cum_mean_token_prob [task-rel],0.1,ACI g=0.05 (grow cal),blocked,0.9021739130434783,0.9,0.0021739130434782483,0.044642857142857144,0.9021739130434783,0.4734083850931677,0.068,5
2,1,hand:cum_mean_token_prob [task-rel],0.15,split CP (SAFE),exch,1.0,0.85,0.15000000000000002,0.0847457627118644,1.0,0.5423728813559322,0.06000000000000001,5
2,1,hand:cum_mean_token_prob [task-rel],0.15,ACI g=0.05 (grow cal),exch,0.875,0.85,0.025000000000000022,0.15254237288135594,0.875,0.513771186440678,0.16444444444444445,9
2,1,hand:cum_mean_token_prob [task-rel],0.15,split CP (SAFE),blocked,0.8478260869565217,0.85,-0.0021739130434782483,0.16071428571428573,0.8478260869565217,0.5042701863354038,0.21555555555555558,18
2,1,hand:cum_mean_token_prob [task-rel],0.15,ACI g=0.05 (grow cal),blocked,0.8478260869565217,0.85,-0.0021739130434782483,0.08035714285714286,0.8478260869565217,0.4640916149068323,0.30000000000000004,9
2,1,hand:cum_mean_token_prob [task-rel],0.2,split CP (SAFE),exch,0.9375,0.8,0.13749999999999996,0.1016949152542373,0.9375,0.5195974576271186,0.060000000000000005,6
2,1,hand:cum_mean_token_prob [task-rel],0.2,ACI g=0.05 (grow cal),exch,0.8125,0.8,0.012499999999999956,0.1864406779661017,0.8125,0.4994703389830508,0.21636363636363634,11
2,1,hand:cum_mean_token_prob [task-rel],0.2,split CP (SAFE),blocked,0.7282608695652174,0.8,-0.07173913043478264,0.1875,0.7282608695652174,0.4578804347826087,0.17523809523809528,21
2,1,hand:cum_mean_token_prob [task-rel],0.2,ACI g=0.05 (grow cal),blocked,0.7934782608695652,0.8,-0.006521739130434856,0.14285714285714285,0.7934782608695652,0.468167701863354,0.19624999999999998,16
2,1,hand:cum_mean_token_prob [task-rel],0.25,split CP (SAFE),exch,0.9375,0.75,0.1875,0.0847457627118644,0.9375,0.5111228813559322,0.492,5
2,1,hand:cum_mean_token_prob [task-rel],0.25,ACI g=0.05 (grow cal),exch,0.75,0.75,0.0,0.1694915254237288,0.75,0.4597457627118644,0.33399999999999996,10
2,1,hand:cum_mean_token_prob [task-rel],0.25,split CP (SAFE),blocked,0.7608695652173914,0.75,0.010869565217391353,0.09821428571428571,0.7608695652173914,0.4295419254658385,0.4399999999999999,11
2,1,hand:cum_mean_token_prob [task-rel],0.25,ACI g=0.05 (grow cal),blocked,0.7391304347826086,0.75,-0.010869565217391353,0.11607142857142858,0.7391304347826086,0.4276009316770186,0.19692307692307692,13
2,1,hand:cum_dpos,0.1,split CP (SAFE),exch,0.9375,0.9,0.03749999999999998,0.2033898305084746,0.9375,0.5704449152542372,0.15,12
2,1,hand:cum_dpos,0.1,ACI g=0.05 (grow cal),exch,0.9375,0.9,0.03749999999999998,0.2033898305084746,0.9375,0.5704449152542372,0.13499999999999998,12
2,1,hand:cum_dpos,0.1,split CP (SAFE),blocked,0.9565217391304348,0.9,0.05652173913043479,0.07142857142857142,0.9565217391304348,0.5139751552795031,0.3375,8
2,1,hand:cum_dpos,0.1,ACI g=0.05 (grow cal),blocked,0.9130434782608696,0.9,0.013043478260869601,0.15178571428571427,0.9130434782608696,0.5324145962732919,0.17176470588235293,17
2,1,hand:cum_dpos,0.15,split CP (SAFE),exch,0.6875,0.85,-0.16249999999999998,0.1864406779661017,0.6875,0.4369703389830508,0.2381818181818182,11
2,1,hand:cum_dpos,0.15,ACI g=0.05 (grow cal),exch,0.8125,0.85,-0.03749999999999998,0.1864406779661017,0.8125,0.4994703389830508,0.2545454545454545,11
2,1,hand:cum_dpos,0.15,split CP (SAFE),blocked,0.9456521739130435,0.85,0.09565217391304348,0.11607142857142858,0.9456521739130435,0.530861801242236,0.5676923076923078,13
2,1,hand:cum_dpos,0.15,ACI g=0.05 (grow cal),blocked,0.8695652173913043,0.85,0.019565217391304346,0.19642857142857142,0.8695652173913043,0.5329968944099379,0.25727272727272726,22
2,1,hand:cum_dpos,0.2,split CP (SAFE),exch,0.6875,0.8,-0.11250000000000004,0.22033898305084745,0.6875,0.4539194915254237,0.2476923076923077,13
2,1,hand:cum_dpos,0.2,ACI g=0.05 (grow cal),exch,0.6875,0.8,-0.11250000000000004,0.1864406779661017,0.6875,0.4369703389830508,0.2381818181818182,11
2,1,hand:cum_dpos,0.2,split CP (SAFE),blocked,0.9456521739130435,0.8,0.14565217391304341,0.14285714285714285,0.9456521739130435,0.5442546583850931,0.515,16
2,1,hand:cum_dpos,0.2,ACI g=0.05 (grow cal),blocked,0.8152173913043479,0.8,0.01521739130434785,0.23214285714285715,0.8152173913043479,0.5236801242236025,0.3053846153846154,26
2,1,hand:cum_dpos,0.25,split CP (SAFE),exch,0.625,0.75,-0.125,0.1864406779661017,0.625,0.4057203389830508,0.2581818181818182,11
2,1,hand:cum_dpos,0.25,ACI g=0.05 (grow cal),exch,0.625,0.75,-0.125,0.22033898305084745,0.625,0.4226694915254237,0.31538461538461543,13
2,1,hand:cum_dpos,0.25,split CP (SAFE),blocked,0.9456521739130435,0.75,0.19565217391304346,0.13392857142857142,0.9456521739130435,0.5397903726708074,0.5946666666666668,15
2,1,hand:cum_dpos,0.25,ACI g=0.05 (grow cal),blocked,0.782608695652174,0.75,0.03260869565217395,0.33035714285714285,0.782608695652174,0.5564829192546584,0.2832432432432432,37
2,1,hand:cum_dpos [task-rel],0.1,split CP (SAFE),exch,0.875,0.9,-0.025000000000000022,0.22033898305084745,0.875,0.5476694915254238,0.09230769230769233,13
2,1,hand:cum_dpos [task-rel],0.1,ACI g=0.05 (grow cal),exch,0.875,0.9,-0.025000000000000022,0.0847457627118644,0.875,0.4798728813559322,0.11200000000000002,5
2,1,hand:cum_dpos [task-rel],0.1,split CP (SAFE),blocked,0.8152173913043479,0.9,-0.08478260869565213,0.20535714285714285,0.8152173913043479,0.5102872670807453,0.10173913043478264,23
2,1,hand:cum_dpos [task-rel],0.1,ACI g=0.05 (grow cal),blocked,0.8804347826086957,0.9,-0.019565217391304346,0.19642857142857142,0.8804347826086957,0.5384316770186336,0.11545454545454548,22
2,1,hand:cum_dpos [task-rel],0.15,split CP (SAFE),exch,0.875,0.85,0.025000000000000022,0.3728813559322034,0.875,0.6239406779661016,0.2572727272727273,22
2,1,hand:cum_dpos [task-rel],0.15,ACI g=0.05 (grow cal),exch,0.875,0.85,0.025000000000000022,0.3050847457627119,0.875,0.590042372881356,0.31777777777777777,18
2,1,hand:cum_dpos [task-rel],0.15,split CP (SAFE),blocked,0.7173913043478262,0.85,-0.1326086956521738,0.36607142857142855,0.7173913043478262,0.5417313664596274,0.23170731707317074,41
2,1,hand:cum_dpos [task-rel],0.15,ACI g=0.05 (grow cal),blocked,0.8260869565217391,0.85,-0.023913043478260843,0.2767857142857143,0.8260869565217391,0.5514363354037267,0.26967741935483863,31
2,1,hand:cum_dpos [task-rel],0.2,split CP (SAFE),exch,0.75,0.8,-0.050000000000000044,0.423728813559322,0.75,0.586864406779661,0.272,25
2,1,hand:cum_dpos [task-rel],0.2,ACI g=0.05 (grow cal),exch,0.8125,0.8,0.012499999999999956,0.3728813559322034,0.8125,0.5926906779661016,0.3172727272727272,22
2,1,hand:cum_dpos [task-rel],0.2,split CP (SAFE),blocked,0.5760869565217391,0.8,-0.2239130434782609,0.44642857142857145,0.5760869565217391,0.5112577639751553,0.19560000000000002,50
2,1,hand:cum_dpos [task-rel],0.2,ACI g=0.05 (grow cal),blocked,0.7717391304347826,0.8,-0.02826086956521745,0.3125,0.7717391304347826,0.5421195652173914,0.25999999999999995,35
2,1,hand:cum_dpos [task-rel],0.25,split CP (SAFE),exch,0.875,0.75,0.125,0.5423728813559322,0.875,0.708686440677966,0.29437500000000005,32
2,1,hand:cum_dpos [task-rel],0.25,ACI g=0.05 (grow cal),exch,0.8125,0.75,0.0625,0.4745762711864407,0.8125,0.6435381355932204,0.3178571428571429,28
2,1,hand:cum_dpos [task-rel],0.25,split CP (SAFE),blocked,0.5434782608695652,0.75,-0.2065217391304348,0.44642857142857145,0.5434782608695652,0.4949534161490683,0.22519999999999998,50
2,1,hand:cum_dpos [task-rel],0.25,ACI g=0.05 (grow cal),blocked,0.7391304347826086,0.75,-0.010869565217391353,0.25,0.7391304347826086,0.4945652173913043,0.30428571428571427,28
2,1,hand:cum_drot,0.1,split CP (SAFE),exch,0.625,0.9,-0.275,0.288135593220339,0.625,0.4565677966101695,0.24352941176470586,17
2,1,hand:cum_drot,0.1,ACI g=0.05 (grow cal),exch,0.75,0.9,-0.15000000000000002,0.2033898305084746,0.75,0.4766949152542373,0.3866666666666667,12
2,1,hand:cum_drot,0.1,split CP (SAFE),blocked,0.8804347826086957,0.9,-0.019565217391304346,0.08035714285714286,0.8804347826086957,0.4803959627329193,0.23111111111111107,9
2,1,hand:cum_drot,0.1,ACI g=0.05 (grow cal),blocked,0.9021739130434783,0.9,0.0021739130434782483,0.0625,0.9021739130434783,0.48233695652173914,0.12,7
2,1,hand:cum_drot,0.15,split CP (SAFE),exch,0.5625,0.85,-0.2875,0.3559322033898305,0.5625,0.4592161016949152,0.2342857142857143,21
2,1,hand:cum_drot,0.15,ACI g=0.05 (grow cal),exch,0.6875,0.85,-0.16249999999999998,0.288135593220339,0.6875,0.4878177966101695,0.3223529411764706,17
2,1,hand:cum_drot,0.15,split CP (SAFE),blocked,0.8695652173913043,0.85,0.019565217391304346,0.13392857142857142,0.8695652173913043,0.5017468944099379,0.3013333333333333,15
2,1,hand:cum_drot,0.15,ACI g=0.05 (grow cal),blocked,0.8586956521739131,0.85,0.008695652173913104,0.14285714285714285,0.8586956521739131,0.5007763975155279,0.2675,16
2,1,hand:cum_drot,0.2,split CP (SAFE),exch,0.5625,0.8,-0.23750000000000004,0.3898305084745763,0.5625,0.47616525423728817,0.17652173913043476,23
2,1,hand:cum_drot,0.2,ACI g=0.05 (grow cal),exch,0.625,0.8,-0.17500000000000004,0.3898305084745763,0.625,0.5074152542372882,0.231304347826087,23
2,1,hand:cum_drot,0.2,split CP (SAFE),blocked,0.7608695652173914,0.8,-0.03913043478260869,0.16071428571428573,0.7608695652173914,0.4607919254658385,0.29,18
2,1,hand:cum_drot,0.2,ACI g=0.05 (grow cal),blocked,0.8152173913043479,0.8,0.01521739130434785,0.17857142857142858,0.8152173913043479,0.49689440993788825,0.26599999999999996,20
2,1,hand:cum_drot,0.25,split CP (SAFE),exch,0.5625,0.75,-0.1875,0.3728813559322034,0.5625,0.4676906779661017,0.28545454545454546,22
2,1,hand:cum_drot,0.25,ACI g=0.05 (grow cal),exch,0.5625,0.75,-0.1875,0.3050847457627119,0.5625,0.43379237288135597,0.41888888888888887,18
2,1,hand:cum_drot,0.25,split CP (SAFE),blocked,0.7282608695652174,0.75,-0.021739130434782594,0.22321428571428573,0.7282608695652174,0.47573757763975155,0.6048,25
2,1,hand:cum_drot,0.25,ACI g=0.05 (grow cal),blocked,0.75,0.75,0.0,0.19642857142857142,0.75,0.4732142857142857,0.5772727272727273,22
2,1,hand:cum_drot [task-rel],0.1,split CP (SAFE),exch,0.9375,0.9,0.03749999999999998,0.05084745762711865,0.9375,0.4941737288135593,0.44,3
2,1,hand:cum_drot [task-rel],0.1,ACI g=0.05 (grow cal),exch,0.875,0.9,-0.025000000000000022,0.11864406779661017,0.875,0.4968220338983051,0.26571428571428574,7
2,1,hand:cum_drot [task-rel],0.1,split CP (SAFE),blocked,0.9239130434782609,0.9,0.023913043478260843,0.08928571428571429,0.9239130434782609,0.5065993788819876,0.09,10
2,1,hand:cum_drot [task-rel],0.1,ACI g=0.05 (grow cal),blocked,0.9347826086956522,0.9,0.034782608695652195,0.07142857142857142,0.9347826086956522,0.5031055900621119,0.0425,8
2,1,hand:cum_drot [task-rel],0.15,split CP (SAFE),exch,0.8125,0.85,-0.03749999999999998,0.1864406779661017,0.8125,0.4994703389830508,0.14727272727272728,11
2,1,hand:cum_drot [task-rel],0.15,ACI g=0.05 (grow cal),exch,0.75,0.85,-0.09999999999999998,0.1864406779661017,0.75,0.4682203389830508,0.14363636363636365,11
2,1,hand:cum_drot [task-rel],0.15,split CP (SAFE),blocked,0.7934782608695652,0.85,-0.05652173913043479,0.22321428571428573,0.7934782608695652,0.5083462732919255,0.04800000000000001,25
2,1,hand:cum_drot [task-rel],0.15,ACI g=0.05 (grow cal),blocked,0.8804347826086957,0.85,0.0304347826086957,0.14285714285714285,0.8804347826086957,0.5116459627329193,0.08,16
2,1,hand:cum_drot [task-rel],0.2,split CP (SAFE),exch,0.6875,0.8,-0.11250000000000004,0.2711864406779661,0.6875,0.479343220338983,0.13374999999999998,16
2,1,hand:cum_drot [task-rel],0.2,ACI g=0.05 (grow cal),exch,0.75,0.8,-0.050000000000000044,0.2542372881355932,0.75,0.5021186440677966,0.09733333333333334,15
2,1,hand:cum_drot [task-rel],0.2,split CP (SAFE),blocked,0.6847826086956521,0.8,-0.11521739130434794,0.30357142857142855,0.6847826086956521,0.49417701863354035,0.0823529411764706,34
2,1,hand:cum_drot [task-rel],0.2,ACI g=0.05 (grow cal),blocked,0.8260869565217391,0.8,0.02608695652173909,0.20535714285714285,0.8260869565217391,0.515722049689441,0.0973913043478261,23
2,1,hand:cum_drot [task-rel],0.25,split CP (SAFE),exch,0.5625,0.75,-0.1875,0.288135593220339,0.5625,0.4253177966101695,0.14941176470588236,17
2,1,hand:cum_drot [task-rel],0.25,ACI g=0.05 (grow cal),exch,0.625,0.75,-0.125,0.2711864406779661,0.625,0.448093220338983,0.18375,16
2,1,hand:cum_drot [task-rel],0.25,split CP (SAFE),blocked,0.5543478260869565,0.75,-0.19565217391304346,0.39285714285714285,0.5543478260869565,0.47360248447204967,0.12409090909090911,44
2,1,hand:cum_drot [task-rel],0.25,ACI g=0.05 (grow cal),blocked,0.7608695652173914,0.75,0.010869565217391353,0.25892857142857145,0.7608695652173914,0.5098990683229814,0.23586206896551726,29
2,1,hand:dgripper,0.1,split CP (SAFE),exch,1.0,0.9,0.09999999999999998,0.0,1.0,0.5,,0
2,1,hand:dgripper,0.1,ACI g=0.05 (grow cal),exch,1.0,0.9,0.09999999999999998,0.0,1.0,0.5,,0
2,1,hand:dgripper,0.1,split CP (SAFE),blocked,1.0,0.9,0.09999999999999998,0.0,1.0,0.5,,0
2,1,hand:dgripper,0.1,ACI g=0.05 (grow cal),blocked,0.9347826086956522,0.9,0.034782608695652195,0.25,0.9347826086956522,0.5923913043478262,0.6,28
2,1,hand:dgripper,0.15,split CP (SAFE),exch,1.0,0.85,0.15000000000000002,0.0,1.0,0.5,,0
2,1,hand:dgripper,0.15,ACI g=0.05 (grow cal),exch,1.0,0.85,0.15000000000000002,0.0,1.0,0.5,,0
2,1,hand:dgripper,0.15,split CP (SAFE),blocked,1.0,0.85,0.15000000000000002,0.0,1.0,0.5,,0
2,1,hand:dgripper,0.15,ACI g=0.05 (grow cal),blocked,0.9021739130434783,0.85,0.05217391304347829,0.44642857142857145,0.9021739130434783,0.6743012422360248,0.6000000000000001,50
2,1,hand:dgripper,0.2,split CP (SAFE),exch,1.0,0.8,0.19999999999999996,0.0,1.0,0.5,,0
2,1,hand:dgripper,0.2,ACI g=0.05 (grow cal),exch,0.9375,0.8,0.13749999999999996,0.05084745762711865,0.9375,0.4941737288135593,0.6,3
2,1,hand:dgripper,0.2,split CP (SAFE),blocked,1.0,0.8,0.19999999999999996,0.0,1.0,0.5,,0
2,1,hand:dgripper,0.2,ACI g=0.05 (grow cal),blocked,0.8695652173913043,0.8,0.06956521739130428,0.4732142857142857,0.8695652173913043,0.671389751552795,0.6000000000000002,53
2,1,hand:dgripper,0.25,split CP (SAFE),exch,1.0,0.75,0.25,0.0,1.0,0.5,,0
2,1,hand:dgripper,0.25,ACI g=0.05 (grow cal),exch,0.875,0.75,0.125,0.06779661016949153,0.875,0.4713983050847458,0.6,4
2,1,hand:dgripper,0.25,split CP (SAFE),blocked,1.0,0.75,0.25,0.0,1.0,0.5,,0
2,1,hand:dgripper,0.25,ACI g=0.05 (grow cal),blocked,0.8478260869565217,0.75,0.09782608695652173,0.5357142857142857,0.8478260869565217,0.6917701863354038,0.6000000000000001,60
2,1,hand:dgripper [task-rel],0.1,split CP (SAFE),exch,1.0,0.9,0.09999999999999998,0.03389830508474576,1.0,0.5169491525423728,0.01,2
2,1,hand:dgripper [task-rel],0.1,ACI g=0.05 (grow cal),exch,1.0,0.9,0.09999999999999998,0.03389830508474576,1.0,0.5169491525423728,0.01,2
2,1,hand:dgripper [task-rel],0.1,split CP (SAFE),blocked,0.8478260869565217,0.9,-0.05217391304347829,0.17857142857142858,0.8478260869565217,0.5131987577639752,0.026000000000000002,20
2,1,hand:dgripper [task-rel],0.1,ACI g=0.05 (grow cal),blocked,0.9239130434782609,0.9,0.023913043478260843,0.10714285714285714,0.9239130434782609,0.515527950310559,0.04666666666666667,12
2,1,hand:dgripper [task-rel],0.15,split CP (SAFE),exch,1.0,0.85,0.15000000000000002,0.03389830508474576,1.0,0.5169491525423728,0.01,2
2,1,hand:dgripper [task-rel],0.15,ACI g=0.05 (grow cal),exch,1.0,0.85,0.15000000000000002,0.03389830508474576,1.0,0.5169491525423728,0.01,2
2,1,hand:dgripper [task-rel],0.15,split CP (SAFE),blocked,0.8478260869565217,0.85,-0.0021739130434782483,0.17857142857142858,0.8478260869565217,0.5131987577639752,0.026000000000000002,20
2,1,hand:dgripper [task-rel],0.15,ACI g=0.05 (grow cal),blocked,0.8913043478260869,0.85,0.04130434782608694,0.16964285714285715,0.8913043478260869,0.5304736024844721,0.10842105263157895,19
2,1,hand:dgripper [task-rel],0.2,split CP (SAFE),exch,1.0,0.8,0.19999999999999996,0.03389830508474576,1.0,0.5169491525423728,0.01,2
2,1,hand:dgripper [task-rel],0.2,ACI g=0.05 (grow cal),exch,0.9375,0.8,0.13749999999999996,0.06779661016949153,0.9375,0.5026483050847458,0.305,4
2,1,hand:dgripper [task-rel],0.2,split CP (SAFE),blocked,0.8478260869565217,0.8,0.047826086956521685,0.17857142857142858,0.8478260869565217,0.5131987577639752,0.026000000000000002,20
2,1,hand:dgripper [task-rel],0.2,ACI g=0.05 (grow cal),blocked,0.8369565217391304,0.8,0.03695652173913033,0.23214285714285715,0.8369565217391304,0.5345496894409938,0.23999999999999996,26
2,1,hand:dgripper [task-rel],0.25,split CP (SAFE),exch,1.0,0.75,0.25,0.03389830508474576,1.0,0.5169491525423728,0.01,2
2,1,hand:dgripper [task-rel],0.25,ACI g=0.05 (grow cal),exch,0.875,0.75,0.125,0.1016949152542373,0.875,0.4883474576271186,0.4033333333333333,6
2,1,hand:dgripper [task-rel],0.25,split CP (SAFE),blocked,0.8478260869565217,0.75,0.09782608695652173,0.17857142857142858,0.8478260869565217,0.5131987577639752,0.026000000000000002,20
2,1,hand:dgripper [task-rel],0.25,ACI g=0.05 (grow cal),blocked,0.8152173913043479,0.75,0.0652173913043479,0.4107142857142857,0.8152173913043479,0.6129658385093169,0.3504347826086956,46
3,0,SAFE-MLP,0.1,split CP (SAFE),exch,0.9375,0.9,0.03749999999999998,0.22413793103448276,0.9375,0.5808189655172413,0.5784615384615385,13
3,0,SAFE-MLP,0.1,ACI g=0.05 (grow cal),exch,0.9375,0.9,0.03749999999999998,0.22413793103448276,0.9375,0.5808189655172413,0.5661538461538461,13
3,0,SAFE-MLP,0.1,split CP (SAFE),blocked,0.9120879120879121,0.9,0.012087912087912045,0.21551724137931033,0.9120879120879121,0.5638025767336112,0.7112,25
3,0,SAFE-MLP,0.1,ACI g=0.05 (grow cal),blocked,0.8791208791208791,0.9,-0.020879120879120916,0.2413793103448276,0.8791208791208791,0.5602500947328534,0.5657142857142857,28
3,0,SAFE-MLP,0.15,split CP (SAFE),exch,1.0,0.85,0.15000000000000002,0.5517241379310345,1.0,0.7758620689655172,0.87375,32
3,0,SAFE-MLP,0.15,ACI g=0.05 (grow cal),exch,0.875,0.85,0.025000000000000022,0.6896551724137931,0.875,0.7823275862068966,0.7845000000000001,40
3,0,SAFE-MLP,0.15,split CP (SAFE),blocked,0.989010989010989,0.85,0.13901098901098907,0.3275862068965517,0.989010989010989,0.6582985979537703,0.8431578947368421,38
3,0,SAFE-MLP,0.15,ACI g=0.05 (grow cal),blocked,0.8241758241758241,0.85,-0.025824175824175843,0.5258620689655172,0.8241758241758241,0.6750189465706706,0.6416393442622951,61
3,0,SAFE-MLP,0.2,split CP (SAFE),exch,0.75,0.8,-0.050000000000000044,0.6896551724137931,0.75,0.7198275862068966,0.728,40
3,0,SAFE-MLP,0.2,ACI g=0.05 (grow cal),exch,0.8125,0.8,0.012499999999999956,0.6896551724137931,0.8125,0.7510775862068966,0.6980000000000001,40
3,0,SAFE-MLP,0.2,split CP (SAFE),blocked,0.8681318681318682,0.8,0.06813186813186811,0.46551724137931033,0.8681318681318682,0.6668245547555892,0.7077777777777778,54
3,0,SAFE-MLP,0.2,ACI g=0.05 (grow cal),blocked,0.7692307692307692,0.8,-0.030769230769230882,0.5689655172413793,0.7692307692307692,0.6690981432360743,0.48333333333333334,66
3,0,SAFE-MLP,0.25,split CP (SAFE),exch,0.75,0.75,0.0,0.7241379310344828,0.75,0.7370689655172413,0.6595238095238096,42
3,0,SAFE-MLP,0.25,ACI g=0.05 (grow cal),exch,0.8125,0.75,0.0625,0.7241379310344828,0.8125,0.7683189655172413,0.6423809523809525,42
3,0,SAFE-MLP,0.25,split CP (SAFE),blocked,0.8131868131868132,0.75,0.06318681318681318,0.4827586206896552,0.8131868131868132,0.6479727169382342,0.6403571428571428,56
3,0,SAFE-MLP,0.25,ACI g=0.05 (grow cal),blocked,0.7142857142857143,0.75,-0.0357142857142857,0.6293103448275862,0.7142857142857143,0.6717980295566502,0.4117808219178082,73
3,0,SAFE-MLP [task-rel],0.1,split CP (SAFE),exch,0.9375,0.9,0.03749999999999998,0.0,0.9375,0.46875,,0
3,0,SAFE-MLP [task-rel],0.1,ACI g=0.05 (grow cal),exch,0.9375,0.9,0.03749999999999998,0.05172413793103448,0.9375,0.49461206896551724,0.62,3
3,0,SAFE-MLP [task-rel],0.1,split CP (SAFE),blocked,0.9560439560439561,0.9,0.05604395604395607,0.09482758620689655,0.9560439560439561,0.5254357711254263,0.1,11
3,0,SAFE-MLP [task-rel],0.1,ACI g=0.05 (grow cal),blocked,0.8901098901098901,0.9,-0.009890109890109966,0.1206896551724138,0.8901098901098901,0.5053997726411519,0.10000000000000002,14
3,0,SAFE-MLP [task-rel],0.15,split CP (SAFE),exch,0.9375,0.85,0.08750000000000002,0.10344827586206896,0.9375,0.5204741379310345,0.63,6
3,0,SAFE-MLP [task-rel],0.15,ACI g=0.05 (grow cal),exch,0.875,0.85,0.025000000000000022,0.1206896551724138,0.875,0.4978448275862069,0.6057142857142858,7
3,0,SAFE-MLP [task-rel],0.15,split CP (SAFE),blocked,0.9010989010989011,0.85,0.05109890109890114,0.15517241379310345,0.9010989010989011,0.5281356574460023,0.09666666666666668,18
3,0,SAFE-MLP [task-rel],0.15,ACI g=0.05 (grow cal),blocked,0.8571428571428572,0.85,0.0071428571428572285,0.21551724137931033,0.8571428571428572,0.5363300492610837,0.10880000000000001,25
3,0,SAFE-MLP [task-rel],0.2,split CP (SAFE),exch,0.875,0.8,0.07499999999999996,0.25862068965517243,0.875,0.5668103448275862,0.41866666666666663,15
3,0,SAFE-MLP [task-rel],0.2,ACI g=0.05 (grow cal),exch,0.8125,0.8,0.012499999999999956,0.25862068965517243,0.8125,0.5355603448275862,0.35733333333333334,15
3,0,SAFE-MLP [task-rel],0.2,split CP (SAFE),blocked,0.8021978021978022,0.8,0.00219780219780219,0.2413793103448276,0.8021978021978022,0.5217885562713149,0.17857142857142858,28
3,0,SAFE-MLP [task-rel],0.2,ACI g=0.05 (grow cal),blocked,0.8131868131868132,0.8,0.01318681318681314,0.27586206896551724,0.8131868131868132,0.5445244410761652,0.131875,32
3,0,SAFE-MLP [task-rel],0.25,split CP (SAFE),exch,0.875,0.75,0.125,0.39655172413793105,0.875,0.6357758620689655,0.5678260869565217,23
3,0,SAFE-MLP [task-rel],0.25,ACI g=0.05 (grow cal),exch,0.8125,0.75,0.0625,0.43103448275862066,0.8125,0.6217672413793103,0.5392,25
3,0,SAFE-MLP [task-rel],0.25,split CP (SAFE),blocked,0.7912087912087912,0.75,0.04120879120879117,0.28448275862068967,0.7912087912087912,0.5378457749147404,0.22363636363636363,33
3,0,SAFE-MLP [task-rel],0.25,ACI g=0.05 (grow cal),blocked,0.7802197802197802,0.75,0.030219780219780223,0.35344827586206895,0.7802197802197802,0.5668340280409245,0.17170731707317075,41
3,0,H&S,0.1,split CP (SAFE),exch,0.875,0.9,-0.025000000000000022,0.3620689655172414,0.875,0.6185344827586207,0.8933333333333332,21
3,0,H&S,0.1,ACI g=0.05 (grow cal),exch,0.8125,0.9,-0.08750000000000002,0.3620689655172414,0.8125,0.5872844827586207,0.8933333333333332,21
3,0,H&S,0.1,split CP (SAFE),blocked,0.9230769230769231,0.9,0.023076923076923106,0.27586206896551724,0.9230769230769231,0.5994694960212201,0.71125,32
3,0,H&S,0.1,ACI g=0.05 (grow cal),blocked,0.9010989010989011,0.9,0.001098901098901095,0.3103448275862069,0.9010989010989011,0.605721864342554,0.6861111111111111,36
3,0,H&S,0.15,split CP (SAFE),exch,0.875,0.85,0.025000000000000022,0.4482758620689655,0.875,0.6616379310344828,0.8084615384615385,26
3,0,H&S,0.15,ACI g=0.05 (grow cal),exch,0.8125,0.85,-0.03749999999999998,0.5,0.8125,0.65625,0.7724137931034484,29
3,0,H&S,0.15,split CP (SAFE),blocked,0.9120879120879121,0.85,0.06208791208791209,0.35344827586206895,0.9120879120879121,0.6327680939749905,0.7019512195121952,41
3,0,H&S,0.15,ACI g=0.05 (grow cal),blocked,0.8571428571428572,0.85,0.0071428571428572285,0.35344827586206895,0.8571428571428572,0.6052955665024631,0.6731707317073171,41
3,0,H&S,0.2,split CP (SAFE),exch,0.8125,0.8,0.012499999999999956,0.5344827586206896,0.8125,0.6734913793103448,0.7580645161290323,31
3,0,H&S,0.2,ACI g=0.05 (grow cal),exch,0.75,0.8,-0.050000000000000044,0.603448275862069,0.75,0.6767241379310345,0.704,35
3,0,H&S,0.2,split CP (SAFE),blocked,0.8351648351648352,0.8,0.03516483516483515,0.43103448275862066,0.8351648351648352,0.6330996589617279,0.6512,50
3,0,H&S,0.2,ACI g=0.05 (grow cal),blocked,0.8131868131868132,0.8,0.01318681318681314,0.4482758620689655,0.8131868131868132,0.6307313376278894,0.6119230769230769,52
3,0,H&S,0.25,split CP (SAFE),exch,0.75,0.75,0.0,0.6379310344827587,0.75,0.6939655172413793,0.661081081081081,37
3,0,H&S,0.25,ACI g=0.05 (grow cal),exch,0.75,0.75,0.0,0.6551724137931034,0.75,0.7025862068965517,0.6484210526315789,38
3,0,H&S,0.25,split CP (SAFE),blocked,0.7032967032967032,0.75,-0.04670329670329676,0.5775862068965517,0.7032967032967032,0.6404414550966275,0.564179104477612,67
3,0,H&S,0.25,ACI g=0.05 (grow cal),blocked,0.7692307692307692,0.75,0.019230769230769162,0.5431034482758621,0.7692307692307692,0.6561671087533156,0.548888888888889,63
3,0,H&S [task-rel],0.1,split CP (SAFE),exch,0.875,0.9,-0.025000000000000022,0.08620689655172414,0.875,0.4806034482758621,0.16399999999999998,5
3,0,H&S [task-rel],0.1,ACI g=0.05 (grow cal),exch,0.875,0.9,-0.025000000000000022,0.13793103448275862,0.875,0.5064655172413793,0.235,8
3,0,H&S [task-rel],0.1,split CP (SAFE),blocked,0.8461538461538461,0.9,-0.05384615384615388,0.13793103448275862,0.8461538461538461,0.49204244031830235,0.16875,16
3,0,H&S [task-rel],0.1,ACI g=0.05 (grow cal),blocked,0.8901098901098901,0.9,-0.009890109890109966,0.13793103448275862,0.8901098901098901,0.5140204622963244,0.1825,16
3,0,H&S [task-rel],0.15,split CP (SAFE),exch,0.875,0.85,0.025000000000000022,0.5862068965517241,0.875,0.7306034482758621,0.5923529411764706,34
3,0,H&S [task-rel],0.15,ACI g=0.05 (grow cal),exch,0.875,0.85,0.025000000000000022,0.6896551724137931,0.875,0.7823275862068966,0.598,40
3,0,H&S [task-rel],0.15,split CP (SAFE),blocked,0.7692307692307692,0.85,-0.08076923076923082,0.45689655172413796,0.7692307692307692,0.6130636604774535,0.5667924528301886,53
3,0,H&S [task-rel],0.15,ACI g=0.05 (grow cal),blocked,0.8351648351648352,0.85,-0.014835164835164782,0.29310344827586204,0.8351648351648352,0.5641341417203486,0.546470588235294,34
3,0,H&S [task-rel],0.2,split CP (SAFE),exch,0.875,0.8,0.07499999999999996,0.7413793103448276,0.875,0.8081896551724138,0.6176744186046512,43
3,0,H&S [task-rel],0.2,ACI g=0.05 (grow cal),exch,0.875,0.8,0.07499999999999996,0.7931034482758621,0.875,0.834051724137931,0.5752173913043478,46
3,0,H&S [task-rel],0.2,split CP (SAFE),blocked,0.6483516483516483,0.8,-0.15164835164835178,0.6120689655172413,0.6483516483516483,0.6302103069344448,0.5909859154929579,71
3,0,H&S [task-rel],0.2,ACI g=0.05 (grow cal),blocked,0.8021978021978022,0.8,0.00219780219780219,0.4051724137931034,0.8021978021978022,0.6036851079954528,0.5825531914893618,47
3,0,H&S [task-rel],0.25,split CP (SAFE),exch,0.875,0.75,0.125,0.7586206896551724,0.875,0.8168103448275862,0.57,44
3,0,H&S [task-rel],0.25,ACI g=0.05 (grow cal),exch,0.8125,0.75,0.0625,0.7931034482758621,0.8125,0.802801724137931,0.5243478260869566,46
3,0,H&S [task-rel],0.25,split CP (SAFE),blocked,0.6373626373626373,0.75,-0.11263736263736268,0.6293103448275862,0.6373626373626373,0.6333364910951118,0.5843835616438355,73
3,0,H&S [task-rel],0.25,ACI g=0.05 (grow cal),blocked,0.7692307692307692,0.75,0.019230769230769162,0.49137931034482757,0.7692307692307692,0.6303050397877984,0.5547368421052631,57
3,0,SAFE-Embed,0.1,split CP (SAFE),exch,0.9375,0.9,0.03749999999999998,0.2413793103448276,0.9375,0.5894396551724138,0.38,14
3,0,SAFE-Embed,0.1,ACI g=0.05 (grow cal),exch,0.875,0.9,-0.025000000000000022,0.2413793103448276,0.875,0.5581896551724138,0.3271428571428571,14
3,0,SAFE-Embed,0.1,split CP (SAFE),blocked,0.1648351648351648,0.9,-0.7351648351648352,0.896551724137931,0.1648351648351648,0.5306934444865479,0.15057692307692308,104
3,0,SAFE-Embed,0.1,ACI g=0.05 (grow cal),blocked,0.8241758241758241,0.9,-0.07582417582417589,0.20689655172413793,0.8241758241758241,0.515536187949981,0.5425,24
3,0,SAFE-Embed,0.15,split CP (SAFE),exch,0.875,0.85,0.025000000000000022,0.41379310344827586,0.875,0.6443965517241379,0.5458333333333333,24
3,0,SAFE-Embed,0.15,ACI g=0.05 (grow cal),exch,0.8125,0.85,-0.03749999999999998,0.4482758620689655,0.8125,0.6303879310344828,0.5023076923076923,26
3,0,SAFE-Embed,0.15,split CP (SAFE),blocked,0.04395604395604391,0.85,-0.8060439560439561,1.0,0.04395604395604391,0.5219780219780219,0.19689655172413792,116
3,0,SAFE-Embed,0.15,ACI g=0.05 (grow cal),blocked,0.8021978021978022,0.85,-0.04780219780219774,0.47413793103448276,0.8021978021978022,0.6381678666161426,0.7683636363636364,55
3,0,SAFE-Embed,0.2,split CP (SAFE),exch,0.875,0.8,0.07499999999999996,0.46551724137931033,0.875,0.6702586206896551,0.522962962962963,27
3,0,SAFE-Embed,0.2,ACI g=0.05 (grow cal),exch,0.75,0.8,-0.050000000000000044,0.5,0.75,0.625,0.5262068965517241,29
3,0,SAFE-Embed,0.2,split CP (SAFE),blocked,0.01098901098901095,0.8,-0.7890109890109891,1.0,0.01098901098901095,0.5054945054945055,0.1524137931034483,116
3,0,SAFE-Embed,0.2,ACI g=0.05 (grow cal),blocked,0.7582417582417582,0.8,-0.04175824175824183,0.5086206896551724,0.7582417582417582,0.6334312239484653,0.764406779661017,59
3,0,SAFE-Embed,0.25,split CP (SAFE),exch,0.875,0.75,0.125,0.5517241379310345,0.875,0.7133620689655172,0.5525,32
3,0,SAFE-Embed,0.25,ACI g=0.05 (grow cal),exch,0.6875,0.75,-0.0625,0.5517241379310345,0.6875,0.6196120689655172,0.54375,32
3,0,SAFE-Embed,0.25,split CP (SAFE),blocked,0.0,0.75,-0.75,1.0,0.0,0.5,0.1403448275862069,116
3,0,SAFE-Embed,0.25,ACI g=0.05 (grow cal),blocked,0.7142857142857143,0.75,-0.0357142857142857,0.5086206896551724,0.7142857142857143,0.6114532019704433,0.8044067796610169,59
3,0,SAFE-Embed [task-rel],0.1,split CP (SAFE),exch,1.0,0.9,0.09999999999999998,0.20689655172413793,1.0,0.603448275862069,0.43166666666666664,12
3,0,SAFE-Embed [task-rel],0.1,ACI g=0.05 (grow cal),exch,0.9375,0.9,0.03749999999999998,0.22413793103448276,0.9375,0.5808189655172413,0.39076923076923076,13
3,0,SAFE-Embed [task-rel],0.1,split CP (SAFE),blocked,0.989010989010989,0.9,0.08901098901098903,0.034482758620689655,0.989010989010989,0.5117468738158394,0.095,4
3,0,SAFE-Embed [task-rel],0.1,ACI g=0.05 (grow cal),blocked,0.9120879120879121,0.9,0.012087912087912045,0.12931034482758622,0.9120879120879121,0.5206991284577491,0.10000000000000003,15
3,0,SAFE-Embed [task-rel],0.15,split CP (SAFE),exch,1.0,0.85,0.15000000000000002,0.27586206896551724,1.0,0.6379310344827587,0.2775,16
3,0,SAFE-Embed [task-rel],0.15,ACI g=0.05 (grow cal),exch,0.9375,0.85,0.08750000000000002,0.3793103448275862,0.9375,0.6584051724137931,0.27545454545454545,22
3,0,SAFE-Embed [task-rel],0.15,split CP (SAFE),blocked,0.978021978021978,0.85,0.128021978021978,0.05172413793103448,0.978021978021978,0.5148730579765063,0.07333333333333333,6
3,0,SAFE-Embed [task-rel],0.15,ACI g=0.05 (grow cal),blocked,0.8681318681318682,0.85,0.01813186813186818,0.22413793103448276,0.8681318681318682,0.5461348995831754,0.07,26
3,0,SAFE-Embed [task-rel],0.2,split CP (SAFE),exch,1.0,0.8,0.19999999999999996,0.29310344827586204,1.0,0.646551724137931,0.2635294117647059,17
3,0,SAFE-Embed [task-rel],0.2,ACI g=0.05 (grow cal),exch,0.875,0.8,0.07499999999999996,0.4482758620689655,0.875,0.6616379310344828,0.24615384615384617,26
3,0,SAFE-Embed [task-rel],0.2,split CP (SAFE),blocked,0.967032967032967,0.8,0.167032967032967,0.0603448275862069,0.967032967032967,0.513688897309587,0.08,7
3,0,SAFE-Embed [task-rel],0.2,ACI g=0.05 (grow cal),blocked,0.8131868131868132,0.8,0.01318681318681314,0.28448275862068967,0.8131868131868132,0.5488347859037515,0.09272727272727273,33
3,0,SAFE-Embed [task-rel],0.25,split CP (SAFE),exch,0.9375,0.75,0.1875,0.3793103448275862,0.9375,0.6584051724137931,0.28727272727272724,22
3,0,SAFE-Embed [task-rel],0.25,ACI g=0.05 (grow cal),exch,0.8125,0.75,0.0625,0.5517241379310345,0.8125,0.6821120689655172,0.265625,32
3,0,SAFE-Embed [task-rel],0.25,split CP (SAFE),blocked,0.967032967032967,0.75,0.21703296703296704,0.11206896551724138,0.967032967032967,0.5395509662751042,0.14461538461538465,13
3,0,SAFE-Embed [task-rel],0.25,ACI g=0.05 (grow cal),blocked,0.7582417582417582,0.75,0.008241758241758212,0.35344827586206895,0.7582417582417582,0.5558450170519136,0.10390243902439024,41
3,0,hand:cum_mean_token_entropy,0.1,split CP (SAFE),exch,0.9375,0.9,0.03749999999999998,0.13793103448275862,0.9375,0.5377155172413793,0.08499999999999999,8
3,0,hand:cum_mean_token_entropy,0.1,ACI g=0.05 (grow cal),exch,0.875,0.9,-0.025000000000000022,0.1724137931034483,0.875,0.5237068965517242,0.096,10
3,0,hand:cum_mean_token_entropy,0.1,split CP (SAFE),blocked,0.945054945054945,0.9,0.045054945054945006,0.11206896551724138,0.945054945054945,0.5285619552860932,0.43692307692307686,13
3,0,hand:cum_mean_token_entropy,0.1,ACI g=0.05 (grow cal),blocked,0.9010989010989011,0.9,0.001098901098901095,0.1810344827586207,0.9010989010989011,0.5410666919287609,0.3371428571428572,21
3,0,hand:cum_mean_token_entropy,0.15,split CP (SAFE),exch,0.75,0.85,-0.09999999999999998,0.2413793103448276,0.75,0.4956896551724138,0.10571428571428572,14
3,0,hand:cum_mean_token_entropy,0.15,ACI g=0.05 (grow cal),exch,0.75,0.85,-0.09999999999999998,0.20689655172413793,0.75,0.47844827586206895,0.10833333333333335,12
3,0,hand:cum_mean_token_entropy,0.15,split CP (SAFE),blocked,0.8571428571428572,0.85,0.0071428571428572285,0.27586206896551724,0.8571428571428572,0.5665024630541873,0.455625,32
3,0,hand:cum_mean_token_entropy,0.15,ACI g=0.05 (grow cal),blocked,0.8461538461538461,0.85,-0.0038461538461538325,0.2413793103448276,0.8461538461538461,0.5437665782493368,0.4064285714285715,28
3,0,hand:cum_mean_token_entropy,0.2,split CP (SAFE),exch,0.75,0.8,-0.050000000000000044,0.3103448275862069,0.75,0.5301724137931034,0.19333333333333333,18
3,0,hand:cum_mean_token_entropy,0.2,ACI g=0.05 (grow cal),exch,0.6875,0.8,-0.11250000000000004,0.27586206896551724,0.6875,0.4816810344827586,0.15000000000000002,16
3,0,hand:cum_mean_token_entropy,0.2,split CP (SAFE),blocked,0.8021978021978022,0.8,0.00219780219780219,0.33620689655172414,0.8021978021978022,0.5692023493747632,0.4266666666666667,39
3,0,hand:cum_mean_token_entropy,0.2,ACI g=0.05 (grow cal),blocked,0.8021978021978022,0.8,0.00219780219780219,0.25862068965517243,0.8021978021978022,0.5304092459264873,0.3713333333333333,30
3,0,hand:cum_mean_token_entropy,0.25,split CP (SAFE),exch,0.5625,0.75,-0.1875,0.39655172413793105,0.5625,0.4795258620689655,0.21217391304347827,23
3,0,hand:cum_mean_token_entropy,0.25,ACI g=0.05 (grow cal),exch,0.625,0.75,-0.125,0.3620689655172414,0.625,0.49353448275862066,0.19238095238095237,21
3,0,hand:cum_mean_token_entropy,0.25,split CP (SAFE),blocked,0.6373626373626373,0.75,-0.11263736263736268,0.41379310344827586,0.6373626373626373,0.5255778704054566,0.3958333333333333,48
3,0,hand:cum_mean_token_entropy,0.25,ACI g=0.05 (grow cal),blocked,0.7582417582417582,0.75,0.008241758241758212,0.3275862068965517,0.7582417582417582,0.5429139825691549,0.44210526315789467,38
3,0,hand:cum_mean_token_entropy [task-rel],0.1,split CP (SAFE),exch,0.8125,0.9,-0.08750000000000002,0.10344827586206896,0.8125,0.4579741379310345,0.21,6
3,0,hand:cum_mean_token_entropy [task-rel],0.1,ACI g=0.05 (grow cal),exch,0.8125,0.9,-0.08750000000000002,0.08620689655172414,0.8125,0.4493534482758621,0.252,5
3,0,hand:cum_mean_token_entropy [task-rel],0.1,split CP (SAFE),blocked,0.8791208791208791,0.9,-0.020879120879120916,0.2413793103448276,0.8791208791208791,0.5602500947328534,0.34285714285714286,28
3,0,hand:cum_mean_token_entropy [task-rel],0.1,ACI g=0.05 (grow cal),blocked,0.8901098901098901,0.9,-0.009890109890109966,0.22413793103448276,0.8901098901098901,0.5571239105721864,0.3269230769230769,26
3,0,hand:cum_mean_token_entropy [task-rel],0.15,split CP (SAFE),exch,0.625,0.85,-0.22499999999999998,0.1724137931034483,0.625,0.39870689655172414,0.348,10
3,0,hand:cum_mean_token_entropy [task-rel],0.15,ACI g=0.05 (grow cal),exch,0.8125,0.85,-0.03749999999999998,0.15517241379310345,0.8125,0.4838362068965517,0.31777777777777777,9
3,0,hand:cum_mean_token_entropy [task-rel],0.15,split CP (SAFE),blocked,0.8461538461538461,0.85,-0.0038461538461538325,0.3103448275862069,0.8461538461538461,0.5782493368700266,0.33111111111111113,36
3,0,hand:cum_mean_token_entropy [task-rel],0.15,ACI g=0.05 (grow cal),blocked,0.8241758241758241,0.85,-0.025824175824175843,0.2672413793103448,0.8241758241758241,0.5457086017430844,0.2870967741935484,31
3,0,hand:cum_mean_token_entropy [task-rel],0.2,split CP (SAFE),exch,0.5625,0.8,-0.23750000000000004,0.3103448275862069,0.5625,0.4364224137931034,0.28111111111111114,18
3,0,hand:cum_mean_token_entropy [task-rel],0.2,ACI g=0.05 (grow cal),exch,0.6875,0.8,-0.11250000000000004,0.1896551724137931,0.6875,0.4385775862068966,0.31272727272727274,11
3,0,hand:cum_mean_token_entropy [task-rel],0.2,split CP (SAFE),blocked,0.7802197802197802,0.8,-0.01978021978021982,0.3879310344827586,0.7802197802197802,0.5840754073512694,0.276,45
3,0,hand:cum_mean_token_entropy [task-rel],0.2,ACI g=0.05 (grow cal),blocked,0.7802197802197802,0.8,-0.01978021978021982,0.31896551724137934,0.7802197802197802,0.5495926487305798,0.2967567567567567,37
3,0,hand:cum_mean_token_entropy [task-rel],0.25,split CP (SAFE),exch,0.5,0.75,-0.25,0.3620689655172414,0.5,0.43103448275862066,0.23904761904761904,21
3,0,hand:cum_mean_token_entropy [task-rel],0.25,ACI g=0.05 (grow cal),exch,0.625,0.75,-0.125,0.25862068965517243,0.625,0.4418103448275862,0.32,15
3,0,hand:cum_mean_token_entropy [task-rel],0.25,split CP (SAFE),blocked,0.7142857142857143,0.75,-0.0357142857142857,0.46551724137931033,0.7142857142857143,0.5899014778325123,0.2955555555555556,54
3,0,hand:cum_mean_token_entropy [task-rel],0.25,ACI g=0.05 (grow cal),blocked,0.7252747252747253,0.75,-0.02472527472527475,0.39655172413793105,0.7252747252747253,0.5609132247063282,0.33956521739130435,46
3,0,hand:mean_token_entropy,0.1,split CP (SAFE),exch,0.9375,0.9,0.03749999999999998,0.13793103448275862,0.9375,0.5377155172413793,0.1875,8
3,0,hand:mean_token_entropy,0.1,ACI g=0.05 (grow cal),exch,0.875,0.9,-0.025000000000000022,0.15517241379310345,0.875,0.5150862068965517,0.22,9
3,0,hand:mean_token_entropy,0.1,split CP (SAFE),blocked,0.9340659340659341,0.9,0.034065934065934056,0.04310344827586207,0.9340659340659341,0.4885846911708981,0.13200000000000003,5
3,0,hand:mean_token_entropy,0.1,ACI g=0.05 (grow cal),blocked,0.9010989010989011,0.9,0.001098901098901095,0.05172413793103448,0.9010989010989011,0.4764115195149678,0.19666666666666668,6
3,0,hand:mean_token_entropy,0.15,split CP (SAFE),exch,0.875,0.85,0.025000000000000022,0.15517241379310345,0.875,0.5150862068965517,0.2933333333333333,9
3,0,hand:mean_token_entropy,0.15,ACI g=0.05 (grow cal),exch,0.875,0.85,0.025000000000000022,0.1724137931034483,0.875,0.5237068965517242,0.312,10
3,0,hand:mean_token_entropy,0.15,split CP (SAFE),blocked,0.9010989010989011,0.85,0.05109890109890114,0.07758620689655173,0.9010989010989011,0.4893425539977264,0.3288888888888889,9
3,0,hand:mean_token_entropy,0.15,ACI g=0.05 (grow cal),blocked,0.8571428571428572,0.85,0.0071428571428572285,0.12931034482758622,0.8571428571428572,0.4932266009852217,0.29733333333333334,15
3,0,hand:mean_token_entropy,0.2,split CP (SAFE),exch,0.875,0.8,0.07499999999999996,0.2413793103448276,0.875,0.5581896551724138,0.29999999999999993,14
3,0,hand:mean_token_entropy,0.2,ACI g=0.05 (grow cal),exch,0.875,0.8,0.07499999999999996,0.25862068965517243,0.875,0.5668103448275862,0.28666666666666657,15
3,0,hand:mean_token_entropy,0.2,split CP (SAFE),blocked,0.8901098901098901,0.8,0.09010989010989001,0.12931034482758622,0.8901098901098901,0.5097101174687382,0.22266666666666665,15
3,0,hand:mean_token_entropy,0.2,ACI g=0.05 (grow cal),blocked,0.8241758241758241,0.8,0.02417582417582409,0.1810344827586207,0.8241758241758241,0.5026051534672225,0.24952380952380954,21
3,0,hand:mean_token_entropy,0.25,split CP (SAFE),exch,0.8125,0.75,0.0625,0.2413793103448276,0.8125,0.5269396551724138,0.29999999999999993,14
3,0,hand:mean_token_entropy,0.25,ACI g=0.05 (grow cal),exch,0.8125,0.75,0.0625,0.2413793103448276,0.8125,0.5269396551724138,0.29999999999999993,14
3,0,hand:mean_token_entropy,0.25,split CP (SAFE),blocked,0.8131868131868132,0.75,0.06318681318681318,0.16379310344827586,0.8131868131868132,0.4884899583175445,0.288421052631579,19
3,0,hand:mean_token_entropy,0.25,ACI g=0.05 (grow cal),blocked,0.7582417582417582,0.75,0.008241758241758212,0.1896551724137931,0.7582417582417582,0.4739484653277757,0.2863636363636364,22
3,0,hand:mean_token_entropy [task-rel],0.1,split CP (SAFE),exch,0.8125,0.9,-0.08750000000000002,0.15517241379310345,0.8125,0.4838362068965517,0.22888888888888895,9
3,0,hand:mean_token_entropy [task-rel],0.1,ACI g=0.05 (grow cal),exch,0.8125,0.9,-0.08750000000000002,0.15517241379310345,0.8125,0.4838362068965517,0.23111111111111116,9
3,0,hand:mean_token_entropy [task-rel],0.1,split CP (SAFE),blocked,0.8901098901098901,0.9,-0.009890109890109966,0.11206896551724138,0.8901098901098901,0.5010894278135657,0.30307692307692313,13
3,0,hand:mean_token_entropy [task-rel],0.1,ACI g=0.05 (grow cal),blocked,0.9010989010989011,0.9,0.001098901098901095,0.09482758620689655,0.9010989010989011,0.49796324365289885,0.31272727272727274,11
3,0,hand:mean_token_entropy [task-rel],0.15,split CP (SAFE),exch,0.75,0.85,-0.09999999999999998,0.1896551724137931,0.75,0.4698275862068966,0.2127272727272728,11
3,0,hand:mean_token_entropy [task-rel],0.15,ACI g=0.05 (grow cal),exch,0.75,0.85,-0.09999999999999998,0.2413793103448276,0.75,0.4956896551724138,0.1985714285714286,14
3,0,hand:mean_token_entropy [task-rel],0.15,split CP (SAFE),blocked,0.8351648351648352,0.85,-0.014835164835164782,0.15517241379310345,0.8351648351648352,0.4951686244789693,0.2777777777777778,18
3,0,hand:mean_token_entropy [task-rel],0.15,ACI g=0.05 (grow cal),blocked,0.8571428571428572,0.85,0.0071428571428572285,0.20689655172413793,0.8571428571428572,0.5320197044334976,0.2625,24
3,0,hand:mean_token_entropy [task-rel],0.2,split CP (SAFE),exch,0.75,0.8,-0.050000000000000044,0.3275862068965517,0.75,0.5387931034482758,0.2052631578947369,19
3,0,hand:mean_token_entropy [task-rel],0.2,ACI g=0.05 (grow cal),exch,0.6875,0.8,-0.11250000000000004,0.3103448275862069,0.6875,0.4989224137931034,0.2533333333333333,18
3,0,hand:mean_token_entropy [task-rel],0.2,split CP (SAFE),blocked,0.7582417582417582,0.8,-0.04175824175824183,0.23275862068965517,0.7582417582417582,0.4955001894657067,0.2614814814814815,27
3,0,hand:mean_token_entropy [task-rel],0.2,ACI g=0.05 (grow cal),blocked,0.8021978021978022,0.8,0.00219780219780219,0.22413793103448276,0.8021978021978022,0.5131678666161426,0.28076923076923077,26
3,0,hand:mean_token_entropy [task-rel],0.25,split CP (SAFE),exch,0.625,0.75,-0.125,0.46551724137931033,0.625,0.5452586206896551,0.24444444444444444,27
3,0,hand:mean_token_entropy [task-rel],0.25,ACI g=0.05 (grow cal),exch,0.5625,0.75,-0.1875,0.3275862068965517,0.5625,0.44504310344827586,0.22421052631578942,19
3,0,hand:mean_token_entropy [task-rel],0.25,split CP (SAFE),blocked,0.6813186813186813,0.75,-0.06868131868131866,0.3017241379310345,0.6813186813186813,0.4915214096248579,0.22685714285714284,35
3,0,hand:mean_token_entropy [task-rel],0.25,ACI g=0.05 (grow cal),blocked,0.7582417582417582,0.75,0.008241758241758212,0.22413793103448276,0.7582417582417582,0.4911898446381205,0.25384615384615383,26
3,0,hand:cum_max_token_entropy,0.1,split CP (SAFE),exch,0.9375,0.9,0.03749999999999998,0.10344827586206896,0.9375,0.5204741379310345,0.08,6
3,0,hand:cum_max_token_entropy,0.1,ACI g=0.05 (grow cal),exch,0.9375,0.9,0.03749999999999998,0.10344827586206896,0.9375,0.5204741379310345,0.07,6
3,0,hand:cum_max_token_entropy,0.1,split CP (SAFE),blocked,0.8131868131868132,0.9,-0.08681318681318684,0.4051724137931034,0.8131868131868132,0.6091796134899583,0.2868085106382979,47
3,0,hand:cum_max_token_entropy,0.1,ACI g=0.05 (grow cal),blocked,0.8901098901098901,0.9,-0.009890109890109966,0.25,0.8901098901098901,0.570054945054945,0.33724137931034487,29
3,0,hand:cum_max_token_entropy,0.15,split CP (SAFE),exch,0.9375,0.85,0.08750000000000002,0.13793103448275862,0.9375,0.5377155172413793,0.16999999999999998,8
3,0,hand:cum_max_token_entropy,0.15,ACI g=0.05 (grow cal),exch,0.875,0.85,0.025000000000000022,0.13793103448275862,0.875,0.5064655172413793,0.16499999999999998,8
3,0,hand:cum_max_token_entropy,0.15,split CP (SAFE),blocked,0.7362637362637363,0.85,-0.11373626373626367,0.47413793103448276,0.7362637362637363,0.6052008336491095,0.3712727272727272,55
3,0,hand:cum_max_token_entropy,0.15,ACI g=0.05 (grow cal),blocked,0.8351648351648352,0.85,-0.014835164835164782,0.29310344827586204,0.8351648351648352,0.5641341417203486,0.4370588235294118,34
3,0,hand:cum_max_token_entropy,0.2,split CP (SAFE),exch,0.9375,0.8,0.13749999999999996,0.13793103448275862,0.9375,0.5377155172413793,0.16,8
3,0,hand:cum_max_token_entropy,0.2,ACI g=0.05 (grow cal),exch,0.875,0.8,0.07499999999999996,0.15517241379310345,0.875,0.5150862068965517,0.18666666666666668,9
3,0,hand:cum_max_token_entropy,0.2,split CP (SAFE),blocked,0.7362637362637363,0.8,-0.06373626373626373,0.4827586206896552,0.7362637362637363,0.6095111784766958,0.3728571428571429,56
3,0,hand:cum_max_token_entropy,0.2,ACI g=0.05 (grow cal),blocked,0.7802197802197802,0.8,-0.01978021978021982,0.3448275862068966,0.7802197802197802,0.5625236832133385,0.413,40
3,0,hand:cum_max_token_entropy,0.25,split CP (SAFE),exch,0.875,0.75,0.125,0.1724137931034483,0.875,0.5237068965517242,0.13999999999999999,10
3,0,hand:cum_max_token_entropy,0.25,ACI g=0.05 (grow cal),exch,0.8125,0.75,0.0625,0.20689655172413793,0.8125,0.509698275862069,0.17833333333333334,12
3,0,hand:cum_max_token_entropy,0.25,split CP (SAFE),blocked,0.6923076923076923,0.75,-0.05769230769230771,0.5344827586206896,0.6923076923076923,0.613395225464191,0.34677419354838707,62
3,0,hand:cum_max_token_entropy,0.25,ACI g=0.05 (grow cal),blocked,0.7252747252747253,0.75,-0.02472527472527475,0.41379310344827586,0.7252747252747253,0.5695339143615006,0.3904166666666667,48
3,0,hand:cum_max_token_entropy [task-rel],0.1,split CP (SAFE),exch,0.9375,0.9,0.03749999999999998,0.034482758620689655,0.9375,0.4859913793103448,0.04,2
3,0,hand:cum_max_token_entropy [task-rel],0.1,ACI g=0.05 (grow cal),exch,0.9375,0.9,0.03749999999999998,0.05172413793103448,0.9375,0.49461206896551724,0.03333333333333333,3
3,0,hand:cum_max_token_entropy [task-rel],0.1,split CP (SAFE),blocked,0.945054945054945,0.9,0.045054945054945006,0.1206896551724138,0.945054945054945,0.5328723001136794,0.29999999999999993,14
3,0,hand:cum_max_token_entropy [task-rel],0.1,ACI g=0.05 (grow cal),blocked,0.8681318681318682,0.9,-0.031868131868131866,0.22413793103448276,0.8681318681318682,0.5461348995831754,0.13615384615384615,26
3,0,hand:cum_max_token_entropy [task-rel],0.15,split CP (SAFE),exch,0.9375,0.85,0.08750000000000002,0.05172413793103448,0.9375,0.49461206896551724,0.04,3
3,0,hand:cum_max_token_entropy [task-rel],0.15,ACI g=0.05 (grow cal),exch,0.875,0.85,0.025000000000000022,0.20689655172413793,0.875,0.540948275862069,0.06166666666666668,12
3,0,hand:cum_max_token_entropy [task-rel],0.15,split CP (SAFE),blocked,0.9010989010989011,0.85,0.05109890109890114,0.1724137931034483,0.9010989010989011,0.5367563471011747,0.21399999999999997,20
3,0,hand:cum_max_token_entropy [task-rel],0.15,ACI g=0.05 (grow cal),blocked,0.8241758241758241,0.85,-0.025824175824175843,0.29310344827586204,0.8241758241758241,0.5586396362258431,0.1023529411764706,34
3,0,hand:cum_max_token_entropy [task-rel],0.2,split CP (SAFE),exch,0.875,0.8,0.07499999999999996,0.3103448275862069,0.875,0.5926724137931034,0.05333333333333334,18
3,0,hand:cum_max_token_entropy [task-rel],0.2,ACI g=0.05 (grow cal),exch,0.8125,0.8,0.012499999999999956,0.3448275862068966,0.8125,0.5786637931034483,0.047,20
3,0,hand:cum_max_token_entropy [task-rel],0.2,split CP (SAFE),blocked,0.7912087912087912,0.8,-0.008791208791208871,0.41379310344827586,0.7912087912087912,0.6025009473285335,0.115,48
3,0,hand:cum_max_token_entropy [task-rel],0.2,ACI g=0.05 (grow cal),blocked,0.7692307692307692,0.8,-0.030769230769230882,0.33620689655172414,0.7692307692307692,0.5527188328912467,0.10256410256410256,39
3,0,hand:cum_max_token_entropy [task-rel],0.25,split CP (SAFE),exch,0.625,0.75,-0.125,0.43103448275862066,0.625,0.5280172413793103,0.07440000000000001,25
3,0,hand:cum_max_token_entropy [task-rel],0.25,ACI g=0.05 (grow cal),exch,0.625,0.75,-0.125,0.3448275862068966,0.625,0.4849137931034483,0.052000000000000005,20
3,0,hand:cum_max_token_entropy [task-rel],0.25,split CP (SAFE),blocked,0.5934065934065934,0.75,-0.1565934065934066,0.47413793103448276,0.5934065934065934,0.5337722622205381,0.0949090909090909,55
3,0,hand:cum_max_token_entropy [task-rel],0.25,ACI g=0.05 (grow cal),blocked,0.7142857142857143,0.75,-0.0357142857142857,0.33620689655172414,0.7142857142857143,0.5252463054187192,0.09384615384615384,39
3,0,hand:cum_mean_token_prob,0.1,split CP (SAFE),exch,0.875,0.9,-0.025000000000000022,0.22413793103448276,0.875,0.5495689655172413,0.19384615384615383,13
3,0,hand:cum_mean_token_prob,0.1,ACI g=0.05 (grow cal),exch,0.875,0.9,-0.025000000000000022,0.2413793103448276,0.875,0.5581896551724138,0.1742857142857143,14
3,0,hand:cum_mean_token_prob,0.1,split CP (SAFE),blocked,0.8681318681318682,0.9,-0.031868131868131866,0.15517241379310345,0.8681318681318682,0.5116521409624858,0.48000000000000004,18
3,0,hand:cum_mean_token_prob,0.1,ACI g=0.05 (grow cal),blocked,0.8901098901098901,0.9,-0.009890109890109966,0.11206896551724138,0.8901098901098901,0.5010894278135657,0.4046153846153846,13
3,0,hand:cum_mean_token_prob,0.15,split CP (SAFE),exch,0.8125,0.85,-0.03749999999999998,0.2413793103448276,0.8125,0.5269396551724138,0.17714285714285713,14
3,0,hand:cum_mean_token_prob,0.15,ACI g=0.05 (grow cal),exch,0.8125,0.85,-0.03749999999999998,0.25862068965517243,0.8125,0.5355603448275862,0.17733333333333337,15
3,0,hand:cum_mean_token_prob,0.15,split CP (SAFE),blocked,0.8351648351648352,0.85,-0.014835164835164782,0.21551724137931033,0.8351648351648352,0.5253410382720728,0.5144000000000001,25
3,0,hand:cum_mean_token_prob,0.15,ACI g=0.05 (grow cal),blocked,0.8461538461538461,0.85,-0.0038461538461538325,0.16379310344827586,0.8461538461538461,0.504973474801061,0.4757894736842106,19
3,0,hand:cum_mean_token_prob,0.2,split CP (SAFE),exch,0.8125,0.8,0.012499999999999956,0.29310344827586204,0.8125,0.552801724137931,0.21411764705882352,17
3,0,hand:cum_mean_token_prob,0.2,ACI g=0.05 (grow cal),exch,0.8125,0.8,0.012499999999999956,0.3448275862068966,0.8125,0.5786637931034483,0.255,20
3,0,hand:cum_mean_token_prob,0.2,split CP (SAFE),blocked,0.7582417582417582,0.8,-0.04175824175824183,0.2672413793103448,0.7582417582417582,0.5127415687760515,0.45806451612903215,31
3,0,hand:cum_mean_token_prob,0.2,ACI g=0.05 (grow cal),blocked,0.8021978021978022,0.8,0.00219780219780219,0.25,0.8021978021978022,0.5260989010989011,0.4924137931034482,29
3,0,hand:cum_mean_token_prob,0.25,split CP (SAFE),exch,0.75,0.75,0.0,0.3103448275862069,0.75,0.5301724137931034,0.19333333333333333,18
3,0,hand:cum_mean_token_prob,0.25,ACI g=0.05 (grow cal),exch,0.6875,0.75,-0.0625,0.3275862068965517,0.6875,0.5075431034482758,0.19999999999999998,19
3,0,hand:cum_mean_token_prob,0.25,split CP (SAFE),blocked,0.7142857142857143,0.75,-0.0357142857142857,0.3620689655172414,0.7142857142857143,0.5381773399014779,0.4576190476190477,42
3,0,hand:cum_mean_token_prob,0.25,ACI g=0.05 (grow cal),blocked,0.7472527472527473,0.75,-0.0027472527472527375,0.28448275862068967,0.7472527472527473,0.5158677529367185,0.42424242424242425,33
3,0,hand:cum_mean_token_prob [task-rel],0.1,split CP (SAFE),exch,0.875,0.9,-0.025000000000000022,0.05172413793103448,0.875,0.46336206896551724,0.22,3
3,0,hand:cum_mean_token_prob [task-rel],0.1,ACI g=0.05 (grow cal),exch,0.8125,0.9,-0.08750000000000002,0.06896551724137931,0.8125,0.44073275862068967,0.245,4
3,0,hand:cum_mean_token_prob [task-rel],0.1,split CP (SAFE),blocked,0.967032967032967,0.9,0.06703296703296702,0.13793103448275862,0.967032967032967,0.5524820007578628,0.34625000000000006,16
3,0,hand:cum_mean_token_prob [task-rel],0.1,ACI g=0.05 (grow cal),blocked,0.8791208791208791,0.9,-0.020879120879120916,0.20689655172413793,0.8791208791208791,0.5430087154225085,0.26333333333333336,24
3,0,hand:cum_mean_token_prob [task-rel],0.15,split CP (SAFE),exch,0.8125,0.85,-0.03749999999999998,0.1896551724137931,0.8125,0.5010775862068966,0.3181818181818182,11
3,0,hand:cum_mean_token_prob [task-rel],0.15,ACI g=0.05 (grow cal),exch,0.75,0.85,-0.09999999999999998,0.08620689655172414,0.75,0.4181034482758621,0.388,5
3,0,hand:cum_mean_token_prob [task-rel],0.15,split CP (SAFE),blocked,0.8791208791208791,0.85,0.02912087912087913,0.2672413793103448,0.8791208791208791,0.5731811292156119,0.3716129032258064,31
3,0,hand:cum_mean_token_prob [task-rel],0.15,ACI g=0.05 (grow cal),blocked,0.8241758241758241,0.85,-0.025824175824175843,0.29310344827586204,0.8241758241758241,0.5586396362258431,0.32588235294117646,34
3,0,hand:cum_mean_token_prob [task-rel],0.2,split CP (SAFE),exch,0.5625,0.8,-0.23750000000000004,0.41379310344827586,0.5625,0.4881465517241379,0.25333333333333335,24
3,0,hand:cum_mean_token_prob [task-rel],0.2,ACI g=0.05 (grow cal),exch,0.6875,0.8,-0.11250000000000004,0.22413793103448276,0.6875,0.4558189655172414,0.3153846153846154,13
3,0,hand:cum_mean_token_prob [task-rel],0.2,split CP (SAFE),blocked,0.7472527472527473,0.8,-0.05274725274725278,0.46551724137931033,0.7472527472527473,0.6063849943160288,0.30370370370370375,54
3,0,hand:cum_mean_token_prob [task-rel],0.2,ACI g=0.05 (grow cal),blocked,0.7692307692307692,0.8,-0.030769230769230882,0.33620689655172414,0.7692307692307692,0.5527188328912467,0.31641025641025644,39
3,0,hand:cum_mean_token_prob [task-rel],0.25,split CP (SAFE),exch,0.5,0.75,-0.25,0.39655172413793105,0.5,0.4482758620689655,0.2643478260869565,23
3,0,hand:cum_mean_token_prob [task-rel],0.25,ACI g=0.05 (grow cal),exch,0.625,0.75,-0.125,0.27586206896551724,0.625,0.4504310344827586,0.39,16
3,0,hand:cum_mean_token_prob [task-rel],0.25,split CP (SAFE),blocked,0.6593406593406593,0.75,-0.09065934065934067,0.4827586206896552,0.6593406593406593,0.5710496400151572,0.32785714285714285,56
3,0,hand:cum_mean_token_prob [task-rel],0.25,ACI g=0.05 (grow cal),blocked,0.7252747252747253,0.75,-0.02472527472527475,0.3620689655172414,0.7252747252747253,0.5436718453959833,0.33904761904761904,42
3,0,hand:cum_dpos,0.1,split CP (SAFE),exch,0.625,0.9,-0.275,0.13793103448275862,0.625,0.38146551724137934,0.33249999999999996,8
3,0,hand:cum_dpos,0.1,ACI g=0.05 (grow cal),exch,0.75,0.9,-0.15000000000000002,0.10344827586206896,0.75,0.4267241379310345,0.25666666666666665,6
3,0,hand:cum_dpos,0.1,split CP (SAFE),blocked,0.7362637362637363,0.9,-0.1637362637362637,0.3706896551724138,0.7362637362637363,0.553476695718075,0.1469767441860465,43
3,0,hand:cum_dpos,0.1,ACI g=0.05 (grow cal),blocked,0.8901098901098901,0.9,-0.009890109890109966,0.1206896551724138,0.8901098901098901,0.5053997726411519,0.1542857142857143,14
3,0,hand:cum_dpos,0.15,split CP (SAFE),exch,0.5,0.85,-0.35,0.13793103448275862,0.5,0.31896551724137934,0.2775,8
3,0,hand:cum_dpos,0.15,ACI g=0.05 (grow cal),exch,0.6875,0.85,-0.16249999999999998,0.1206896551724138,0.6875,0.4040948275862069,0.3171428571428571,7
3,0,hand:cum_dpos,0.15,split CP (SAFE),blocked,0.6263736263736264,0.85,-0.2236263736263736,0.3793103448275862,0.6263736263736264,0.5028419856006063,0.16136363636363635,44
3,0,hand:cum_dpos,0.15,ACI g=0.05 (grow cal),blocked,0.8461538461538461,0.85,-0.0038461538461538325,0.2413793103448276,0.8461538461538461,0.5437665782493368,0.15999999999999998,28
3,0,hand:cum_dpos,0.2,split CP (SAFE),exch,0.5,0.8,-0.30000000000000004,0.13793103448275862,0.5,0.31896551724137934,0.235,8
3,0,hand:cum_dpos,0.2,ACI g=0.05 (grow cal),exch,0.6875,0.8,-0.11250000000000004,0.1206896551724138,0.6875,0.4040948275862069,0.2714285714285714,7
3,0,hand:cum_dpos,0.2,split CP (SAFE),blocked,0.5824175824175823,0.8,-0.2175824175824177,0.39655172413793105,0.5824175824175823,0.4894846532777567,0.17217391304347826,46
3,0,hand:cum_dpos,0.2,ACI g=0.05 (grow cal),blocked,0.7912087912087912,0.8,-0.008791208791208871,0.3448275862068966,0.7912087912087912,0.5680181887078439,0.20700000000000002,40
3,0,hand:cum_dpos,0.25,split CP (SAFE),exch,0.5,0.75,-0.25,0.1724137931034483,0.5,0.33620689655172414,0.35800000000000004,10
3,0,hand:cum_dpos,0.25,ACI g=0.05 (grow cal),exch,0.625,0.75,-0.125,0.1724137931034483,0.625,0.39870689655172414,0.37200000000000005,10
3,0,hand:cum_dpos,0.25,split CP (SAFE),blocked,0.5384615384615384,0.75,-0.21153846153846156,0.4482758620689655,0.5384615384615384,0.493368700265252,0.24576923076923077,52
3,0,hand:cum_dpos,0.25,ACI g=0.05 (grow cal),blocked,0.7472527472527473,0.75,-0.0027472527472527375,0.3706896551724138,0.7472527472527473,0.5589712012125805,0.2381395348837209,43
3,0,hand:cum_dpos [task-rel],0.1,split CP (SAFE),exch,0.9375,0.9,0.03749999999999998,0.1896551724137931,0.9375,0.5635775862068966,0.48363636363636364,11
3,0,hand:cum_dpos [task-rel],0.1,ACI g=0.05 (grow cal),exch,0.9375,0.9,0.03749999999999998,0.1896551724137931,0.9375,0.5635775862068966,0.4727272727272727,11
3,0,hand:cum_dpos [task-rel],0.1,split CP (SAFE),blocked,0.9560439560439561,0.9,0.05604395604395607,0.08620689655172414,0.9560439560439561,0.5211254262978401,0.22799999999999998,10
3,0,hand:cum_dpos [task-rel],0.1,ACI g=0.05 (grow cal),blocked,0.9010989010989011,0.9,0.001098901098901095,0.10344827586206896,0.9010989010989011,0.5022735884804851,0.1433333333333333,12
3,0,hand:cum_dpos [task-rel],0.15,split CP (SAFE),exch,0.875,0.85,0.025000000000000022,0.1896551724137931,0.875,0.5323275862068966,0.3418181818181818,11
3,0,hand:cum_dpos [task-rel],0.15,ACI g=0.05 (grow cal),exch,0.875,0.85,0.025000000000000022,0.20689655172413793,0.875,0.540948275862069,0.3116666666666666,12
3,0,hand:cum_dpos [task-rel],0.15,split CP (SAFE),blocked,0.9120879120879121,0.85,0.06208791208791209,0.1206896551724138,0.9120879120879121,0.5163887836301629,0.2357142857142857,14
3,0,hand:cum_dpos [task-rel],0.15,ACI g=0.05 (grow cal),blocked,0.8351648351648352,0.85,-0.014835164835164782,0.1896551724137931,0.8351648351648352,0.5124100037893141,0.2709090909090909,22
3,0,hand:cum_dpos [task-rel],0.2,split CP (SAFE),exch,0.8125,0.8,0.012499999999999956,0.2413793103448276,0.8125,0.5269396551724138,0.2742857142857142,14
3,0,hand:cum_dpos [task-rel],0.2,ACI g=0.05 (grow cal),exch,0.8125,0.8,0.012499999999999956,0.2413793103448276,0.8125,0.5269396551724138,0.2571428571428572,14
3,0,hand:cum_dpos [task-rel],0.2,split CP (SAFE),blocked,0.8681318681318682,0.8,0.06813186813186811,0.19827586206896552,0.8681318681318682,0.5332038651004168,0.23391304347826086,23
3,0,hand:cum_dpos [task-rel],0.2,ACI g=0.05 (grow cal),blocked,0.7802197802197802,0.8,-0.01978021978021982,0.3103448275862069,0.7802197802197802,0.5452823039029936,0.18333333333333332,36
3,0,hand:cum_dpos [task-rel],0.25,split CP (SAFE),exch,0.8125,0.75,0.0625,0.3103448275862069,0.8125,0.5614224137931034,0.34777777777777774,18
3,0,hand:cum_dpos [task-rel],0.25,ACI g=0.05 (grow cal),exch,0.75,0.75,0.0,0.3275862068965517,0.75,0.5387931034482758,0.3252631578947368,19
3,0,hand:cum_dpos [task-rel],0.25,split CP (SAFE),blocked,0.8681318681318682,0.75,0.11813186813186816,0.20689655172413793,0.8681318681318682,0.537514209928003,0.30750000000000005,24
3,0,hand:cum_dpos [task-rel],0.25,ACI g=0.05 (grow cal),blocked,0.7252747252747253,0.75,-0.02472527472527475,0.3620689655172414,0.7252747252747253,0.5436718453959833,0.18000000000000002,42
3,0,hand:cum_drot,0.1,split CP (SAFE),exch,0.9375,0.9,0.03749999999999998,0.10344827586206896,0.9375,0.5204741379310345,0.4366666666666667,6
3,0,hand:cum_drot,0.1,ACI g=0.05 (grow cal),exch,0.875,0.9,-0.025000000000000022,0.10344827586206896,0.875,0.4892241379310345,0.44,6
3,0,hand:cum_drot,0.1,split CP (SAFE),blocked,1.0,0.9,0.09999999999999998,0.05172413793103448,1.0,0.5258620689655172,0.6333333333333333,6
3,0,hand:cum_drot,0.1,ACI g=0.05 (grow cal),blocked,0.945054945054945,0.9,0.045054945054945006,0.20689655172413793,0.945054945054945,0.5759757483895415,0.435,24
3,0,hand:cum_drot,0.15,split CP (SAFE),exch,0.8125,0.85,-0.03749999999999998,0.10344827586206896,0.8125,0.4579741379310345,0.48333333333333334,6
3,0,hand:cum_drot,0.15,ACI g=0.05 (grow cal),exch,0.8125,0.85,-0.03749999999999998,0.1206896551724138,0.8125,0.4665948275862069,0.44857142857142857,7
3,0,hand:cum_drot,0.15,split CP (SAFE),blocked,1.0,0.85,0.15000000000000002,0.0603448275862069,1.0,0.5301724137931034,0.6142857142857142,7
3,0,hand:cum_drot,0.15,ACI g=0.05 (grow cal),blocked,0.9010989010989011,0.85,0.05109890109890114,0.2672413793103448,0.9010989010989011,0.584170140204623,0.45290322580645165,31
3,0,hand:cum_drot,0.2,split CP (SAFE),exch,0.8125,0.8,0.012499999999999956,0.1724137931034483,0.8125,0.49245689655172414,0.404,10
3,0,hand:cum_drot,0.2,ACI g=0.05 (grow cal),exch,0.75,0.8,-0.050000000000000044,0.1896551724137931,0.75,0.4698275862068966,0.450909090909091,11
3,0,hand:cum_drot,0.2,split CP (SAFE),blocked,1.0,0.8,0.19999999999999996,0.07758620689655173,1.0,0.5387931034482759,0.38,9
3,0,hand:cum_drot,0.2,ACI g=0.05 (grow cal),blocked,0.8571428571428572,0.8,0.05714285714285716,0.31896551724137934,0.8571428571428572,0.5880541871921183,0.385945945945946,37
3,0,hand:cum_drot,0.25,split CP (SAFE),exch,0.75,0.75,0.0,0.22413793103448276,0.75,0.4870689655172414,0.3523076923076923,13
3,0,hand:cum_drot,0.25,ACI g=0.05 (grow cal),exch,0.75,0.75,0.0,0.27586206896551724,0.75,0.5129310344827587,0.37125,16
3,0,hand:cum_drot,0.25,split CP (SAFE),blocked,1.0,0.75,0.25,0.09482758620689655,1.0,0.5474137931034483,0.42363636363636364,11
3,0,hand:cum_drot,0.25,ACI g=0.05 (grow cal),blocked,0.8021978021978022,0.75,0.052197802197802234,0.35344827586206895,0.8021978021978022,0.5778230390299356,0.40975609756097564,41
3,0,hand:cum_drot [task-rel],0.1,split CP (SAFE),exch,0.875,0.9,-0.025000000000000022,0.10344827586206896,0.875,0.4892241379310345,0.07,6
3,0,hand:cum_drot [task-rel],0.1,ACI g=0.05 (grow cal),exch,0.875,0.9,-0.025000000000000022,0.1206896551724138,0.875,0.4978448275862069,0.08,7
3,0,hand:cum_drot [task-rel],0.1,split CP (SAFE),blocked,0.9560439560439561,0.9,0.05604395604395607,0.10344827586206896,0.9560439560439561,0.5297461159530126,0.21333333333333335,12
3,0,hand:cum_drot [task-rel],0.1,ACI g=0.05 (grow cal),blocked,0.9230769230769231,0.9,0.023076923076923106,0.12931034482758622,0.9230769230769231,0.5261936339522547,0.22533333333333333,15
3,0,hand:cum_drot [task-rel],0.15,split CP (SAFE),exch,0.625,0.85,-0.22499999999999998,0.3103448275862069,0.625,0.4676724137931034,0.2277777777777778,18
3,0,hand:cum_drot [task-rel],0.15,ACI g=0.05 (grow cal),exch,0.75,0.85,-0.09999999999999998,0.22413793103448276,0.75,0.4870689655172414,0.24615384615384617,13
3,0,hand:cum_drot [task-rel],0.15,split CP (SAFE),blocked,0.6043956043956045,0.85,-0.2456043956043955,0.43103448275862066,0.6043956043956045,0.5177150435771125,0.3507999999999999,50
3,0,hand:cum_drot [task-rel],0.15,ACI g=0.05 (grow cal),blocked,0.8461538461538461,0.85,-0.0038461538461538325,0.21551724137931033,0.8461538461538461,0.5308355437665783,0.316,25
3,0,hand:cum_drot [task-rel],0.2,split CP (SAFE),exch,0.625,0.8,-0.17500000000000004,0.3103448275862069,0.625,0.4676724137931034,0.2277777777777778,18
3,0,hand:cum_drot [task-rel],0.2,ACI g=0.05 (grow cal),exch,0.6875,0.8,-0.11250000000000004,0.25862068965517243,0.6875,0.4730603448275862,0.21866666666666665,15
3,0,hand:cum_drot [task-rel],0.2,split CP (SAFE),blocked,0.5824175824175823,0.8,-0.2175824175824177,0.4827586206896552,0.5824175824175823,0.5325881015536188,0.3439285714285714,56
3,0,hand:cum_drot [task-rel],0.2,ACI g=0.05 (grow cal),blocked,0.7912087912087912,0.8,-0.008791208791208871,0.27586206896551724,0.7912087912087912,0.5335354300871542,0.320625,32
3,0,hand:cum_drot [task-rel],0.25,split CP (SAFE),exch,0.625,0.75,-0.125,0.3275862068965517,0.625,0.47629310344827586,0.2610526315789474,19
3,0,hand:cum_drot [task-rel],0.25,ACI g=0.05 (grow cal),exch,0.625,0.75,-0.125,0.3275862068965517,0.625,0.47629310344827586,0.2642105263157895,19
3,0,hand:cum_drot [task-rel],0.25,split CP (SAFE),blocked,0.5494505494505495,0.75,-0.2005494505494505,0.603448275862069,0.5494505494505495,0.5764494126563092,0.446,70
3,0,hand:cum_drot [task-rel],0.25,ACI g=0.05 (grow cal),blocked,0.7362637362637363,0.75,-0.013736263736263687,0.3793103448275862,0.7362637362637363,0.5577870405456613,0.425,44
3,0,hand:dgripper,0.1,split CP (SAFE),exch,1.0,0.9,0.09999999999999998,0.0,1.0,0.5,,0
3,0,hand:dgripper,0.1,ACI g=0.05 (grow cal),exch,1.0,0.9,0.09999999999999998,0.0,1.0,0.5,,0
3,0,hand:dgripper,0.1,split CP (SAFE),blocked,1.0,0.9,0.09999999999999998,0.0,1.0,0.5,,0
3,0,hand:dgripper,0.1,ACI g=0.05 (grow cal),blocked,0.978021978021978,0.9,0.07802197802197797,0.008620689655172414,0.978021978021978,0.4933213338385752,0.28,1
3,0,hand:dgripper,0.15,split CP (SAFE),exch,1.0,0.85,0.15000000000000002,0.0,1.0,0.5,,0
3,0,hand:dgripper,0.15,ACI g=0.05 (grow cal),exch,1.0,0.85,0.15000000000000002,0.05172413793103448,1.0,0.5258620689655172,0.13999999999999999,3
3,0,hand:dgripper,0.15,split CP (SAFE),blocked,1.0,0.85,0.15000000000000002,0.0,1.0,0.5,,0
3,0,hand:dgripper,0.15,ACI g=0.05 (grow cal),blocked,0.945054945054945,0.85,0.09505494505494505,0.04310344827586207,0.945054945054945,0.49407919666540356,0.12000000000000002,5
3,0,hand:dgripper,0.2,split CP (SAFE),exch,1.0,0.8,0.19999999999999996,0.0,1.0,0.5,,0
3,0,hand:dgripper,0.2,ACI g=0.05 (grow cal),exch,1.0,0.8,0.19999999999999996,0.06896551724137931,1.0,0.5344827586206896,0.11,4
3,0,hand:dgripper,0.2,split CP (SAFE),blocked,1.0,0.8,0.19999999999999996,0.0,1.0,0.5,,0
3,0,hand:dgripper,0.2,ACI g=0.05 (grow cal),blocked,0.9340659340659341,0.8,0.13406593406593403,0.07758620689655173,0.9340659340659341,0.505826070481243,0.1111111111111111,9
3,0,hand:dgripper,0.25,split CP (SAFE),exch,1.0,0.75,0.25,0.0,1.0,0.5,,0
3,0,hand:dgripper,0.25,ACI g=0.05 (grow cal),exch,0.875,0.75,0.125,0.15517241379310345,0.875,0.5150862068965517,0.15333333333333332,9
3,0,hand:dgripper,0.25,split CP (SAFE),blocked,1.0,0.75,0.25,0.0,1.0,0.5,,0
3,0,hand:dgripper,0.25,ACI g=0.05 (grow cal),blocked,0.8791208791208791,0.75,0.1291208791208791,0.10344827586206896,0.8791208791208791,0.49128457749147403,0.21999999999999997,12
3,0,hand:dgripper [task-rel],0.1,split CP (SAFE),exch,1.0,0.9,0.09999999999999998,0.034482758620689655,1.0,0.5172413793103449,0.3,2
3,0,hand:dgripper [task-rel],0.1,ACI g=0.05 (grow cal),exch,1.0,0.9,0.09999999999999998,0.06896551724137931,1.0,0.5344827586206896,0.235,4
3,0,hand:dgripper [task-rel],0.1,split CP (SAFE),blocked,0.989010989010989,0.9,0.08901098901098903,0.008620689655172414,0.989010989010989,0.4988158393330807,0.3,1
3,0,hand:dgripper [task-rel],0.1,ACI g=0.05 (grow cal),blocked,0.9560439560439561,0.9,0.05604395604395607,0.017241379310344827,0.9560439560439561,0.4866426676771505,0.29000000000000004,2
3,0,hand:dgripper [task-rel],0.15,split CP (SAFE),exch,1.0,0.85,0.15000000000000002,0.034482758620689655,1.0,0.5172413793103449,0.3,2
3,0,hand:dgripper [task-rel],0.15,ACI g=0.05 (grow cal),exch,1.0,0.85,0.15000000000000002,0.10344827586206896,1.0,0.5517241379310345,0.21,6
3,0,hand:dgripper [task-rel],0.15,split CP (SAFE),blocked,0.989010989010989,0.85,0.13901098901098907,0.008620689655172414,0.989010989010989,0.4988158393330807,0.3,1
3,0,hand:dgripper [task-rel],0.15,ACI g=0.05 (grow cal),blocked,0.9340659340659341,0.85,0.0840659340659341,0.034482758620689655,0.9340659340659341,0.48427434634331185,0.29000000000000004,4
3,0,hand:dgripper [task-rel],0.2,split CP (SAFE),exch,1.0,0.8,0.19999999999999996,0.15517241379310345,1.0,0.5775862068965517,0.30444444444444446,9
3,0,hand:dgripper [task-rel],0.2,ACI g=0.05 (grow cal),exch,1.0,0.8,0.19999999999999996,0.20689655172413793,1.0,0.603448275862069,0.23166666666666666,12
3,0,hand:dgripper [task-rel],0.2,split CP (SAFE),blocked,0.9120879120879121,0.8,0.11208791208791202,0.034482758620689655,0.9120879120879121,0.47328533535430084,0.29000000000000004,4
3,0,hand:dgripper [task-rel],0.2,ACI g=0.05 (grow cal),blocked,0.9120879120879121,0.8,0.11208791208791202,0.07758620689655173,0.9120879120879121,0.4948370594922319,0.12444444444444445,9
3,0,hand:dgripper [task-rel],0.25,split CP (SAFE),exch,1.0,0.75,0.25,0.1896551724137931,1.0,0.5948275862068966,0.2527272727272727,11
3,0,hand:dgripper [task-rel],0.25,ACI g=0.05 (grow cal),exch,0.875,0.75,0.125,0.25862068965517243,0.875,0.5668103448275862,0.16933333333333334,15
3,0,hand:dgripper [task-rel],0.25,split CP (SAFE),blocked,0.9120879120879121,0.75,0.16208791208791207,0.05172413793103448,0.9120879120879121,0.48190602500947327,0.25333333333333335,6
3,0,hand:dgripper [task-rel],0.25,ACI g=0.05 (grow cal),blocked,0.8791208791208791,0.75,0.1291208791208791,0.09482758620689655,0.8791208791208791,0.48697423266388784,0.13636363636363635,11
3,1,SAFE-MLP,0.1,split CP (SAFE),exch,0.875,0.9,-0.025000000000000022,0.3898305084745763,0.875,0.6324152542372882,0.6295652173913043,23
3,1,SAFE-MLP,0.1,ACI g=0.05 (grow cal),exch,0.875,0.9,-0.025000000000000022,0.3389830508474576,0.875,0.6069915254237288,0.6899999999999998,20
3,1,SAFE-MLP,0.1,split CP (SAFE),blocked,0.989010989010989,0.9,0.08901098901098903,0.13793103448275862,0.989010989010989,0.5634710117468739,0.8025,16
3,1,SAFE-MLP,0.1,ACI g=0.05 (grow cal),blocked,0.9010989010989011,0.9,0.001098901098901095,0.3793103448275862,0.9010989010989011,0.6402046229632437,0.603181818181818,44
3,1,SAFE-MLP,0.15,split CP (SAFE),exch,0.75,0.85,-0.09999999999999998,0.8135593220338984,0.75,0.7817796610169492,0.6525,48
3,1,SAFE-MLP,0.15,ACI g=0.05 (grow cal),exch,0.8125,0.85,-0.03749999999999998,0.6440677966101694,0.8125,0.7282838983050848,0.7378947368421053,38
3,1,SAFE-MLP,0.15,split CP (SAFE),blocked,0.9120879120879121,0.85,0.06208791208791209,0.6379310344827587,0.9120879120879121,0.7750094732853354,0.7443243243243244,74
3,1,SAFE-MLP,0.15,ACI g=0.05 (grow cal),blocked,0.8571428571428572,0.85,0.0071428571428572285,0.6896551724137931,0.8571428571428572,0.7733990147783252,0.6824999999999999,80
3,1,SAFE-MLP,0.2,split CP (SAFE),exch,0.75,0.8,-0.050000000000000044,0.8135593220338984,0.75,0.7817796610169492,0.6466666666666666,48
3,1,SAFE-MLP,0.2,ACI g=0.05 (grow cal),exch,0.75,0.8,-0.050000000000000044,0.7627118644067796,0.75,0.7563559322033898,0.68,45
3,1,SAFE-MLP,0.2,split CP (SAFE),blocked,0.9010989010989011,0.8,0.10109890109890107,0.646551724137931,0.9010989010989011,0.773825312618416,0.7421333333333334,75
3,1,SAFE-MLP,0.2,ACI g=0.05 (grow cal),blocked,0.8021978021978022,0.8,0.00219780219780219,0.6896551724137931,0.8021978021978022,0.7459264873057977,0.6695,80
3,1,SAFE-MLP,0.25,split CP (SAFE),exch,0.75,0.75,0.0,0.8135593220338984,0.75,0.7817796610169492,0.6079166666666667,48
3,1,SAFE-MLP,0.25,ACI g=0.05 (grow cal),exch,0.75,0.75,0.0,0.7796610169491526,0.75,0.7648305084745763,0.6291304347826088,46
3,1,SAFE-MLP,0.25,split CP (SAFE),blocked,0.8571428571428572,0.75,0.1071428571428572,0.6551724137931034,0.8571428571428572,0.7561576354679803,0.7071052631578947,76
3,1,SAFE-MLP,0.25,ACI g=0.05 (grow cal),blocked,0.7582417582417582,0.75,0.008241758241758212,0.7413793103448276,0.7582417582417582,0.7498105342932929,0.5909302325581395,86
3,1,SAFE-MLP [task-rel],0.1,split CP (SAFE),exch,0.9375,0.9,0.03749999999999998,0.3389830508474576,0.9375,0.6382415254237288,0.5690000000000001,20
3,1,SAFE-MLP [task-rel],0.1,ACI g=0.05 (grow cal),exch,0.875,0.9,-0.025000000000000022,0.4067796610169492,0.875,0.6408898305084746,0.6066666666666667,24
3,1,SAFE-MLP [task-rel],0.1,split CP (SAFE),blocked,0.8021978021978022,0.9,-0.09780219780219779,0.28448275862068967,0.8021978021978022,0.543340280409246,0.5587878787878788,33
3,1,SAFE-MLP [task-rel],0.1,ACI g=0.05 (grow cal),blocked,0.8901098901098901,0.9,-0.009890109890109966,0.19827586206896552,0.8901098901098901,0.5441928760894278,0.5982608695652174,23
3,1,SAFE-MLP [task-rel],0.15,split CP (SAFE),exch,0.75,0.85,-0.09999999999999998,0.4745762711864407,0.75,0.6122881355932204,0.5092857142857142,28
3,1,SAFE-MLP [task-rel],0.15,ACI g=0.05 (grow cal),exch,0.75,0.85,-0.09999999999999998,0.4067796610169492,0.75,0.5783898305084746,0.5241666666666667,24
3,1,SAFE-MLP [task-rel],0.15,split CP (SAFE),blocked,0.6593406593406593,0.85,-0.19065934065934065,0.4482758620689655,0.6593406593406593,0.5538082607048125,0.4396153846153847,52
3,1,SAFE-MLP [task-rel],0.15,ACI g=0.05 (grow cal),blocked,0.8351648351648352,0.85,-0.014835164835164782,0.25862068965517243,0.8351648351648352,0.5468927624100038,0.52,30
3,1,SAFE-MLP [task-rel],0.2,split CP (SAFE),exch,0.6875,0.8,-0.11250000000000004,0.5254237288135594,0.6875,0.6064618644067796,0.48000000000000004,31
3,1,SAFE-MLP [task-rel],0.2,ACI g=0.05 (grow cal),exch,0.6875,0.8,-0.11250000000000004,0.4576271186440678,0.6875,0.572563559322034,0.4925925925925925,27
3,1,SAFE-MLP [task-rel],0.2,split CP (SAFE),blocked,0.6153846153846154,0.8,-0.18461538461538463,0.5,0.6153846153846154,0.5576923076923077,0.42758620689655175,58
3,1,SAFE-MLP [task-rel],0.2,ACI g=0.05 (grow cal),blocked,0.7692307692307692,0.8,-0.030769230769230882,0.29310344827586204,0.7692307692307692,0.5311671087533156,0.528235294117647,34
3,1,SAFE-MLP [task-rel],0.25,split CP (SAFE),exch,0.5,0.75,-0.25,0.6101694915254238,0.5,0.5550847457627119,0.3405555555555555,36
3,1,SAFE-MLP [task-rel],0.25,ACI g=0.05 (grow cal),exch,0.6875,0.75,-0.0625,0.6101694915254238,0.6875,0.6488347457627119,0.3972222222222222,36
3,1,SAFE-MLP [task-rel],0.25,split CP (SAFE),blocked,0.4945054945054945,0.75,-0.2554945054945055,0.5948275862068966,0.4945054945054945,0.5446665403561955,0.33507246376811595,69
3,1,SAFE-MLP [task-rel],0.25,ACI g=0.05 (grow cal),blocked,0.7252747252747253,0.75,-0.02472527472527475,0.3793103448275862,0.7252747252747253,0.5522925350511557,0.43727272727272726,44
3,1,H&S,0.1,split CP (SAFE),exch,0.9375,0.9,0.03749999999999998,0.4745762711864407,0.9375,0.7060381355932204,0.6728571428571428,28
3,1,H&S,0.1,ACI g=0.05 (grow cal),exch,0.9375,0.9,0.03749999999999998,0.3220338983050847,0.9375,0.6297669491525424,0.6105263157894738,19
3,1,H&S,0.1,split CP (SAFE),blocked,0.6813186813186813,0.9,-0.21868131868131868,0.4396551724137931,0.6813186813186813,0.5604869268662372,0.5262745098039215,51
3,1,H&S,0.1,ACI g=0.05 (grow cal),blocked,0.8901098901098901,0.9,-0.009890109890109966,0.1724137931034483,0.8901098901098901,0.5312618416066692,0.49399999999999994,20
3,1,H&S,0.15,split CP (SAFE),exch,0.8125,0.85,-0.03749999999999998,0.6440677966101694,0.8125,0.7282838983050848,0.6431578947368423,38
3,1,H&S,0.15,ACI g=0.05 (grow cal),exch,0.8125,0.85,-0.03749999999999998,0.5932203389830508,0.8125,0.7028601694915254,0.648,35
3,1,H&S,0.15,split CP (SAFE),blocked,0.6043956043956045,0.85,-0.2456043956043955,0.6206896551724138,0.6043956043956045,0.6125426297840091,0.5338888888888889,72
3,1,H&S,0.15,ACI g=0.05 (grow cal),blocked,0.8241758241758241,0.85,-0.025824175824175843,0.23275862068965517,0.8241758241758241,0.5284672224327397,0.48814814814814816,27
3,1,H&S,0.2,split CP (SAFE),exch,0.6875,0.8,-0.11250000000000004,0.6949152542372882,0.6875,0.691207627118644,0.6151219512195123,41
3,1,H&S,0.2,ACI g=0.05 (grow cal),exch,0.75,0.8,-0.050000000000000044,0.6779661016949152,0.75,0.7139830508474576,0.6325000000000001,40
3,1,H&S,0.2,split CP (SAFE),blocked,0.5054945054945055,0.8,-0.29450549450549457,0.7068965517241379,0.5054945054945055,0.6061955286093217,0.49902439024390244,82
3,1,H&S,0.2,ACI g=0.05 (grow cal),blocked,0.7692307692307692,0.8,-0.030769230769230882,0.25862068965517243,0.7692307692307692,0.5139257294429708,0.4946666666666666,30
3,1,H&S,0.25,split CP (SAFE),exch,0.6875,0.75,-0.0625,0.7627118644067796,0.6875,0.7251059322033898,0.6128888888888889,45
3,1,H&S,0.25,ACI g=0.05 (grow cal),exch,0.6875,0.75,-0.0625,0.711864406779661,0.6875,0.6996822033898304,0.5880952380952381,42
3,1,H&S,0.25,split CP (SAFE),blocked,0.4505494505494505,0.75,-0.2994505494505495,0.7241379310344828,0.4505494505494505,0.5873436907919667,0.4773809523809524,84
3,1,H&S,0.25,ACI g=0.05 (grow cal),blocked,0.7252747252747253,0.75,-0.02472527472527475,0.31896551724137934,0.7252747252747253,0.5221201212580523,0.48162162162162164,37
3,1,H&S [task-rel],0.1,split CP (SAFE),exch,0.9375,0.9,0.03749999999999998,0.3050847457627119,0.9375,0.621292372881356,0.41444444444444445,18
3,1,H&S [task-rel],0.1,ACI g=0.05 (grow cal),exch,0.9375,0.9,0.03749999999999998,0.3898305084745763,0.9375,0.6636652542372882,0.4260869565217392,23
3,1,H&S [task-rel],0.1,split CP (SAFE),blocked,0.7582417582417582,0.9,-0.1417582417582418,0.27586206896551724,0.7582417582417582,0.5170519136036378,0.33375,32
3,1,H&S [task-rel],0.1,ACI g=0.05 (grow cal),blocked,0.8901098901098901,0.9,-0.009890109890109966,0.09482758620689655,0.8901098901098901,0.4924687381583933,0.22000000000000003,11
3,1,H&S [task-rel],0.15,split CP (SAFE),exch,0.9375,0.85,0.08750000000000002,0.3559322033898305,0.9375,0.6467161016949152,0.4152380952380953,21
3,1,H&S [task-rel],0.15,ACI g=0.05 (grow cal),exch,0.875,0.85,0.025000000000000022,0.4745762711864407,0.875,0.6747881355932204,0.4685714285714285,28
3,1,H&S [task-rel],0.15,split CP (SAFE),blocked,0.7032967032967032,0.85,-0.14670329670329674,0.31896551724137934,0.7032967032967032,0.5111311102690412,0.3454054054054054,37
3,1,H&S [task-rel],0.15,ACI g=0.05 (grow cal),blocked,0.8351648351648352,0.85,-0.014835164835164782,0.19827586206896552,0.8351648351648352,0.5167203486169003,0.26260869565217393,23
3,1,H&S [task-rel],0.2,split CP (SAFE),exch,0.875,0.8,0.07499999999999996,0.5084745762711864,0.875,0.6917372881355932,0.4779999999999999,30
3,1,H&S [task-rel],0.2,ACI g=0.05 (grow cal),exch,0.875,0.8,0.07499999999999996,0.6271186440677966,0.875,0.7510593220338984,0.5027027027027028,37
3,1,H&S [task-rel],0.2,split CP (SAFE),blocked,0.6043956043956045,0.8,-0.19560439560439558,0.4482758620689655,0.6043956043956045,0.526335733232285,0.37615384615384617,52
3,1,H&S [task-rel],0.2,ACI g=0.05 (grow cal),blocked,0.7912087912087912,0.8,-0.008791208791208871,0.23275862068965517,0.7912087912087912,0.5119837059492232,0.2696296296296296,27
3,1,H&S [task-rel],0.25,split CP (SAFE),exch,0.875,0.75,0.125,0.711864406779661,0.875,0.7934322033898304,0.5452380952380952,42
3,1,H&S [task-rel],0.25,ACI g=0.05 (grow cal),exch,0.875,0.75,0.125,0.7796610169491526,0.875,0.8273305084745763,0.5652173913043479,46
3,1,H&S [task-rel],0.25,split CP (SAFE),blocked,0.5604395604395604,0.75,-0.18956043956043955,0.5603448275862069,0.5604395604395604,0.5603921940128836,0.41476923076923083,65
3,1,H&S [task-rel],0.25,ACI g=0.05 (grow cal),blocked,0.7252747252747253,0.75,-0.02472527472527475,0.23275862068965517,0.7252747252747253,0.4790166729821902,0.27925925925925926,27
3,1,SAFE-Embed,0.1,split CP (SAFE),exch,0.9375,0.9,0.03749999999999998,0.3728813559322034,0.9375,0.6551906779661016,0.6363636363636364,22
3,1,SAFE-Embed,0.1,ACI g=0.05 (grow cal),exch,0.9375,0.9,0.03749999999999998,0.3728813559322034,0.9375,0.6551906779661016,0.6336363636363637,22
3,1,SAFE-Embed,0.1,split CP (SAFE),blocked,0.08791208791208793,0.9,-0.8120879120879121,0.8879310344827587,0.08791208791208793,0.4879215611974233,0.5532038834951456,103
3,1,SAFE-Embed,0.1,ACI g=0.05 (grow cal),blocked,0.8461538461538461,0.9,-0.05384615384615388,0.47413793103448276,0.8461538461538461,0.6601458885941645,0.8432727272727272,55
3,1,SAFE-Embed,0.15,split CP (SAFE),exch,0.9375,0.85,0.08750000000000002,0.4067796610169492,0.9375,0.6721398305084746,0.54,24
3,1,SAFE-Embed,0.15,ACI g=0.05 (grow cal),exch,0.9375,0.85,0.08750000000000002,0.5423728813559322,0.9375,0.739936440677966,0.521875,32
3,1,SAFE-Embed,0.15,split CP (SAFE),blocked,0.02197802197802201,0.85,-0.828021978021978,0.9137931034482759,0.02197802197802201,0.46788556271314896,0.3379245283018868,106
3,1,SAFE-Embed,0.15,ACI g=0.05 (grow cal),blocked,0.7912087912087912,0.85,-0.058791208791208804,0.43103448275862066,0.7912087912087912,0.6111216369837059,0.7607999999999998,50
3,1,SAFE-Embed,0.2,split CP (SAFE),exch,0.9375,0.8,0.13749999999999996,0.5423728813559322,0.9375,0.739936440677966,0.5406249999999999,32
3,1,SAFE-Embed,0.2,ACI g=0.05 (grow cal),exch,0.9375,0.8,0.13749999999999996,0.6271186440677966,0.9375,0.7823093220338984,0.4697297297297296,37
3,1,SAFE-Embed,0.2,split CP (SAFE),blocked,0.0,0.8,-0.8,1.0,0.0,0.5,0.15241379310344827,116
3,1,SAFE-Embed,0.2,ACI g=0.05 (grow cal),blocked,0.7472527472527473,0.8,-0.05274725274725278,0.5172413793103449,0.7472527472527473,0.632247063281546,0.7526666666666665,60
3,1,SAFE-Embed,0.25,split CP (SAFE),exch,0.9375,0.75,0.1875,0.711864406779661,0.9375,0.8246822033898304,0.4695238095238095,42
3,1,SAFE-Embed,0.25,ACI g=0.05 (grow cal),exch,0.875,0.75,0.125,0.7288135593220338,0.875,0.8019067796610169,0.45395348837209304,43
3,1,SAFE-Embed,0.25,split CP (SAFE),blocked,0.0,0.75,-0.75,1.0,0.0,0.5,0.06344827586206897,116
3,1,SAFE-Embed,0.25,ACI g=0.05 (grow cal),blocked,0.7142857142857143,0.75,-0.0357142857142857,0.5258620689655172,0.7142857142857143,0.6200738916256158,0.7524590163934427,61
3,1,SAFE-Embed [task-rel],0.1,split CP (SAFE),exch,0.875,0.9,-0.025000000000000022,0.4067796610169492,0.875,0.6408898305084746,0.5791666666666667,24
3,1,SAFE-Embed [task-rel],0.1,ACI g=0.05 (grow cal),exch,0.875,0.9,-0.025000000000000022,0.4576271186440678,0.875,0.666313559322034,0.5503703703703704,27
3,1,SAFE-Embed [task-rel],0.1,split CP (SAFE),blocked,0.9230769230769231,0.9,0.023076923076923106,0.09482758620689655,0.9230769230769231,0.5089522546419099,0.6545454545454544,11
3,1,SAFE-Embed [task-rel],0.1,ACI g=0.05 (grow cal),blocked,0.9120879120879121,0.9,0.012087912087912045,0.15517241379310345,0.9120879120879121,0.5336301629405078,0.6044444444444445,18
3,1,SAFE-Embed [task-rel],0.15,split CP (SAFE),exch,0.875,0.85,0.025000000000000022,0.559322033898305,0.875,0.7171610169491525,0.5545454545454546,33
3,1,SAFE-Embed [task-rel],0.15,ACI g=0.05 (grow cal),exch,0.8125,0.85,-0.03749999999999998,0.6101694915254238,0.8125,0.7113347457627119,0.4911111111111111,36
3,1,SAFE-Embed [task-rel],0.15,split CP (SAFE),blocked,0.8241758241758241,0.85,-0.025824175824175843,0.2413793103448276,0.8241758241758241,0.5327775672603259,0.6092857142857142,28
3,1,SAFE-Embed [task-rel],0.15,ACI g=0.05 (grow cal),blocked,0.8461538461538461,0.85,-0.0038461538461538325,0.25862068965517243,0.8461538461538461,0.5523872679045093,0.5946666666666666,30
3,1,SAFE-Embed [task-rel],0.2,split CP (SAFE),exch,0.75,0.8,-0.050000000000000044,0.6610169491525424,0.75,0.7055084745762712,0.47179487179487184,39
3,1,SAFE-Embed [task-rel],0.2,ACI g=0.05 (grow cal),exch,0.6875,0.8,-0.11250000000000004,0.6271186440677966,0.6875,0.6573093220338984,0.5010810810810811,37
3,1,SAFE-Embed [task-rel],0.2,split CP (SAFE),blocked,0.7472527472527473,0.8,-0.05274725274725278,0.4827586206896552,0.7472527472527473,0.6150056839712013,0.5739285714285715,56
3,1,SAFE-Embed [task-rel],0.2,ACI g=0.05 (grow cal),blocked,0.8021978021978022,0.8,0.00219780219780219,0.31896551724137934,0.8021978021978022,0.5605816597195907,0.5772972972972973,37
3,1,SAFE-Embed [task-rel],0.25,split CP (SAFE),exch,0.625,0.75,-0.125,0.6949152542372882,0.625,0.659957627118644,0.4551219512195122,41
3,1,SAFE-Embed [task-rel],0.25,ACI g=0.05 (grow cal),exch,0.625,0.75,-0.125,0.6610169491525424,0.625,0.6430084745762712,0.48461538461538456,39
3,1,SAFE-Embed [task-rel],0.25,split CP (SAFE),blocked,0.6153846153846154,0.75,-0.13461538461538458,0.5431034482758621,0.6153846153846154,0.5792440318302388,0.5758730158730158,63
3,1,SAFE-Embed [task-rel],0.25,ACI g=0.05 (grow cal),blocked,0.7472527472527473,0.75,-0.0027472527472527375,0.3706896551724138,0.7472527472527473,0.5589712012125805,0.6186046511627907,43
3,1,hand:cum_mean_token_entropy,0.1,split CP (SAFE),exch,0.875,0.9,-0.025000000000000022,0.1864406779661017,0.875,0.5307203389830508,0.610909090909091,11
3,1,hand:cum_mean_token_entropy,0.1,ACI g=0.05 (grow cal),exch,0.875,0.9,-0.025000000000000022,0.2033898305084746,0.875,0.5391949152542372,0.57,12
3,1,hand:cum_mean_token_entropy,0.1,split CP (SAFE),blocked,0.7912087912087912,0.9,-0.10879120879120885,0.31896551724137934,0.7912087912087912,0.5550871542250853,0.5454054054054055,37
3,1,hand:cum_mean_token_entropy,0.1,ACI g=0.05 (grow cal),blocked,0.8901098901098901,0.9,-0.009890109890109966,0.16379310344827586,0.8901098901098901,0.5269514967790829,0.5705263157894737,19
3,1,hand:cum_mean_token_entropy,0.15,split CP (SAFE),exch,0.875,0.85,0.025000000000000022,0.22033898305084745,0.875,0.5476694915254238,0.6738461538461539,13
3,1,hand:cum_mean_token_entropy,0.15,ACI g=0.05 (grow cal),exch,0.875,0.85,0.025000000000000022,0.2542372881355932,0.875,0.5646186440677966,0.6413333333333333,15
3,1,hand:cum_mean_token_entropy,0.15,split CP (SAFE),blocked,0.7472527472527473,0.85,-0.10274725274725272,0.3620689655172414,0.7472527472527473,0.5546608563849943,0.6028571428571428,42
3,1,hand:cum_mean_token_entropy,0.15,ACI g=0.05 (grow cal),blocked,0.8461538461538461,0.85,-0.0038461538461538325,0.2672413793103448,0.8461538461538461,0.5566976127320955,0.6238709677419355,31
3,1,hand:cum_mean_token_entropy,0.2,split CP (SAFE),exch,0.875,0.8,0.07499999999999996,0.2542372881355932,0.875,0.5646186440677966,0.6439999999999999,15
3,1,hand:cum_mean_token_entropy,0.2,ACI g=0.05 (grow cal),exch,0.8125,0.8,0.012499999999999956,0.2711864406779661,0.8125,0.541843220338983,0.62375,16
3,1,hand:cum_mean_token_entropy,0.2,split CP (SAFE),blocked,0.7142857142857143,0.8,-0.08571428571428574,0.3879310344827586,0.7142857142857143,0.5511083743842364,0.591111111111111,45
3,1,hand:cum_mean_token_entropy,0.2,ACI g=0.05 (grow cal),blocked,0.7912087912087912,0.8,-0.008791208791208871,0.28448275862068967,0.7912087912087912,0.5378457749147404,0.6157575757575756,33
3,1,hand:cum_mean_token_entropy,0.25,split CP (SAFE),exch,0.6875,0.75,-0.0625,0.3389830508474576,0.6875,0.5132415254237288,0.6700000000000002,20
3,1,hand:cum_mean_token_entropy,0.25,ACI g=0.05 (grow cal),exch,0.6875,0.75,-0.0625,0.3389830508474576,0.6875,0.5132415254237288,0.674,20
3,1,hand:cum_mean_token_entropy,0.25,split CP (SAFE),blocked,0.6483516483516483,0.75,-0.10164835164835173,0.4482758620689655,0.6483516483516483,0.5483137552103069,0.6015384615384615,52
3,1,hand:cum_mean_token_entropy,0.25,ACI g=0.05 (grow cal),blocked,0.7472527472527473,0.75,-0.0027472527472527375,0.3620689655172414,0.7472527472527473,0.5546608563849943,0.6923809523809523,42
3,1,hand:cum_mean_token_entropy [task-rel],0.1,split CP (SAFE),exch,0.75,0.9,-0.15000000000000002,0.1864406779661017,0.75,0.4682203389830508,0.05090909090909091,11
3,1,hand:cum_mean_token_entropy [task-rel],0.1,ACI g=0.05 (grow cal),exch,0.75,0.9,-0.15000000000000002,0.15254237288135594,0.75,0.451271186440678,0.051111111111111114,9
3,1,hand:cum_mean_token_entropy [task-rel],0.1,split CP (SAFE),blocked,0.8461538461538461,0.9,-0.05384615384615388,0.29310344827586204,0.8461538461538461,0.5696286472148541,0.1811764705882353,34
3,1,hand:cum_mean_token_entropy [task-rel],0.1,ACI g=0.05 (grow cal),blocked,0.8901098901098901,0.9,-0.009890109890109966,0.22413793103448276,0.8901098901098901,0.5571239105721864,0.12769230769230772,26
3,1,hand:cum_mean_token_entropy [task-rel],0.15,split CP (SAFE),exch,0.6875,0.85,-0.16249999999999998,0.3389830508474576,0.6875,0.5132415254237288,0.08900000000000001,20
3,1,hand:cum_mean_token_entropy [task-rel],0.15,ACI g=0.05 (grow cal),exch,0.75,0.85,-0.09999999999999998,0.3050847457627119,0.75,0.527542372881356,0.09000000000000001,18
3,1,hand:cum_mean_token_entropy [task-rel],0.15,split CP (SAFE),blocked,0.6703296703296704,0.85,-0.1796703296703296,0.45689655172413796,0.6703296703296704,0.5636131110269041,0.18716981132075472,53
3,1,hand:cum_mean_token_entropy [task-rel],0.15,ACI g=0.05 (grow cal),blocked,0.8571428571428572,0.85,0.0071428571428572285,0.1810344827586207,0.8571428571428572,0.519088669950739,0.14952380952380956,21
3,1,hand:cum_mean_token_entropy [task-rel],0.2,split CP (SAFE),exch,0.6875,0.8,-0.11250000000000004,0.4067796610169492,0.6875,0.5471398305084746,0.09916666666666667,24
3,1,hand:cum_mean_token_entropy [task-rel],0.2,ACI g=0.05 (grow cal),exch,0.6875,0.8,-0.11250000000000004,0.3389830508474576,0.6875,0.5132415254237288,0.09200000000000001,20
3,1,hand:cum_mean_token_entropy [task-rel],0.2,split CP (SAFE),blocked,0.6153846153846154,0.8,-0.18461538461538463,0.47413793103448276,0.6153846153846154,0.544761273209549,0.1647272727272727,55
3,1,hand:cum_mean_token_entropy [task-rel],0.2,ACI g=0.05 (grow cal),blocked,0.8021978021978022,0.8,0.00219780219780219,0.2672413793103448,0.8021978021978022,0.5347195907540735,0.1870967741935484,31
3,1,hand:cum_mean_token_entropy [task-rel],0.25,split CP (SAFE),exch,0.625,0.75,-0.125,0.3728813559322034,0.625,0.4989406779661017,0.18272727272727274,22
3,1,hand:cum_mean_token_entropy [task-rel],0.25,ACI g=0.05 (grow cal),exch,0.6875,0.75,-0.0625,0.3898305084745763,0.6875,0.5386652542372882,0.1826086956521739,23
3,1,hand:cum_mean_token_entropy [task-rel],0.25,split CP (SAFE),blocked,0.6483516483516483,0.75,-0.10164835164835173,0.47413793103448276,0.6483516483516483,0.5612447896930655,0.22036363636363632,55
3,1,hand:cum_mean_token_entropy [task-rel],0.25,ACI g=0.05 (grow cal),blocked,0.7252747252747253,0.75,-0.02472527472527475,0.2672413793103448,0.7252747252747253,0.49625805229253506,0.22967741935483868,31
3,1,hand:mean_token_entropy,0.1,split CP (SAFE),exch,0.9375,0.9,0.03749999999999998,0.06779661016949153,0.9375,0.5026483050847458,0.63,4
3,1,hand:mean_token_entropy,0.1,ACI g=0.05 (grow cal),exch,0.9375,0.9,0.03749999999999998,0.0847457627118644,0.9375,0.5111228813559322,0.58,5
3,1,hand:mean_token_entropy,0.1,split CP (SAFE),blocked,0.9340659340659341,0.9,0.034065934065934056,0.05172413793103448,0.9340659340659341,0.4928950359984843,0.5633333333333334,6
3,1,hand:mean_token_entropy,0.1,ACI g=0.05 (grow cal),blocked,0.9010989010989011,0.9,0.001098901098901095,0.05172413793103448,0.9010989010989011,0.4764115195149678,0.5633333333333334,6
3,1,hand:mean_token_entropy,0.15,split CP (SAFE),exch,0.9375,0.85,0.08750000000000002,0.15254237288135594,0.9375,0.545021186440678,0.3644444444444444,9
3,1,hand:mean_token_entropy,0.15,ACI g=0.05 (grow cal),exch,0.9375,0.85,0.08750000000000002,0.15254237288135594,0.9375,0.545021186440678,0.3644444444444444,9
3,1,hand:mean_token_entropy,0.15,split CP (SAFE),blocked,0.8351648351648352,0.85,-0.014835164835164782,0.11206896551724138,0.8351648351648352,0.4736169003410383,0.5138461538461537,13
3,1,hand:mean_token_entropy,0.15,ACI g=0.05 (grow cal),blocked,0.8461538461538461,0.85,-0.0038461538461538325,0.1206896551724138,0.8461538461538461,0.48342175066313,0.4371428571428571,14
3,1,hand:mean_token_entropy,0.2,split CP (SAFE),exch,0.9375,0.8,0.13749999999999996,0.15254237288135594,0.9375,0.545021186440678,0.3644444444444444,9
3,1,hand:mean_token_entropy,0.2,ACI g=0.05 (grow cal),exch,0.9375,0.8,0.13749999999999996,0.22033898305084745,0.9375,0.5789194915254238,0.3923076923076922,13
3,1,hand:mean_token_entropy,0.2,split CP (SAFE),blocked,0.8351648351648352,0.8,0.03516483516483515,0.16379310344827586,0.8351648351648352,0.49947896930655555,0.48,19
3,1,hand:mean_token_entropy,0.2,ACI g=0.05 (grow cal),blocked,0.8021978021978022,0.8,0.00219780219780219,0.1810344827586207,0.8021978021978022,0.49161614247821145,0.46190476190476176,21
3,1,hand:mean_token_entropy,0.25,split CP (SAFE),exch,0.9375,0.75,0.1875,0.1694915254237288,0.9375,0.5534957627118644,0.39,10
3,1,hand:mean_token_entropy,0.25,ACI g=0.05 (grow cal),exch,0.875,0.75,0.125,0.3220338983050847,0.875,0.5985169491525424,0.41894736842105257,19
3,1,hand:mean_token_entropy,0.25,split CP (SAFE),blocked,0.8021978021978022,0.75,0.052197802197802234,0.1810344827586207,0.8021978021978022,0.49161614247821145,0.4638095238095237,21
3,1,hand:mean_token_entropy,0.25,ACI g=0.05 (grow cal),blocked,0.7582417582417582,0.75,0.008241758241758212,0.19827586206896552,0.7582417582417582,0.47825881015536187,0.448695652173913,23
3,1,hand:mean_token_entropy [task-rel],0.1,split CP (SAFE),exch,0.875,0.9,-0.025000000000000022,0.22033898305084745,0.875,0.5476694915254238,0.12769230769230772,13
3,1,hand:mean_token_entropy [task-rel],0.1,ACI g=0.05 (grow cal),exch,0.875,0.9,-0.025000000000000022,0.2033898305084746,0.875,0.5391949152542372,0.13166666666666668,12
3,1,hand:mean_token_entropy [task-rel],0.1,split CP (SAFE),blocked,0.7252747252747253,0.9,-0.17472527472527477,0.3017241379310345,0.7252747252747253,0.5134994316028798,0.144,35
3,1,hand:mean_token_entropy [task-rel],0.1,ACI g=0.05 (grow cal),blocked,0.9010989010989011,0.9,0.001098901098901095,0.12931034482758622,0.9010989010989011,0.5152046229632437,0.11599999999999998,15
3,1,hand:mean_token_entropy [task-rel],0.15,split CP (SAFE),exch,0.875,0.85,0.025000000000000022,0.23728813559322035,0.875,0.5561440677966102,0.14714285714285716,14
3,1,hand:mean_token_entropy [task-rel],0.15,ACI g=0.05 (grow cal),exch,0.875,0.85,0.025000000000000022,0.288135593220339,0.875,0.5815677966101696,0.12705882352941178,17
3,1,hand:mean_token_entropy [task-rel],0.15,split CP (SAFE),blocked,0.6923076923076923,0.85,-0.1576923076923077,0.31896551724137934,0.6923076923076923,0.5056366047745358,0.1281081081081081,37
3,1,hand:mean_token_entropy [task-rel],0.15,ACI g=0.05 (grow cal),blocked,0.8461538461538461,0.85,-0.0038461538461538325,0.1724137931034483,0.8461538461538461,0.5092838196286472,0.161,20
3,1,hand:mean_token_entropy [task-rel],0.2,split CP (SAFE),exch,0.75,0.8,-0.050000000000000044,0.288135593220339,0.75,0.5190677966101696,0.12705882352941178,17
3,1,hand:mean_token_entropy [task-rel],0.2,ACI g=0.05 (grow cal),exch,0.75,0.8,-0.050000000000000044,0.3050847457627119,0.75,0.527542372881356,0.12000000000000001,18
3,1,hand:mean_token_entropy [task-rel],0.2,split CP (SAFE),blocked,0.6483516483516483,0.8,-0.15164835164835178,0.3793103448275862,0.6483516483516483,0.5138309965896173,0.1336363636363636,44
3,1,hand:mean_token_entropy [task-rel],0.2,ACI g=0.05 (grow cal),blocked,0.7912087912087912,0.8,-0.008791208791208871,0.22413793103448276,0.7912087912087912,0.507673361121637,0.1469230769230769,26
3,1,hand:mean_token_entropy [task-rel],0.25,split CP (SAFE),exch,0.875,0.75,0.125,0.22033898305084745,0.875,0.5476694915254238,0.19846153846153847,13
3,1,hand:mean_token_entropy [task-rel],0.25,ACI g=0.05 (grow cal),exch,0.75,0.75,0.0,0.2033898305084746,0.75,0.4766949152542373,0.17333333333333334,12
3,1,hand:mean_token_entropy [task-rel],0.25,split CP (SAFE),blocked,0.6923076923076923,0.75,-0.05769230769230771,0.3017241379310345,0.6923076923076923,0.4970159151193634,0.1937142857142857,35
3,1,hand:mean_token_entropy [task-rel],0.25,ACI g=0.05 (grow cal),blocked,0.7692307692307692,0.75,0.019230769230769162,0.20689655172413793,0.7692307692307692,0.48806366047745353,0.23500000000000001,24
3,1,hand:cum_max_token_entropy,0.1,split CP (SAFE),exch,0.9375,0.9,0.03749999999999998,0.1016949152542373,0.9375,0.5195974576271186,0.1366666666666667,6
3,1,hand:cum_max_token_entropy,0.1,ACI g=0.05 (grow cal),exch,0.9375,0.9,0.03749999999999998,0.1016949152542373,0.9375,0.5195974576271186,0.33,6
3,1,hand:cum_max_token_entropy,0.1,split CP (SAFE),blocked,0.8131868131868132,0.9,-0.08681318681318684,0.41379310344827586,0.8131868131868132,0.6134899583175445,0.40208333333333335,48
3,1,hand:cum_max_token_entropy,0.1,ACI g=0.05 (grow cal),blocked,0.8791208791208791,0.9,-0.020879120879120916,0.21551724137931033,0.8791208791208791,0.5473190602500947,0.32160000000000005,25
3,1,hand:cum_max_token_entropy,0.15,split CP (SAFE),exch,0.75,0.85,-0.09999999999999998,0.22033898305084745,0.75,0.4851694915254237,0.28615384615384615,13
3,1,hand:cum_max_token_entropy,0.15,ACI g=0.05 (grow cal),exch,0.8125,0.85,-0.03749999999999998,0.1694915254237288,0.8125,0.4909957627118644,0.236,10
3,1,hand:cum_max_token_entropy,0.15,split CP (SAFE),blocked,0.6593406593406593,0.85,-0.19065934065934065,0.5517241379310345,0.6593406593406593,0.605532398635847,0.3496875,64
3,1,hand:cum_max_token_entropy,0.15,ACI g=0.05 (grow cal),blocked,0.8461538461538461,0.85,-0.0038461538461538325,0.3620689655172414,0.8461538461538461,0.6041114058355438,0.4385714285714286,42
3,1,hand:cum_max_token_entropy,0.2,split CP (SAFE),exch,0.75,0.8,-0.050000000000000044,0.2711864406779661,0.75,0.510593220338983,0.35625,16
3,1,hand:cum_max_token_entropy,0.2,ACI g=0.05 (grow cal),exch,0.75,0.8,-0.050000000000000044,0.288135593220339,0.75,0.5190677966101696,0.36705882352941177,17
3,1,hand:cum_max_token_entropy,0.2,split CP (SAFE),blocked,0.6153846153846154,0.8,-0.18461538461538463,0.5689655172413793,0.6153846153846154,0.5921750663129974,0.2833333333333333,66
3,1,hand:cum_max_token_entropy,0.2,ACI g=0.05 (grow cal),blocked,0.7912087912087912,0.8,-0.008791208791208871,0.4051724137931034,0.7912087912087912,0.5981906025009474,0.42340425531914905,47
3,1,hand:cum_max_token_entropy,0.25,split CP (SAFE),exch,0.75,0.75,0.0,0.4067796610169492,0.75,0.5783898305084746,0.4116666666666666,24
3,1,hand:cum_max_token_entropy,0.25,ACI g=0.05 (grow cal),exch,0.75,0.75,0.0,0.423728813559322,0.75,0.586864406779661,0.40080000000000005,25
3,1,hand:cum_max_token_entropy,0.25,split CP (SAFE),blocked,0.4725274725274725,0.75,-0.2774725274725275,0.6206896551724138,0.4725274725274725,0.5466085638499432,0.21000000000000002,72
3,1,hand:cum_max_token_entropy,0.25,ACI g=0.05 (grow cal),blocked,0.7362637362637363,0.75,-0.013736263736263687,0.4051724137931034,0.7362637362637363,0.5707180750284199,0.4072340425531915,47
3,1,hand:cum_max_token_entropy [task-rel],0.1,split CP (SAFE),exch,0.9375,0.9,0.03749999999999998,0.15254237288135594,0.9375,0.545021186440678,0.1,9
3,1,hand:cum_max_token_entropy [task-rel],0.1,ACI g=0.05 (grow cal),exch,0.875,0.9,-0.025000000000000022,0.1864406779661017,0.875,0.5307203389830508,0.10727272727272728,11
3,1,hand:cum_max_token_entropy [task-rel],0.1,split CP (SAFE),blocked,0.8131868131868132,0.9,-0.08681318681318684,0.3017241379310345,0.8131868131868132,0.5574554755589238,0.10800000000000001,35
3,1,hand:cum_max_token_entropy [task-rel],0.1,ACI g=0.05 (grow cal),blocked,0.8681318681318682,0.9,-0.031868131868131866,0.22413793103448276,0.8681318681318682,0.5461348995831754,0.11230769230769232,26
3,1,hand:cum_max_token_entropy [task-rel],0.15,split CP (SAFE),exch,0.9375,0.85,0.08750000000000002,0.13559322033898305,0.9375,0.5365466101694916,0.115,8
3,1,hand:cum_max_token_entropy [task-rel],0.15,ACI g=0.05 (grow cal),exch,0.8125,0.85,-0.03749999999999998,0.2542372881355932,0.8125,0.5333686440677966,0.10933333333333337,15
3,1,hand:cum_max_token_entropy [task-rel],0.15,split CP (SAFE),blocked,0.7802197802197802,0.85,-0.06978021978021975,0.33620689655172414,0.7802197802197802,0.5582133383857522,0.16769230769230767,39
3,1,hand:cum_max_token_entropy [task-rel],0.15,ACI g=0.05 (grow cal),blocked,0.8351648351648352,0.85,-0.014835164835164782,0.23275862068965517,0.8351648351648352,0.5339617279272452,0.19407407407407404,27
3,1,hand:cum_max_token_entropy [task-rel],0.2,split CP (SAFE),exch,0.8125,0.8,0.012499999999999956,0.3050847457627119,0.8125,0.558792372881356,0.15333333333333335,18
3,1,hand:cum_max_token_entropy [task-rel],0.2,ACI g=0.05 (grow cal),exch,0.75,0.8,-0.050000000000000044,0.288135593220339,0.75,0.5190677966101696,0.09411764705882353,17
3,1,hand:cum_max_token_entropy [task-rel],0.2,split CP (SAFE),blocked,0.6043956043956045,0.8,-0.19560439560439558,0.5603448275862069,0.6043956043956045,0.5823702159909057,0.12276923076923077,65
3,1,hand:cum_max_token_entropy [task-rel],0.2,ACI g=0.05 (grow cal),blocked,0.7802197802197802,0.8,-0.01978021978021982,0.29310344827586204,0.7802197802197802,0.5366616142478211,0.14764705882352944,34
3,1,hand:cum_max_token_entropy [task-rel],0.25,split CP (SAFE),exch,0.625,0.75,-0.125,0.4576271186440678,0.625,0.541313559322034,0.18444444444444444,27
3,1,hand:cum_max_token_entropy [task-rel],0.25,ACI g=0.05 (grow cal),exch,0.6875,0.75,-0.0625,0.288135593220339,0.6875,0.4878177966101695,0.2070588235294118,17
3,1,hand:cum_max_token_entropy [task-rel],0.25,split CP (SAFE),blocked,0.5274725274725275,0.75,-0.22252747252747251,0.603448275862069,0.5274725274725275,0.5654604016672982,0.13085714285714287,70
3,1,hand:cum_max_token_entropy [task-rel],0.25,ACI g=0.05 (grow cal),blocked,0.7362637362637363,0.75,-0.013736263736263687,0.3706896551724138,0.7362637362637363,0.553476695718075,0.16186046511627908,43
3,1,hand:cum_mean_token_prob,0.1,split CP (SAFE),exch,0.8125,0.9,-0.08750000000000002,0.15254237288135594,0.8125,0.482521186440678,0.5644444444444445,9
3,1,hand:cum_mean_token_prob,0.1,ACI g=0.05 (grow cal),exch,0.8125,0.9,-0.08750000000000002,0.13559322033898305,0.8125,0.4740466101694915,0.605,8
3,1,hand:cum_mean_token_prob,0.1,split CP (SAFE),blocked,0.8241758241758241,0.9,-0.07582417582417589,0.22413793103448276,0.8241758241758241,0.5241568776051535,0.5307692307692308,26
3,1,hand:cum_mean_token_prob,0.1,ACI g=0.05 (grow cal),blocked,0.8681318681318682,0.9,-0.031868131868131866,0.07758620689655173,0.8681318681318682,0.47285903751420993,0.48888888888888893,9
3,1,hand:cum_mean_token_prob,0.15,split CP (SAFE),exch,0.8125,0.85,-0.03749999999999998,0.2033898305084746,0.8125,0.5079449152542372,0.5833333333333334,12
3,1,hand:cum_mean_token_prob,0.15,ACI g=0.05 (grow cal),exch,0.8125,0.85,-0.03749999999999998,0.2033898305084746,0.8125,0.5079449152542372,0.5833333333333334,12
3,1,hand:cum_mean_token_prob,0.15,split CP (SAFE),blocked,0.8021978021978022,0.85,-0.04780219780219774,0.2672413793103448,0.8021978021978022,0.5347195907540735,0.5567741935483871,31
3,1,hand:cum_mean_token_prob,0.15,ACI g=0.05 (grow cal),blocked,0.8461538461538461,0.85,-0.0038461538461538325,0.19827586206896552,0.8461538461538461,0.5222148541114058,0.5626086956521739,23
3,1,hand:cum_mean_token_prob,0.2,split CP (SAFE),exch,0.75,0.8,-0.050000000000000044,0.2033898305084746,0.75,0.4766949152542373,0.5266666666666667,12
3,1,hand:cum_mean_token_prob,0.2,ACI g=0.05 (grow cal),exch,0.75,0.8,-0.050000000000000044,0.2033898305084746,0.75,0.4766949152542373,0.525,12
3,1,hand:cum_mean_token_prob,0.2,split CP (SAFE),blocked,0.7362637362637363,0.8,-0.06373626373626373,0.3017241379310345,0.7362637362637363,0.5189939370973854,0.5497142857142857,35
3,1,hand:cum_mean_token_prob,0.2,ACI g=0.05 (grow cal),blocked,0.8021978021978022,0.8,0.00219780219780219,0.27586206896551724,0.8021978021978022,0.5390299355816597,0.583125,32
3,1,hand:cum_mean_token_prob,0.25,split CP (SAFE),exch,0.75,0.75,0.0,0.2711864406779661,0.75,0.510593220338983,0.53125,16
3,1,hand:cum_mean_token_prob,0.25,ACI g=0.05 (grow cal),exch,0.6875,0.75,-0.0625,0.2542372881355932,0.6875,0.4708686440677966,0.5506666666666667,15
3,1,hand:cum_mean_token_prob,0.25,split CP (SAFE),blocked,0.6153846153846154,0.75,-0.13461538461538458,0.3793103448275862,0.6153846153846154,0.4973474801061008,0.5440909090909091,44
3,1,hand:cum_mean_token_prob,0.25,ACI g=0.05 (grow cal),blocked,0.7472527472527473,0.75,-0.0027472527472527375,0.3017241379310345,0.7472527472527473,0.5244884425918909,0.5714285714285714,35
3,1,hand:cum_mean_token_prob [task-rel],0.1,split CP (SAFE),exch,0.9375,0.9,0.03749999999999998,0.06779661016949153,0.9375,0.5026483050847458,0.235,4
3,1,hand:cum_mean_token_prob [task-rel],0.1,ACI g=0.05 (grow cal),exch,0.875,0.9,-0.025000000000000022,0.1016949152542373,0.875,0.4883474576271186,0.18666666666666668,6
3,1,hand:cum_mean_token_prob [task-rel],0.1,split CP (SAFE),blocked,0.9230769230769231,0.9,0.023076923076923106,0.1206896551724138,0.9230769230769231,0.5218832891246684,0.3157142857142857,14
3,1,hand:cum_mean_token_prob [task-rel],0.1,ACI g=0.05 (grow cal),blocked,0.9010989010989011,0.9,0.001098901098901095,0.1724137931034483,0.9010989010989011,0.5367563471011747,0.38699999999999996,20
3,1,hand:cum_mean_token_prob [task-rel],0.15,split CP (SAFE),exch,0.875,0.85,0.025000000000000022,0.2033898305084746,0.875,0.5391949152542372,0.27999999999999997,12
3,1,hand:cum_mean_token_prob [task-rel],0.15,ACI g=0.05 (grow cal),exch,0.8125,0.85,-0.03749999999999998,0.2711864406779661,0.8125,0.541843220338983,0.24875000000000003,16
3,1,hand:cum_mean_token_prob [task-rel],0.15,split CP (SAFE),blocked,0.8461538461538461,0.85,-0.0038461538461538325,0.27586206896551724,0.8461538461538461,0.5610079575596817,0.3425,32
3,1,hand:cum_mean_token_prob [task-rel],0.15,ACI g=0.05 (grow cal),blocked,0.8461538461538461,0.85,-0.0038461538461538325,0.25,0.8461538461538461,0.5480769230769231,0.31793103448275856,29
3,1,hand:cum_mean_token_prob [task-rel],0.2,split CP (SAFE),exch,0.75,0.8,-0.050000000000000044,0.3220338983050847,0.75,0.5360169491525424,0.25789473684210523,19
3,1,hand:cum_mean_token_prob [task-rel],0.2,ACI g=0.05 (grow cal),exch,0.75,0.8,-0.050000000000000044,0.3728813559322034,0.75,0.5614406779661016,0.23181818181818184,22
3,1,hand:cum_mean_token_prob [task-rel],0.2,split CP (SAFE),blocked,0.7252747252747253,0.8,-0.07472527472527479,0.4224137931034483,0.7252747252747253,0.5738442591890868,0.2706122448979592,49
3,1,hand:cum_mean_token_prob [task-rel],0.2,ACI g=0.05 (grow cal),blocked,0.7912087912087912,0.8,-0.008791208791208871,0.3017241379310345,0.7912087912087912,0.5464664645699129,0.26914285714285713,35
3,1,hand:cum_mean_token_prob [task-rel],0.25,split CP (SAFE),exch,0.8125,0.75,0.0625,0.3050847457627119,0.8125,0.558792372881356,0.24555555555555555,18
3,1,hand:cum_mean_token_prob [task-rel],0.25,ACI g=0.05 (grow cal),exch,0.6875,0.75,-0.0625,0.423728813559322,0.6875,0.555614406779661,0.2224,25
3,1,hand:cum_mean_token_prob [task-rel],0.25,split CP (SAFE),blocked,0.6923076923076923,0.75,-0.05769230769230771,0.4396551724137931,0.6923076923076923,0.5659814323607427,0.2623529411764706,51
3,1,hand:cum_mean_token_prob [task-rel],0.25,ACI g=0.05 (grow cal),blocked,0.7472527472527473,0.75,-0.0027472527472527375,0.4051724137931034,0.7472527472527473,0.5762125805229253,0.2629787234042553,47
3,1,hand:cum_dpos,0.1,split CP (SAFE),exch,0.75,0.9,-0.15000000000000002,0.15254237288135594,0.75,0.451271186440678,0.1622222222222222,9
3,1,hand:cum_dpos,0.1,ACI g=0.05 (grow cal),exch,0.8125,0.9,-0.08750000000000002,0.1016949152542373,0.8125,0.4570974576271186,0.24333333333333332,6
3,1,hand:cum_dpos,0.1,split CP (SAFE),blocked,0.8681318681318682,0.9,-0.031868131868131866,0.1206896551724138,0.8681318681318682,0.494410761652141,0.21142857142857144,14
3,1,hand:cum_dpos,0.1,ACI g=0.05 (grow cal),blocked,0.8791208791208791,0.9,-0.020879120879120916,0.06896551724137931,0.8791208791208791,0.4740431981811292,0.055,8
3,1,hand:cum_dpos,0.15,split CP (SAFE),exch,0.75,0.85,-0.09999999999999998,0.15254237288135594,0.75,0.451271186440678,0.14,9
3,1,hand:cum_dpos,0.15,ACI g=0.05 (grow cal),exch,0.75,0.85,-0.09999999999999998,0.15254237288135594,0.75,0.451271186440678,0.25777777777777783,9
3,1,hand:cum_dpos,0.15,split CP (SAFE),blocked,0.8571428571428572,0.85,0.0071428571428572285,0.1724137931034483,0.8571428571428572,0.5147783251231528,0.297,20
3,1,hand:cum_dpos,0.15,ACI g=0.05 (grow cal),blocked,0.8241758241758241,0.85,-0.025824175824175843,0.12931034482758622,0.8241758241758241,0.47674308450170516,0.228,15
3,1,hand:cum_dpos,0.2,split CP (SAFE),exch,0.75,0.8,-0.050000000000000044,0.1694915254237288,0.75,0.4597457627118644,0.196,10
3,1,hand:cum_dpos,0.2,ACI g=0.05 (grow cal),exch,0.75,0.8,-0.050000000000000044,0.1694915254237288,0.75,0.4597457627118644,0.22000000000000003,10
3,1,hand:cum_dpos,0.2,split CP (SAFE),blocked,0.8571428571428572,0.8,0.05714285714285716,0.1810344827586207,0.8571428571428572,0.519088669950739,0.3019047619047619,21
3,1,hand:cum_dpos,0.2,ACI g=0.05 (grow cal),blocked,0.7582417582417582,0.8,-0.04175824175824183,0.1724137931034483,0.7582417582417582,0.46532777567260325,0.187,20
3,1,hand:cum_dpos,0.25,split CP (SAFE),exch,0.75,0.75,0.0,0.1864406779661017,0.75,0.4682203389830508,0.2618181818181818,11
3,1,hand:cum_dpos,0.25,ACI g=0.05 (grow cal),exch,0.75,0.75,0.0,0.1694915254237288,0.75,0.4597457627118644,0.10400000000000001,10
3,1,hand:cum_dpos,0.25,split CP (SAFE),blocked,0.8571428571428572,0.75,0.1071428571428572,0.1810344827586207,0.8571428571428572,0.519088669950739,0.28285714285714286,21
3,1,hand:cum_dpos,0.25,ACI g=0.05 (grow cal),blocked,0.7032967032967032,0.75,-0.04670329670329676,0.25862068965517243,0.7032967032967032,0.4809586964759378,0.13733333333333334,30
3,1,hand:cum_dpos [task-rel],0.1,split CP (SAFE),exch,1.0,0.9,0.09999999999999998,0.03389830508474576,1.0,0.5169491525423728,0.06,2
3,1,hand:cum_dpos [task-rel],0.1,ACI g=0.05 (grow cal),exch,0.9375,0.9,0.03749999999999998,0.13559322033898305,0.9375,0.5365466101694916,0.11750000000000002,8
3,1,hand:cum_dpos [task-rel],0.1,split CP (SAFE),blocked,0.945054945054945,0.9,0.045054945054945006,0.14655172413793102,0.945054945054945,0.545803334596438,0.17058823529411768,17
3,1,hand:cum_dpos [task-rel],0.1,ACI g=0.05 (grow cal),blocked,0.9010989010989011,0.9,0.001098901098901095,0.1896551724137931,0.9010989010989011,0.5453770367563471,0.15636363636363637,22
3,1,hand:cum_dpos [task-rel],0.15,split CP (SAFE),exch,1.0,0.85,0.15000000000000002,0.11864406779661017,1.0,0.559322033898305,0.21428571428571427,7
3,1,hand:cum_dpos [task-rel],0.15,ACI g=0.05 (grow cal),exch,0.875,0.85,0.025000000000000022,0.1694915254237288,0.875,0.5222457627118644,0.23800000000000004,10
3,1,hand:cum_dpos [task-rel],0.15,split CP (SAFE),blocked,0.8461538461538461,0.85,-0.0038461538461538325,0.20689655172413793,0.8461538461538461,0.5265251989389921,0.23166666666666666,24
3,1,hand:cum_dpos [task-rel],0.15,ACI g=0.05 (grow cal),blocked,0.8461538461538461,0.85,-0.0038461538461538325,0.20689655172413793,0.8461538461538461,0.5265251989389921,0.23666666666666666,24
3,1,hand:cum_dpos [task-rel],0.2,split CP (SAFE),exch,0.75,0.8,-0.050000000000000044,0.2542372881355932,0.75,0.5021186440677966,0.1826666666666667,15
3,1,hand:cum_dpos [task-rel],0.2,ACI g=0.05 (grow cal),exch,0.75,0.8,-0.050000000000000044,0.1864406779661017,0.75,0.4682203389830508,0.22000000000000003,11
3,1,hand:cum_dpos [task-rel],0.2,split CP (SAFE),blocked,0.7472527472527473,0.8,-0.05274725274725278,0.3620689655172414,0.7472527472527473,0.5546608563849943,0.2147619047619047,42
3,1,hand:cum_dpos [task-rel],0.2,ACI g=0.05 (grow cal),blocked,0.7912087912087912,0.8,-0.008791208791208871,0.25,0.7912087912087912,0.5206043956043955,0.23655172413793102,29
3,1,hand:cum_dpos [task-rel],0.25,split CP (SAFE),exch,0.75,0.75,0.0,0.3050847457627119,0.75,0.527542372881356,0.20777777777777778,18
3,1,hand:cum_dpos [task-rel],0.25,ACI g=0.05 (grow cal),exch,0.75,0.75,0.0,0.2542372881355932,0.75,0.5021186440677966,0.2346666666666667,15
3,1,hand:cum_dpos [task-rel],0.25,split CP (SAFE),blocked,0.7032967032967032,0.75,-0.04670329670329676,0.41379310344827586,0.7032967032967032,0.5585449033724895,0.29041666666666666,48
3,1,hand:cum_dpos [task-rel],0.25,ACI g=0.05 (grow cal),blocked,0.7362637362637363,0.75,-0.013736263736263687,0.3448275862068966,0.7362637362637363,0.5405456612353164,0.3355,40
3,1,hand:cum_drot,0.1,split CP (SAFE),exch,0.875,0.9,-0.025000000000000022,0.13559322033898305,0.875,0.5052966101694916,0.0,8
3,1,hand:cum_drot,0.1,ACI g=0.05 (grow cal),exch,0.875,0.9,-0.025000000000000022,0.1016949152542373,0.875,0.4883474576271186,0.0,6
3,1,hand:cum_drot,0.1,split CP (SAFE),blocked,0.9560439560439561,0.9,0.05604395604395607,0.09482758620689655,0.9560439560439561,0.5254357711254263,0.0,11
3,1,hand:cum_drot,0.1,ACI g=0.05 (grow cal),blocked,0.9340659340659341,0.9,0.034065934065934056,0.1724137931034483,0.9340659340659341,0.5532398635846911,0.23400000000000004,20
3,1,hand:cum_drot,0.15,split CP (SAFE),exch,0.875,0.85,0.025000000000000022,0.13559322033898305,0.875,0.5052966101694916,0.0075,8
3,1,hand:cum_drot,0.15,ACI g=0.05 (grow cal),exch,0.875,0.85,0.025000000000000022,0.13559322033898305,0.875,0.5052966101694916,0.0075,8
3,1,hand:cum_drot,0.15,split CP (SAFE),blocked,0.989010989010989,0.85,0.13901098901098907,0.05172413793103448,0.989010989010989,0.5203675634710118,0.013333333333333334,6
3,1,hand:cum_drot,0.15,ACI g=0.05 (grow cal),blocked,0.9120879120879121,0.85,0.06208791208791209,0.25,0.9120879120879121,0.581043956043956,0.1806896551724138,29
3,1,hand:cum_drot,0.2,split CP (SAFE),exch,0.875,0.8,0.07499999999999996,0.13559322033898305,0.875,0.5052966101694916,0.0025,8
3,1,hand:cum_drot,0.2,ACI g=0.05 (grow cal),exch,0.875,0.8,0.07499999999999996,0.13559322033898305,0.875,0.5052966101694916,0.0025,8
3,1,hand:cum_drot,0.2,split CP (SAFE),blocked,0.989010989010989,0.8,0.189010989010989,0.0603448275862069,0.989010989010989,0.524677908298598,0.008571428571428572,7
3,1,hand:cum_drot,0.2,ACI g=0.05 (grow cal),blocked,0.8571428571428572,0.8,0.05714285714285716,0.28448275862068967,0.8571428571428572,0.5708128078817735,0.21090909090909093,33
3,1,hand:cum_drot,0.25,split CP (SAFE),exch,0.6875,0.75,-0.0625,0.1864406779661017,0.6875,0.4369703389830508,0.049090909090909095,11
3,1,hand:cum_drot,0.25,ACI g=0.05 (grow cal),exch,0.8125,0.75,0.0625,0.1694915254237288,0.8125,0.4909957627118644,0.006,10
3,1,hand:cum_drot,0.25,split CP (SAFE),blocked,0.9560439560439561,0.75,0.2060439560439561,0.1206896551724138,0.9560439560439561,0.538366805608185,0.05285714285714286,14
3,1,hand:cum_drot,0.25,ACI g=0.05 (grow cal),blocked,0.8021978021978022,0.75,0.052197802197802234,0.3275862068965517,0.8021978021978022,0.564892004547177,0.25315789473684214,38
3,1,hand:cum_drot [task-rel],0.1,split CP (SAFE),exch,0.9375,0.9,0.03749999999999998,0.06779661016949153,0.9375,0.5026483050847458,0.045000000000000005,4
3,1,hand:cum_drot [task-rel],0.1,ACI g=0.05 (grow cal),exch,0.9375,0.9,0.03749999999999998,0.13559322033898305,0.9375,0.5365466101694916,0.065,8
3,1,hand:cum_drot [task-rel],0.1,split CP (SAFE),blocked,1.0,0.9,0.09999999999999998,0.017241379310344827,1.0,0.5086206896551724,0.04,2
3,1,hand:cum_drot [task-rel],0.1,ACI g=0.05 (grow cal),blocked,0.945054945054945,0.9,0.045054945054945006,0.11206896551724138,0.945054945054945,0.5285619552860932,0.08615384615384616,13
3,1,hand:cum_drot [task-rel],0.15,split CP (SAFE),exch,0.75,0.85,-0.09999999999999998,0.1694915254237288,0.75,0.4597457627118644,0.162,10
3,1,hand:cum_drot [task-rel],0.15,ACI g=0.05 (grow cal),exch,0.8125,0.85,-0.03749999999999998,0.1694915254237288,0.8125,0.4909957627118644,0.192,10
3,1,hand:cum_drot [task-rel],0.15,split CP (SAFE),blocked,0.945054945054945,0.85,0.09505494505494505,0.11206896551724138,0.945054945054945,0.5285619552860932,0.3061538461538461,13
3,1,hand:cum_drot [task-rel],0.15,ACI g=0.05 (grow cal),blocked,0.8461538461538461,0.85,-0.0038461538461538325,0.2672413793103448,0.8461538461538461,0.5566976127320955,0.28516129032258064,31
3,1,hand:cum_drot [task-rel],0.2,split CP (SAFE),exch,0.75,0.8,-0.050000000000000044,0.2711864406779661,0.75,0.510593220338983,0.15625,16
3,1,hand:cum_drot [task-rel],0.2,ACI g=0.05 (grow cal),exch,0.6875,0.8,-0.11250000000000004,0.23728813559322035,0.6875,0.4623940677966102,0.17285714285714288,14
3,1,hand:cum_drot [task-rel],0.2,split CP (SAFE),blocked,0.9010989010989011,0.8,0.10109890109890107,0.16379310344827586,0.9010989010989011,0.5324460022735885,0.23473684210526316,19
3,1,hand:cum_drot [task-rel],0.2,ACI g=0.05 (grow cal),blocked,0.8021978021978022,0.8,0.00219780219780219,0.3103448275862069,0.8021978021978022,0.5562713148920045,0.29833333333333334,36
3,1,hand:cum_drot [task-rel],0.25,split CP (SAFE),exch,0.625,0.75,-0.125,0.3220338983050847,0.625,0.4735169491525424,0.23473684210526316,19
3,1,hand:cum_drot [task-rel],0.25,ACI g=0.05 (grow cal),exch,0.625,0.75,-0.125,0.2542372881355932,0.625,0.4396186440677966,0.21733333333333338,15
3,1,hand:cum_drot [task-rel],0.25,split CP (SAFE),blocked,0.8681318681318682,0.75,0.11813186813186816,0.28448275862068967,0.8681318681318682,0.5763073133762789,0.3121212121212121,33
3,1,hand:cum_drot [task-rel],0.25,ACI g=0.05 (grow cal),blocked,0.7472527472527473,0.75,-0.0027472527472527375,0.3879310344827586,0.7472527472527473,0.567591890867753,0.3475555555555555,45
3,1,hand:dgripper,0.1,split CP (SAFE),exch,0.875,0.9,-0.025000000000000022,0.11864406779661017,0.875,0.4968220338983051,0.045714285714285714,7
3,1,hand:dgripper,0.1,ACI g=0.05 (grow cal),exch,0.9375,0.9,0.03749999999999998,0.03389830508474576,0.9375,0.4856991525423729,0.02,2
3,1,hand:dgripper,0.1,split CP (SAFE),blocked,0.9340659340659341,0.9,0.034065934065934056,0.06896551724137931,0.9340659340659341,0.5015157256536567,0.1275,8
3,1,hand:dgripper,0.1,ACI g=0.05 (grow cal),blocked,0.967032967032967,0.9,0.06703296703296702,0.034482758620689655,0.967032967032967,0.5007578628268283,0.15500000000000003,4
3,1,hand:dgripper,0.15,split CP (SAFE),exch,0.875,0.85,0.025000000000000022,0.11864406779661017,0.875,0.4968220338983051,0.045714285714285714,7
3,1,hand:dgripper,0.15,ACI g=0.05 (grow cal),exch,0.875,0.85,0.025000000000000022,0.05084745762711865,0.875,0.4629237288135593,0.02,3
3,1,hand:dgripper,0.15,split CP (SAFE),blocked,0.9340659340659341,0.85,0.0840659340659341,0.06896551724137931,0.9340659340659341,0.5015157256536567,0.1275,8
3,1,hand:dgripper,0.15,ACI g=0.05 (grow cal),blocked,0.945054945054945,0.85,0.09505494505494505,0.06896551724137931,0.945054945054945,0.5070102311481621,0.10250000000000001,8
3,1,hand:dgripper,0.2,split CP (SAFE),exch,0.875,0.8,0.07499999999999996,0.11864406779661017,0.875,0.4968220338983051,0.045714285714285714,7
3,1,hand:dgripper,0.2,ACI g=0.05 (grow cal),exch,0.875,0.8,0.07499999999999996,0.15254237288135594,0.875,0.513771186440678,0.06444444444444446,9
3,1,hand:dgripper,0.2,split CP (SAFE),blocked,0.9340659340659341,0.8,0.13406593406593403,0.06896551724137931,0.9340659340659341,0.5015157256536567,0.1275,8
3,1,hand:dgripper,0.2,ACI g=0.05 (grow cal),blocked,0.9120879120879121,0.8,0.11208791208791202,0.08620689655172414,0.9120879120879121,0.4991474043198181,0.128,10
3,1,hand:dgripper,0.25,split CP (SAFE),exch,0.875,0.75,0.125,0.1864406779661017,0.875,0.5307203389830508,0.10363636363636365,11
3,1,hand:dgripper,0.25,ACI g=0.05 (grow cal),exch,0.875,0.75,0.125,0.1864406779661017,0.875,0.5307203389830508,0.10363636363636365,11
3,1,hand:dgripper,0.25,split CP (SAFE),blocked,0.9340659340659341,0.75,0.18406593406593408,0.08620689655172414,0.9340659340659341,0.5101364153088291,0.128,10
3,1,hand:dgripper,0.25,ACI g=0.05 (grow cal),blocked,0.8901098901098901,0.75,0.14010989010989006,0.10344827586206896,0.8901098901098901,0.4967790829859795,0.25333333333333335,12
3,1,hand:dgripper [task-rel],0.1,split CP (SAFE),exch,0.875,0.9,-0.025000000000000022,0.1016949152542373,0.875,0.4883474576271186,0.23666666666666672,6
3,1,hand:dgripper [task-rel],0.1,ACI g=0.05 (grow cal),exch,0.875,0.9,-0.025000000000000022,0.1016949152542373,0.875,0.4883474576271186,0.07,6
3,1,hand:dgripper [task-rel],0.1,split CP (SAFE),blocked,0.9340659340659341,0.9,0.034065934065934056,0.06896551724137931,0.9340659340659341,0.5015157256536567,0.13,8
3,1,hand:dgripper [task-rel],0.1,ACI g=0.05 (grow cal),blocked,0.945054945054945,0.9,0.045054945054945006,0.0603448275862069,0.945054945054945,0.5026998863205759,0.14285714285714285,7
3,1,hand:dgripper [task-rel],0.15,split CP (SAFE),exch,0.875,0.85,0.025000000000000022,0.11864406779661017,0.875,0.4968220338983051,0.037142857142857144,7
3,1,hand:dgripper [task-rel],0.15,ACI g=0.05 (grow cal),exch,0.875,0.85,0.025000000000000022,0.11864406779661017,0.875,0.4968220338983051,0.045714285714285714,7
3,1,hand:dgripper [task-rel],0.15,split CP (SAFE),blocked,0.9340659340659341,0.85,0.0840659340659341,0.07758620689655173,0.9340659340659341,0.505826070481243,0.07333333333333335,9
3,1,hand:dgripper [task-rel],0.15,ACI g=0.05 (grow cal),blocked,0.8901098901098901,0.85,0.04010989010989008,0.08620689655172414,0.8901098901098901,0.4881583933308071,0.134,10
3,1,hand:dgripper [task-rel],0.2,split CP (SAFE),exch,0.875,0.8,0.07499999999999996,0.11864406779661017,0.875,0.4968220338983051,0.037142857142857144,7
3,1,hand:dgripper [task-rel],0.2,ACI g=0.05 (grow cal),exch,0.875,0.8,0.07499999999999996,0.13559322033898305,0.875,0.5052966101694916,0.06999999999999999,8
3,1,hand:dgripper [task-rel],0.2,split CP (SAFE),blocked,0.9340659340659341,0.8,0.13406593406593403,0.07758620689655173,0.9340659340659341,0.505826070481243,0.07333333333333335,9
3,1,hand:dgripper [task-rel],0.2,ACI g=0.05 (grow cal),blocked,0.8681318681318682,0.8,0.06813186813186811,0.09482758620689655,0.8681318681318682,0.48147972716938237,0.13272727272727272,11
3,1,hand:dgripper [task-rel],0.25,split CP (SAFE),exch,0.875,0.75,0.125,0.1694915254237288,0.875,0.5222457627118644,0.11599999999999999,10
3,1,hand:dgripper [task-rel],0.25,ACI g=0.05 (grow cal),exch,0.875,0.75,0.125,0.1694915254237288,0.875,0.5222457627118644,0.11599999999999999,10
3,1,hand:dgripper [task-rel],0.25,split CP (SAFE),blocked,0.9340659340659341,0.75,0.18406593406593408,0.08620689655172414,0.9340659340659341,0.5101364153088291,0.096,10
3,1,hand:dgripper [task-rel],0.25,ACI g=0.05 (grow cal),blocked,0.8461538461538461,0.75,0.09615384615384615,0.10344827586206896,0.8461538461538461,0.47480106100795755,0.13833333333333334,12
4,0,SAFE-MLP,0.1,split CP (SAFE),exch,0.75,0.9,-0.15000000000000002,0.631578947368421,0.75,0.6907894736842105,0.6216666666666666,36
4,0,SAFE-MLP,0.1,ACI g=0.05 (grow cal),exch,0.8125,0.9,-0.08750000000000002,0.5964912280701754,0.8125,0.7044956140350878,0.6311764705882352,34
4,0,SAFE-MLP,0.1,split CP (SAFE),blocked,0.7692307692307692,0.9,-0.13076923076923086,0.7647058823529411,0.7692307692307692,0.7669683257918551,0.6263736263736264,91
4,0,SAFE-MLP,0.1,ACI g=0.05 (grow cal),blocked,0.9010989010989011,0.9,0.001098901098901095,0.5462184873949579,0.9010989010989011,0.7236586942469295,0.7658461538461537,65
4,0,SAFE-MLP,0.15,split CP (SAFE),exch,0.75,0.85,-0.09999999999999998,0.6666666666666666,0.75,0.7083333333333333,0.6189473684210526,38
4,0,SAFE-MLP,0.15,ACI g=0.05 (grow cal),exch,0.75,0.85,-0.09999999999999998,0.631578947368421,0.75,0.6907894736842105,0.6344444444444445,36
4,0,SAFE-MLP,0.15,split CP (SAFE),blocked,0.7582417582417582,0.85,-0.09175824175824177,0.7815126050420168,0.7582417582417582,0.7698771816418875,0.5931182795698924,93
4,0,SAFE-MLP,0.15,ACI g=0.05 (grow cal),blocked,0.8791208791208791,0.85,0.02912087912087913,0.6638655462184874,0.8791208791208791,0.7714932126696832,0.7278481012658227,79
4,0,SAFE-MLP,0.2,split CP (SAFE),exch,0.75,0.8,-0.050000000000000044,0.6842105263157895,0.75,0.7171052631578947,0.5676923076923075,39
4,0,SAFE-MLP,0.2,ACI g=0.05 (grow cal),exch,0.75,0.8,-0.050000000000000044,0.6666666666666666,0.75,0.7083333333333333,0.6205263157894736,38
4,0,SAFE-MLP,0.2,split CP (SAFE),blocked,0.7582417582417582,0.8,-0.04175824175824183,0.7899159663865546,0.7582417582417582,0.7740788623141563,0.5791489361702128,94
4,0,SAFE-MLP,0.2,ACI g=0.05 (grow cal),blocked,0.8351648351648352,0.8,0.03516483516483515,0.6890756302521008,0.8351648351648352,0.762120232708468,0.6890243902439024,82
4,0,SAFE-MLP,0.25,split CP (SAFE),exch,0.75,0.75,0.0,0.7017543859649122,0.75,0.7258771929824561,0.522,40
4,0,SAFE-MLP,0.25,ACI g=0.05 (grow cal),exch,0.75,0.75,0.0,0.7017543859649122,0.75,0.7258771929824561,0.5445,40
4,0,SAFE-MLP,0.25,split CP (SAFE),blocked,0.6153846153846154,0.75,-0.13461538461538458,0.7899159663865546,0.6153846153846154,0.702650290885585,0.4355319148936171,94
4,0,SAFE-MLP,0.25,ACI g=0.05 (grow cal),blocked,0.7802197802197802,0.75,0.030219780219780223,0.6974789915966386,0.7802197802197802,0.7388493859082095,0.6255421686746987,83
4,0,SAFE-MLP [task-rel],0.1,split CP (SAFE),exch,0.9375,0.9,0.03749999999999998,0.24561403508771928,0.9375,0.5915570175438596,0.4142857142857142,14
4,0,SAFE-MLP [task-rel],0.1,ACI g=0.05 (grow cal),exch,0.9375,0.9,0.03749999999999998,0.2631578947368421,0.9375,0.600328947368421,0.40399999999999997,15
4,0,SAFE-MLP [task-rel],0.1,split CP (SAFE),blocked,0.8571428571428572,0.9,-0.042857142857142816,0.13445378151260504,0.8571428571428572,0.4957983193277311,0.165,16
4,0,SAFE-MLP [task-rel],0.1,ACI g=0.05 (grow cal),blocked,0.8791208791208791,0.9,-0.020879120879120916,0.09243697478991597,0.8791208791208791,0.48577892695539754,0.15636363636363637,11
4,0,SAFE-MLP [task-rel],0.15,split CP (SAFE),exch,0.875,0.85,0.025000000000000022,0.3157894736842105,0.875,0.5953947368421053,0.4666666666666667,18
4,0,SAFE-MLP [task-rel],0.15,ACI g=0.05 (grow cal),exch,0.8125,0.85,-0.03749999999999998,0.3157894736842105,0.8125,0.5641447368421053,0.4722222222222222,18
4,0,SAFE-MLP [task-rel],0.15,split CP (SAFE),blocked,0.8351648351648352,0.85,-0.014835164835164782,0.18487394957983194,0.8351648351648352,0.5100193923723335,0.16090909090909092,22
4,0,SAFE-MLP [task-rel],0.15,ACI g=0.05 (grow cal),blocked,0.8351648351648352,0.85,-0.014835164835164782,0.16806722689075632,0.8351648351648352,0.5016160310277957,0.14700000000000002,20
4,0,SAFE-MLP [task-rel],0.2,split CP (SAFE),exch,0.8125,0.8,0.012499999999999956,0.3333333333333333,0.8125,0.5729166666666666,0.41578947368421054,19
4,0,SAFE-MLP [task-rel],0.2,ACI g=0.05 (grow cal),exch,0.8125,0.8,0.012499999999999956,0.3508771929824561,0.8125,0.5816885964912281,0.42699999999999994,20
4,0,SAFE-MLP [task-rel],0.2,split CP (SAFE),blocked,0.8021978021978022,0.8,0.00219780219780219,0.20168067226890757,0.8021978021978022,0.5019392372333549,0.15083333333333335,24
4,0,SAFE-MLP [task-rel],0.2,ACI g=0.05 (grow cal),blocked,0.7692307692307692,0.8,-0.030769230769230882,0.24369747899159663,0.7692307692307692,0.5064641241111829,0.16137931034482758,29
4,0,SAFE-MLP [task-rel],0.25,split CP (SAFE),exch,0.625,0.75,-0.125,0.3684210526315789,0.625,0.4967105263157895,0.41047619047619055,21
4,0,SAFE-MLP [task-rel],0.25,ACI g=0.05 (grow cal),exch,0.6875,0.75,-0.0625,0.3508771929824561,0.6875,0.5191885964912281,0.43,20
4,0,SAFE-MLP [task-rel],0.25,split CP (SAFE),blocked,0.7802197802197802,0.75,0.030219780219780223,0.25210084033613445,0.7802197802197802,0.5161603102779573,0.162,30
4,0,SAFE-MLP [task-rel],0.25,ACI g=0.05 (grow cal),blocked,0.7142857142857143,0.75,-0.0357142857142857,0.2857142857142857,0.7142857142857143,0.5,0.1811764705882353,34
4,0,H&S,0.1,split CP (SAFE),exch,0.9375,0.9,0.03749999999999998,0.24561403508771928,0.9375,0.5915570175438596,0.557142857142857,14
4,0,H&S,0.1,ACI g=0.05 (grow cal),exch,0.875,0.9,-0.025000000000000022,0.3508771929824561,0.875,0.6129385964912281,0.454,20
4,0,H&S,0.1,split CP (SAFE),blocked,0.9120879120879121,0.9,0.012087912087912045,0.33613445378151263,0.9120879120879121,0.6241111829347123,0.618,40
4,0,H&S,0.1,ACI g=0.05 (grow cal),blocked,0.8901098901098901,0.9,-0.009890109890109966,0.25210084033613445,0.8901098901098901,0.5711053652230123,0.6373333333333334,30
4,0,H&S,0.15,split CP (SAFE),exch,0.875,0.85,0.025000000000000022,0.5263157894736842,0.875,0.700657894736842,0.6506666666666666,30
4,0,H&S,0.15,ACI g=0.05 (grow cal),exch,0.8125,0.85,-0.03749999999999998,0.40350877192982454,0.8125,0.6080043859649122,0.6008695652173914,23
4,0,H&S,0.15,split CP (SAFE),blocked,0.7362637362637363,0.85,-0.11373626373626367,0.6302521008403361,0.7362637362637363,0.6832579185520362,0.6264,75
4,0,H&S,0.15,ACI g=0.05 (grow cal),blocked,0.8461538461538461,0.85,-0.0038461538461538325,0.47058823529411764,0.8461538461538461,0.6583710407239819,0.6389285714285714,56
4,0,H&S,0.2,split CP (SAFE),exch,0.8125,0.8,0.012499999999999956,0.6140350877192983,0.8125,0.7132675438596492,0.562857142857143,35
4,0,H&S,0.2,ACI g=0.05 (grow cal),exch,0.75,0.8,-0.050000000000000044,0.6140350877192983,0.75,0.6820175438596492,0.5314285714285715,35
4,0,H&S,0.2,split CP (SAFE),blocked,0.5054945054945055,0.8,-0.29450549450549457,0.7815126050420168,0.5054945054945055,0.6435035552682611,0.5303225806451612,93
4,0,H&S,0.2,ACI g=0.05 (grow cal),blocked,0.7912087912087912,0.8,-0.008791208791208871,0.5798319327731093,0.7912087912087912,0.6855203619909502,0.6165217391304347,69
4,0,H&S,0.25,split CP (SAFE),exch,0.6875,0.75,-0.0625,0.7017543859649122,0.6875,0.6946271929824561,0.5035000000000001,40
4,0,H&S,0.25,ACI g=0.05 (grow cal),exch,0.6875,0.75,-0.0625,0.7017543859649122,0.6875,0.6946271929824561,0.5095000000000001,40
4,0,H&S,0.25,split CP (SAFE),blocked,0.3516483516483516,0.75,-0.3983516483516484,0.9327731092436975,0.3516483516483516,0.6422107304460245,0.4255855855855857,111
4,0,H&S,0.25,ACI g=0.05 (grow cal),blocked,0.7472527472527473,0.75,-0.0027472527472527375,0.6302521008403361,0.7472527472527473,0.6887524240465417,0.5658666666666667,75
4,0,H&S [task-rel],0.1,split CP (SAFE),exch,0.875,0.9,-0.025000000000000022,0.08771929824561403,0.875,0.48135964912280704,0.136,5
4,0,H&S [task-rel],0.1,ACI g=0.05 (grow cal),exch,0.875,0.9,-0.025000000000000022,0.24561403508771928,0.875,0.5603070175438596,0.3314285714285714,14
4,0,H&S [task-rel],0.1,split CP (SAFE),blocked,0.8791208791208791,0.9,-0.020879120879120916,0.11764705882352941,0.8791208791208791,0.49838396897220427,0.23428571428571426,14
4,0,H&S [task-rel],0.1,ACI g=0.05 (grow cal),blocked,0.8791208791208791,0.9,-0.020879120879120916,0.06722689075630252,0.8791208791208791,0.4731738849385908,0.22499999999999998,8
4,0,H&S [task-rel],0.15,split CP (SAFE),exch,0.75,0.85,-0.09999999999999998,0.6140350877192983,0.75,0.6820175438596492,0.504,35
4,0,H&S [task-rel],0.15,ACI g=0.05 (grow cal),exch,0.8125,0.85,-0.03749999999999998,0.42105263157894735,0.8125,0.6167763157894737,0.4458333333333333,24
4,0,H&S [task-rel],0.15,split CP (SAFE),blocked,0.5274725274725275,0.85,-0.3225274725274725,0.7647058823529411,0.5274725274725275,0.6460892049127342,0.47450549450549445,91
4,0,H&S [task-rel],0.15,ACI g=0.05 (grow cal),blocked,0.8351648351648352,0.85,-0.014835164835164782,0.15966386554621848,0.8351648351648352,0.49741435035552684,0.3526315789473684,19
4,0,H&S [task-rel],0.2,split CP (SAFE),exch,0.75,0.8,-0.050000000000000044,0.6666666666666666,0.75,0.7083333333333333,0.5036842105263157,38
4,0,H&S [task-rel],0.2,ACI g=0.05 (grow cal),exch,0.6875,0.8,-0.11250000000000004,0.43859649122807015,0.6875,0.5630482456140351,0.4408000000000001,25
4,0,H&S [task-rel],0.2,split CP (SAFE),blocked,0.4505494505494505,0.8,-0.34945054945054954,0.8571428571428571,0.4505494505494505,0.6538461538461537,0.49019607843137253,102
4,0,H&S [task-rel],0.2,ACI g=0.05 (grow cal),blocked,0.7802197802197802,0.8,-0.01978021978021982,0.226890756302521,0.7802197802197802,0.5035552682611506,0.3674074074074074,27
4,0,H&S [task-rel],0.25,split CP (SAFE),exch,0.625,0.75,-0.125,0.7368421052631579,0.625,0.680921052631579,0.4666666666666667,42
4,0,H&S [task-rel],0.25,ACI g=0.05 (grow cal),exch,0.625,0.75,-0.125,0.5789473684210527,0.625,0.6019736842105263,0.47030303030303033,33
4,0,H&S [task-rel],0.25,split CP (SAFE),blocked,0.2857142857142857,0.75,-0.4642857142857143,0.9411764705882353,0.2857142857142857,0.6134453781512605,0.41750000000000004,112
4,0,H&S [task-rel],0.25,ACI g=0.05 (grow cal),blocked,0.7362637362637363,0.75,-0.013736263736263687,0.3445378151260504,0.7362637362637363,0.5404007756948934,0.4195121951219512,41
4,0,SAFE-Embed,0.1,split CP (SAFE),exch,0.9375,0.9,0.03749999999999998,0.3157894736842105,0.9375,0.6266447368421053,0.6166666666666667,18
4,0,SAFE-Embed,0.1,ACI g=0.05 (grow cal),exch,0.9375,0.9,0.03749999999999998,0.2807017543859649,0.9375,0.6091008771929824,0.56625,16
4,0,SAFE-Embed,0.1,split CP (SAFE),blocked,0.10989010989010994,0.9,-0.7901098901098901,0.957983193277311,0.10989010989010994,0.5339366515837105,0.305438596491228,114
4,0,SAFE-Embed,0.1,ACI g=0.05 (grow cal),blocked,0.8791208791208791,0.9,-0.020879120879120916,0.6554621848739496,0.8791208791208791,0.7672915319974143,0.867948717948718,78
4,0,SAFE-Embed,0.15,split CP (SAFE),exch,0.8125,0.85,-0.03749999999999998,0.42105263157894735,0.8125,0.6167763157894737,0.5041666666666668,24
4,0,SAFE-Embed,0.15,ACI g=0.05 (grow cal),exch,0.8125,0.85,-0.03749999999999998,0.42105263157894735,0.8125,0.6167763157894737,0.48833333333333334,24
4,0,SAFE-Embed,0.15,split CP (SAFE),blocked,0.01098901098901095,0.85,-0.839010989010989,0.9831932773109243,0.01098901098901095,0.49709114414996763,0.18461538461538463,117
4,0,SAFE-Embed,0.15,ACI g=0.05 (grow cal),blocked,0.8351648351648352,0.85,-0.014835164835164782,0.5042016806722689,0.8351648351648352,0.6696832579185521,0.6126666666666665,60
4,0,SAFE-Embed,0.2,split CP (SAFE),exch,0.8125,0.8,0.012499999999999956,0.43859649122807015,0.8125,0.6255482456140351,0.39599999999999996,25
4,0,SAFE-Embed,0.2,ACI g=0.05 (grow cal),exch,0.8125,0.8,0.012499999999999956,0.543859649122807,0.8125,0.6781798245614035,0.41935483870967744,31
4,0,SAFE-Embed,0.2,split CP (SAFE),blocked,0.0,0.8,-0.8,1.0,0.0,0.5,0.09579831932773113,119
4,0,SAFE-Embed,0.2,ACI g=0.05 (grow cal),blocked,0.7802197802197802,0.8,-0.01978021978021982,0.6554621848739496,0.7802197802197802,0.7178409825468649,0.5715384615384614,78
4,0,SAFE-Embed,0.25,split CP (SAFE),exch,0.8125,0.75,0.0625,0.543859649122807,0.8125,0.6781798245614035,0.41032258064516125,31
4,0,SAFE-Embed,0.25,ACI g=0.05 (grow cal),exch,0.8125,0.75,0.0625,0.631578947368421,0.8125,0.7220394736842105,0.30611111111111117,36
4,0,SAFE-Embed,0.25,split CP (SAFE),blocked,0.0,0.75,-0.75,1.0,0.0,0.5,0.055966386554621834,119
4,0,SAFE-Embed,0.25,ACI g=0.05 (grow cal),blocked,0.7362637362637363,0.75,-0.013736263736263687,0.7058823529411765,0.7362637362637363,0.7210730446024565,0.5871428571428572,84
4,0,SAFE-Embed [task-rel],0.1,split CP (SAFE),exch,0.9375,0.9,0.03749999999999998,0.22807017543859648,0.9375,0.5827850877192983,0.28,13
4,0,SAFE-Embed [task-rel],0.1,ACI g=0.05 (grow cal),exch,0.8125,0.9,-0.08750000000000002,0.17543859649122806,0.8125,0.49396929824561403,0.38,10
4,0,SAFE-Embed [task-rel],0.1,split CP (SAFE),blocked,0.989010989010989,0.9,0.08901098901098903,0.04201680672268908,0.989010989010989,0.5155138978668391,0.06,5
4,0,SAFE-Embed [task-rel],0.1,ACI g=0.05 (grow cal),blocked,0.9230769230769231,0.9,0.023076923076923106,0.1092436974789916,0.9230769230769231,0.5161603102779574,0.09692307692307695,13
4,0,SAFE-Embed [task-rel],0.15,split CP (SAFE),exch,0.875,0.85,0.025000000000000022,0.3157894736842105,0.875,0.5953947368421053,0.19666666666666666,18
4,0,SAFE-Embed [task-rel],0.15,ACI g=0.05 (grow cal),exch,0.8125,0.85,-0.03749999999999998,0.3157894736842105,0.8125,0.5641447368421053,0.3033333333333334,18
4,0,SAFE-Embed [task-rel],0.15,split CP (SAFE),blocked,0.945054945054945,0.85,0.09505494505494505,0.13445378151260504,0.945054945054945,0.539754363283775,0.11375,16
4,0,SAFE-Embed [task-rel],0.15,ACI g=0.05 (grow cal),blocked,0.8791208791208791,0.85,0.02912087912087913,0.20168067226890757,0.8791208791208791,0.5404007756948933,0.08249999999999999,24
4,0,SAFE-Embed [task-rel],0.2,split CP (SAFE),exch,0.6875,0.8,-0.11250000000000004,0.45614035087719296,0.6875,0.5718201754385965,0.18846153846153849,26
4,0,SAFE-Embed [task-rel],0.2,ACI g=0.05 (grow cal),exch,0.75,0.8,-0.050000000000000044,0.3333333333333333,0.75,0.5416666666666666,0.26526315789473687,19
4,0,SAFE-Embed [task-rel],0.2,split CP (SAFE),blocked,0.9010989010989011,0.8,0.10109890109890107,0.18487394957983194,0.9010989010989011,0.5429864253393666,0.08454545454545456,22
4,0,SAFE-Embed [task-rel],0.2,ACI g=0.05 (grow cal),blocked,0.8351648351648352,0.8,0.03516483516483515,0.226890756302521,0.8351648351648352,0.5310277957336781,0.12814814814814815,27
4,0,SAFE-Embed [task-rel],0.25,split CP (SAFE),exch,0.6875,0.75,-0.0625,0.49122807017543857,0.6875,0.5893640350877193,0.18928571428571425,28
4,0,SAFE-Embed [task-rel],0.25,ACI g=0.05 (grow cal),exch,0.6875,0.75,-0.0625,0.40350877192982454,0.6875,0.5455043859649122,0.17652173913043476,23
4,0,SAFE-Embed [task-rel],0.25,split CP (SAFE),blocked,0.8791208791208791,0.75,0.1291208791208791,0.2184873949579832,0.8791208791208791,0.5488041370394312,0.07999999999999999,26
4,0,SAFE-Embed [task-rel],0.25,ACI g=0.05 (grow cal),blocked,0.7912087912087912,0.75,0.04120879120879117,0.4117647058823529,0.7912087912087912,0.601486748545572,0.12775510204081633,49
4,0,hand:cum_mean_token_entropy,0.1,split CP (SAFE),exch,0.9375,0.9,0.03749999999999998,0.2631578947368421,0.9375,0.600328947368421,0.26133333333333336,15
4,0,hand:cum_mean_token_entropy,0.1,ACI g=0.05 (grow cal),exch,0.9375,0.9,0.03749999999999998,0.2631578947368421,0.9375,0.600328947368421,0.24933333333333335,15
4,0,hand:cum_mean_token_entropy,0.1,split CP (SAFE),blocked,0.967032967032967,0.9,0.06703296703296702,0.15966386554621848,0.967032967032967,0.5633484162895928,0.39684210526315794,19
4,0,hand:cum_mean_token_entropy,0.1,ACI g=0.05 (grow cal),blocked,0.9120879120879121,0.9,0.012087912087912045,0.14285714285714285,0.9120879120879121,0.5274725274725275,0.28941176470588237,17
4,0,hand:cum_mean_token_entropy,0.15,split CP (SAFE),exch,0.8125,0.85,-0.03749999999999998,0.3333333333333333,0.8125,0.5729166666666666,0.4052631578947368,19
4,0,hand:cum_mean_token_entropy,0.15,ACI g=0.05 (grow cal),exch,0.8125,0.85,-0.03749999999999998,0.2982456140350877,0.8125,0.5553728070175439,0.44588235294117645,17
4,0,hand:cum_mean_token_entropy,0.15,split CP (SAFE),blocked,0.9340659340659341,0.85,0.0840659340659341,0.24369747899159663,0.9340659340659341,0.5888817065287654,0.5386206896551724,29
4,0,hand:cum_mean_token_entropy,0.15,ACI g=0.05 (grow cal),blocked,0.8791208791208791,0.85,0.02912087912087913,0.2184873949579832,0.8791208791208791,0.5488041370394312,0.5507692307692309,26
4,0,hand:cum_mean_token_entropy,0.2,split CP (SAFE),exch,0.6875,0.8,-0.11250000000000004,0.3684210526315789,0.6875,0.5279605263157895,0.35523809523809524,21
4,0,hand:cum_mean_token_entropy,0.2,ACI g=0.05 (grow cal),exch,0.75,0.8,-0.050000000000000044,0.3157894736842105,0.75,0.5328947368421053,0.4211111111111111,18
4,0,hand:cum_mean_token_entropy,0.2,split CP (SAFE),blocked,0.8901098901098901,0.8,0.09010989010989001,0.2689075630252101,0.8901098901098901,0.57950872656755,0.5081249999999999,32
4,0,hand:cum_mean_token_entropy,0.2,ACI g=0.05 (grow cal),blocked,0.8241758241758241,0.8,0.02417582417582409,0.2857142857142857,0.8241758241758241,0.554945054945055,0.4982352941176471,34
4,0,hand:cum_mean_token_entropy,0.25,split CP (SAFE),exch,0.8125,0.75,0.0625,0.38596491228070173,0.8125,0.5992324561403508,0.3963636363636364,22
4,0,hand:cum_mean_token_entropy,0.25,ACI g=0.05 (grow cal),exch,0.75,0.75,0.0,0.38596491228070173,0.75,0.5679824561403508,0.39,22
4,0,hand:cum_mean_token_entropy,0.25,split CP (SAFE),blocked,0.8461538461538461,0.75,0.09615384615384615,0.2689075630252101,0.8461538461538461,0.5575307045895281,0.5231250000000001,32
4,0,hand:cum_mean_token_entropy,0.25,ACI g=0.05 (grow cal),blocked,0.7802197802197802,0.75,0.030219780219780223,0.31092436974789917,0.7802197802197802,0.5455720749838397,0.40972972972972976,37
4,0,hand:cum_mean_token_entropy [task-rel],0.1,split CP (SAFE),exch,0.9375,0.9,0.03749999999999998,0.12280701754385964,0.9375,0.5301535087719298,0.35428571428571437,7
4,0,hand:cum_mean_token_entropy [task-rel],0.1,ACI g=0.05 (grow cal),exch,0.9375,0.9,0.03749999999999998,0.08771929824561403,0.9375,0.512609649122807,0.43600000000000005,5
4,0,hand:cum_mean_token_entropy [task-rel],0.1,split CP (SAFE),blocked,0.9010989010989011,0.9,0.001098901098901095,0.16806722689075632,0.9010989010989011,0.5345830639948287,0.198,20
4,0,hand:cum_mean_token_entropy [task-rel],0.1,ACI g=0.05 (grow cal),blocked,0.9010989010989011,0.9,0.001098901098901095,0.12605042016806722,0.9010989010989011,0.5135746606334841,0.17733333333333337,15
4,0,hand:cum_mean_token_entropy [task-rel],0.15,split CP (SAFE),exch,0.875,0.85,0.025000000000000022,0.24561403508771928,0.875,0.5603070175438596,0.5114285714285713,14
4,0,hand:cum_mean_token_entropy [task-rel],0.15,ACI g=0.05 (grow cal),exch,0.875,0.85,0.025000000000000022,0.21052631578947367,0.875,0.5427631578947368,0.585,12
4,0,hand:cum_mean_token_entropy [task-rel],0.15,split CP (SAFE),blocked,0.8241758241758241,0.85,-0.025824175824175843,0.33613445378151263,0.8241758241758241,0.5801551389786683,0.46849999999999997,40
4,0,hand:cum_mean_token_entropy [task-rel],0.15,ACI g=0.05 (grow cal),blocked,0.8461538461538461,0.85,-0.0038461538461538325,0.226890756302521,0.8461538461538461,0.5365223012281836,0.45925925925925926,27
4,0,hand:cum_mean_token_entropy [task-rel],0.2,split CP (SAFE),exch,0.8125,0.8,0.012499999999999956,0.3157894736842105,0.8125,0.5641447368421053,0.44999999999999996,18
4,0,hand:cum_mean_token_entropy [task-rel],0.2,ACI g=0.05 (grow cal),exch,0.8125,0.8,0.012499999999999956,0.3157894736842105,0.8125,0.5641447368421053,0.46444444444444444,18
4,0,hand:cum_mean_token_entropy [task-rel],0.2,split CP (SAFE),blocked,0.7912087912087912,0.8,-0.008791208791208871,0.40336134453781514,0.7912087912087912,0.5972850678733032,0.44250000000000006,48
4,0,hand:cum_mean_token_entropy [task-rel],0.2,ACI g=0.05 (grow cal),blocked,0.8021978021978022,0.8,0.00219780219780219,0.3025210084033613,0.8021978021978022,0.5523594053005818,0.4705555555555555,36
4,0,hand:cum_mean_token_entropy [task-rel],0.25,split CP (SAFE),exch,0.75,0.75,0.0,0.40350877192982454,0.75,0.5767543859649122,0.42260869565217396,23
4,0,hand:cum_mean_token_entropy [task-rel],0.25,ACI g=0.05 (grow cal),exch,0.75,0.75,0.0,0.38596491228070173,0.75,0.5679824561403508,0.4045454545454545,22
4,0,hand:cum_mean_token_entropy [task-rel],0.25,split CP (SAFE),blocked,0.7362637362637363,0.75,-0.013736263736263687,0.4369747899159664,0.7362637362637363,0.5866192630898514,0.35576923076923084,52
4,0,hand:cum_mean_token_entropy [task-rel],0.25,ACI g=0.05 (grow cal),blocked,0.7692307692307692,0.75,0.019230769230769162,0.3949579831932773,0.7692307692307692,0.5820943762120232,0.41021276595744677,47
4,0,hand:mean_token_entropy,0.1,split CP (SAFE),exch,0.875,0.9,-0.025000000000000022,0.10526315789473684,0.875,0.4901315789473684,0.6233333333333334,6
4,0,hand:mean_token_entropy,0.1,ACI g=0.05 (grow cal),exch,0.9375,0.9,0.03749999999999998,0.08771929824561403,0.9375,0.512609649122807,0.676,5
4,0,hand:mean_token_entropy,0.1,split CP (SAFE),blocked,0.8461538461538461,0.9,-0.05384615384615388,0.10084033613445378,0.8461538461538461,0.47349709114414995,0.525,12
4,0,hand:mean_token_entropy,0.1,ACI g=0.05 (grow cal),blocked,0.8901098901098901,0.9,-0.009890109890109966,0.06722689075630252,0.8901098901098901,0.4786683904330963,0.5925,8
4,0,hand:mean_token_entropy,0.15,split CP (SAFE),exch,0.75,0.85,-0.09999999999999998,0.15789473684210525,0.75,0.45394736842105265,0.5022222222222221,9
4,0,hand:mean_token_entropy,0.15,ACI g=0.05 (grow cal),exch,0.8125,0.85,-0.03749999999999998,0.08771929824561403,0.8125,0.45010964912280704,0.512,5
4,0,hand:mean_token_entropy,0.15,split CP (SAFE),blocked,0.8131868131868132,0.85,-0.03681318681318679,0.21008403361344538,0.8131868131868132,0.5116354234001292,0.428,25
4,0,hand:mean_token_entropy,0.15,ACI g=0.05 (grow cal),blocked,0.8461538461538461,0.85,-0.0038461538461538325,0.19327731092436976,0.8461538461538461,0.519715578539108,0.4469565217391304,23
4,0,hand:mean_token_entropy,0.2,split CP (SAFE),exch,0.75,0.8,-0.050000000000000044,0.15789473684210525,0.75,0.45394736842105265,0.5022222222222221,9
4,0,hand:mean_token_entropy,0.2,ACI g=0.05 (grow cal),exch,0.75,0.8,-0.050000000000000044,0.10526315789473684,0.75,0.4276315789473684,0.5233333333333333,6
4,0,hand:mean_token_entropy,0.2,split CP (SAFE),blocked,0.7802197802197802,0.8,-0.01978021978021982,0.226890756302521,0.7802197802197802,0.5035552682611506,0.42962962962962953,27
4,0,hand:mean_token_entropy,0.2,ACI g=0.05 (grow cal),blocked,0.7912087912087912,0.8,-0.008791208791208871,0.19327731092436976,0.7912087912087912,0.49224305106658045,0.4469565217391304,23
4,0,hand:mean_token_entropy,0.25,split CP (SAFE),exch,0.75,0.75,0.0,0.17543859649122806,0.75,0.46271929824561403,0.492,10
4,0,hand:mean_token_entropy,0.25,ACI g=0.05 (grow cal),exch,0.75,0.75,0.0,0.15789473684210525,0.75,0.45394736842105265,0.5022222222222221,9
4,0,hand:mean_token_entropy,0.25,split CP (SAFE),blocked,0.7472527472527473,0.75,-0.0027472527472527375,0.24369747899159663,0.7472527472527473,0.49547511312217196,0.4227586206896551,29
4,0,hand:mean_token_entropy,0.25,ACI g=0.05 (grow cal),blocked,0.7362637362637363,0.75,-0.013736263736263687,0.21008403361344538,0.7362637362637363,0.47317388493859086,0.44959999999999994,25
4,0,hand:mean_token_entropy [task-rel],0.1,split CP (SAFE),exch,1.0,0.9,0.09999999999999998,0.10526315789473684,1.0,0.5526315789473684,0.18000000000000002,6
4,0,hand:mean_token_entropy [task-rel],0.1,ACI g=0.05 (grow cal),exch,1.0,0.9,0.09999999999999998,0.12280701754385964,1.0,0.5614035087719298,0.23142857142857146,7
4,0,hand:mean_token_entropy [task-rel],0.1,split CP (SAFE),blocked,0.9230769230769231,0.9,0.023076923076923106,0.15126050420168066,0.9230769230769231,0.5371687136393019,0.19333333333333336,18
4,0,hand:mean_token_entropy [task-rel],0.1,ACI g=0.05 (grow cal),blocked,0.9120879120879121,0.9,0.012087912087912045,0.19327731092436976,0.9120879120879121,0.552682611506141,0.19043478260869567,23
4,0,hand:mean_token_entropy [task-rel],0.15,split CP (SAFE),exch,0.9375,0.85,0.08750000000000002,0.12280701754385964,0.9375,0.5301535087719298,0.24571428571428575,7
4,0,hand:mean_token_entropy [task-rel],0.15,ACI g=0.05 (grow cal),exch,0.9375,0.85,0.08750000000000002,0.15789473684210525,0.9375,0.5476973684210527,0.23333333333333334,9
4,0,hand:mean_token_entropy [task-rel],0.15,split CP (SAFE),blocked,0.9120879120879121,0.85,0.06208791208791209,0.15966386554621848,0.9120879120879121,0.5358758888170653,0.2410526315789474,19
4,0,hand:mean_token_entropy [task-rel],0.15,ACI g=0.05 (grow cal),blocked,0.8681318681318682,0.85,0.01813186813186818,0.20168067226890757,0.8681318681318682,0.5349062702003878,0.22916666666666666,24
4,0,hand:mean_token_entropy [task-rel],0.2,split CP (SAFE),exch,0.9375,0.8,0.13749999999999996,0.15789473684210525,0.9375,0.5476973684210527,0.23333333333333334,9
4,0,hand:mean_token_entropy [task-rel],0.2,ACI g=0.05 (grow cal),exch,0.9375,0.8,0.13749999999999996,0.19298245614035087,0.9375,0.5652412280701754,0.21818181818181817,11
4,0,hand:mean_token_entropy [task-rel],0.2,split CP (SAFE),blocked,0.8791208791208791,0.8,0.07912087912087906,0.18487394957983194,0.8791208791208791,0.5319974143503555,0.21909090909090911,22
4,0,hand:mean_token_entropy [task-rel],0.2,ACI g=0.05 (grow cal),blocked,0.8241758241758241,0.8,0.02417582417582409,0.226890756302521,0.8241758241758241,0.5255332902391726,0.20074074074074075,27
4,0,hand:mean_token_entropy [task-rel],0.25,split CP (SAFE),exch,0.9375,0.75,0.1875,0.15789473684210525,0.9375,0.5476973684210527,0.23555555555555557,9
4,0,hand:mean_token_entropy [task-rel],0.25,ACI g=0.05 (grow cal),exch,0.875,0.75,0.125,0.22807017543859648,0.875,0.5515350877192983,0.21076923076923076,13
4,0,hand:mean_token_entropy [task-rel],0.25,split CP (SAFE),blocked,0.8681318681318682,0.75,0.11813186813186816,0.23529411764705882,0.8681318681318682,0.5517129928894635,0.21357142857142858,28
4,0,hand:mean_token_entropy [task-rel],0.25,ACI g=0.05 (grow cal),blocked,0.7582417582417582,0.75,0.008241758241758212,0.3277310924369748,0.7582417582417582,0.5429864253393665,0.19487179487179487,39
4,0,hand:cum_max_token_entropy,0.1,split CP (SAFE),exch,1.0,0.9,0.09999999999999998,0.17543859649122806,1.0,0.5877192982456141,0.24000000000000005,10
4,0,hand:cum_max_token_entropy,0.1,ACI g=0.05 (grow cal),exch,0.9375,0.9,0.03749999999999998,0.22807017543859648,0.9375,0.5827850877192983,0.2046153846153846,13
4,0,hand:cum_max_token_entropy,0.1,split CP (SAFE),blocked,0.9120879120879121,0.9,0.012087912087912045,0.13445378151260504,0.9120879120879121,0.5232708468002586,0.06,16
4,0,hand:cum_max_token_entropy,0.1,ACI g=0.05 (grow cal),blocked,0.9120879120879121,0.9,0.012087912087912045,0.14285714285714285,0.9120879120879121,0.5274725274725275,0.06705882352941177,17
4,0,hand:cum_max_token_entropy,0.15,split CP (SAFE),exch,1.0,0.85,0.15000000000000002,0.22807017543859648,1.0,0.6140350877192983,0.23076923076923078,13
4,0,hand:cum_max_token_entropy,0.15,ACI g=0.05 (grow cal),exch,0.9375,0.85,0.08750000000000002,0.3333333333333333,0.9375,0.6354166666666666,0.27999999999999997,19
4,0,hand:cum_max_token_entropy,0.15,split CP (SAFE),blocked,0.8681318681318682,0.85,0.01813186813186818,0.21008403361344538,0.8681318681318682,0.5391079508726567,0.3088,25
4,0,hand:cum_max_token_entropy,0.15,ACI g=0.05 (grow cal),blocked,0.8791208791208791,0.85,0.02912087912087913,0.19327731092436976,0.8791208791208791,0.5361990950226244,0.2982608695652173,23
4,0,hand:cum_max_token_entropy,0.2,split CP (SAFE),exch,1.0,0.8,0.19999999999999996,0.3157894736842105,1.0,0.6578947368421053,0.37,18
4,0,hand:cum_max_token_entropy,0.2,ACI g=0.05 (grow cal),exch,0.875,0.8,0.07499999999999996,0.38596491228070173,0.875,0.6304824561403508,0.2781818181818182,22
4,0,hand:cum_max_token_entropy,0.2,split CP (SAFE),blocked,0.8461538461538461,0.8,0.0461538461538461,0.25210084033613445,0.8461538461538461,0.5491273432449904,0.2846666666666667,30
4,0,hand:cum_max_token_entropy,0.2,ACI g=0.05 (grow cal),blocked,0.8241758241758241,0.8,0.02417582417582409,0.25210084033613445,0.8241758241758241,0.5381383322559793,0.26266666666666666,30
4,0,hand:cum_max_token_entropy,0.25,split CP (SAFE),exch,1.0,0.75,0.25,0.3333333333333333,1.0,0.6666666666666666,0.308421052631579,19
4,0,hand:cum_max_token_entropy,0.25,ACI g=0.05 (grow cal),exch,0.8125,0.75,0.0625,0.42105263157894735,0.8125,0.6167763157894737,0.19333333333333333,24
4,0,hand:cum_max_token_entropy,0.25,split CP (SAFE),blocked,0.8241758241758241,0.75,0.07417582417582413,0.33613445378151263,0.8241758241758241,0.5801551389786683,0.2505,40
4,0,hand:cum_max_token_entropy,0.25,ACI g=0.05 (grow cal),blocked,0.7692307692307692,0.75,0.019230769230769162,0.24369747899159663,0.7692307692307692,0.5064641241111829,0.24551724137931039,29
4,0,hand:cum_max_token_entropy [task-rel],0.1,split CP (SAFE),exch,0.9375,0.9,0.03749999999999998,0.12280701754385964,0.9375,0.5301535087719298,0.24857142857142858,7
4,0,hand:cum_max_token_entropy [task-rel],0.1,ACI g=0.05 (grow cal),exch,0.9375,0.9,0.03749999999999998,0.12280701754385964,0.9375,0.5301535087719298,0.24571428571428572,7
4,0,hand:cum_max_token_entropy [task-rel],0.1,split CP (SAFE),blocked,0.8681318681318682,0.9,-0.031868131868131866,0.06722689075630252,0.8681318681318682,0.46767937944408533,0.15750000000000003,8
4,0,hand:cum_max_token_entropy [task-rel],0.1,ACI g=0.05 (grow cal),blocked,0.9120879120879121,0.9,0.012087912087912045,0.08403361344537816,0.9120879120879121,0.4980607627666451,0.13800000000000004,10
4,0,hand:cum_max_token_entropy [task-rel],0.15,split CP (SAFE),exch,0.9375,0.85,0.08750000000000002,0.14035087719298245,0.9375,0.5389254385964912,0.2875,8
4,0,hand:cum_max_token_entropy [task-rel],0.15,ACI g=0.05 (grow cal),exch,0.9375,0.85,0.08750000000000002,0.17543859649122806,0.9375,0.5564692982456141,0.23200000000000004,10
4,0,hand:cum_max_token_entropy [task-rel],0.15,split CP (SAFE),blocked,0.8351648351648352,0.85,-0.014835164835164782,0.1092436974789916,0.8351648351648352,0.47220426632191337,0.2415384615384616,13
4,0,hand:cum_max_token_entropy [task-rel],0.15,ACI g=0.05 (grow cal),blocked,0.8571428571428572,0.85,0.0071428571428572285,0.13445378151260504,0.8571428571428572,0.4957983193277311,0.15999999999999998,16
4,0,hand:cum_max_token_entropy [task-rel],0.2,split CP (SAFE),exch,0.8125,0.8,0.012499999999999956,0.15789473684210525,0.8125,0.48519736842105265,0.20444444444444446,9
4,0,hand:cum_max_token_entropy [task-rel],0.2,ACI g=0.05 (grow cal),exch,0.8125,0.8,0.012499999999999956,0.17543859649122806,0.8125,0.49396929824561403,0.198,10
4,0,hand:cum_max_token_entropy [task-rel],0.2,split CP (SAFE),blocked,0.8131868131868132,0.8,0.01318681318681314,0.15966386554621848,0.8131868131868132,0.48642533936651583,0.19157894736842107,19
4,0,hand:cum_max_token_entropy [task-rel],0.2,ACI g=0.05 (grow cal),blocked,0.8131868131868132,0.8,0.01318681318681314,0.16806722689075632,0.8131868131868132,0.4906270200387848,0.16500000000000004,20
4,0,hand:cum_max_token_entropy [task-rel],0.25,split CP (SAFE),exch,0.8125,0.75,0.0625,0.24561403508771928,0.8125,0.5290570175438596,0.2914285714285714,14
4,0,hand:cum_max_token_entropy [task-rel],0.25,ACI g=0.05 (grow cal),exch,0.8125,0.75,0.0625,0.22807017543859648,0.8125,0.5202850877192983,0.29692307692307696,13
4,0,hand:cum_max_token_entropy [task-rel],0.25,split CP (SAFE),blocked,0.8131868131868132,0.75,0.06318681318681318,0.226890756302521,0.8131868131868132,0.5200387847446671,0.22148148148148142,27
4,0,hand:cum_max_token_entropy [task-rel],0.25,ACI g=0.05 (grow cal),blocked,0.7802197802197802,0.75,0.030219780219780223,0.2773109243697479,0.7802197802197802,0.5287653522947641,0.1581818181818182,33
4,0,hand:cum_mean_token_prob,0.1,split CP (SAFE),exch,0.9375,0.9,0.03749999999999998,0.10526315789473684,0.9375,0.5213815789473684,0.44333333333333336,6
4,0,hand:cum_mean_token_prob,0.1,ACI g=0.05 (grow cal),exch,0.9375,0.9,0.03749999999999998,0.14035087719298245,0.9375,0.5389254385964912,0.42500000000000004,8
4,0,hand:cum_mean_token_prob,0.1,split CP (SAFE),blocked,0.945054945054945,0.9,0.045054945054945006,0.14285714285714285,0.945054945054945,0.5439560439560439,0.5564705882352942,17
4,0,hand:cum_mean_token_prob,0.1,ACI g=0.05 (grow cal),blocked,0.9120879120879121,0.9,0.012087912087912045,0.11764705882352941,0.9120879120879121,0.5148674854557207,0.4814285714285713,14
4,0,hand:cum_mean_token_prob,0.15,split CP (SAFE),exch,0.875,0.85,0.025000000000000022,0.3157894736842105,0.875,0.5953947368421053,0.5022222222222222,18
4,0,hand:cum_mean_token_prob,0.15,ACI g=0.05 (grow cal),exch,0.875,0.85,0.025000000000000022,0.2982456140350877,0.875,0.5866228070175439,0.5058823529411764,17
4,0,hand:cum_mean_token_prob,0.15,split CP (SAFE),blocked,0.8461538461538461,0.85,-0.0038461538461538325,0.2689075630252101,0.8461538461538461,0.5575307045895281,0.551875,32
4,0,hand:cum_mean_token_prob,0.15,ACI g=0.05 (grow cal),blocked,0.8571428571428572,0.85,0.0071428571428572285,0.24369747899159663,0.8571428571428572,0.5504201680672269,0.5420689655172414,29
4,0,hand:cum_mean_token_prob,0.2,split CP (SAFE),exch,0.875,0.8,0.07499999999999996,0.3508771929824561,0.875,0.6129385964912281,0.48599999999999993,20
4,0,hand:cum_mean_token_prob,0.2,ACI g=0.05 (grow cal),exch,0.875,0.8,0.07499999999999996,0.3684210526315789,0.875,0.6217105263157895,0.4904761904761904,21
4,0,hand:cum_mean_token_prob,0.2,split CP (SAFE),blocked,0.7802197802197802,0.8,-0.01978021978021982,0.31092436974789917,0.7802197802197802,0.5455720749838397,0.512972972972973,37
4,0,hand:cum_mean_token_prob,0.2,ACI g=0.05 (grow cal),blocked,0.8131868131868132,0.8,0.01318681318681314,0.2773109243697479,0.8131868131868132,0.5452488687782806,0.5369696969696971,33
4,0,hand:cum_mean_token_prob,0.25,split CP (SAFE),exch,0.75,0.75,0.0,0.3684210526315789,0.75,0.5592105263157895,0.4352380952380952,21
4,0,hand:cum_mean_token_prob,0.25,ACI g=0.05 (grow cal),exch,0.8125,0.75,0.0625,0.38596491228070173,0.8125,0.5992324561403508,0.44000000000000006,22
4,0,hand:cum_mean_token_prob,0.25,split CP (SAFE),blocked,0.7692307692307692,0.75,0.019230769230769162,0.3277310924369748,0.7692307692307692,0.548480930833872,0.49025641025641026,39
4,0,hand:cum_mean_token_prob,0.25,ACI g=0.05 (grow cal),blocked,0.7582417582417582,0.75,0.008241758241758212,0.31092436974789917,0.7582417582417582,0.5345830639948287,0.48540540540540544,37
4,0,hand:cum_mean_token_prob [task-rel],0.1,split CP (SAFE),exch,0.875,0.9,-0.025000000000000022,0.08771929824561403,0.875,0.48135964912280704,0.4,5
4,0,hand:cum_mean_token_prob [task-rel],0.1,ACI g=0.05 (grow cal),exch,0.875,0.9,-0.025000000000000022,0.03508771929824561,0.875,0.4550438596491228,0.14,2
4,0,hand:cum_mean_token_prob [task-rel],0.1,split CP (SAFE),blocked,0.945054945054945,0.9,0.045054945054945006,0.09243697478991597,0.945054945054945,0.5187459599224304,0.1963636363636364,11
4,0,hand:cum_mean_token_prob [task-rel],0.1,ACI g=0.05 (grow cal),blocked,0.9010989010989011,0.9,0.001098901098901095,0.13445378151260504,0.9010989010989011,0.5177763413057531,0.25875000000000004,16
4,0,hand:cum_mean_token_prob [task-rel],0.15,split CP (SAFE),exch,0.875,0.85,0.025000000000000022,0.08771929824561403,0.875,0.48135964912280704,0.384,5
4,0,hand:cum_mean_token_prob [task-rel],0.15,ACI g=0.05 (grow cal),exch,0.875,0.85,0.025000000000000022,0.10526315789473684,0.875,0.4901315789473684,0.43333333333333335,6
4,0,hand:cum_mean_token_prob [task-rel],0.15,split CP (SAFE),blocked,0.945054945054945,0.85,0.09505494505494505,0.11764705882352941,0.945054945054945,0.5313510019392372,0.2871428571428572,14
4,0,hand:cum_mean_token_prob [task-rel],0.15,ACI g=0.05 (grow cal),blocked,0.8571428571428572,0.85,0.0071428571428572285,0.21008403361344538,0.8571428571428572,0.5336134453781513,0.2568,25
4,0,hand:cum_mean_token_prob [task-rel],0.2,split CP (SAFE),exch,0.875,0.8,0.07499999999999996,0.15789473684210525,0.875,0.5164473684210527,0.38222222222222224,9
4,0,hand:cum_mean_token_prob [task-rel],0.2,ACI g=0.05 (grow cal),exch,0.8125,0.8,0.012499999999999956,0.19298245614035087,0.8125,0.5027412280701754,0.32909090909090916,11
4,0,hand:cum_mean_token_prob [task-rel],0.2,split CP (SAFE),blocked,0.8791208791208791,0.8,0.07912087912087906,0.18487394957983194,0.8791208791208791,0.5319974143503555,0.21999999999999995,22
4,0,hand:cum_mean_token_prob [task-rel],0.2,ACI g=0.05 (grow cal),blocked,0.8241758241758241,0.8,0.02417582417582409,0.3025210084033613,0.8241758241758241,0.5633484162895928,0.2061111111111111,36
4,0,hand:cum_mean_token_prob [task-rel],0.25,split CP (SAFE),exch,0.75,0.75,0.0,0.2631578947368421,0.75,0.506578947368421,0.36133333333333334,15
4,0,hand:cum_mean_token_prob [task-rel],0.25,ACI g=0.05 (grow cal),exch,0.75,0.75,0.0,0.14035087719298245,0.75,0.4451754385964912,0.385,8
4,0,hand:cum_mean_token_prob [task-rel],0.25,split CP (SAFE),blocked,0.7912087912087912,0.75,0.04120879120879117,0.31092436974789917,0.7912087912087912,0.5510665804783452,0.23891891891891898,37
4,0,hand:cum_mean_token_prob [task-rel],0.25,ACI g=0.05 (grow cal),blocked,0.7692307692307692,0.75,0.019230769230769162,0.2689075630252101,0.7692307692307692,0.5190691661279896,0.22999999999999998,32
4,0,hand:cum_dpos,0.1,split CP (SAFE),exch,0.9375,0.9,0.03749999999999998,0.14035087719298245,0.9375,0.5389254385964912,0.1475,8
4,0,hand:cum_dpos,0.1,ACI g=0.05 (grow cal),exch,0.875,0.9,-0.025000000000000022,0.12280701754385964,0.875,0.4989035087719298,0.12000000000000001,7
4,0,hand:cum_dpos,0.1,split CP (SAFE),blocked,0.8351648351648352,0.9,-0.06483516483516483,0.15966386554621848,0.8351648351648352,0.49741435035552684,0.6357894736842105,19
4,0,hand:cum_dpos,0.1,ACI g=0.05 (grow cal),blocked,0.8901098901098901,0.9,-0.009890109890109966,0.09243697478991597,0.8901098901098901,0.491273432449903,0.5127272727272728,11
4,0,hand:cum_dpos,0.15,split CP (SAFE),exch,0.8125,0.85,-0.03749999999999998,0.19298245614035087,0.8125,0.5027412280701754,0.2127272727272727,11
4,0,hand:cum_dpos,0.15,ACI g=0.05 (grow cal),exch,0.8125,0.85,-0.03749999999999998,0.17543859649122806,0.8125,0.49396929824561403,0.196,10
4,0,hand:cum_dpos,0.15,split CP (SAFE),blocked,0.7362637362637363,0.85,-0.11373626373626367,0.23529411764705882,0.7362637362637363,0.4857789269553976,0.49642857142857144,28
4,0,hand:cum_dpos,0.15,ACI g=0.05 (grow cal),blocked,0.8351648351648352,0.85,-0.014835164835164782,0.17647058823529413,0.8351648351648352,0.5058177117000646,0.41142857142857137,21
4,0,hand:cum_dpos,0.2,split CP (SAFE),exch,0.8125,0.8,0.012499999999999956,0.22807017543859648,0.8125,0.5202850877192983,0.06153846153846154,13
4,0,hand:cum_dpos,0.2,ACI g=0.05 (grow cal),exch,0.8125,0.8,0.012499999999999956,0.21052631578947367,0.8125,0.5115131578947368,0.09166666666666667,12
4,0,hand:cum_dpos,0.2,split CP (SAFE),blocked,0.5934065934065934,0.8,-0.20659340659340664,0.31092436974789917,0.5934065934065934,0.4521654815772463,0.38216216216216214,37
4,0,hand:cum_dpos,0.2,ACI g=0.05 (grow cal),blocked,0.7912087912087912,0.8,-0.008791208791208871,0.21008403361344538,0.7912087912087912,0.5006464124111183,0.36160000000000003,25
4,0,hand:cum_dpos,0.25,split CP (SAFE),exch,0.8125,0.75,0.0625,0.2807017543859649,0.8125,0.5466008771929824,0.1775,16
4,0,hand:cum_dpos,0.25,ACI g=0.05 (grow cal),exch,0.8125,0.75,0.0625,0.2982456140350877,0.8125,0.5553728070175439,0.16823529411764704,17
4,0,hand:cum_dpos,0.25,split CP (SAFE),blocked,0.5604395604395604,0.75,-0.18956043956043955,0.35294117647058826,0.5604395604395604,0.4566903684550744,0.3023809523809524,42
4,0,hand:cum_dpos,0.25,ACI g=0.05 (grow cal),blocked,0.7362637362637363,0.75,-0.013736263736263687,0.25210084033613445,0.7362637362637363,0.4941822882999354,0.32933333333333337,30
4,0,hand:cum_dpos [task-rel],0.1,split CP (SAFE),exch,0.6875,0.9,-0.21250000000000002,0.15789473684210525,0.6875,0.42269736842105265,0.039999999999999994,9
4,0,hand:cum_dpos [task-rel],0.1,ACI g=0.05 (grow cal),exch,0.75,0.9,-0.15000000000000002,0.14035087719298245,0.75,0.4451754385964912,0.0375,8
4,0,hand:cum_dpos [task-rel],0.1,split CP (SAFE),blocked,0.7142857142857143,0.9,-0.18571428571428572,0.3445378151260504,0.7142857142857143,0.5294117647058824,0.058536585365853655,41
4,0,hand:cum_dpos [task-rel],0.1,ACI g=0.05 (grow cal),blocked,0.8681318681318682,0.9,-0.031868131868131866,0.21008403361344538,0.8681318681318682,0.5391079508726567,0.055200000000000006,25
4,0,hand:cum_dpos [task-rel],0.15,split CP (SAFE),exch,0.6875,0.85,-0.16249999999999998,0.22807017543859648,0.6875,0.45778508771929827,0.21846153846153848,13
4,0,hand:cum_dpos [task-rel],0.15,ACI g=0.05 (grow cal),exch,0.75,0.85,-0.09999999999999998,0.21052631578947367,0.75,0.48026315789473684,0.19499999999999998,12
4,0,hand:cum_dpos [task-rel],0.15,split CP (SAFE),blocked,0.6703296703296704,0.85,-0.1796703296703296,0.4117647058823529,0.6703296703296704,0.5410471881060117,0.11061224489795918,49
4,0,hand:cum_dpos [task-rel],0.15,ACI g=0.05 (grow cal),blocked,0.8351648351648352,0.85,-0.014835164835164782,0.21008403361344538,0.8351648351648352,0.5226244343891403,0.1832,25
4,0,hand:cum_dpos [task-rel],0.2,split CP (SAFE),exch,0.6875,0.8,-0.11250000000000004,0.24561403508771928,0.6875,0.46655701754385964,0.19714285714285715,14
4,0,hand:cum_dpos [task-rel],0.2,ACI g=0.05 (grow cal),exch,0.6875,0.8,-0.11250000000000004,0.22807017543859648,0.6875,0.45778508771929827,0.17846153846153848,13
4,0,hand:cum_dpos [task-rel],0.2,split CP (SAFE),blocked,0.6373626373626373,0.8,-0.16263736263736273,0.453781512605042,0.6373626373626373,0.5455720749838396,0.13148148148148145,54
4,0,hand:cum_dpos [task-rel],0.2,ACI g=0.05 (grow cal),blocked,0.7802197802197802,0.8,-0.01978021978021982,0.2605042016806723,0.7802197802197802,0.5203619909502263,0.1774193548387097,31
4,0,hand:cum_dpos [task-rel],0.25,split CP (SAFE),exch,0.625,0.75,-0.125,0.2982456140350877,0.625,0.4616228070175439,0.2670588235294118,17
4,0,hand:cum_dpos [task-rel],0.25,ACI g=0.05 (grow cal),exch,0.625,0.75,-0.125,0.2631578947368421,0.625,0.444078947368421,0.23066666666666666,15
4,0,hand:cum_dpos [task-rel],0.25,split CP (SAFE),blocked,0.6263736263736264,0.75,-0.12362637362637363,0.47058823529411764,0.6263736263736264,0.5484809308338721,0.12571428571428572,56
4,0,hand:cum_dpos [task-rel],0.25,ACI g=0.05 (grow cal),blocked,0.7252747252747253,0.75,-0.02472527472527475,0.2773109243697479,0.7252747252747253,0.5012928248222366,0.1987878787878788,33
4,0,hand:cum_drot,0.1,split CP (SAFE),exch,0.875,0.9,-0.025000000000000022,0.08771929824561403,0.875,0.48135964912280704,0.22400000000000003,5
4,0,hand:cum_drot,0.1,ACI g=0.05 (grow cal),exch,0.875,0.9,-0.025000000000000022,0.08771929824561403,0.875,0.48135964912280704,0.23200000000000004,5
4,0,hand:cum_drot,0.1,split CP (SAFE),blocked,1.0,0.9,0.09999999999999998,0.025210084033613446,1.0,0.5126050420168067,0.45333333333333337,3
4,0,hand:cum_drot,0.1,ACI g=0.05 (grow cal),blocked,0.9340659340659341,0.9,0.034065934065934056,0.226890756302521,0.9340659340659341,0.5804783451842276,0.30518518518518517,27
4,0,hand:cum_drot,0.15,split CP (SAFE),exch,0.75,0.85,-0.09999999999999998,0.10526315789473684,0.75,0.4276315789473684,0.20000000000000004,6
4,0,hand:cum_drot,0.15,ACI g=0.05 (grow cal),exch,0.8125,0.85,-0.03749999999999998,0.08771929824561403,0.8125,0.45010964912280704,0.22400000000000003,5
4,0,hand:cum_drot,0.15,split CP (SAFE),blocked,1.0,0.85,0.15000000000000002,0.04201680672268908,1.0,0.5210084033613446,0.33199999999999996,5
4,0,hand:cum_drot,0.15,ACI g=0.05 (grow cal),blocked,0.8901098901098901,0.85,0.04010989010989008,0.2773109243697479,0.8901098901098901,0.5837104072398189,0.36606060606060603,33
4,0,hand:cum_drot,0.2,split CP (SAFE),exch,0.75,0.8,-0.050000000000000044,0.10526315789473684,0.75,0.4276315789473684,0.19333333333333336,6
4,0,hand:cum_drot,0.2,ACI g=0.05 (grow cal),exch,0.6875,0.8,-0.11250000000000004,0.12280701754385964,0.6875,0.4051535087719298,0.24857142857142858,7
4,0,hand:cum_drot,0.2,split CP (SAFE),blocked,1.0,0.8,0.19999999999999996,0.07563025210084033,1.0,0.5378151260504201,0.41333333333333333,9
4,0,hand:cum_drot,0.2,ACI g=0.05 (grow cal),blocked,0.8241758241758241,0.8,0.02417582417582409,0.31092436974789917,0.8241758241758241,0.5675500969618616,0.30540540540540545,37
4,0,hand:cum_drot,0.25,split CP (SAFE),exch,0.75,0.75,0.0,0.19298245614035087,0.75,0.4714912280701754,0.23636363636363636,11
4,0,hand:cum_drot,0.25,ACI g=0.05 (grow cal),exch,0.6875,0.75,-0.0625,0.21052631578947367,0.6875,0.44901315789473684,0.26000000000000006,12
4,0,hand:cum_drot,0.25,split CP (SAFE),blocked,1.0,0.75,0.25,0.12605042016806722,1.0,0.5630252100840336,0.4493333333333333,15
4,0,hand:cum_drot,0.25,ACI g=0.05 (grow cal),blocked,0.7802197802197802,0.75,0.030219780219780223,0.33613445378151263,0.7802197802197802,0.5581771170006464,0.324,40
4,0,hand:cum_drot [task-rel],0.1,split CP (SAFE),exch,0.6875,0.9,-0.21250000000000002,0.3508771929824561,0.6875,0.5191885964912281,0.16299999999999998,20
4,0,hand:cum_drot [task-rel],0.1,ACI g=0.05 (grow cal),exch,0.75,0.9,-0.15000000000000002,0.22807017543859648,0.75,0.48903508771929827,0.11230769230769232,13
4,0,hand:cum_drot [task-rel],0.1,split CP (SAFE),blocked,0.7692307692307692,0.9,-0.13076923076923086,0.3277310924369748,0.7692307692307692,0.548480930833872,0.19589743589743586,39
4,0,hand:cum_drot [task-rel],0.1,ACI g=0.05 (grow cal),blocked,0.9010989010989011,0.9,0.001098901098901095,0.16806722689075632,0.9010989010989011,0.5345830639948287,0.185,20
4,0,hand:cum_drot [task-rel],0.15,split CP (SAFE),exch,0.8125,0.85,-0.03749999999999998,0.2631578947368421,0.8125,0.537828947368421,0.15333333333333335,15
4,0,hand:cum_drot [task-rel],0.15,ACI g=0.05 (grow cal),exch,0.8125,0.85,-0.03749999999999998,0.2631578947368421,0.8125,0.537828947368421,0.164,15
4,0,hand:cum_drot [task-rel],0.15,split CP (SAFE),blocked,0.8461538461538461,0.85,-0.0038461538461538325,0.21008403361344538,0.8461538461538461,0.5281189398836458,0.2096,25
4,0,hand:cum_drot [task-rel],0.15,ACI g=0.05 (grow cal),blocked,0.8571428571428572,0.85,0.0071428571428572285,0.20168067226890757,0.8571428571428572,0.5294117647058824,0.18166666666666667,24
4,0,hand:cum_drot [task-rel],0.2,split CP (SAFE),exch,0.8125,0.8,0.012499999999999956,0.3157894736842105,0.8125,0.5641447368421053,0.15888888888888889,18
4,0,hand:cum_drot [task-rel],0.2,ACI g=0.05 (grow cal),exch,0.75,0.8,-0.050000000000000044,0.2807017543859649,0.75,0.5153508771929824,0.1525,16
4,0,hand:cum_drot [task-rel],0.2,split CP (SAFE),blocked,0.8241758241758241,0.8,0.02417582417582409,0.24369747899159663,0.8241758241758241,0.5339366515837104,0.21586206896551724,29
4,0,hand:cum_drot [task-rel],0.2,ACI g=0.05 (grow cal),blocked,0.8021978021978022,0.8,0.00219780219780219,0.2184873949579832,0.8021978021978022,0.5103425985778927,0.1830769230769231,26
4,0,hand:cum_drot [task-rel],0.25,split CP (SAFE),exch,0.8125,0.75,0.0625,0.49122807017543857,0.8125,0.6518640350877193,0.27428571428571435,28
4,0,hand:cum_drot [task-rel],0.25,ACI g=0.05 (grow cal),exch,0.75,0.75,0.0,0.543859649122807,0.75,0.6469298245614035,0.28193548387096773,31
4,0,hand:cum_drot [task-rel],0.25,split CP (SAFE),blocked,0.6153846153846154,0.75,-0.13461538461538458,0.37815126050420167,0.6153846153846154,0.49676793794440854,0.3355555555555556,45
4,0,hand:cum_drot [task-rel],0.25,ACI g=0.05 (grow cal),blocked,0.7582417582417582,0.75,0.008241758241758212,0.2773109243697479,0.7582417582417582,0.517776341305753,0.3387878787878788,33
4,0,hand:dgripper,0.1,split CP (SAFE),exch,0.9375,0.9,0.03749999999999998,0.12280701754385964,0.9375,0.5301535087719298,0.045714285714285714,7
4,0,hand:dgripper,0.1,ACI g=0.05 (grow cal),exch,0.9375,0.9,0.03749999999999998,0.12280701754385964,0.9375,0.5301535087719298,0.045714285714285714,7
4,0,hand:dgripper,0.1,split CP (SAFE),blocked,0.9120879120879121,0.9,0.012087912087912045,0.058823529411764705,0.9120879120879121,0.4854557207498384,0.11428571428571431,7
4,0,hand:dgripper,0.1,ACI g=0.05 (grow cal),blocked,0.9120879120879121,0.9,0.012087912087912045,0.04201680672268908,0.9120879120879121,0.47705235940530055,0.24000000000000005,5
4,0,hand:dgripper,0.15,split CP (SAFE),exch,0.9375,0.85,0.08750000000000002,0.12280701754385964,0.9375,0.5301535087719298,0.045714285714285714,7
4,0,hand:dgripper,0.15,ACI g=0.05 (grow cal),exch,0.875,0.85,0.025000000000000022,0.19298245614035087,0.875,0.5339912280701754,0.14181818181818182,11
4,0,hand:dgripper,0.15,split CP (SAFE),blocked,0.9120879120879121,0.85,0.06208791208791209,0.058823529411764705,0.9120879120879121,0.4854557207498384,0.11428571428571431,7
4,0,hand:dgripper,0.15,ACI g=0.05 (grow cal),blocked,0.8901098901098901,0.85,0.04010989010989008,0.07563025210084033,0.8901098901098901,0.4828700711053652,0.1577777777777778,9
4,0,hand:dgripper,0.2,split CP (SAFE),exch,0.9375,0.8,0.13749999999999996,0.12280701754385964,0.9375,0.5301535087719298,0.045714285714285714,7
4,0,hand:dgripper,0.2,ACI g=0.05 (grow cal),exch,0.8125,0.8,0.012499999999999956,0.19298245614035087,0.8125,0.5027412280701754,0.14181818181818182,11
4,0,hand:dgripper,0.2,split CP (SAFE),blocked,0.9120879120879121,0.8,0.11208791208791202,0.058823529411764705,0.9120879120879121,0.4854557207498384,0.11428571428571431,7
4,0,hand:dgripper,0.2,ACI g=0.05 (grow cal),blocked,0.8681318681318682,0.8,0.06813186813186811,0.08403361344537816,0.8681318681318682,0.47608274078862317,0.17200000000000001,10
4,0,hand:dgripper,0.25,split CP (SAFE),exch,0.8125,0.75,0.0625,0.22807017543859648,0.8125,0.5202850877192983,0.16615384615384615,13
4,0,hand:dgripper,0.25,ACI g=0.05 (grow cal),exch,0.8125,0.75,0.0625,0.22807017543859648,0.8125,0.5202850877192983,0.16615384615384615,13
4,0,hand:dgripper,0.25,split CP (SAFE),blocked,0.8571428571428572,0.75,0.1071428571428572,0.08403361344537816,0.8571428571428572,0.4705882352941177,0.17200000000000001,10
4,0,hand:dgripper,0.25,ACI g=0.05 (grow cal),blocked,0.8571428571428572,0.75,0.1071428571428572,0.08403361344537816,0.8571428571428572,0.4705882352941177,0.17200000000000001,10
4,0,hand:dgripper [task-rel],0.1,split CP (SAFE),exch,0.9375,0.9,0.03749999999999998,0.12280701754385964,0.9375,0.5301535087719298,0.2085714285714286,7
4,0,hand:dgripper [task-rel],0.1,ACI g=0.05 (grow cal),exch,0.9375,0.9,0.03749999999999998,0.15789473684210525,0.9375,0.5476973684210527,0.2288888888888889,9
4,0,hand:dgripper [task-rel],0.1,split CP (SAFE),blocked,0.9120879120879121,0.9,0.012087912087912045,0.058823529411764705,0.9120879120879121,0.4854557207498384,0.2342857142857143,7
4,0,hand:dgripper [task-rel],0.1,ACI g=0.05 (grow cal),blocked,0.9010989010989011,0.9,0.001098901098901095,0.06722689075630252,0.9010989010989011,0.4841628959276018,0.1925,8
4,0,hand:dgripper [task-rel],0.15,split CP (SAFE),exch,0.875,0.85,0.025000000000000022,0.19298245614035087,0.875,0.5339912280701754,0.15636363636363637,11
4,0,hand:dgripper [task-rel],0.15,ACI g=0.05 (grow cal),exch,0.8125,0.85,-0.03749999999999998,0.19298245614035087,0.8125,0.5027412280701754,0.16,11
4,0,hand:dgripper [task-rel],0.15,split CP (SAFE),blocked,0.9120879120879121,0.85,0.06208791208791209,0.07563025210084033,0.9120879120879121,0.4938590820943762,0.21555555555555558,9
4,0,hand:dgripper [task-rel],0.15,ACI g=0.05 (grow cal),blocked,0.8461538461538461,0.85,-0.0038461538461538325,0.06722689075630252,0.8461538461538461,0.4566903684550743,0.17250000000000001,8
4,0,hand:dgripper [task-rel],0.2,split CP (SAFE),exch,0.875,0.8,0.07499999999999996,0.19298245614035087,0.875,0.5339912280701754,0.15636363636363637,11
4,0,hand:dgripper [task-rel],0.2,ACI g=0.05 (grow cal),exch,0.8125,0.8,0.012499999999999956,0.24561403508771928,0.8125,0.5290570175438596,0.19285714285714284,14
4,0,hand:dgripper [task-rel],0.2,split CP (SAFE),blocked,0.9120879120879121,0.8,0.11208791208791202,0.07563025210084033,0.9120879120879121,0.4938590820943762,0.21555555555555558,9
4,0,hand:dgripper [task-rel],0.2,ACI g=0.05 (grow cal),blocked,0.8021978021978022,0.8,0.00219780219780219,0.08403361344537816,0.8021978021978022,0.4431157078215902,0.22600000000000003,10
4,0,hand:dgripper [task-rel],0.25,split CP (SAFE),exch,0.8125,0.75,0.0625,0.22807017543859648,0.8125,0.5202850877192983,0.17076923076923076,13
4,0,hand:dgripper [task-rel],0.25,ACI g=0.05 (grow cal),exch,0.8125,0.75,0.0625,0.2631578947368421,0.8125,0.537828947368421,0.1933333333333333,15
4,0,hand:dgripper [task-rel],0.25,split CP (SAFE),blocked,0.8571428571428572,0.75,0.1071428571428572,0.08403361344537816,0.8571428571428572,0.4705882352941177,0.156,10
4,0,hand:dgripper [task-rel],0.25,ACI g=0.05 (grow cal),blocked,0.7582417582417582,0.75,0.008241758241758212,0.11764705882352941,0.7582417582417582,0.4379444085326438,0.21,14
4,1,SAFE-MLP,0.1,split CP (SAFE),exch,0.9375,0.9,0.03749999999999998,0.7368421052631579,0.9375,0.837171052631579,0.5880952380952381,42
4,1,SAFE-MLP,0.1,ACI g=0.05 (grow cal),exch,0.9375,0.9,0.03749999999999998,0.7368421052631579,0.9375,0.837171052631579,0.6142857142857144,42
4,1,SAFE-MLP,0.1,split CP (SAFE),blocked,0.8131868131868132,0.9,-0.08681318681318684,0.7142857142857143,0.8131868131868132,0.7637362637362637,0.6663529411764706,85
4,1,SAFE-MLP,0.1,ACI g=0.05 (grow cal),blocked,0.8901098901098901,0.9,-0.009890109890109966,0.5798319327731093,0.8901098901098901,0.7349709114414997,0.7736231884057971,69
4,1,SAFE-MLP,0.15,split CP (SAFE),exch,0.9375,0.85,0.08750000000000002,0.7719298245614035,0.9375,0.8547149122807017,0.5672727272727274,44
4,1,SAFE-MLP,0.15,ACI g=0.05 (grow cal),exch,0.9375,0.85,0.08750000000000002,0.7719298245614035,0.9375,0.8547149122807017,0.5436363636363638,44
4,1,SAFE-MLP,0.15,split CP (SAFE),blocked,0.7472527472527473,0.85,-0.10274725274725272,0.7563025210084033,0.7472527472527473,0.7517776341305753,0.6368888888888888,90
4,1,SAFE-MLP,0.15,ACI g=0.05 (grow cal),blocked,0.8681318681318682,0.85,0.01813186813186818,0.7226890756302521,0.8681318681318682,0.7954104718810602,0.757906976744186,86
4,1,SAFE-MLP,0.2,split CP (SAFE),exch,0.9375,0.8,0.13749999999999996,0.7719298245614035,0.9375,0.8547149122807017,0.5640909090909091,44
4,1,SAFE-MLP,0.2,ACI g=0.05 (grow cal),exch,0.9375,0.8,0.13749999999999996,0.7719298245614035,0.9375,0.8547149122807017,0.484090909090909,44
4,1,SAFE-MLP,0.2,split CP (SAFE),blocked,0.7362637362637363,0.8,-0.06373626373626373,0.7647058823529411,0.7362637362637363,0.7504848093083387,0.6345054945054945,91
4,1,SAFE-MLP,0.2,ACI g=0.05 (grow cal),blocked,0.8241758241758241,0.8,0.02417582417582409,0.773109243697479,0.8241758241758241,0.7986425339366516,0.6493478260869565,92
4,1,SAFE-MLP,0.25,split CP (SAFE),exch,0.9375,0.75,0.1875,0.7719298245614035,0.9375,0.8547149122807017,0.4463636363636365,44
4,1,SAFE-MLP,0.25,ACI g=0.05 (grow cal),exch,0.875,0.75,0.125,0.7894736842105263,0.875,0.8322368421052632,0.3613333333333334,45
4,1,SAFE-MLP,0.25,split CP (SAFE),blocked,0.7142857142857143,0.75,-0.0357142857142857,0.7899159663865546,0.7142857142857143,0.7521008403361344,0.5753191489361703,94
4,1,SAFE-MLP,0.25,ACI g=0.05 (grow cal),blocked,0.7802197802197802,0.75,0.030219780219780223,0.7815126050420168,0.7802197802197802,0.7808661926308985,0.6141935483870968,93
4,1,SAFE-MLP [task-rel],0.1,split CP (SAFE),exch,0.875,0.9,-0.025000000000000022,0.10526315789473684,0.875,0.4901315789473684,0.4633333333333334,6
4,1,SAFE-MLP [task-rel],0.1,ACI g=0.05 (grow cal),exch,0.875,0.9,-0.025000000000000022,0.08771929824561403,0.875,0.48135964912280704,0.44399999999999995,5
4,1,SAFE-MLP [task-rel],0.1,split CP (SAFE),blocked,0.8901098901098901,0.9,-0.009890109890109966,0.09243697478991597,0.8901098901098901,0.491273432449903,0.26181818181818184,11
4,1,SAFE-MLP [task-rel],0.1,ACI g=0.05 (grow cal),blocked,0.8901098901098901,0.9,-0.009890109890109966,0.08403361344537816,0.8901098901098901,0.4870717517776341,0.27799999999999997,10
4,1,SAFE-MLP [task-rel],0.15,split CP (SAFE),exch,0.875,0.85,0.025000000000000022,0.17543859649122806,0.875,0.5252192982456141,0.59,10
4,1,SAFE-MLP [task-rel],0.15,ACI g=0.05 (grow cal),exch,0.875,0.85,0.025000000000000022,0.17543859649122806,0.875,0.5252192982456141,0.5639999999999998,10
4,1,SAFE-MLP [task-rel],0.15,split CP (SAFE),blocked,0.9230769230769231,0.85,0.07307692307692315,0.09243697478991597,0.9230769230769231,0.5077569489334195,0.4218181818181818,11
4,1,SAFE-MLP [task-rel],0.15,ACI g=0.05 (grow cal),blocked,0.8461538461538461,0.85,-0.0038461538461538325,0.18487394957983194,0.8461538461538461,0.515513897866839,0.33999999999999997,22
4,1,SAFE-MLP [task-rel],0.2,split CP (SAFE),exch,0.875,0.8,0.07499999999999996,0.19298245614035087,0.875,0.5339912280701754,0.4836363636363636,11
4,1,SAFE-MLP [task-rel],0.2,ACI g=0.05 (grow cal),exch,0.875,0.8,0.07499999999999996,0.21052631578947367,0.875,0.5427631578947368,0.4483333333333333,12
4,1,SAFE-MLP [task-rel],0.2,split CP (SAFE),blocked,0.8131868131868132,0.8,0.01318681318681314,0.14285714285714285,0.8131868131868132,0.478021978021978,0.3929411764705883,17
4,1,SAFE-MLP [task-rel],0.2,ACI g=0.05 (grow cal),blocked,0.7912087912087912,0.8,-0.008791208791208871,0.2184873949579832,0.7912087912087912,0.5048480930833872,0.34615384615384615,26
4,1,SAFE-MLP [task-rel],0.25,split CP (SAFE),exch,0.875,0.75,0.125,0.2631578947368421,0.875,0.569078947368421,0.49866666666666676,15
4,1,SAFE-MLP [task-rel],0.25,ACI g=0.05 (grow cal),exch,0.8125,0.75,0.0625,0.2982456140350877,0.8125,0.5553728070175439,0.47764705882352937,17
4,1,SAFE-MLP [task-rel],0.25,split CP (SAFE),blocked,0.7802197802197802,0.75,0.030219780219780223,0.2184873949579832,0.7802197802197802,0.4993535875888817,0.4346153846153846,26
4,1,SAFE-MLP [task-rel],0.25,ACI g=0.05 (grow cal),blocked,0.7362637362637363,0.75,-0.013736263736263687,0.31092436974789917,0.7362637362637363,0.5235940530058177,0.40864864864864864,37
4,1,H&S,0.1,split CP (SAFE),exch,0.9375,0.9,0.03749999999999998,0.3508771929824561,0.9375,0.6441885964912281,0.38399999999999995,20
4,1,H&S,0.1,ACI g=0.05 (grow cal),exch,0.9375,0.9,0.03749999999999998,0.42105263157894735,0.9375,0.6792763157894737,0.38666666666666655,24
4,1,H&S,0.1,split CP (SAFE),blocked,0.8021978021978022,0.9,-0.09780219780219779,0.5294117647058824,0.8021978021978022,0.6658047834518424,0.4530158730158731,63
4,1,H&S,0.1,ACI g=0.05 (grow cal),blocked,0.9010989010989011,0.9,0.001098901098901095,0.14285714285714285,0.9010989010989011,0.521978021978022,0.328235294117647,17
4,1,H&S,0.15,split CP (SAFE),exch,0.9375,0.85,0.08750000000000002,0.543859649122807,0.9375,0.7406798245614035,0.39096774193548384,31
4,1,H&S,0.15,ACI g=0.05 (grow cal),exch,0.9375,0.85,0.08750000000000002,0.543859649122807,0.9375,0.7406798245614035,0.39419354838709675,31
4,1,H&S,0.15,split CP (SAFE),blocked,0.5494505494505495,0.85,-0.3005494505494505,0.773109243697479,0.5494505494505495,0.6612798965740143,0.4067391304347826,92
4,1,H&S,0.15,ACI g=0.05 (grow cal),blocked,0.8571428571428572,0.85,0.0071428571428572285,0.3025210084033613,0.8571428571428572,0.5798319327731093,0.4322222222222222,36
4,1,H&S,0.2,split CP (SAFE),exch,0.9375,0.8,0.13749999999999996,0.543859649122807,0.9375,0.7406798245614035,0.38838709677419353,31
4,1,H&S,0.2,ACI g=0.05 (grow cal),exch,0.9375,0.8,0.13749999999999996,0.543859649122807,0.9375,0.7406798245614035,0.39032258064516123,31
4,1,H&S,0.2,split CP (SAFE),blocked,0.5164835164835164,0.8,-0.2835164835164836,0.8151260504201681,0.5164835164835164,0.6658047834518422,0.3934020618556701,97
4,1,H&S,0.2,ACI g=0.05 (grow cal),blocked,0.8131868131868132,0.8,0.01318681318681314,0.5378151260504201,0.8131868131868132,0.6755009696186167,0.46124999999999994,64
4,1,H&S,0.25,split CP (SAFE),exch,0.9375,0.75,0.1875,0.631578947368421,0.9375,0.7845394736842105,0.4305555555555555,36
4,1,H&S,0.25,ACI g=0.05 (grow cal),exch,0.875,0.75,0.125,0.631578947368421,0.875,0.7532894736842105,0.4366666666666667,36
4,1,H&S,0.25,split CP (SAFE),blocked,0.5274725274725275,0.75,-0.22252747252747251,0.8739495798319328,0.5274725274725275,0.7007110536522301,0.4344230769230769,104
4,1,H&S,0.25,ACI g=0.05 (grow cal),blocked,0.7692307692307692,0.75,0.019230769230769162,0.6386554621848739,0.7692307692307692,0.7039431157078215,0.4797368421052632,76
4,1,H&S [task-rel],0.1,split CP (SAFE),exch,0.8125,0.9,-0.08750000000000002,0.15789473684210525,0.8125,0.48519736842105265,0.0,9
4,1,H&S [task-rel],0.1,ACI g=0.05 (grow cal),exch,0.875,0.9,-0.025000000000000022,0.14035087719298245,0.875,0.5076754385964912,0.0,8
4,1,H&S [task-rel],0.1,split CP (SAFE),blocked,0.7692307692307692,0.9,-0.13076923076923086,0.2689075630252101,0.7692307692307692,0.5190691661279896,0.03,32
4,1,H&S [task-rel],0.1,ACI g=0.05 (grow cal),blocked,0.9120879120879121,0.9,0.012087912087912045,0.12605042016806722,0.9120879120879121,0.5190691661279896,0.014666666666666666,15
4,1,H&S [task-rel],0.15,split CP (SAFE),exch,0.8125,0.85,-0.03749999999999998,0.15789473684210525,0.8125,0.48519736842105265,0.0,9
4,1,H&S [task-rel],0.15,ACI g=0.05 (grow cal),exch,0.8125,0.85,-0.03749999999999998,0.15789473684210525,0.8125,0.48519736842105265,0.0,9
4,1,H&S [task-rel],0.15,split CP (SAFE),blocked,0.6593406593406593,0.85,-0.19065934065934065,0.31932773109243695,0.6593406593406593,0.48933419521654814,0.06842105263157894,38
4,1,H&S [task-rel],0.15,ACI g=0.05 (grow cal),blocked,0.8681318681318682,0.85,0.01813186813186818,0.16806722689075632,0.8681318681318682,0.5180995475113123,0.026000000000000002,20
4,1,H&S [task-rel],0.2,split CP (SAFE),exch,0.6875,0.8,-0.11250000000000004,0.2982456140350877,0.6875,0.4928728070175439,0.17176470588235293,17
4,1,H&S [task-rel],0.2,ACI g=0.05 (grow cal),exch,0.75,0.8,-0.050000000000000044,0.3333333333333333,0.75,0.5416666666666666,0.22421052631578947,19
4,1,H&S [task-rel],0.2,split CP (SAFE),blocked,0.5824175824175823,0.8,-0.2175824175824177,0.5630252100840336,0.5824175824175823,0.572721396250808,0.19582089552238807,67
4,1,H&S [task-rel],0.2,ACI g=0.05 (grow cal),blocked,0.8241758241758241,0.8,0.02417582417582409,0.18487394957983194,0.8241758241758241,0.504524886877828,0.030000000000000006,22
4,1,H&S [task-rel],0.25,split CP (SAFE),exch,0.625,0.75,-0.125,0.6842105263157895,0.625,0.6546052631578947,0.4051282051282051,39
4,1,H&S [task-rel],0.25,ACI g=0.05 (grow cal),exch,0.6875,0.75,-0.0625,0.45614035087719296,0.6875,0.5718201754385965,0.28923076923076924,26
4,1,H&S [task-rel],0.25,split CP (SAFE),blocked,0.37362637362637363,0.75,-0.37637362637362637,0.8571428571428571,0.37362637362637363,0.6153846153846154,0.2845098039215686,102
4,1,H&S [task-rel],0.25,ACI g=0.05 (grow cal),blocked,0.7802197802197802,0.75,0.030219780219780223,0.20168067226890757,0.7802197802197802,0.4909502262443439,0.0425,24
4,1,SAFE-Embed,0.1,split CP (SAFE),exch,1.0,0.9,0.09999999999999998,0.19298245614035087,1.0,0.5964912280701754,0.45999999999999996,11
4,1,SAFE-Embed,0.1,ACI g=0.05 (grow cal),exch,0.9375,0.9,0.03749999999999998,0.2631578947368421,0.9375,0.600328947368421,0.49866666666666665,15
4,1,SAFE-Embed,0.1,split CP (SAFE),blocked,0.03296703296703296,0.9,-0.8670329670329671,0.907563025210084,0.03296703296703296,0.4702650290885585,0.23888888888888893,108
4,1,SAFE-Embed,0.1,ACI g=0.05 (grow cal),blocked,0.8461538461538461,0.9,-0.05384615384615388,0.2605042016806723,0.8461538461538461,0.5533290239172592,0.5070967741935484,31
4,1,SAFE-Embed,0.15,split CP (SAFE),exch,0.875,0.85,0.025000000000000022,0.3684210526315789,0.875,0.6217105263157895,0.5304761904761904,21
4,1,SAFE-Embed,0.15,ACI g=0.05 (grow cal),exch,0.875,0.85,0.025000000000000022,0.3684210526315789,0.875,0.6217105263157895,0.5371428571428571,21
4,1,SAFE-Embed,0.15,split CP (SAFE),blocked,0.01098901098901095,0.85,-0.839010989010989,0.9663865546218487,0.01098901098901095,0.48868778280542985,0.21878260869565222,115
4,1,SAFE-Embed,0.15,ACI g=0.05 (grow cal),blocked,0.8351648351648352,0.85,-0.014835164835164782,0.5798319327731093,0.8351648351648352,0.7074983839689722,0.6402898550724637,69
4,1,SAFE-Embed,0.2,split CP (SAFE),exch,0.875,0.8,0.07499999999999996,0.38596491228070173,0.875,0.6304824561403508,0.4845454545454546,22
4,1,SAFE-Embed,0.2,ACI g=0.05 (grow cal),exch,0.8125,0.8,0.012499999999999956,0.38596491228070173,0.8125,0.5992324561403508,0.48727272727272736,22
4,1,SAFE-Embed,0.2,split CP (SAFE),blocked,0.0,0.8,-0.8,0.9663865546218487,0.0,0.4831932773109244,0.2003478260869566,115
4,1,SAFE-Embed,0.2,ACI g=0.05 (grow cal),blocked,0.7912087912087912,0.8,-0.008791208791208871,0.5882352941176471,0.7912087912087912,0.6897220426632191,0.6325714285714286,70
4,1,SAFE-Embed,0.25,split CP (SAFE),exch,0.8125,0.75,0.0625,0.5614035087719298,0.8125,0.6869517543859649,0.60375,32
4,1,SAFE-Embed,0.25,ACI g=0.05 (grow cal),exch,0.75,0.75,0.0,0.543859649122807,0.75,0.6469298245614035,0.563225806451613,31
4,1,SAFE-Embed,0.25,split CP (SAFE),blocked,0.0,0.75,-0.75,0.9747899159663865,0.0,0.48739495798319327,0.1867241379310345,116
4,1,SAFE-Embed,0.25,ACI g=0.05 (grow cal),blocked,0.7582417582417582,0.75,0.008241758241758212,0.6890756302521008,0.7582417582417582,0.7236586942469295,0.7246341463414634,82
4,1,SAFE-Embed [task-rel],0.1,split CP (SAFE),exch,0.875,0.9,-0.025000000000000022,0.24561403508771928,0.875,0.5603070175438596,0.3371428571428572,14
4,1,SAFE-Embed [task-rel],0.1,ACI g=0.05 (grow cal),exch,0.875,0.9,-0.025000000000000022,0.21052631578947367,0.875,0.5427631578947368,0.325,12
4,1,SAFE-Embed [task-rel],0.1,split CP (SAFE),blocked,1.0,0.9,0.09999999999999998,0.008403361344537815,1.0,0.5042016806722689,0.04,1
4,1,SAFE-Embed [task-rel],0.1,ACI g=0.05 (grow cal),blocked,0.9340659340659341,0.9,0.034065934065934056,0.11764705882352941,0.9340659340659341,0.5258564964447318,0.23142857142857146,14
4,1,SAFE-Embed [task-rel],0.15,split CP (SAFE),exch,0.625,0.85,-0.22499999999999998,0.6140350877192983,0.625,0.6195175438596492,0.296,35
4,1,SAFE-Embed [task-rel],0.15,ACI g=0.05 (grow cal),exch,0.8125,0.85,-0.03749999999999998,0.3333333333333333,0.8125,0.5729166666666666,0.3242105263157895,19
4,1,SAFE-Embed [task-rel],0.15,split CP (SAFE),blocked,0.9230769230769231,0.85,0.07307692307692315,0.17647058823529413,0.9230769230769231,0.5497737556561086,0.16095238095238096,21
4,1,SAFE-Embed [task-rel],0.15,ACI g=0.05 (grow cal),blocked,0.8901098901098901,0.85,0.04010989010989008,0.226890756302521,0.8901098901098901,0.5585003232062056,0.18888888888888886,27
4,1,SAFE-Embed [task-rel],0.2,split CP (SAFE),exch,0.625,0.8,-0.17500000000000004,0.6140350877192983,0.625,0.6195175438596492,0.27714285714285714,35
4,1,SAFE-Embed [task-rel],0.2,ACI g=0.05 (grow cal),exch,0.6875,0.8,-0.11250000000000004,0.40350877192982454,0.6875,0.5455043859649122,0.31217391304347825,23
4,1,SAFE-Embed [task-rel],0.2,split CP (SAFE),blocked,0.9120879120879121,0.8,0.11208791208791202,0.18487394957983194,0.9120879120879121,0.5484809308338721,0.15545454545454548,22
4,1,SAFE-Embed [task-rel],0.2,ACI g=0.05 (grow cal),blocked,0.8461538461538461,0.8,0.0461538461538461,0.24369747899159663,0.8461538461538461,0.5449256625727213,0.1958620689655172,29
4,1,SAFE-Embed [task-rel],0.25,split CP (SAFE),exch,0.625,0.75,-0.125,0.7368421052631579,0.625,0.680921052631579,0.2690476190476191,42
4,1,SAFE-Embed [task-rel],0.25,ACI g=0.05 (grow cal),exch,0.625,0.75,-0.125,0.5789473684210527,0.625,0.6019736842105263,0.3781818181818182,33
4,1,SAFE-Embed [task-rel],0.25,split CP (SAFE),blocked,0.9120879120879121,0.75,0.16208791208791207,0.2857142857142857,0.9120879120879121,0.5989010989010989,0.3394117647058823,34
4,1,SAFE-Embed [task-rel],0.25,ACI g=0.05 (grow cal),blocked,0.8021978021978022,0.75,0.052197802197802234,0.40336134453781514,0.8021978021978022,0.6027795733678087,0.32625,48
4,1,hand:cum_mean_token_entropy,0.1,split CP (SAFE),exch,0.8125,0.9,-0.08750000000000002,0.08771929824561403,0.8125,0.45010964912280704,0.516,5
4,1,hand:cum_mean_token_entropy,0.1,ACI g=0.05 (grow cal),exch,0.8125,0.9,-0.08750000000000002,0.07017543859649122,0.8125,0.4413377192982456,0.48000000000000004,4
4,1,hand:cum_mean_token_entropy,0.1,split CP (SAFE),blocked,0.978021978021978,0.9,0.07802197802197797,0.09243697478991597,0.978021978021978,0.535229476405947,0.5563636363636363,11
4,1,hand:cum_mean_token_entropy,0.1,ACI g=0.05 (grow cal),blocked,0.9120879120879121,0.9,0.012087912087912045,0.16806722689075632,0.9120879120879121,0.5400775694893342,0.5599999999999999,20
4,1,hand:cum_mean_token_entropy,0.15,split CP (SAFE),exch,0.8125,0.85,-0.03749999999999998,0.14035087719298245,0.8125,0.4764254385964912,0.55,8
4,1,hand:cum_mean_token_entropy,0.15,ACI g=0.05 (grow cal),exch,0.8125,0.85,-0.03749999999999998,0.10526315789473684,0.8125,0.4588815789473684,0.5800000000000001,6
4,1,hand:cum_mean_token_entropy,0.15,split CP (SAFE),blocked,0.967032967032967,0.85,0.11703296703296706,0.11764705882352941,0.967032967032967,0.5423400129282482,0.6028571428571429,14
4,1,hand:cum_mean_token_entropy,0.15,ACI g=0.05 (grow cal),blocked,0.8791208791208791,0.85,0.02912087912087913,0.23529411764705882,0.8791208791208791,0.557207498383969,0.5171428571428571,28
4,1,hand:cum_mean_token_entropy,0.2,split CP (SAFE),exch,0.8125,0.8,0.012499999999999956,0.15789473684210525,0.8125,0.48519736842105265,0.5577777777777777,9
4,1,hand:cum_mean_token_entropy,0.2,ACI g=0.05 (grow cal),exch,0.8125,0.8,0.012499999999999956,0.15789473684210525,0.8125,0.48519736842105265,0.6155555555555555,9
4,1,hand:cum_mean_token_entropy,0.2,split CP (SAFE),blocked,0.967032967032967,0.8,0.167032967032967,0.14285714285714285,0.967032967032967,0.554945054945055,0.5788235294117647,17
4,1,hand:cum_mean_token_entropy,0.2,ACI g=0.05 (grow cal),blocked,0.8241758241758241,0.8,0.02417582417582409,0.2605042016806723,0.8241758241758241,0.5423400129282482,0.44451612903225807,31
4,1,hand:cum_mean_token_entropy,0.25,split CP (SAFE),exch,0.8125,0.75,0.0625,0.2982456140350877,0.8125,0.5553728070175439,0.6341176470588235,17
4,1,hand:cum_mean_token_entropy,0.25,ACI g=0.05 (grow cal),exch,0.8125,0.75,0.0625,0.2807017543859649,0.8125,0.5466008771929824,0.615,16
4,1,hand:cum_mean_token_entropy,0.25,split CP (SAFE),blocked,0.9340659340659341,0.75,0.18406593406593408,0.21008403361344538,0.9340659340659341,0.5720749838396897,0.6168,25
4,1,hand:cum_mean_token_entropy,0.25,ACI g=0.05 (grow cal),blocked,0.7802197802197802,0.75,0.030219780219780223,0.31092436974789917,0.7802197802197802,0.5455720749838397,0.43675675675675685,37
4,1,hand:cum_mean_token_entropy [task-rel],0.1,split CP (SAFE),exch,0.9375,0.9,0.03749999999999998,0.15789473684210525,0.9375,0.5476973684210527,0.3577777777777778,9
4,1,hand:cum_mean_token_entropy [task-rel],0.1,ACI g=0.05 (grow cal),exch,0.875,0.9,-0.025000000000000022,0.19298245614035087,0.875,0.5339912280701754,0.3290909090909091,11
4,1,hand:cum_mean_token_entropy [task-rel],0.1,split CP (SAFE),blocked,0.8241758241758241,0.9,-0.07582417582417589,0.24369747899159663,0.8241758241758241,0.5339366515837104,0.20344827586206893,29
4,1,hand:cum_mean_token_entropy [task-rel],0.1,ACI g=0.05 (grow cal),blocked,0.9120879120879121,0.9,0.012087912087912045,0.14285714285714285,0.9120879120879121,0.5274725274725275,0.1635294117647059,17
4,1,hand:cum_mean_token_entropy [task-rel],0.15,split CP (SAFE),exch,0.8125,0.85,-0.03749999999999998,0.24561403508771928,0.8125,0.5290570175438596,0.32142857142857145,14
4,1,hand:cum_mean_token_entropy [task-rel],0.15,ACI g=0.05 (grow cal),exch,0.8125,0.85,-0.03749999999999998,0.2631578947368421,0.8125,0.537828947368421,0.3093333333333333,15
4,1,hand:cum_mean_token_entropy [task-rel],0.15,split CP (SAFE),blocked,0.7802197802197802,0.85,-0.06978021978021975,0.29411764705882354,0.7802197802197802,0.5371687136393019,0.17485714285714285,35
4,1,hand:cum_mean_token_entropy [task-rel],0.15,ACI g=0.05 (grow cal),blocked,0.8571428571428572,0.85,0.0071428571428572285,0.19327731092436976,0.8571428571428572,0.5252100840336135,0.19739130434782612,23
4,1,hand:cum_mean_token_entropy [task-rel],0.2,split CP (SAFE),exch,0.6875,0.8,-0.11250000000000004,0.3157894736842105,0.6875,0.5016447368421053,0.2977777777777778,18
4,1,hand:cum_mean_token_entropy [task-rel],0.2,ACI g=0.05 (grow cal),exch,0.75,0.8,-0.050000000000000044,0.3333333333333333,0.75,0.5416666666666666,0.28421052631578947,19
4,1,hand:cum_mean_token_entropy [task-rel],0.2,split CP (SAFE),blocked,0.7362637362637363,0.8,-0.06373626373626373,0.42857142857142855,0.7362637362637363,0.5824175824175825,0.1823529411764706,51
4,1,hand:cum_mean_token_entropy [task-rel],0.2,ACI g=0.05 (grow cal),blocked,0.7912087912087912,0.8,-0.008791208791208871,0.23529411764705882,0.7912087912087912,0.513251454427925,0.19,28
4,1,hand:cum_mean_token_entropy [task-rel],0.25,split CP (SAFE),exch,0.8125,0.75,0.0625,0.38596491228070173,0.8125,0.5992324561403508,0.23090909090909092,22
4,1,hand:cum_mean_token_entropy [task-rel],0.25,ACI g=0.05 (grow cal),exch,0.75,0.75,0.0,0.38596491228070173,0.75,0.5679824561403508,0.2254545454545455,22
4,1,hand:cum_mean_token_entropy [task-rel],0.25,split CP (SAFE),blocked,0.6813186813186813,0.75,-0.06868131868131866,0.47058823529411764,0.6813186813186813,0.5759534583063994,0.1871428571428571,56
4,1,hand:cum_mean_token_entropy [task-rel],0.25,ACI g=0.05 (grow cal),blocked,0.7582417582417582,0.75,0.008241758241758212,0.31092436974789917,0.7582417582417582,0.5345830639948287,0.1897297297297297,37
4,1,hand:mean_token_entropy,0.1,split CP (SAFE),exch,0.875,0.9,-0.025000000000000022,0.05263157894736842,0.875,0.4638157894736842,0.36000000000000004,3
4,1,hand:mean_token_entropy,0.1,ACI g=0.05 (grow cal),exch,0.9375,0.9,0.03749999999999998,0.05263157894736842,0.9375,0.4950657894736842,0.36000000000000004,3
4,1,hand:mean_token_entropy,0.1,split CP (SAFE),blocked,0.9560439560439561,0.9,0.05604395604395607,0.07563025210084033,0.9560439560439561,0.5158371040723982,0.40888888888888897,9
4,1,hand:mean_token_entropy,0.1,ACI g=0.05 (grow cal),blocked,0.8791208791208791,0.9,-0.020879120879120916,0.15126050420168066,0.8791208791208791,0.5151906916612798,0.3988888888888889,18
4,1,hand:mean_token_entropy,0.15,split CP (SAFE),exch,0.8125,0.85,-0.03749999999999998,0.05263157894736842,0.8125,0.4325657894736842,0.36000000000000004,3
4,1,hand:mean_token_entropy,0.15,ACI g=0.05 (grow cal),exch,0.8125,0.85,-0.03749999999999998,0.05263157894736842,0.8125,0.4325657894736842,0.36000000000000004,3
4,1,hand:mean_token_entropy,0.15,split CP (SAFE),blocked,0.9340659340659341,0.85,0.0840659340659341,0.07563025210084033,0.9340659340659341,0.5048480930833872,0.40888888888888897,9
4,1,hand:mean_token_entropy,0.15,ACI g=0.05 (grow cal),blocked,0.8351648351648352,0.85,-0.014835164835164782,0.21008403361344538,0.8351648351648352,0.5226244343891403,0.41119999999999995,25
4,1,hand:mean_token_entropy,0.2,split CP (SAFE),exch,0.8125,0.8,0.012499999999999956,0.05263157894736842,0.8125,0.4325657894736842,0.36000000000000004,3
4,1,hand:mean_token_entropy,0.2,ACI g=0.05 (grow cal),exch,0.8125,0.8,0.012499999999999956,0.05263157894736842,0.8125,0.4325657894736842,0.36000000000000004,3
4,1,hand:mean_token_entropy,0.2,split CP (SAFE),blocked,0.9340659340659341,0.8,0.13406593406593403,0.07563025210084033,0.9340659340659341,0.5048480930833872,0.40888888888888897,9
4,1,hand:mean_token_entropy,0.2,ACI g=0.05 (grow cal),blocked,0.7912087912087912,0.8,-0.008791208791208871,0.25210084033613445,0.7912087912087912,0.5216548157724628,0.4046666666666667,30
4,1,hand:mean_token_entropy,0.25,split CP (SAFE),exch,0.8125,0.75,0.0625,0.05263157894736842,0.8125,0.4325657894736842,0.36000000000000004,3
4,1,hand:mean_token_entropy,0.25,ACI g=0.05 (grow cal),exch,0.8125,0.75,0.0625,0.05263157894736842,0.8125,0.4325657894736842,0.36000000000000004,3
4,1,hand:mean_token_entropy,0.25,split CP (SAFE),blocked,0.9010989010989011,0.75,0.15109890109890112,0.1092436974789916,0.9010989010989011,0.5051712992889463,0.416923076923077,13
4,1,hand:mean_token_entropy,0.25,ACI g=0.05 (grow cal),blocked,0.7362637362637363,0.75,-0.013736263736263687,0.29411764705882354,0.7362637362637363,0.51519069166128,0.4028571428571429,35
4,1,hand:mean_token_entropy [task-rel],0.1,split CP (SAFE),exch,0.875,0.9,-0.025000000000000022,0.07017543859649122,0.875,0.4725877192982456,0.27,4
4,1,hand:mean_token_entropy [task-rel],0.1,ACI g=0.05 (grow cal),exch,0.8125,0.9,-0.08750000000000002,0.05263157894736842,0.8125,0.4325657894736842,0.24666666666666667,3
4,1,hand:mean_token_entropy [task-rel],0.1,split CP (SAFE),blocked,0.9560439560439561,0.9,0.05604395604395607,0.1092436974789916,0.9560439560439561,0.5326438267614738,0.27538461538461545,13
4,1,hand:mean_token_entropy [task-rel],0.1,ACI g=0.05 (grow cal),blocked,0.9120879120879121,0.9,0.012087912087912045,0.15966386554621848,0.9120879120879121,0.5358758888170653,0.31894736842105265,19
4,1,hand:mean_token_entropy [task-rel],0.15,split CP (SAFE),exch,0.8125,0.85,-0.03749999999999998,0.10526315789473684,0.8125,0.4588815789473684,0.41,6
4,1,hand:mean_token_entropy [task-rel],0.15,ACI g=0.05 (grow cal),exch,0.8125,0.85,-0.03749999999999998,0.10526315789473684,0.8125,0.4588815789473684,0.33666666666666667,6
4,1,hand:mean_token_entropy [task-rel],0.15,split CP (SAFE),blocked,0.8681318681318682,0.85,0.01813186813186818,0.15966386554621848,0.8681318681318682,0.5138978668390433,0.3631578947368421,19
4,1,hand:mean_token_entropy [task-rel],0.15,ACI g=0.05 (grow cal),blocked,0.8461538461538461,0.85,-0.0038461538461538325,0.14285714285714285,0.8461538461538461,0.4945054945054945,0.34941176470588237,17
4,1,hand:mean_token_entropy [task-rel],0.2,split CP (SAFE),exch,0.75,0.8,-0.050000000000000044,0.15789473684210525,0.75,0.45394736842105265,0.40222222222222226,9
4,1,hand:mean_token_entropy [task-rel],0.2,ACI g=0.05 (grow cal),exch,0.75,0.8,-0.050000000000000044,0.14035087719298245,0.75,0.4451754385964912,0.38750000000000007,8
4,1,hand:mean_token_entropy [task-rel],0.2,split CP (SAFE),blocked,0.7912087912087912,0.8,-0.008791208791208871,0.226890756302521,0.7912087912087912,0.5090497737556561,0.36074074074074075,27
4,1,hand:mean_token_entropy [task-rel],0.2,ACI g=0.05 (grow cal),blocked,0.7802197802197802,0.8,-0.01978021978021982,0.18487394957983194,0.7802197802197802,0.4825468648998061,0.34181818181818185,22
4,1,hand:mean_token_entropy [task-rel],0.25,split CP (SAFE),exch,0.625,0.75,-0.125,0.2807017543859649,0.625,0.45285087719298245,0.49,16
4,1,hand:mean_token_entropy [task-rel],0.25,ACI g=0.05 (grow cal),exch,0.6875,0.75,-0.0625,0.2982456140350877,0.6875,0.4928728070175439,0.47882352941176476,17
4,1,hand:mean_token_entropy [task-rel],0.25,split CP (SAFE),blocked,0.7142857142857143,0.75,-0.0357142857142857,0.2605042016806723,0.7142857142857143,0.4873949579831933,0.4180645161290322,31
4,1,hand:mean_token_entropy [task-rel],0.25,ACI g=0.05 (grow cal),blocked,0.7252747252747253,0.75,-0.02472527472527475,0.25210084033613445,0.7252747252747253,0.48868778280542985,0.4073333333333334,30
4,1,hand:cum_max_token_entropy,0.1,split CP (SAFE),exch,0.875,0.9,-0.025000000000000022,0.24561403508771928,0.875,0.5603070175438596,0.3614285714285715,14
4,1,hand:cum_max_token_entropy,0.1,ACI g=0.05 (grow cal),exch,0.875,0.9,-0.025000000000000022,0.24561403508771928,0.875,0.5603070175438596,0.3642857142857143,14
4,1,hand:cum_max_token_entropy,0.1,split CP (SAFE),blocked,0.9120879120879121,0.9,0.012087912087912045,0.18487394957983194,0.9120879120879121,0.5484809308338721,0.3663636363636364,22
4,1,hand:cum_max_token_entropy,0.1,ACI g=0.05 (grow cal),blocked,0.9120879120879121,0.9,0.012087912087912045,0.13445378151260504,0.9120879120879121,0.5232708468002586,0.40125,16
4,1,hand:cum_max_token_entropy,0.15,split CP (SAFE),exch,0.8125,0.85,-0.03749999999999998,0.2982456140350877,0.8125,0.5553728070175439,0.43058823529411766,17
4,1,hand:cum_max_token_entropy,0.15,ACI g=0.05 (grow cal),exch,0.8125,0.85,-0.03749999999999998,0.2631578947368421,0.8125,0.537828947368421,0.3373333333333334,15
4,1,hand:cum_max_token_entropy,0.15,split CP (SAFE),blocked,0.8791208791208791,0.85,0.02912087912087913,0.23529411764705882,0.8791208791208791,0.557207498383969,0.4164285714285714,28
4,1,hand:cum_max_token_entropy,0.15,ACI g=0.05 (grow cal),blocked,0.8681318681318682,0.85,0.01813186813186818,0.15126050420168066,0.8681318681318682,0.5096961861667744,0.45999999999999996,18
4,1,hand:cum_max_token_entropy,0.2,split CP (SAFE),exch,0.8125,0.8,0.012499999999999956,0.3684210526315789,0.8125,0.5904605263157895,0.35714285714285715,21
4,1,hand:cum_max_token_entropy,0.2,ACI g=0.05 (grow cal),exch,0.8125,0.8,0.012499999999999956,0.3684210526315789,0.8125,0.5904605263157895,0.34190476190476193,21
4,1,hand:cum_max_token_entropy,0.2,split CP (SAFE),blocked,0.8021978021978022,0.8,0.00219780219780219,0.3277310924369748,0.8021978021978022,0.5649644473173885,0.3533333333333334,39
4,1,hand:cum_max_token_entropy,0.2,ACI g=0.05 (grow cal),blocked,0.8241758241758241,0.8,0.02417582417582409,0.2184873949579832,0.8241758241758241,0.5213316095669036,0.3653846153846155,26
4,1,hand:cum_max_token_entropy,0.25,split CP (SAFE),exch,0.75,0.75,0.0,0.42105263157894735,0.75,0.5855263157894737,0.2783333333333333,24
4,1,hand:cum_max_token_entropy,0.25,ACI g=0.05 (grow cal),exch,0.75,0.75,0.0,0.42105263157894735,0.75,0.5855263157894737,0.2775,24
4,1,hand:cum_max_token_entropy,0.25,split CP (SAFE),blocked,0.7472527472527473,0.75,-0.0027472527472527375,0.42016806722689076,0.7472527472527473,0.583710407239819,0.3044,50
4,1,hand:cum_max_token_entropy,0.25,ACI g=0.05 (grow cal),blocked,0.7802197802197802,0.75,0.030219780219780223,0.2773109243697479,0.7802197802197802,0.5287653522947641,0.35939393939393943,33
4,1,hand:cum_max_token_entropy [task-rel],0.1,split CP (SAFE),exch,0.875,0.9,-0.025000000000000022,0.22807017543859648,0.875,0.5515350877192983,0.16923076923076924,13
4,1,hand:cum_max_token_entropy [task-rel],0.1,ACI g=0.05 (grow cal),exch,0.875,0.9,-0.025000000000000022,0.24561403508771928,0.875,0.5603070175438596,0.16285714285714287,14
4,1,hand:cum_max_token_entropy [task-rel],0.1,split CP (SAFE),blocked,0.9010989010989011,0.9,0.001098901098901095,0.15966386554621848,0.9010989010989011,0.5303813833225598,0.16000000000000003,19
4,1,hand:cum_max_token_entropy [task-rel],0.1,ACI g=0.05 (grow cal),blocked,0.9010989010989011,0.9,0.001098901098901095,0.10084033613445378,0.9010989010989011,0.5009696186166774,0.12666666666666668,12
4,1,hand:cum_max_token_entropy [task-rel],0.15,split CP (SAFE),exch,0.875,0.85,0.025000000000000022,0.2982456140350877,0.875,0.5866228070175439,0.18705882352941178,17
4,1,hand:cum_max_token_entropy [task-rel],0.15,ACI g=0.05 (grow cal),exch,0.875,0.85,0.025000000000000022,0.3333333333333333,0.875,0.6041666666666666,0.18000000000000002,19
4,1,hand:cum_max_token_entropy [task-rel],0.15,split CP (SAFE),blocked,0.8351648351648352,0.85,-0.014835164835164782,0.3025210084033613,0.8351648351648352,0.5688429217840982,0.20555555555555555,36
4,1,hand:cum_max_token_entropy [task-rel],0.15,ACI g=0.05 (grow cal),blocked,0.8571428571428572,0.85,0.0071428571428572285,0.18487394957983194,0.8571428571428572,0.5210084033613446,0.22363636363636363,22
4,1,hand:cum_max_token_entropy [task-rel],0.2,split CP (SAFE),exch,0.875,0.8,0.07499999999999996,0.3684210526315789,0.875,0.6217105263157895,0.15047619047619049,21
4,1,hand:cum_max_token_entropy [task-rel],0.2,ACI g=0.05 (grow cal),exch,0.875,0.8,0.07499999999999996,0.42105263157894735,0.875,0.6480263157894737,0.16416666666666666,24
4,1,hand:cum_max_token_entropy [task-rel],0.2,split CP (SAFE),blocked,0.8131868131868132,0.8,0.01318681318681314,0.35294117647058826,0.8131868131868132,0.5830639948287007,0.1838095238095238,42
4,1,hand:cum_max_token_entropy [task-rel],0.2,ACI g=0.05 (grow cal),blocked,0.8351648351648352,0.8,0.03516483516483515,0.31932773109243695,0.8351648351648352,0.577246283128636,0.19263157894736843,38
4,1,hand:cum_max_token_entropy [task-rel],0.25,split CP (SAFE),exch,0.875,0.75,0.125,0.40350877192982454,0.875,0.6392543859649122,0.22000000000000003,23
4,1,hand:cum_max_token_entropy [task-rel],0.25,ACI g=0.05 (grow cal),exch,0.8125,0.75,0.0625,0.47368421052631576,0.8125,0.6430921052631579,0.2125925925925926,27
4,1,hand:cum_max_token_entropy [task-rel],0.25,split CP (SAFE),blocked,0.7472527472527473,0.75,-0.0027472527472527375,0.35294117647058826,0.7472527472527473,0.5500969618616678,0.18571428571428572,42
4,1,hand:cum_max_token_entropy [task-rel],0.25,ACI g=0.05 (grow cal),blocked,0.7912087912087912,0.75,0.04120879120879117,0.33613445378151263,0.7912087912087912,0.5636716224951519,0.193,40
4,1,hand:cum_mean_token_prob,0.1,split CP (SAFE),exch,0.9375,0.9,0.03749999999999998,0.10526315789473684,0.9375,0.5213815789473684,0.3966666666666667,6
4,1,hand:cum_mean_token_prob,0.1,ACI g=0.05 (grow cal),exch,0.9375,0.9,0.03749999999999998,0.12280701754385964,0.9375,0.5301535087719298,0.4314285714285715,7
4,1,hand:cum_mean_token_prob,0.1,split CP (SAFE),blocked,0.9560439560439561,0.9,0.05604395604395607,0.07563025210084033,0.9560439560439561,0.5158371040723982,0.5577777777777778,9
4,1,hand:cum_mean_token_prob,0.1,ACI g=0.05 (grow cal),blocked,0.9120879120879121,0.9,0.012087912087912045,0.15126050420168066,0.9120879120879121,0.5316742081447964,0.48666666666666664,18
4,1,hand:cum_mean_token_prob,0.15,split CP (SAFE),exch,0.9375,0.85,0.08750000000000002,0.14035087719298245,0.9375,0.5389254385964912,0.5,8
4,1,hand:cum_mean_token_prob,0.15,ACI g=0.05 (grow cal),exch,0.9375,0.85,0.08750000000000002,0.15789473684210525,0.9375,0.5476973684210527,0.5155555555555555,9
4,1,hand:cum_mean_token_prob,0.15,split CP (SAFE),blocked,0.9340659340659341,0.85,0.0840659340659341,0.12605042016806722,0.9340659340659341,0.5300581771170007,0.608,15
4,1,hand:cum_mean_token_prob,0.15,ACI g=0.05 (grow cal),blocked,0.8571428571428572,0.85,0.0071428571428572285,0.20168067226890757,0.8571428571428572,0.5294117647058824,0.49666666666666665,24
4,1,hand:cum_mean_token_prob,0.2,split CP (SAFE),exch,0.9375,0.8,0.13749999999999996,0.17543859649122806,0.9375,0.5564692982456141,0.438,10
4,1,hand:cum_mean_token_prob,0.2,ACI g=0.05 (grow cal),exch,0.875,0.8,0.07499999999999996,0.21052631578947367,0.875,0.5427631578947368,0.46166666666666667,12
4,1,hand:cum_mean_token_prob,0.2,split CP (SAFE),blocked,0.9230769230769231,0.8,0.12307692307692308,0.16806722689075632,0.9230769230769231,0.5455720749838397,0.5419999999999999,20
4,1,hand:cum_mean_token_prob,0.2,ACI g=0.05 (grow cal),blocked,0.8131868131868132,0.8,0.01318681318681314,0.2689075630252101,0.8131868131868132,0.5410471881060116,0.44125,32
4,1,hand:cum_mean_token_prob,0.25,split CP (SAFE),exch,0.875,0.75,0.125,0.22807017543859648,0.875,0.5515350877192983,0.49076923076923074,13
4,1,hand:cum_mean_token_prob,0.25,ACI g=0.05 (grow cal),exch,0.8125,0.75,0.0625,0.2631578947368421,0.8125,0.537828947368421,0.5066666666666667,15
4,1,hand:cum_mean_token_prob,0.25,split CP (SAFE),blocked,0.9010989010989011,0.75,0.15109890109890112,0.20168067226890757,0.9010989010989011,0.5513897866839044,0.5575,24
4,1,hand:cum_mean_token_prob,0.25,ACI g=0.05 (grow cal),blocked,0.7692307692307692,0.75,0.019230769230769162,0.29411764705882354,0.7692307692307692,0.5316742081447964,0.4377142857142857,35
4,1,hand:cum_mean_token_prob [task-rel],0.1,split CP (SAFE),exch,0.875,0.9,-0.025000000000000022,0.14035087719298245,0.875,0.5076754385964912,0.4075000000000001,8
4,1,hand:cum_mean_token_prob [task-rel],0.1,ACI g=0.05 (grow cal),exch,0.8125,0.9,-0.08750000000000002,0.14035087719298245,0.8125,0.4764254385964912,0.34500000000000003,8
4,1,hand:cum_mean_token_prob [task-rel],0.1,split CP (SAFE),blocked,0.8681318681318682,0.9,-0.031868131868131866,0.18487394957983194,0.8681318681318682,0.52650290885585,0.1881818181818182,22
4,1,hand:cum_mean_token_prob [task-rel],0.1,ACI g=0.05 (grow cal),blocked,0.8901098901098901,0.9,-0.009890109890109966,0.12605042016806722,0.8901098901098901,0.5080801551389786,0.1466666666666667,15
4,1,hand:cum_mean_token_prob [task-rel],0.15,split CP (SAFE),exch,0.75,0.85,-0.09999999999999998,0.19298245614035087,0.75,0.4714912280701754,0.30909090909090914,11
4,1,hand:cum_mean_token_prob [task-rel],0.15,ACI g=0.05 (grow cal),exch,0.8125,0.85,-0.03749999999999998,0.15789473684210525,0.8125,0.48519736842105265,0.3755555555555556,9
4,1,hand:cum_mean_token_prob [task-rel],0.15,split CP (SAFE),blocked,0.8021978021978022,0.85,-0.04780219780219774,0.31092436974789917,0.8021978021978022,0.5565610859728507,0.19567567567567565,37
4,1,hand:cum_mean_token_prob [task-rel],0.15,ACI g=0.05 (grow cal),blocked,0.8461538461538461,0.85,-0.0038461538461538325,0.20168067226890757,0.8461538461538461,0.5239172592113769,0.1891666666666667,24
4,1,hand:cum_mean_token_prob [task-rel],0.2,split CP (SAFE),exch,0.75,0.8,-0.050000000000000044,0.19298245614035087,0.75,0.4714912280701754,0.30909090909090914,11
4,1,hand:cum_mean_token_prob [task-rel],0.2,ACI g=0.05 (grow cal),exch,0.75,0.8,-0.050000000000000044,0.21052631578947367,0.75,0.48026315789473684,0.29000000000000004,12
4,1,hand:cum_mean_token_prob [task-rel],0.2,split CP (SAFE),blocked,0.8021978021978022,0.8,0.00219780219780219,0.31932773109243695,0.8021978021978022,0.5607627666451196,0.1921052631578947,38
4,1,hand:cum_mean_token_prob [task-rel],0.2,ACI g=0.05 (grow cal),blocked,0.8241758241758241,0.8,0.02417582417582409,0.2605042016806723,0.8241758241758241,0.5423400129282482,0.18516129032258064,31
4,1,hand:cum_mean_token_prob [task-rel],0.25,split CP (SAFE),exch,0.75,0.75,0.0,0.22807017543859648,0.75,0.48903508771929827,0.37384615384615394,13
4,1,hand:cum_mean_token_prob [task-rel],0.25,ACI g=0.05 (grow cal),exch,0.75,0.75,0.0,0.24561403508771928,0.75,0.49780701754385964,0.3528571428571429,14
4,1,hand:cum_mean_token_prob [task-rel],0.25,split CP (SAFE),blocked,0.7582417582417582,0.75,0.008241758241758212,0.3277310924369748,0.7582417582417582,0.5429864253393665,0.20666666666666664,39
4,1,hand:cum_mean_token_prob [task-rel],0.25,ACI g=0.05 (grow cal),blocked,0.7692307692307692,0.75,0.019230769230769162,0.31932773109243695,0.7692307692307692,0.5442792501616031,0.20157894736842105,38
4,1,hand:cum_dpos,0.1,split CP (SAFE),exch,0.9375,0.9,0.03749999999999998,0.3157894736842105,0.9375,0.6266447368421053,0.15333333333333335,18
4,1,hand:cum_dpos,0.1,ACI g=0.05 (grow cal),exch,0.875,0.9,-0.025000000000000022,0.2982456140350877,0.875,0.5866228070175439,0.15294117647058827,17
4,1,hand:cum_dpos,0.1,split CP (SAFE),blocked,0.8461538461538461,0.9,-0.05384615384615388,0.19327731092436976,0.8461538461538461,0.519715578539108,0.08434782608695654,23
4,1,hand:cum_dpos,0.1,ACI g=0.05 (grow cal),blocked,0.9120879120879121,0.9,0.012087912087912045,0.11764705882352941,0.9120879120879121,0.5148674854557207,0.14,14
4,1,hand:cum_dpos,0.15,split CP (SAFE),exch,0.875,0.85,0.025000000000000022,0.3508771929824561,0.875,0.6129385964912281,0.284,20
4,1,hand:cum_dpos,0.15,ACI g=0.05 (grow cal),exch,0.875,0.85,0.025000000000000022,0.3684210526315789,0.875,0.6217105263157895,0.26285714285714284,21
4,1,hand:cum_dpos,0.15,split CP (SAFE),blocked,0.8901098901098901,0.85,0.04010989010989008,0.18487394957983194,0.8901098901098901,0.537491919844861,0.24000000000000002,22
4,1,hand:cum_dpos,0.15,ACI g=0.05 (grow cal),blocked,0.8681318681318682,0.85,0.01813186813186818,0.17647058823529413,0.8681318681318682,0.5223012281835812,0.28,21
4,1,hand:cum_dpos,0.2,split CP (SAFE),exch,0.875,0.8,0.07499999999999996,0.3684210526315789,0.875,0.6217105263157895,0.25619047619047614,21
4,1,hand:cum_dpos,0.2,ACI g=0.05 (grow cal),exch,0.8125,0.8,0.012499999999999956,0.43859649122807015,0.8125,0.6255482456140351,0.2744,25
4,1,hand:cum_dpos,0.2,split CP (SAFE),blocked,0.8021978021978022,0.8,0.00219780219780219,0.23529411764705882,0.8021978021978022,0.5187459599224306,0.15142857142857144,28
4,1,hand:cum_dpos,0.2,ACI g=0.05 (grow cal),blocked,0.8131868131868132,0.8,0.01318681318681314,0.20168067226890757,0.8131868131868132,0.5074337427278603,0.19083333333333333,24
4,1,hand:cum_dpos,0.25,split CP (SAFE),exch,0.75,0.75,0.0,0.45614035087719296,0.75,0.6030701754385965,0.2276923076923077,26
4,1,hand:cum_dpos,0.25,ACI g=0.05 (grow cal),exch,0.75,0.75,0.0,0.47368421052631576,0.75,0.6118421052631579,0.21555555555555556,27
4,1,hand:cum_dpos,0.25,split CP (SAFE),blocked,0.6263736263736264,0.75,-0.12362637362637363,0.35294117647058826,0.6263736263736264,0.48965740142210734,0.1414285714285714,42
4,1,hand:cum_dpos,0.25,ACI g=0.05 (grow cal),blocked,0.7692307692307692,0.75,0.019230769230769162,0.23529411764705882,0.7692307692307692,0.502262443438914,0.1764285714285714,28
4,1,hand:cum_dpos [task-rel],0.1,split CP (SAFE),exch,0.875,0.9,-0.025000000000000022,0.08771929824561403,0.875,0.48135964912280704,0.12000000000000002,5
4,1,hand:cum_dpos [task-rel],0.1,ACI g=0.05 (grow cal),exch,0.9375,0.9,0.03749999999999998,0.05263157894736842,0.9375,0.4950657894736842,0.16,3
4,1,hand:cum_dpos [task-rel],0.1,split CP (SAFE),blocked,0.8901098901098901,0.9,-0.009890109890109966,0.15966386554621848,0.8901098901098901,0.5248868778280542,0.06210526315789475,19
4,1,hand:cum_dpos [task-rel],0.1,ACI g=0.05 (grow cal),blocked,0.8901098901098901,0.9,-0.009890109890109966,0.19327731092436976,0.8901098901098901,0.5416936005171299,0.09739130434782611,23
4,1,hand:cum_dpos [task-rel],0.15,split CP (SAFE),exch,0.875,0.85,0.025000000000000022,0.10526315789473684,0.875,0.4901315789473684,0.23666666666666666,6
4,1,hand:cum_dpos [task-rel],0.15,ACI g=0.05 (grow cal),exch,0.875,0.85,0.025000000000000022,0.08771929824561403,0.875,0.48135964912280704,0.292,5
4,1,hand:cum_dpos [task-rel],0.15,split CP (SAFE),blocked,0.8461538461538461,0.85,-0.0038461538461538325,0.23529411764705882,0.8461538461538461,0.5407239819004525,0.14214285714285715,28
4,1,hand:cum_dpos [task-rel],0.15,ACI g=0.05 (grow cal),blocked,0.8351648351648352,0.85,-0.014835164835164782,0.2689075630252101,0.8351648351648352,0.5520361990950227,0.135,32
4,1,hand:cum_dpos [task-rel],0.2,split CP (SAFE),exch,0.8125,0.8,0.012499999999999956,0.14035087719298245,0.8125,0.4764254385964912,0.15750000000000003,8
4,1,hand:cum_dpos [task-rel],0.2,ACI g=0.05 (grow cal),exch,0.875,0.8,0.07499999999999996,0.12280701754385964,0.875,0.4989035087719298,0.17428571428571432,7
4,1,hand:cum_dpos [task-rel],0.2,split CP (SAFE),blocked,0.8241758241758241,0.8,0.02417582417582409,0.23529411764705882,0.8241758241758241,0.5297349709114415,0.13571428571428573,28
4,1,hand:cum_dpos [task-rel],0.2,ACI g=0.05 (grow cal),blocked,0.7802197802197802,0.8,-0.01978021978021982,0.29411764705882354,0.7802197802197802,0.5371687136393019,0.11714285714285716,35
4,1,hand:cum_dpos [task-rel],0.25,split CP (SAFE),exch,0.8125,0.75,0.0625,0.14035087719298245,0.8125,0.4764254385964912,0.15750000000000003,8
4,1,hand:cum_dpos [task-rel],0.25,ACI g=0.05 (grow cal),exch,0.8125,0.75,0.0625,0.14035087719298245,0.8125,0.4764254385964912,0.15500000000000003,8
4,1,hand:cum_dpos [task-rel],0.25,split CP (SAFE),blocked,0.8131868131868132,0.75,0.06318681318681318,0.24369747899159663,0.8131868131868132,0.5284421460892049,0.15793103448275858,29
4,1,hand:cum_dpos [task-rel],0.25,ACI g=0.05 (grow cal),blocked,0.7252747252747253,0.75,-0.02472527472527475,0.36134453781512604,0.7252747252747253,0.5433096315449256,0.18465116279069765,43
4,1,hand:cum_drot,0.1,split CP (SAFE),exch,0.9375,0.9,0.03749999999999998,0.21052631578947367,0.9375,0.5740131578947368,0.22833333333333336,12
4,1,hand:cum_drot,0.1,ACI g=0.05 (grow cal),exch,0.9375,0.9,0.03749999999999998,0.21052631578947367,0.9375,0.5740131578947368,0.22,12
4,1,hand:cum_drot,0.1,split CP (SAFE),blocked,0.9340659340659341,0.9,0.034065934065934056,0.20168067226890757,0.9340659340659341,0.5678733031674208,0.3491666666666666,24
4,1,hand:cum_drot,0.1,ACI g=0.05 (grow cal),blocked,0.9230769230769231,0.9,0.023076923076923106,0.2184873949579832,0.9230769230769231,0.5707821590174531,0.30076923076923073,26
4,1,hand:cum_drot,0.15,split CP (SAFE),exch,0.8125,0.85,-0.03749999999999998,0.22807017543859648,0.8125,0.5202850877192983,0.34769230769230763,13
4,1,hand:cum_drot,0.15,ACI g=0.05 (grow cal),exch,0.8125,0.85,-0.03749999999999998,0.21052631578947367,0.8125,0.5115131578947368,0.34833333333333333,12
4,1,hand:cum_drot,0.15,split CP (SAFE),blocked,0.945054945054945,0.85,0.09505494505494505,0.19327731092436976,0.945054945054945,0.5691661279896574,0.5330434782608695,23
4,1,hand:cum_drot,0.15,ACI g=0.05 (grow cal),blocked,0.8681318681318682,0.85,0.01813186813186818,0.2857142857142857,0.8681318681318682,0.5769230769230769,0.4688235294117647,34
4,1,hand:cum_drot,0.2,split CP (SAFE),exch,0.75,0.8,-0.050000000000000044,0.22807017543859648,0.75,0.48903508771929827,0.33076923076923076,13
4,1,hand:cum_drot,0.2,ACI g=0.05 (grow cal),exch,0.75,0.8,-0.050000000000000044,0.2631578947368421,0.75,0.506578947368421,0.42133333333333334,15
4,1,hand:cum_drot,0.2,split CP (SAFE),blocked,0.945054945054945,0.8,0.14505494505494498,0.21008403361344538,0.945054945054945,0.5775694893341952,0.5136,25
4,1,hand:cum_drot,0.2,ACI g=0.05 (grow cal),blocked,0.8131868131868132,0.8,0.01318681318681314,0.31932773109243695,0.8131868131868132,0.5662572721396251,0.3689473684210526,38
4,1,hand:cum_drot,0.25,split CP (SAFE),exch,0.6875,0.75,-0.0625,0.24561403508771928,0.6875,0.46655701754385964,0.2928571428571428,14
4,1,hand:cum_drot,0.25,ACI g=0.05 (grow cal),exch,0.75,0.75,0.0,0.24561403508771928,0.75,0.49780701754385964,0.3071428571428572,14
4,1,hand:cum_drot,0.25,split CP (SAFE),blocked,0.8681318681318682,0.75,0.11813186813186816,0.25210084033613445,0.8681318681318682,0.5601163542340013,0.39933333333333326,30
4,1,hand:cum_drot,0.25,ACI g=0.05 (grow cal),blocked,0.7582417582417582,0.75,0.008241758241758212,0.33613445378151263,0.7582417582417582,0.5471881060116355,0.32599999999999996,40
4,1,hand:cum_drot [task-rel],0.1,split CP (SAFE),exch,0.875,0.9,-0.025000000000000022,0.15789473684210525,0.875,0.5164473684210527,0.2288888888888889,9
4,1,hand:cum_drot [task-rel],0.1,ACI g=0.05 (grow cal),exch,0.8125,0.9,-0.08750000000000002,0.15789473684210525,0.8125,0.48519736842105265,0.2777777777777778,9
4,1,hand:cum_drot [task-rel],0.1,split CP (SAFE),blocked,0.945054945054945,0.9,0.045054945054945006,0.08403361344537816,0.945054945054945,0.5145442792501616,0.194,10
4,1,hand:cum_drot [task-rel],0.1,ACI g=0.05 (grow cal),blocked,0.9120879120879121,0.9,0.012087912087912045,0.07563025210084033,0.9120879120879121,0.4938590820943762,0.16666666666666666,9
4,1,hand:cum_drot [task-rel],0.15,split CP (SAFE),exch,0.8125,0.85,-0.03749999999999998,0.17543859649122806,0.8125,0.49396929824561403,0.10200000000000001,10
4,1,hand:cum_drot [task-rel],0.15,ACI g=0.05 (grow cal),exch,0.75,0.85,-0.09999999999999998,0.17543859649122806,0.75,0.46271929824561403,0.10200000000000001,10
4,1,hand:cum_drot [task-rel],0.15,split CP (SAFE),blocked,0.8791208791208791,0.85,0.02912087912087913,0.15966386554621848,0.8791208791208791,0.5193923723335487,0.16210526315789475,19
4,1,hand:cum_drot [task-rel],0.15,ACI g=0.05 (grow cal),blocked,0.8681318681318682,0.85,0.01813186813186818,0.11764705882352941,0.8681318681318682,0.4928894634776988,0.17857142857142858,14
4,1,hand:cum_drot [task-rel],0.2,split CP (SAFE),exch,0.75,0.8,-0.050000000000000044,0.19298245614035087,0.75,0.4714912280701754,0.09999999999999999,11
4,1,hand:cum_drot [task-rel],0.2,ACI g=0.05 (grow cal),exch,0.75,0.8,-0.050000000000000044,0.19298245614035087,0.75,0.4714912280701754,0.09999999999999999,11
4,1,hand:cum_drot [task-rel],0.2,split CP (SAFE),blocked,0.8241758241758241,0.8,0.02417582417582409,0.20168067226890757,0.8241758241758241,0.5129282482223658,0.1825,24
4,1,hand:cum_drot [task-rel],0.2,ACI g=0.05 (grow cal),blocked,0.8131868131868132,0.8,0.01318681318681314,0.2184873949579832,0.8131868131868132,0.5158371040723981,0.14,26
4,1,hand:cum_drot [task-rel],0.25,split CP (SAFE),exch,0.75,0.75,0.0,0.21052631578947367,0.75,0.48026315789473684,0.1433333333333333,12
4,1,hand:cum_drot [task-rel],0.25,ACI g=0.05 (grow cal),exch,0.75,0.75,0.0,0.24561403508771928,0.75,0.49780701754385964,0.13428571428571429,14
4,1,hand:cum_drot [task-rel],0.25,split CP (SAFE),blocked,0.8131868131868132,0.75,0.06318681318681318,0.25210084033613445,0.8131868131868132,0.5326438267614738,0.12066666666666667,30
4,1,hand:cum_drot [task-rel],0.25,ACI g=0.05 (grow cal),blocked,0.7582417582417582,0.75,0.008241758241758212,0.29411764705882354,0.7582417582417582,0.5261797026502909,0.19257142857142856,35
4,1,hand:dgripper,0.1,split CP (SAFE),exch,1.0,0.9,0.09999999999999998,0.0,1.0,0.5,,0
4,1,hand:dgripper,0.1,ACI g=0.05 (grow cal),exch,1.0,0.9,0.09999999999999998,0.0,1.0,0.5,,0
4,1,hand:dgripper,0.1,split CP (SAFE),blocked,1.0,0.9,0.09999999999999998,0.0,1.0,0.5,,0
4,1,hand:dgripper,0.1,ACI g=0.05 (grow cal),blocked,0.9340659340659341,0.9,0.034065934065934056,0.008403361344537815,0.9340659340659341,0.47123464770523593,0.28,1
4,1,hand:dgripper,0.15,split CP (SAFE),exch,1.0,0.85,0.15000000000000002,0.0,1.0,0.5,,0
4,1,hand:dgripper,0.15,ACI g=0.05 (grow cal),exch,1.0,0.85,0.15000000000000002,0.0,1.0,0.5,,0
4,1,hand:dgripper,0.15,split CP (SAFE),blocked,1.0,0.85,0.15000000000000002,0.0,1.0,0.5,,0
4,1,hand:dgripper,0.15,ACI g=0.05 (grow cal),blocked,0.8681318681318682,0.85,0.01813186813186818,0.05042016806722689,0.8681318681318682,0.45927601809954754,0.3266666666666667,6
4,1,hand:dgripper,0.2,split CP (SAFE),exch,1.0,0.8,0.19999999999999996,0.0,1.0,0.5,,0
4,1,hand:dgripper,0.2,ACI g=0.05 (grow cal),exch,1.0,0.8,0.19999999999999996,0.0,1.0,0.5,,0
4,1,hand:dgripper,0.2,split CP (SAFE),blocked,1.0,0.8,0.19999999999999996,0.0,1.0,0.5,,0
4,1,hand:dgripper,0.2,ACI g=0.05 (grow cal),blocked,0.8241758241758241,0.8,0.02417582417582409,0.07563025210084033,0.8241758241758241,0.4499030381383322,0.2622222222222222,9
4,1,hand:dgripper,0.25,split CP (SAFE),exch,1.0,0.75,0.25,0.0,1.0,0.5,,0
4,1,hand:dgripper,0.25,ACI g=0.05 (grow cal),exch,0.875,0.75,0.125,0.0,0.875,0.4375,,0
4,1,hand:dgripper,0.25,split CP (SAFE),blocked,1.0,0.75,0.25,0.0,1.0,0.5,,0
4,1,hand:dgripper,0.25,ACI g=0.05 (grow cal),blocked,0.7802197802197802,0.75,0.030219780219780223,0.08403361344537816,0.7802197802197802,0.4321266968325792,0.266,10
4,1,hand:dgripper [task-rel],0.1,split CP (SAFE),exch,1.0,0.9,0.09999999999999998,0.12280701754385964,1.0,0.5614035087719298,0.09999999999999999,7
4,1,hand:dgripper [task-rel],0.1,ACI g=0.05 (grow cal),exch,0.875,0.9,-0.025000000000000022,0.15789473684210525,0.875,0.5164473684210527,0.10222222222222223,9
4,1,hand:dgripper [task-rel],0.1,split CP (SAFE),blocked,0.978021978021978,0.9,0.07802197802197797,0.01680672268907563,0.978021978021978,0.49741435035552684,0.1,2
4,1,hand:dgripper [task-rel],0.1,ACI g=0.05 (grow cal),blocked,0.9010989010989011,0.9,0.001098901098901095,0.058823529411764705,0.9010989010989011,0.4799612152553329,0.16571428571428573,7
4,1,hand:dgripper [task-rel],0.15,split CP (SAFE),exch,0.9375,0.85,0.08750000000000002,0.12280701754385964,0.9375,0.5301535087719298,0.08285714285714287,7
4,1,hand:dgripper [task-rel],0.15,ACI g=0.05 (grow cal),exch,0.9375,0.85,0.08750000000000002,0.19298245614035087,0.9375,0.5652412280701754,0.13636363636363638,11
4,1,hand:dgripper [task-rel],0.15,split CP (SAFE),blocked,0.9120879120879121,0.85,0.06208791208791209,0.05042016806722689,0.9120879120879121,0.4812540400775695,0.14,6
4,1,hand:dgripper [task-rel],0.15,ACI g=0.05 (grow cal),blocked,0.8571428571428572,0.85,0.0071428571428572285,0.08403361344537816,0.8571428571428572,0.4705882352941177,0.17800000000000002,10
4,1,hand:dgripper [task-rel],0.2,split CP (SAFE),exch,0.9375,0.8,0.13749999999999996,0.19298245614035087,0.9375,0.5652412280701754,0.13636363636363638,11
4,1,hand:dgripper [task-rel],0.2,ACI g=0.05 (grow cal),exch,0.875,0.8,0.07499999999999996,0.19298245614035087,0.875,0.5339912280701754,0.13636363636363638,11
4,1,hand:dgripper [task-rel],0.2,split CP (SAFE),blocked,0.9120879120879121,0.8,0.11208791208791202,0.07563025210084033,0.9120879120879121,0.4938590820943762,0.16222222222222224,9
4,1,hand:dgripper [task-rel],0.2,ACI g=0.05 (grow cal),blocked,0.8021978021978022,0.8,0.00219780219780219,0.08403361344537816,0.8021978021978022,0.4431157078215902,0.17800000000000002,10
4,1,hand:dgripper [task-rel],0.25,split CP (SAFE),exch,0.9375,0.75,0.1875,0.19298245614035087,0.9375,0.5652412280701754,0.13636363636363638,11
4,1,hand:dgripper [task-rel],0.25,ACI g=0.05 (grow cal),exch,0.75,0.75,0.0,0.19298245614035087,0.75,0.4714912280701754,0.13454545454545455,11
4,1,hand:dgripper [task-rel],0.25,split CP (SAFE),blocked,0.9120879120879121,0.75,0.16208791208791207,0.07563025210084033,0.9120879120879121,0.4938590820943762,0.16000000000000003,9
4,1,hand:dgripper [task-rel],0.25,ACI g=0.05 (grow cal),blocked,0.7692307692307692,0.75,0.019230769230769162,0.11764705882352941,0.7692307692307692,0.4434389140271493,0.22428571428571425,14
5,0,SAFE-MLP,0.1,split CP (SAFE),exch,1.0,0.9,0.09999999999999998,0.5818181818181818,1.0,0.7909090909090909,0.5718749999999999,32
5,0,SAFE-MLP,0.1,ACI g=0.05 (grow cal),exch,1.0,0.9,0.09999999999999998,0.6363636363636364,1.0,0.8181818181818181,0.5314285714285715,35
5,0,SAFE-MLP,0.1,split CP (SAFE),blocked,0.945054945054945,0.9,0.045054945054945006,0.3025210084033613,0.945054945054945,0.6237879767291532,0.685,36
5,0,SAFE-MLP,0.1,ACI g=0.05 (grow cal),blocked,0.945054945054945,0.9,0.045054945054945006,0.3445378151260504,0.945054945054945,0.6447963800904977,0.6951219512195121,41
5,0,SAFE-MLP,0.15,split CP (SAFE),exch,1.0,0.85,0.15000000000000002,0.7454545454545455,1.0,0.8727272727272728,0.6014634146341463,41
5,0,SAFE-MLP,0.15,ACI g=0.05 (grow cal),exch,0.9375,0.85,0.08750000000000002,0.8181818181818182,0.9375,0.8778409090909092,0.508888888888889,45
5,0,SAFE-MLP,0.15,split CP (SAFE),blocked,0.9010989010989011,0.85,0.05109890109890114,0.47058823529411764,0.9010989010989011,0.6858435681965094,0.6964285714285713,56
5,0,SAFE-MLP,0.15,ACI g=0.05 (grow cal),blocked,0.9120879120879121,0.85,0.06208791208791209,0.5210084033613446,0.9120879120879121,0.7165481577246283,0.691290322580645,62
5,0,SAFE-MLP,0.2,split CP (SAFE),exch,1.0,0.8,0.19999999999999996,0.7636363636363637,1.0,0.8818181818181818,0.580952380952381,42
5,0,SAFE-MLP,0.2,ACI g=0.05 (grow cal),exch,0.875,0.8,0.07499999999999996,0.8727272727272727,0.875,0.8738636363636363,0.4791666666666667,48
5,0,SAFE-MLP,0.2,split CP (SAFE),blocked,0.9010989010989011,0.8,0.10109890109890107,0.4789915966386555,0.9010989010989011,0.6900452488687783,0.6785964912280701,57
5,0,SAFE-MLP,0.2,ACI g=0.05 (grow cal),blocked,0.8571428571428572,0.8,0.05714285714285716,0.5462184873949579,0.8571428571428572,0.7016806722689075,0.6184615384615384,65
5,0,SAFE-MLP,0.25,split CP (SAFE),exch,1.0,0.75,0.25,0.8181818181818182,1.0,0.9090909090909092,0.520888888888889,45
5,0,SAFE-MLP,0.25,ACI g=0.05 (grow cal),exch,0.875,0.75,0.125,0.9090909090909091,0.875,0.8920454545454546,0.40080000000000005,50
5,0,SAFE-MLP,0.25,split CP (SAFE),blocked,0.8461538461538461,0.75,0.09615384615384615,0.5294117647058824,0.8461538461538461,0.6877828054298643,0.6203174603174603,63
5,0,SAFE-MLP,0.25,ACI g=0.05 (grow cal),blocked,0.8021978021978022,0.75,0.052197802197802234,0.5798319327731093,0.8021978021978022,0.6910148674854557,0.6095652173913043,69
5,0,SAFE-MLP [task-rel],0.1,split CP (SAFE),exch,0.75,0.9,-0.15000000000000002,0.01818181818181818,0.75,0.3840909090909091,0.2,1
5,0,SAFE-MLP [task-rel],0.1,ACI g=0.05 (grow cal),exch,0.8125,0.9,-0.08750000000000002,0.07272727272727272,0.8125,0.4426136363636364,0.06,4
5,0,SAFE-MLP [task-rel],0.1,split CP (SAFE),blocked,0.9120879120879121,0.9,0.012087912087912045,0.12605042016806722,0.9120879120879121,0.5190691661279896,0.14133333333333334,15
5,0,SAFE-MLP [task-rel],0.1,ACI g=0.05 (grow cal),blocked,0.9010989010989011,0.9,0.001098901098901095,0.11764705882352941,0.9010989010989011,0.5093729799612152,0.06714285714285714,14
5,0,SAFE-MLP [task-rel],0.15,split CP (SAFE),exch,0.75,0.85,-0.09999999999999998,0.32727272727272727,0.75,0.5386363636363636,0.5333333333333333,18
5,0,SAFE-MLP [task-rel],0.15,ACI g=0.05 (grow cal),exch,0.8125,0.85,-0.03749999999999998,0.38181818181818183,0.8125,0.5971590909090909,0.518095238095238,21
5,0,SAFE-MLP [task-rel],0.15,split CP (SAFE),blocked,0.8901098901098901,0.85,0.04010989010989008,0.20168067226890757,0.8901098901098901,0.5458952811893988,0.3541666666666667,24
5,0,SAFE-MLP [task-rel],0.15,ACI g=0.05 (grow cal),blocked,0.8461538461538461,0.85,-0.0038461538461538325,0.2773109243697479,0.8461538461538461,0.561732385261797,0.26606060606060605,33
5,0,SAFE-MLP [task-rel],0.2,split CP (SAFE),exch,0.75,0.8,-0.050000000000000044,0.41818181818181815,0.75,0.5840909090909091,0.5182608695652173,23
5,0,SAFE-MLP [task-rel],0.2,ACI g=0.05 (grow cal),exch,0.75,0.8,-0.050000000000000044,0.43636363636363634,0.75,0.5931818181818181,0.46166666666666667,24
5,0,SAFE-MLP [task-rel],0.2,split CP (SAFE),blocked,0.8571428571428572,0.8,0.05714285714285716,0.36134453781512604,0.8571428571428572,0.6092436974789917,0.44558139534883723,43
5,0,SAFE-MLP [task-rel],0.2,ACI g=0.05 (grow cal),blocked,0.8021978021978022,0.8,0.00219780219780219,0.44537815126050423,0.8021978021978022,0.6237879767291532,0.3758490566037736,53
5,0,SAFE-MLP [task-rel],0.25,split CP (SAFE),exch,0.75,0.75,0.0,0.41818181818181815,0.75,0.5840909090909091,0.4617391304347826,23
5,0,SAFE-MLP [task-rel],0.25,ACI g=0.05 (grow cal),exch,0.6875,0.75,-0.0625,0.45454545454545453,0.6875,0.5710227272727273,0.3944,25
5,0,SAFE-MLP [task-rel],0.25,split CP (SAFE),blocked,0.8131868131868132,0.75,0.06318681318681318,0.40336134453781514,0.8131868131868132,0.6082740788623142,0.3695833333333334,48
5,0,SAFE-MLP [task-rel],0.25,ACI g=0.05 (grow cal),blocked,0.7582417582417582,0.75,0.008241758241758212,0.46218487394957986,0.7582417582417582,0.6102133160956691,0.3530909090909091,55
5,0,H&S,0.1,split CP (SAFE),exch,0.9375,0.9,0.03749999999999998,0.2909090909090909,0.9375,0.6142045454545455,0.76375,16
5,0,H&S,0.1,ACI g=0.05 (grow cal),exch,0.9375,0.9,0.03749999999999998,0.36363636363636365,0.9375,0.6505681818181819,0.758,20
5,0,H&S,0.1,split CP (SAFE),blocked,0.8351648351648352,0.9,-0.06483516483516483,0.29411764705882354,0.8351648351648352,0.5646412411118293,0.49028571428571427,35
5,0,H&S,0.1,ACI g=0.05 (grow cal),blocked,0.9010989010989011,0.9,0.001098901098901095,0.11764705882352941,0.9010989010989011,0.5093729799612152,0.16142857142857145,14
5,0,H&S,0.15,split CP (SAFE),exch,0.9375,0.85,0.08750000000000002,0.36363636363636365,0.9375,0.6505681818181819,0.7579999999999999,20
5,0,H&S,0.15,ACI g=0.05 (grow cal),exch,0.875,0.85,0.025000000000000022,0.4727272727272727,0.875,0.6738636363636363,0.7346153846153847,26
5,0,H&S,0.15,split CP (SAFE),blocked,0.8241758241758241,0.85,-0.025824175824175843,0.3697478991596639,0.8241758241758241,0.596961861667744,0.5595454545454547,44
5,0,H&S,0.15,ACI g=0.05 (grow cal),blocked,0.8461538461538461,0.85,-0.0038461538461538325,0.29411764705882354,0.8461538461538461,0.5701357466063348,0.4662857142857143,35
5,0,H&S,0.2,split CP (SAFE),exch,0.9375,0.8,0.13749999999999996,0.4,0.9375,0.66875,0.7745454545454546,22
5,0,H&S,0.2,ACI g=0.05 (grow cal),exch,0.8125,0.8,0.012499999999999956,0.6181818181818182,0.8125,0.7153409090909091,0.6052941176470588,34
5,0,H&S,0.2,split CP (SAFE),blocked,0.7692307692307692,0.8,-0.030769230769230882,0.4789915966386555,0.7692307692307692,0.6241111829347123,0.5975438596491228,57
5,0,H&S,0.2,ACI g=0.05 (grow cal),blocked,0.8021978021978022,0.8,0.00219780219780219,0.35294117647058826,0.8021978021978022,0.5775694893341953,0.49904761904761896,42
5,0,H&S,0.25,split CP (SAFE),exch,0.875,0.75,0.125,0.45454545454545453,0.875,0.6647727272727273,0.7959999999999999,25
5,0,H&S,0.25,ACI g=0.05 (grow cal),exch,0.75,0.75,0.0,0.6727272727272727,0.75,0.7113636363636364,0.5956756756756757,37
5,0,H&S,0.25,split CP (SAFE),blocked,0.7472527472527473,0.75,-0.0027472527472527375,0.5126050420168067,0.7472527472527473,0.629928894634777,0.6065573770491803,61
5,0,H&S,0.25,ACI g=0.05 (grow cal),blocked,0.7582417582417582,0.75,0.008241758241758212,0.453781512605042,0.7582417582417582,0.6060116354234001,0.5625925925925926,54
5,0,H&S [task-rel],0.1,split CP (SAFE),exch,0.9375,0.9,0.03749999999999998,0.2545454545454545,0.9375,0.5960227272727272,0.46428571428571414,14
5,0,H&S [task-rel],0.1,ACI g=0.05 (grow cal),exch,0.9375,0.9,0.03749999999999998,0.34545454545454546,0.9375,0.6414772727272727,0.5073684210526315,19
5,0,H&S [task-rel],0.1,split CP (SAFE),blocked,0.9010989010989011,0.9,0.001098901098901095,0.21008403361344538,0.9010989010989011,0.5555914673561733,0.4144,25
5,0,H&S [task-rel],0.1,ACI g=0.05 (grow cal),blocked,0.8791208791208791,0.9,-0.020879120879120916,0.20168067226890757,0.8791208791208791,0.5404007756948933,0.3908333333333333,24
5,0,H&S [task-rel],0.15,split CP (SAFE),exch,0.9375,0.85,0.08750000000000002,0.2909090909090909,0.9375,0.6142045454545455,0.45375,16
5,0,H&S [task-rel],0.15,ACI g=0.05 (grow cal),exch,0.8125,0.85,-0.03749999999999998,0.4727272727272727,0.8125,0.6426136363636363,0.49923076923076926,26
5,0,H&S [task-rel],0.15,split CP (SAFE),blocked,0.8461538461538461,0.85,-0.0038461538461538325,0.2689075630252101,0.8461538461538461,0.5575307045895281,0.388125,32
5,0,H&S [task-rel],0.15,ACI g=0.05 (grow cal),blocked,0.8351648351648352,0.85,-0.014835164835164782,0.25210084033613445,0.8351648351648352,0.5436328377504849,0.4173333333333333,30
5,0,H&S [task-rel],0.2,split CP (SAFE),exch,0.75,0.8,-0.050000000000000044,0.6181818181818182,0.75,0.6840909090909091,0.49352941176470594,34
5,0,H&S [task-rel],0.2,ACI g=0.05 (grow cal),exch,0.6875,0.8,-0.11250000000000004,0.6545454545454545,0.6875,0.6710227272727273,0.47333333333333333,36
5,0,H&S [task-rel],0.2,split CP (SAFE),blocked,0.7032967032967032,0.8,-0.0967032967032968,0.5714285714285714,0.7032967032967032,0.6373626373626373,0.4294117647058823,68
5,0,H&S [task-rel],0.2,ACI g=0.05 (grow cal),blocked,0.7912087912087912,0.8,-0.008791208791208871,0.31092436974789917,0.7912087912087912,0.5510665804783452,0.4167567567567567,37
5,0,H&S [task-rel],0.25,split CP (SAFE),exch,0.75,0.75,0.0,0.6909090909090909,0.75,0.7204545454545455,0.4578947368421053,38
5,0,H&S [task-rel],0.25,ACI g=0.05 (grow cal),exch,0.6875,0.75,-0.0625,0.7636363636363637,0.6875,0.7255681818181818,0.4814285714285715,42
5,0,H&S [task-rel],0.25,split CP (SAFE),blocked,0.5384615384615384,0.75,-0.21153846153846156,0.6890756302521008,0.5384615384615384,0.6137685843568197,0.39560975609756094,82
5,0,H&S [task-rel],0.25,ACI g=0.05 (grow cal),blocked,0.7472527472527473,0.75,-0.0027472527472527375,0.453781512605042,0.7472527472527473,0.6005171299288946,0.4211111111111111,54
5,0,SAFE-Embed,0.1,split CP (SAFE),exch,1.0,0.9,0.09999999999999998,0.4909090909090909,1.0,0.7454545454545455,0.6111111111111112,27
5,0,SAFE-Embed,0.1,ACI g=0.05 (grow cal),exch,0.9375,0.9,0.03749999999999998,0.5454545454545454,0.9375,0.7414772727272727,0.5046666666666667,30
5,0,SAFE-Embed,0.1,split CP (SAFE),blocked,0.01098901098901095,0.9,-0.8890109890109891,0.957983193277311,0.01098901098901095,0.48448610213316096,0.2156140350877193,114
5,0,SAFE-Embed,0.1,ACI g=0.05 (grow cal),blocked,0.8571428571428572,0.9,-0.042857142857142816,0.5714285714285714,0.8571428571428572,0.7142857142857143,0.8652941176470588,68
5,0,SAFE-Embed,0.15,split CP (SAFE),exch,0.9375,0.85,0.08750000000000002,0.5454545454545454,0.9375,0.7414772727272727,0.5406666666666666,30
5,0,SAFE-Embed,0.15,ACI g=0.05 (grow cal),exch,0.875,0.85,0.025000000000000022,0.6181818181818182,0.875,0.7465909090909091,0.49705882352941183,34
5,0,SAFE-Embed,0.15,split CP (SAFE),blocked,0.0,0.85,-0.85,0.9747899159663865,0.0,0.48739495798319327,0.17948275862068966,116
5,0,SAFE-Embed,0.15,ACI g=0.05 (grow cal),blocked,0.8351648351648352,0.85,-0.014835164835164782,0.6302521008403361,0.8351648351648352,0.7327084680025857,0.8517333333333333,75
5,0,SAFE-Embed,0.2,split CP (SAFE),exch,0.75,0.8,-0.050000000000000044,0.7272727272727273,0.75,0.7386363636363636,0.493,40
5,0,SAFE-Embed,0.2,ACI g=0.05 (grow cal),exch,0.75,0.8,-0.050000000000000044,0.7818181818181819,0.75,0.7659090909090909,0.48279069767441857,43
5,0,SAFE-Embed,0.2,split CP (SAFE),blocked,0.0,0.8,-0.8,1.0,0.0,0.5,0.02033613445378151,119
5,0,SAFE-Embed,0.2,ACI g=0.05 (grow cal),blocked,0.7802197802197802,0.8,-0.01978021978021982,0.6470588235294118,0.7802197802197802,0.713639301874596,0.8706493506493508,77
5,0,SAFE-Embed,0.25,split CP (SAFE),exch,0.75,0.75,0.0,0.7818181818181819,0.75,0.7659090909090909,0.47441860465116287,43
5,0,SAFE-Embed,0.25,ACI g=0.05 (grow cal),exch,0.625,0.75,-0.125,0.8,0.625,0.7125,0.46318181818181814,44
5,0,SAFE-Embed,0.25,split CP (SAFE),blocked,0.0,0.75,-0.75,1.0,0.0,0.5,0.0036974789915966387,119
5,0,SAFE-Embed,0.25,ACI g=0.05 (grow cal),blocked,0.7472527472527473,0.75,-0.0027472527472527375,0.6890756302521008,0.7472527472527473,0.718164188752424,0.8470731707317074,82
5,0,SAFE-Embed [task-rel],0.1,split CP (SAFE),exch,0.9375,0.9,0.03749999999999998,0.4909090909090909,0.9375,0.7142045454545455,0.6133333333333334,27
5,0,SAFE-Embed [task-rel],0.1,ACI g=0.05 (grow cal),exch,0.9375,0.9,0.03749999999999998,0.45454545454545453,0.9375,0.6960227272727273,0.6183999999999998,25
5,0,SAFE-Embed [task-rel],0.1,split CP (SAFE),blocked,1.0,0.9,0.09999999999999998,0.10084033613445378,1.0,0.5504201680672269,0.795,12
5,0,SAFE-Embed [task-rel],0.1,ACI g=0.05 (grow cal),blocked,0.9340659340659341,0.9,0.034065934065934056,0.3025210084033613,0.9340659340659341,0.6182934712346477,0.7522222222222222,36
5,0,SAFE-Embed [task-rel],0.15,split CP (SAFE),exch,0.9375,0.85,0.08750000000000002,0.4909090909090909,0.9375,0.7142045454545455,0.5888888888888888,27
5,0,SAFE-Embed [task-rel],0.15,ACI g=0.05 (grow cal),exch,0.9375,0.85,0.08750000000000002,0.5272727272727272,0.9375,0.7323863636363637,0.5772413793103448,29
5,0,SAFE-Embed [task-rel],0.15,split CP (SAFE),blocked,0.989010989010989,0.85,0.13901098901098907,0.11764705882352941,0.989010989010989,0.5533290239172592,0.6542857142857142,14
5,0,SAFE-Embed [task-rel],0.15,ACI g=0.05 (grow cal),blocked,0.9120879120879121,0.85,0.06208791208791209,0.37815126050420167,0.9120879120879121,0.6451195862960568,0.49466666666666664,45
5,0,SAFE-Embed [task-rel],0.2,split CP (SAFE),exch,0.875,0.8,0.07499999999999996,0.5818181818181818,0.875,0.7284090909090909,0.58625,32
5,0,SAFE-Embed [task-rel],0.2,ACI g=0.05 (grow cal),exch,0.875,0.8,0.07499999999999996,0.5818181818181818,0.875,0.7284090909090909,0.58125,32
5,0,SAFE-Embed [task-rel],0.2,split CP (SAFE),blocked,0.978021978021978,0.8,0.17802197802197794,0.2773109243697479,0.978021978021978,0.627666451195863,0.8266666666666667,33
5,0,SAFE-Embed [task-rel],0.2,ACI g=0.05 (grow cal),blocked,0.8681318681318682,0.8,0.06813186813186811,0.46218487394957986,0.8681318681318682,0.6651583710407241,0.6258181818181819,55
5,0,SAFE-Embed [task-rel],0.25,split CP (SAFE),exch,0.8125,0.75,0.0625,0.5818181818181818,0.8125,0.6971590909090909,0.576875,32
5,0,SAFE-Embed [task-rel],0.25,ACI g=0.05 (grow cal),exch,0.8125,0.75,0.0625,0.5818181818181818,0.8125,0.6971590909090909,0.575625,32
5,0,SAFE-Embed [task-rel],0.25,split CP (SAFE),blocked,0.9560439560439561,0.75,0.2060439560439561,0.2773109243697479,0.9560439560439561,0.616677440206852,0.8163636363636363,33
5,0,SAFE-Embed [task-rel],0.25,ACI g=0.05 (grow cal),blocked,0.8021978021978022,0.75,0.052197802197802234,0.5126050420168067,0.8021978021978022,0.6574014221073045,0.5432786885245903,61
5,0,hand:cum_mean_token_entropy,0.1,split CP (SAFE),exch,0.8125,0.9,-0.08750000000000002,0.18181818181818182,0.8125,0.49715909090909094,0.55,10
5,0,hand:cum_mean_token_entropy,0.1,ACI g=0.05 (grow cal),exch,0.8125,0.9,-0.08750000000000002,0.12727272727272726,0.8125,0.4698863636363636,0.5371428571428571,7
5,0,hand:cum_mean_token_entropy,0.1,split CP (SAFE),blocked,0.9230769230769231,0.9,0.023076923076923106,0.17647058823529413,0.9230769230769231,0.5497737556561086,0.47523809523809535,21
5,0,hand:cum_mean_token_entropy,0.1,ACI g=0.05 (grow cal),blocked,0.9010989010989011,0.9,0.001098901098901095,0.18487394957983194,0.9010989010989011,0.5429864253393666,0.521818181818182,22
5,0,hand:cum_mean_token_entropy,0.15,split CP (SAFE),exch,0.8125,0.85,-0.03749999999999998,0.2545454545454545,0.8125,0.5335227272727272,0.5042857142857142,14
5,0,hand:cum_mean_token_entropy,0.15,ACI g=0.05 (grow cal),exch,0.8125,0.85,-0.03749999999999998,0.23636363636363636,0.8125,0.5244318181818182,0.5123076923076924,13
5,0,hand:cum_mean_token_entropy,0.15,split CP (SAFE),blocked,0.8351648351648352,0.85,-0.014835164835164782,0.33613445378151263,0.8351648351648352,0.5856496444731739,0.5765,40
5,0,hand:cum_mean_token_entropy,0.15,ACI g=0.05 (grow cal),blocked,0.8681318681318682,0.85,0.01813186813186818,0.2689075630252101,0.8681318681318682,0.5685197155785391,0.5675,32
5,0,hand:cum_mean_token_entropy,0.2,split CP (SAFE),exch,0.8125,0.8,0.012499999999999956,0.2909090909090909,0.8125,0.5517045454545455,0.49000000000000005,16
5,0,hand:cum_mean_token_entropy,0.2,ACI g=0.05 (grow cal),exch,0.8125,0.8,0.012499999999999956,0.3090909090909091,0.8125,0.5607954545454545,0.49058823529411777,17
5,0,hand:cum_mean_token_entropy,0.2,split CP (SAFE),blocked,0.7692307692307692,0.8,-0.030769230769230882,0.3865546218487395,0.7692307692307692,0.5778926955397543,0.5817391304347826,46
5,0,hand:cum_mean_token_entropy,0.2,ACI g=0.05 (grow cal),blocked,0.8241758241758241,0.8,0.02417582417582409,0.3025210084033613,0.8241758241758241,0.5633484162895928,0.6316666666666667,36
5,0,hand:cum_mean_token_entropy,0.25,split CP (SAFE),exch,0.8125,0.75,0.0625,0.32727272727272727,0.8125,0.5698863636363636,0.4855555555555556,18
5,0,hand:cum_mean_token_entropy,0.25,ACI g=0.05 (grow cal),exch,0.75,0.75,0.0,0.32727272727272727,0.75,0.5386363636363636,0.43222222222222223,18
5,0,hand:cum_mean_token_entropy,0.25,split CP (SAFE),blocked,0.7582417582417582,0.75,0.008241758241758212,0.3949579831932773,0.7582417582417582,0.5765998707175177,0.5714893617021276,47
5,0,hand:cum_mean_token_entropy,0.25,ACI g=0.05 (grow cal),blocked,0.7912087912087912,0.75,0.04120879120879117,0.3445378151260504,0.7912087912087912,0.5678733031674208,0.5575609756097561,41
5,0,hand:cum_mean_token_entropy [task-rel],0.1,split CP (SAFE),exch,0.6875,0.9,-0.21250000000000002,0.32727272727272727,0.6875,0.5073863636363636,0.2466666666666667,18
5,0,hand:cum_mean_token_entropy [task-rel],0.1,ACI g=0.05 (grow cal),exch,0.8125,0.9,-0.08750000000000002,0.18181818181818182,0.8125,0.49715909090909094,0.168,10
5,0,hand:cum_mean_token_entropy [task-rel],0.1,split CP (SAFE),blocked,0.7912087912087912,0.9,-0.10879120879120885,0.31932773109243695,0.7912087912087912,0.5552682611506141,0.2799999999999999,38
5,0,hand:cum_mean_token_entropy [task-rel],0.1,ACI g=0.05 (grow cal),blocked,0.8901098901098901,0.9,-0.009890109890109966,0.15126050420168066,0.8901098901098901,0.5206851971557853,0.24888888888888885,18
5,0,hand:cum_mean_token_entropy [task-rel],0.15,split CP (SAFE),exch,0.875,0.85,0.025000000000000022,0.3090909090909091,0.875,0.5920454545454545,0.21529411764705883,17
5,0,hand:cum_mean_token_entropy [task-rel],0.15,ACI g=0.05 (grow cal),exch,0.875,0.85,0.025000000000000022,0.32727272727272727,0.875,0.6011363636363636,0.21333333333333335,18
5,0,hand:cum_mean_token_entropy [task-rel],0.15,split CP (SAFE),blocked,0.8681318681318682,0.85,0.01813186813186818,0.2857142857142857,0.8681318681318682,0.5769230769230769,0.22999999999999998,34
5,0,hand:cum_mean_token_entropy [task-rel],0.15,ACI g=0.05 (grow cal),blocked,0.8571428571428572,0.85,0.0071428571428572285,0.21008403361344538,0.8571428571428572,0.5336134453781513,0.24160000000000004,25
5,0,hand:cum_mean_token_entropy [task-rel],0.2,split CP (SAFE),exch,0.8125,0.8,0.012499999999999956,0.34545454545454546,0.8125,0.5789772727272727,0.22736842105263164,19
5,0,hand:cum_mean_token_entropy [task-rel],0.2,ACI g=0.05 (grow cal),exch,0.8125,0.8,0.012499999999999956,0.32727272727272727,0.8125,0.5698863636363636,0.21444444444444444,18
5,0,hand:cum_mean_token_entropy [task-rel],0.2,split CP (SAFE),blocked,0.8571428571428572,0.8,0.05714285714285716,0.31092436974789917,0.8571428571428572,0.5840336134453782,0.2648648648648648,37
5,0,hand:cum_mean_token_entropy [task-rel],0.2,ACI g=0.05 (grow cal),blocked,0.8131868131868132,0.8,0.01318681318681314,0.3445378151260504,0.8131868131868132,0.5788623141564317,0.24829268292682927,41
5,0,hand:cum_mean_token_entropy [task-rel],0.25,split CP (SAFE),exch,0.6875,0.75,-0.0625,0.4909090909090909,0.6875,0.5892045454545455,0.23111111111111107,27
5,0,hand:cum_mean_token_entropy [task-rel],0.25,ACI g=0.05 (grow cal),exch,0.75,0.75,0.0,0.4,0.75,0.575,0.23454545454545456,22
5,0,hand:cum_mean_token_entropy [task-rel],0.25,split CP (SAFE),blocked,0.6593406593406593,0.75,-0.09065934065934067,0.47058823529411764,0.6593406593406593,0.5649644473173885,0.21714285714285714,56
5,0,hand:cum_mean_token_entropy [task-rel],0.25,ACI g=0.05 (grow cal),blocked,0.7582417582417582,0.75,0.008241758241758212,0.3949579831932773,0.7582417582417582,0.5765998707175177,0.25276595744680846,47
5,0,hand:mean_token_entropy,0.1,split CP (SAFE),exch,0.625,0.9,-0.275,0.16363636363636364,0.625,0.3943181818181818,0.3288888888888889,9
5,0,hand:mean_token_entropy,0.1,ACI g=0.05 (grow cal),exch,0.8125,0.9,-0.08750000000000002,0.07272727272727272,0.8125,0.4426136363636364,0.3,4
5,0,hand:mean_token_entropy,0.1,split CP (SAFE),blocked,0.8571428571428572,0.9,-0.042857142857142816,0.11764705882352941,0.8571428571428572,0.4873949579831933,0.31,14
5,0,hand:mean_token_entropy,0.1,ACI g=0.05 (grow cal),blocked,0.8681318681318682,0.9,-0.031868131868131866,0.06722689075630252,0.8681318681318682,0.46767937944408533,0.5375000000000001,8
5,0,hand:mean_token_entropy,0.15,split CP (SAFE),exch,0.6875,0.85,-0.16249999999999998,0.12727272727272726,0.6875,0.4073863636363636,0.3685714285714286,7
5,0,hand:mean_token_entropy,0.15,ACI g=0.05 (grow cal),exch,0.6875,0.85,-0.16249999999999998,0.05454545454545454,0.6875,0.3710227272727273,0.3666666666666667,3
5,0,hand:mean_token_entropy,0.15,split CP (SAFE),blocked,0.8021978021978022,0.85,-0.04780219780219774,0.14285714285714285,0.8021978021978022,0.4725274725274725,0.39882352941176474,17
5,0,hand:mean_token_entropy,0.15,ACI g=0.05 (grow cal),blocked,0.8241758241758241,0.85,-0.025824175824175843,0.07563025210084033,0.8241758241758241,0.4499030381383322,0.5955555555555555,9
5,0,hand:mean_token_entropy,0.2,split CP (SAFE),exch,0.5625,0.8,-0.23750000000000004,0.16363636363636364,0.5625,0.3630681818181818,0.37555555555555553,9
5,0,hand:mean_token_entropy,0.2,ACI g=0.05 (grow cal),exch,0.6875,0.8,-0.11250000000000004,0.09090909090909091,0.6875,0.38920454545454547,0.368,5
5,0,hand:mean_token_entropy,0.2,split CP (SAFE),blocked,0.8021978021978022,0.8,0.00219780219780219,0.15126050420168066,0.8021978021978022,0.47672915319974146,0.4077777777777778,18
5,0,hand:mean_token_entropy,0.2,ACI g=0.05 (grow cal),blocked,0.7912087912087912,0.8,-0.008791208791208871,0.16806722689075632,0.7912087912087912,0.4796380090497737,0.37099999999999994,20
5,0,hand:mean_token_entropy,0.25,split CP (SAFE),exch,0.5625,0.75,-0.1875,0.23636363636363636,0.5625,0.39943181818181817,0.3661538461538462,13
5,0,hand:mean_token_entropy,0.25,ACI g=0.05 (grow cal),exch,0.625,0.75,-0.125,0.16363636363636364,0.625,0.3943181818181818,0.3733333333333333,9
5,0,hand:mean_token_entropy,0.25,split CP (SAFE),blocked,0.7802197802197802,0.75,0.030219780219780223,0.17647058823529413,0.7802197802197802,0.4783451842275372,0.3895238095238095,21
5,0,hand:mean_token_entropy,0.25,ACI g=0.05 (grow cal),blocked,0.7472527472527473,0.75,-0.0027472527472527375,0.20168067226890757,0.7472527472527473,0.4744667097608274,0.3558333333333334,24
5,0,hand:mean_token_entropy [task-rel],0.1,split CP (SAFE),exch,0.875,0.9,-0.025000000000000022,0.10909090909090909,0.875,0.49204545454545456,0.11333333333333334,6
5,0,hand:mean_token_entropy [task-rel],0.1,ACI g=0.05 (grow cal),exch,0.875,0.9,-0.025000000000000022,0.07272727272727272,0.875,0.4738636363636364,0.12000000000000001,4
5,0,hand:mean_token_entropy [task-rel],0.1,split CP (SAFE),blocked,0.9120879120879121,0.9,0.012087912087912045,0.09243697478991597,0.9120879120879121,0.502262443438914,0.19090909090909092,11
5,0,hand:mean_token_entropy [task-rel],0.1,ACI g=0.05 (grow cal),blocked,0.8901098901098901,0.9,-0.009890109890109966,0.11764705882352941,0.8901098901098901,0.5038784744667097,0.22285714285714286,14
5,0,hand:mean_token_entropy [task-rel],0.15,split CP (SAFE),exch,0.875,0.85,0.025000000000000022,0.14545454545454545,0.875,0.5102272727272728,0.1625,8
5,0,hand:mean_token_entropy [task-rel],0.15,ACI g=0.05 (grow cal),exch,0.875,0.85,0.025000000000000022,0.10909090909090909,0.875,0.49204545454545456,0.11333333333333334,6
5,0,hand:mean_token_entropy [task-rel],0.15,split CP (SAFE),blocked,0.8351648351648352,0.85,-0.014835164835164782,0.15966386554621848,0.8351648351648352,0.49741435035552684,0.24210526315789477,19
5,0,hand:mean_token_entropy [task-rel],0.15,ACI g=0.05 (grow cal),blocked,0.8351648351648352,0.85,-0.014835164835164782,0.19327731092436976,0.8351648351648352,0.5142210730446025,0.20782608695652166,23
5,0,hand:mean_token_entropy [task-rel],0.2,split CP (SAFE),exch,0.75,0.8,-0.050000000000000044,0.2,0.75,0.475,0.30363636363636365,11
5,0,hand:mean_token_entropy [task-rel],0.2,ACI g=0.05 (grow cal),exch,0.8125,0.8,0.012499999999999956,0.18181818181818182,0.8125,0.49715909090909094,0.29400000000000004,10
5,0,hand:mean_token_entropy [task-rel],0.2,split CP (SAFE),blocked,0.7582417582417582,0.8,-0.04175824175824183,0.2184873949579832,0.7582417582417582,0.4883645765998707,0.38538461538461544,26
5,0,hand:mean_token_entropy [task-rel],0.2,ACI g=0.05 (grow cal),blocked,0.7912087912087912,0.8,-0.008791208791208871,0.19327731092436976,0.7912087912087912,0.49224305106658045,0.3991304347826087,23
5,0,hand:mean_token_entropy [task-rel],0.25,split CP (SAFE),exch,0.75,0.75,0.0,0.2,0.75,0.475,0.29454545454545455,11
5,0,hand:mean_token_entropy [task-rel],0.25,ACI g=0.05 (grow cal),exch,0.75,0.75,0.0,0.2,0.75,0.475,0.30909090909090914,11
5,0,hand:mean_token_entropy [task-rel],0.25,split CP (SAFE),blocked,0.7472527472527473,0.75,-0.0027472527472527375,0.226890756302521,0.7472527472527473,0.4870717517776341,0.3866666666666667,27
5,0,hand:mean_token_entropy [task-rel],0.25,ACI g=0.05 (grow cal),blocked,0.7472527472527473,0.75,-0.0027472527472527375,0.2605042016806723,0.7472527472527473,0.5038784744667097,0.30774193548387097,31
5,0,hand:cum_max_token_entropy,0.1,split CP (SAFE),exch,0.875,0.9,-0.025000000000000022,0.18181818181818182,0.875,0.5284090909090909,0.37599999999999995,10
5,0,hand:cum_max_token_entropy,0.1,ACI g=0.05 (grow cal),exch,0.875,0.9,-0.025000000000000022,0.2,0.875,0.5375,0.37454545454545457,11
5,0,hand:cum_max_token_entropy,0.1,split CP (SAFE),blocked,0.8571428571428572,0.9,-0.042857142857142816,0.31932773109243695,0.8571428571428572,0.5882352941176471,0.46105263157894744,38
5,0,hand:cum_max_token_entropy,0.1,ACI g=0.05 (grow cal),blocked,0.9120879120879121,0.9,0.012087912087912045,0.17647058823529413,0.9120879120879121,0.5442792501616031,0.4352380952380952,21
5,0,hand:cum_max_token_entropy,0.15,split CP (SAFE),exch,0.8125,0.85,-0.03749999999999998,0.2,0.8125,0.50625,0.3054545454545455,11
5,0,hand:cum_max_token_entropy,0.15,ACI g=0.05 (grow cal),exch,0.8125,0.85,-0.03749999999999998,0.2727272727272727,0.8125,0.5426136363636364,0.31333333333333335,15
5,0,hand:cum_max_token_entropy,0.15,split CP (SAFE),blocked,0.8131868131868132,0.85,-0.03681318681318679,0.3697478991596639,0.8131868131868132,0.5914673561732385,0.4854545454545455,44
5,0,hand:cum_max_token_entropy,0.15,ACI g=0.05 (grow cal),blocked,0.8791208791208791,0.85,0.02912087912087913,0.23529411764705882,0.8791208791208791,0.557207498383969,0.4392857142857144,28
5,0,hand:cum_max_token_entropy,0.2,split CP (SAFE),exch,0.75,0.8,-0.050000000000000044,0.2909090909090909,0.75,0.5204545454545455,0.3575,16
5,0,hand:cum_max_token_entropy,0.2,ACI g=0.05 (grow cal),exch,0.75,0.8,-0.050000000000000044,0.32727272727272727,0.75,0.5386363636363636,0.3622222222222222,18
5,0,hand:cum_max_token_entropy,0.2,split CP (SAFE),blocked,0.7582417582417582,0.8,-0.04175824175824183,0.42016806722689076,0.7582417582417582,0.5892049127343245,0.4175999999999999,50
5,0,hand:cum_max_token_entropy,0.2,ACI g=0.05 (grow cal),blocked,0.8461538461538461,0.8,0.0461538461538461,0.2689075630252101,0.8461538461538461,0.5575307045895281,0.460625,32
5,0,hand:cum_max_token_entropy,0.25,split CP (SAFE),exch,0.75,0.75,0.0,0.36363636363636365,0.75,0.5568181818181819,0.41600000000000004,20
5,0,hand:cum_max_token_entropy,0.25,ACI g=0.05 (grow cal),exch,0.6875,0.75,-0.0625,0.38181818181818183,0.6875,0.5346590909090909,0.38476190476190475,21
5,0,hand:cum_max_token_entropy,0.25,split CP (SAFE),blocked,0.6153846153846154,0.75,-0.13461538461538458,0.453781512605042,0.6153846153846154,0.5345830639948287,0.3481481481481481,54
5,0,hand:cum_max_token_entropy,0.25,ACI g=0.05 (grow cal),blocked,0.8021978021978022,0.75,0.052197802197802234,0.31092436974789917,0.8021978021978022,0.5565610859728507,0.4886486486486487,37
5,0,hand:cum_max_token_entropy [task-rel],0.1,split CP (SAFE),exch,0.9375,0.9,0.03749999999999998,0.36363636363636365,0.9375,0.6505681818181819,0.128,20
5,0,hand:cum_max_token_entropy [task-rel],0.1,ACI g=0.05 (grow cal),exch,0.875,0.9,-0.025000000000000022,0.38181818181818183,0.875,0.6284090909090909,0.12571428571428575,21
5,0,hand:cum_max_token_entropy [task-rel],0.1,split CP (SAFE),blocked,0.7802197802197802,0.9,-0.1197802197802198,0.29411764705882354,0.7802197802197802,0.5371687136393019,0.1891428571428571,35
5,0,hand:cum_max_token_entropy [task-rel],0.1,ACI g=0.05 (grow cal),blocked,0.8791208791208791,0.9,-0.020879120879120916,0.10084033613445378,0.8791208791208791,0.48998060762766643,0.26,12
5,0,hand:cum_max_token_entropy [task-rel],0.15,split CP (SAFE),exch,0.8125,0.85,-0.03749999999999998,0.43636363636363634,0.8125,0.6244318181818181,0.17833333333333334,24
5,0,hand:cum_max_token_entropy [task-rel],0.15,ACI g=0.05 (grow cal),exch,0.8125,0.85,-0.03749999999999998,0.43636363636363634,0.8125,0.6244318181818181,0.17916666666666667,24
5,0,hand:cum_max_token_entropy [task-rel],0.15,split CP (SAFE),blocked,0.7472527472527473,0.85,-0.10274725274725272,0.42857142857142855,0.7472527472527473,0.5879120879120879,0.17607843137254903,51
5,0,hand:cum_max_token_entropy [task-rel],0.15,ACI g=0.05 (grow cal),blocked,0.8571428571428572,0.85,0.0071428571428572285,0.16806722689075632,0.8571428571428572,0.5126050420168068,0.26799999999999996,20
5,0,hand:cum_max_token_entropy [task-rel],0.2,split CP (SAFE),exch,0.8125,0.8,0.012499999999999956,0.2727272727272727,0.8125,0.5426136363636364,0.29600000000000004,15
5,0,hand:cum_max_token_entropy [task-rel],0.2,ACI g=0.05 (grow cal),exch,0.8125,0.8,0.012499999999999956,0.36363636363636365,0.8125,0.5880681818181819,0.28300000000000003,20
5,0,hand:cum_max_token_entropy [task-rel],0.2,split CP (SAFE),blocked,0.7692307692307692,0.8,-0.030769230769230882,0.3025210084033613,0.7692307692307692,0.5358758888170653,0.30611111111111117,36
5,0,hand:cum_max_token_entropy [task-rel],0.2,ACI g=0.05 (grow cal),blocked,0.8131868131868132,0.8,0.01318681318681314,0.2857142857142857,0.8131868131868132,0.5494505494505495,0.3294117647058824,34
5,0,hand:cum_max_token_entropy [task-rel],0.25,split CP (SAFE),exch,0.6875,0.75,-0.0625,0.4727272727272727,0.6875,0.5801136363636363,0.26384615384615384,26
5,0,hand:cum_max_token_entropy [task-rel],0.25,ACI g=0.05 (grow cal),exch,0.75,0.75,0.0,0.41818181818181815,0.75,0.5840909090909091,0.26,23
5,0,hand:cum_max_token_entropy [task-rel],0.25,split CP (SAFE),blocked,0.6593406593406593,0.75,-0.09065934065934067,0.4117647058823529,0.6593406593406593,0.5355526826115061,0.30244897959183675,49
5,0,hand:cum_max_token_entropy [task-rel],0.25,ACI g=0.05 (grow cal),blocked,0.7582417582417582,0.75,0.008241758241758212,0.2857142857142857,0.7582417582417582,0.5219780219780219,0.3247058823529412,34
5,0,hand:cum_mean_token_prob,0.1,split CP (SAFE),exch,0.875,0.9,-0.025000000000000022,0.21818181818181817,0.875,0.5465909090909091,0.37666666666666665,12
5,0,hand:cum_mean_token_prob,0.1,ACI g=0.05 (grow cal),exch,0.875,0.9,-0.025000000000000022,0.21818181818181817,0.875,0.5465909090909091,0.375,12
5,0,hand:cum_mean_token_prob,0.1,split CP (SAFE),blocked,0.9230769230769231,0.9,0.023076923076923106,0.17647058823529413,0.9230769230769231,0.5497737556561086,0.47047619047619044,21
5,0,hand:cum_mean_token_prob,0.1,ACI g=0.05 (grow cal),blocked,0.9010989010989011,0.9,0.001098901098901095,0.18487394957983194,0.9010989010989011,0.5429864253393666,0.4436363636363636,22
5,0,hand:cum_mean_token_prob,0.15,split CP (SAFE),exch,0.75,0.85,-0.09999999999999998,0.23636363636363636,0.75,0.49318181818181817,0.34769230769230774,13
5,0,hand:cum_mean_token_prob,0.15,ACI g=0.05 (grow cal),exch,0.8125,0.85,-0.03749999999999998,0.23636363636363636,0.8125,0.5244318181818182,0.3707692307692308,13
5,0,hand:cum_mean_token_prob,0.15,split CP (SAFE),blocked,0.8791208791208791,0.85,0.02912087912087913,0.23529411764705882,0.8791208791208791,0.557207498383969,0.5121428571428572,28
5,0,hand:cum_mean_token_prob,0.15,ACI g=0.05 (grow cal),blocked,0.8571428571428572,0.85,0.0071428571428572285,0.2605042016806723,0.8571428571428572,0.5588235294117647,0.49999999999999994,31
5,0,hand:cum_mean_token_prob,0.2,split CP (SAFE),exch,0.75,0.8,-0.050000000000000044,0.2909090909090909,0.75,0.5204545454545455,0.43,16
5,0,hand:cum_mean_token_prob,0.2,ACI g=0.05 (grow cal),exch,0.75,0.8,-0.050000000000000044,0.2545454545454545,0.75,0.5022727272727272,0.3842857142857143,14
5,0,hand:cum_mean_token_prob,0.2,split CP (SAFE),blocked,0.8131868131868132,0.8,0.01318681318681314,0.35294117647058826,0.8131868131868132,0.5830639948287007,0.5233333333333333,42
5,0,hand:cum_mean_token_prob,0.2,ACI g=0.05 (grow cal),blocked,0.7912087912087912,0.8,-0.008791208791208871,0.31932773109243695,0.7912087912087912,0.5552682611506141,0.5336842105263158,38
5,0,hand:cum_mean_token_prob,0.25,split CP (SAFE),exch,0.75,0.75,0.0,0.3090909090909091,0.75,0.5295454545454545,0.39176470588235296,17
5,0,hand:cum_mean_token_prob,0.25,ACI g=0.05 (grow cal),exch,0.75,0.75,0.0,0.2909090909090909,0.75,0.5204545454545455,0.37875000000000003,16
5,0,hand:cum_mean_token_prob,0.25,split CP (SAFE),blocked,0.7802197802197802,0.75,0.030219780219780223,0.3697478991596639,0.7802197802197802,0.574983839689722,0.5181818181818182,44
5,0,hand:cum_mean_token_prob,0.25,ACI g=0.05 (grow cal),blocked,0.7472527472527473,0.75,-0.0027472527472527375,0.3865546218487395,0.7472527472527473,0.5669036845507434,0.4947826086956522,46
5,0,hand:cum_mean_token_prob [task-rel],0.1,split CP (SAFE),exch,0.75,0.9,-0.15000000000000002,0.32727272727272727,0.75,0.5386363636363636,0.25777777777777783,18
5,0,hand:cum_mean_token_prob [task-rel],0.1,ACI g=0.05 (grow cal),exch,0.8125,0.9,-0.08750000000000002,0.12727272727272726,0.8125,0.4698863636363636,0.3371428571428572,7
5,0,hand:cum_mean_token_prob [task-rel],0.1,split CP (SAFE),blocked,0.8681318681318682,0.9,-0.031868131868131866,0.31932773109243695,0.8681318681318682,0.5937297996121526,0.2905263157894737,38
5,0,hand:cum_mean_token_prob [task-rel],0.1,ACI g=0.05 (grow cal),blocked,0.9010989010989011,0.9,0.001098901098901095,0.18487394957983194,0.9010989010989011,0.5429864253393666,0.3554545454545455,22
5,0,hand:cum_mean_token_prob [task-rel],0.15,split CP (SAFE),exch,0.75,0.85,-0.09999999999999998,0.41818181818181815,0.75,0.5840909090909091,0.2269565217391305,23
5,0,hand:cum_mean_token_prob [task-rel],0.15,ACI g=0.05 (grow cal),exch,0.75,0.85,-0.09999999999999998,0.2,0.75,0.475,0.30363636363636365,11
5,0,hand:cum_mean_token_prob [task-rel],0.15,split CP (SAFE),blocked,0.8131868131868132,0.85,-0.03681318681318679,0.42857142857142855,0.8131868131868132,0.6208791208791209,0.2984313725490196,51
5,0,hand:cum_mean_token_prob [task-rel],0.15,ACI g=0.05 (grow cal),blocked,0.8571428571428572,0.85,0.0071428571428572285,0.31092436974789917,0.8571428571428572,0.5840336134453782,0.3237837837837838,37
5,0,hand:cum_mean_token_prob [task-rel],0.2,split CP (SAFE),exch,0.75,0.8,-0.050000000000000044,0.45454545454545453,0.75,0.6022727272727273,0.1928,25
5,0,hand:cum_mean_token_prob [task-rel],0.2,ACI g=0.05 (grow cal),exch,0.75,0.8,-0.050000000000000044,0.36363636363636365,0.75,0.5568181818181819,0.23500000000000004,20
5,0,hand:cum_mean_token_prob [task-rel],0.2,split CP (SAFE),blocked,0.7252747252747253,0.8,-0.07472527472527479,0.46218487394957986,0.7252747252747253,0.5937297996121526,0.23781818181818182,55
5,0,hand:cum_mean_token_prob [task-rel],0.2,ACI g=0.05 (grow cal),blocked,0.8131868131868132,0.8,0.01318681318681314,0.31092436974789917,0.8131868131868132,0.5620555914673562,0.29621621621621613,37
5,0,hand:cum_mean_token_prob [task-rel],0.25,split CP (SAFE),exch,0.625,0.75,-0.125,0.509090909090909,0.625,0.5670454545454545,0.13571428571428573,28
5,0,hand:cum_mean_token_prob [task-rel],0.25,ACI g=0.05 (grow cal),exch,0.75,0.75,0.0,0.36363636363636365,0.75,0.5568181818181819,0.16300000000000003,20
5,0,hand:cum_mean_token_prob [task-rel],0.25,split CP (SAFE),blocked,0.5714285714285714,0.75,-0.1785714285714286,0.5378151260504201,0.5714285714285714,0.5546218487394958,0.21375,64
5,0,hand:cum_mean_token_prob [task-rel],0.25,ACI g=0.05 (grow cal),blocked,0.7582417582417582,0.75,0.008241758241758212,0.42857142857142855,0.7582417582417582,0.5934065934065934,0.2607843137254902,51
5,0,hand:cum_dpos,0.1,split CP (SAFE),exch,1.0,0.9,0.09999999999999998,0.21818181818181817,1.0,0.6090909090909091,0.07333333333333335,12
5,0,hand:cum_dpos,0.1,ACI g=0.05 (grow cal),exch,1.0,0.9,0.09999999999999998,0.23636363636363636,1.0,0.6181818181818182,0.06461538461538462,13
5,0,hand:cum_dpos,0.1,split CP (SAFE),blocked,0.8901098901098901,0.9,-0.009890109890109966,0.21008403361344538,0.8901098901098901,0.5500969618616677,0.049600000000000005,25
5,0,hand:cum_dpos,0.1,ACI g=0.05 (grow cal),blocked,0.9010989010989011,0.9,0.001098901098901095,0.20168067226890757,0.9010989010989011,0.5513897866839044,0.12,24
5,0,hand:cum_dpos,0.15,split CP (SAFE),exch,1.0,0.85,0.15000000000000002,0.23636363636363636,1.0,0.6181818181818182,0.14307692307692307,13
5,0,hand:cum_dpos,0.15,ACI g=0.05 (grow cal),exch,0.9375,0.85,0.08750000000000002,0.2545454545454545,0.9375,0.5960227272727272,0.12000000000000001,14
5,0,hand:cum_dpos,0.15,split CP (SAFE),blocked,0.8791208791208791,0.85,0.02912087912087913,0.2773109243697479,0.8791208791208791,0.5782159017453135,0.18000000000000002,33
5,0,hand:cum_dpos,0.15,ACI g=0.05 (grow cal),blocked,0.8461538461538461,0.85,-0.0038461538461538325,0.20168067226890757,0.8461538461538461,0.5239172592113769,0.22083333333333333,24
5,0,hand:cum_dpos,0.2,split CP (SAFE),exch,1.0,0.8,0.19999999999999996,0.2545454545454545,1.0,0.6272727272727272,0.11857142857142858,14
5,0,hand:cum_dpos,0.2,ACI g=0.05 (grow cal),exch,0.875,0.8,0.07499999999999996,0.2545454545454545,0.875,0.5647727272727272,0.10428571428571429,14
5,0,hand:cum_dpos,0.2,split CP (SAFE),blocked,0.8131868131868132,0.8,0.01318681318681314,0.31932773109243695,0.8131868131868132,0.5662572721396251,0.16736842105263153,38
5,0,hand:cum_dpos,0.2,ACI g=0.05 (grow cal),blocked,0.8131868131868132,0.8,0.01318681318681314,0.2605042016806723,0.8131868131868132,0.5368455074337427,0.18387096774193543,31
5,0,hand:cum_dpos,0.25,split CP (SAFE),exch,0.875,0.75,0.125,0.2545454545454545,0.875,0.5647727272727272,0.10714285714285714,14
5,0,hand:cum_dpos,0.25,ACI g=0.05 (grow cal),exch,0.875,0.75,0.125,0.2727272727272727,0.875,0.5738636363636364,0.09333333333333332,15
5,0,hand:cum_dpos,0.25,split CP (SAFE),blocked,0.8021978021978022,0.75,0.052197802197802234,0.3445378151260504,0.8021978021978022,0.5733678086619263,0.17219512195121953,41
5,0,hand:cum_dpos,0.25,ACI g=0.05 (grow cal),blocked,0.7802197802197802,0.75,0.030219780219780223,0.35294117647058826,0.7802197802197802,0.5665804783451842,0.16428571428571428,42
5,0,hand:cum_dpos [task-rel],0.1,split CP (SAFE),exch,0.5625,0.9,-0.3375,0.18181818181818182,0.5625,0.37215909090909094,0.188,10
5,0,hand:cum_dpos [task-rel],0.1,ACI g=0.05 (grow cal),exch,0.8125,0.9,-0.08750000000000002,0.10909090909090909,0.8125,0.46079545454545456,0.27666666666666667,6
5,0,hand:cum_dpos [task-rel],0.1,split CP (SAFE),blocked,0.8791208791208791,0.9,-0.020879120879120916,0.16806722689075632,0.8791208791208791,0.5235940530058177,0.139,20
5,0,hand:cum_dpos [task-rel],0.1,ACI g=0.05 (grow cal),blocked,0.9010989010989011,0.9,0.001098901098901095,0.18487394957983194,0.9010989010989011,0.5429864253393666,0.13181818181818183,22
5,0,hand:cum_dpos [task-rel],0.15,split CP (SAFE),exch,0.5625,0.85,-0.2875,0.21818181818181817,0.5625,0.39034090909090907,0.18666666666666665,12
5,0,hand:cum_dpos [task-rel],0.15,ACI g=0.05 (grow cal),exch,0.75,0.85,-0.09999999999999998,0.16363636363636364,0.75,0.4568181818181818,0.1733333333333333,9
5,0,hand:cum_dpos [task-rel],0.15,split CP (SAFE),blocked,0.9010989010989011,0.85,0.05109890109890114,0.17647058823529413,0.9010989010989011,0.5387847446670976,0.14380952380952383,21
5,0,hand:cum_dpos [task-rel],0.15,ACI g=0.05 (grow cal),blocked,0.8461538461538461,0.85,-0.0038461538461538325,0.21008403361344538,0.8461538461538461,0.5281189398836458,0.16,25
5,0,hand:cum_dpos [task-rel],0.2,split CP (SAFE),exch,0.4375,0.8,-0.36250000000000004,0.23636363636363636,0.4375,0.33693181818181817,0.23538461538461536,13
5,0,hand:cum_dpos [task-rel],0.2,ACI g=0.05 (grow cal),exch,0.75,0.8,-0.050000000000000044,0.21818181818181817,0.75,0.48409090909090907,0.20666666666666667,12
5,0,hand:cum_dpos [task-rel],0.2,split CP (SAFE),blocked,0.8241758241758241,0.8,0.02417582417582409,0.19327731092436976,0.8241758241758241,0.5087265675500969,0.19826086956521738,23
5,0,hand:cum_dpos [task-rel],0.2,ACI g=0.05 (grow cal),blocked,0.7912087912087912,0.8,-0.008791208791208871,0.2689075630252101,0.7912087912087912,0.5300581771170007,0.146875,32
5,0,hand:cum_dpos [task-rel],0.25,split CP (SAFE),exch,0.4375,0.75,-0.3125,0.23636363636363636,0.4375,0.33693181818181817,0.23384615384615381,13
5,0,hand:cum_dpos [task-rel],0.25,ACI g=0.05 (grow cal),exch,0.6875,0.75,-0.0625,0.23636363636363636,0.6875,0.46193181818181817,0.25076923076923074,13
5,0,hand:cum_dpos [task-rel],0.25,split CP (SAFE),blocked,0.8131868131868132,0.75,0.06318681318681318,0.20168067226890757,0.8131868131868132,0.5074337427278603,0.2283333333333333,24
5,0,hand:cum_dpos [task-rel],0.25,ACI g=0.05 (grow cal),blocked,0.7472527472527473,0.75,-0.0027472527472527375,0.29411764705882354,0.7472527472527473,0.5206851971557854,0.16399999999999998,35
5,0,hand:cum_drot,0.1,split CP (SAFE),exch,0.875,0.9,-0.025000000000000022,0.14545454545454545,0.875,0.5102272727272728,0.175,8
5,0,hand:cum_drot,0.1,ACI g=0.05 (grow cal),exch,0.875,0.9,-0.025000000000000022,0.14545454545454545,0.875,0.5102272727272728,0.1675,8
5,0,hand:cum_drot,0.1,split CP (SAFE),blocked,0.8351648351648352,0.9,-0.06483516483516483,0.11764705882352941,0.8351648351648352,0.4764059469941823,0.23857142857142857,14
5,0,hand:cum_drot,0.1,ACI g=0.05 (grow cal),blocked,0.9230769230769231,0.9,0.023076923076923106,0.07563025210084033,0.9230769230769231,0.4993535875888817,0.3755555555555556,9
5,0,hand:cum_drot,0.15,split CP (SAFE),exch,0.875,0.85,0.025000000000000022,0.21818181818181817,0.875,0.5465909090909091,0.30000000000000004,12
5,0,hand:cum_drot,0.15,ACI g=0.05 (grow cal),exch,0.875,0.85,0.025000000000000022,0.21818181818181817,0.875,0.5465909090909091,0.29000000000000004,12
5,0,hand:cum_drot,0.15,split CP (SAFE),blocked,0.8241758241758241,0.85,-0.025824175824175843,0.23529411764705882,0.8241758241758241,0.5297349709114415,0.41785714285714287,28
5,0,hand:cum_drot,0.15,ACI g=0.05 (grow cal),blocked,0.8791208791208791,0.85,0.02912087912087913,0.14285714285714285,0.8791208791208791,0.510989010989011,0.4894117647058824,17
5,0,hand:cum_drot,0.2,split CP (SAFE),exch,0.8125,0.8,0.012499999999999956,0.2727272727272727,0.8125,0.5426136363636364,0.36266666666666664,15
5,0,hand:cum_drot,0.2,ACI g=0.05 (grow cal),exch,0.8125,0.8,0.012499999999999956,0.23636363636363636,0.8125,0.5244318181818182,0.3246153846153846,13
5,0,hand:cum_drot,0.2,split CP (SAFE),blocked,0.8021978021978022,0.8,0.00219780219780219,0.23529411764705882,0.8021978021978022,0.5187459599224306,0.3664285714285715,28
5,0,hand:cum_drot,0.2,ACI g=0.05 (grow cal),blocked,0.8241758241758241,0.8,0.02417582417582409,0.20168067226890757,0.8241758241758241,0.5129282482223658,0.45583333333333337,24
5,0,hand:cum_drot,0.25,split CP (SAFE),exch,0.75,0.75,0.0,0.32727272727272727,0.75,0.5386363636363636,0.38444444444444437,18
5,0,hand:cum_drot,0.25,ACI g=0.05 (grow cal),exch,0.75,0.75,0.0,0.3090909090909091,0.75,0.5295454545454545,0.39882352941176474,17
5,0,hand:cum_drot,0.25,split CP (SAFE),blocked,0.7802197802197802,0.75,0.030219780219780223,0.2773109243697479,0.7802197802197802,0.5287653522947641,0.2963636363636364,33
5,0,hand:cum_drot,0.25,ACI g=0.05 (grow cal),blocked,0.7692307692307692,0.75,0.019230769230769162,0.2605042016806723,0.7692307692307692,0.5148674854557207,0.3,31
5,0,hand:cum_drot [task-rel],0.1,split CP (SAFE),exch,0.6875,0.9,-0.21250000000000002,0.21818181818181817,0.6875,0.45284090909090907,0.27166666666666667,12
5,0,hand:cum_drot [task-rel],0.1,ACI g=0.05 (grow cal),exch,0.8125,0.9,-0.08750000000000002,0.14545454545454545,0.8125,0.47897727272727275,0.1875,8
5,0,hand:cum_drot [task-rel],0.1,split CP (SAFE),blocked,0.7912087912087912,0.9,-0.10879120879120885,0.3277310924369748,0.7912087912087912,0.559469941822883,0.34512820512820513,39
5,0,hand:cum_drot [task-rel],0.1,ACI g=0.05 (grow cal),blocked,0.9120879120879121,0.9,0.012087912087912045,0.13445378151260504,0.9120879120879121,0.5232708468002586,0.29375000000000007,16
5,0,hand:cum_drot [task-rel],0.15,split CP (SAFE),exch,0.625,0.85,-0.22499999999999998,0.2909090909090909,0.625,0.45795454545454545,0.3075,16
5,0,hand:cum_drot [task-rel],0.15,ACI g=0.05 (grow cal),exch,0.75,0.85,-0.09999999999999998,0.23636363636363636,0.75,0.49318181818181817,0.3107692307692308,13
5,0,hand:cum_drot [task-rel],0.15,split CP (SAFE),blocked,0.7032967032967032,0.85,-0.14670329670329674,0.3697478991596639,0.7032967032967032,0.5365223012281836,0.34363636363636363,44
5,0,hand:cum_drot [task-rel],0.15,ACI g=0.05 (grow cal),blocked,0.8791208791208791,0.85,0.02912087912087913,0.21008403361344538,0.8791208791208791,0.5446024563671622,0.36399999999999993,25
5,0,hand:cum_drot [task-rel],0.2,split CP (SAFE),exch,0.75,0.8,-0.050000000000000044,0.34545454545454546,0.75,0.5477272727272727,0.37263157894736837,19
5,0,hand:cum_drot [task-rel],0.2,ACI g=0.05 (grow cal),exch,0.75,0.8,-0.050000000000000044,0.34545454545454546,0.75,0.5477272727272727,0.35684210526315785,19
5,0,hand:cum_drot [task-rel],0.2,split CP (SAFE),blocked,0.6263736263736264,0.8,-0.17362637362637368,0.47058823529411764,0.6263736263736264,0.5484809308338721,0.3682142857142857,56
5,0,hand:cum_drot [task-rel],0.2,ACI g=0.05 (grow cal),blocked,0.7912087912087912,0.8,-0.008791208791208871,0.3025210084033613,0.7912087912087912,0.5468648998060762,0.3861111111111111,36
5,0,hand:cum_drot [task-rel],0.25,split CP (SAFE),exch,0.6875,0.75,-0.0625,0.34545454545454546,0.6875,0.5164772727272727,0.3410526315789473,19
5,0,hand:cum_drot [task-rel],0.25,ACI g=0.05 (grow cal),exch,0.625,0.75,-0.125,0.38181818181818183,0.625,0.5034090909090909,0.32285714285714284,21
5,0,hand:cum_drot [task-rel],0.25,split CP (SAFE),blocked,0.5604395604395604,0.75,-0.18956043956043955,0.5126050420168067,0.5604395604395604,0.5365223012281836,0.3786885245901639,61
5,0,hand:cum_drot [task-rel],0.25,ACI g=0.05 (grow cal),blocked,0.7472527472527473,0.75,-0.0027472527472527375,0.33613445378151263,0.7472527472527473,0.54169360051713,0.3635,40
5,0,hand:dgripper,0.1,split CP (SAFE),exch,1.0,0.9,0.09999999999999998,0.0,1.0,0.5,,0
5,0,hand:dgripper,0.1,ACI g=0.05 (grow cal),exch,1.0,0.9,0.09999999999999998,0.0,1.0,0.5,,0
5,0,hand:dgripper,0.1,split CP (SAFE),blocked,1.0,0.9,0.09999999999999998,0.0,1.0,0.5,,0
5,0,hand:dgripper,0.1,ACI g=0.05 (grow cal),blocked,0.945054945054945,0.9,0.045054945054945006,0.11764705882352941,0.945054945054945,0.5313510019392372,0.482857142857143,14
5,0,hand:dgripper,0.15,split CP (SAFE),exch,1.0,0.85,0.15000000000000002,0.0,1.0,0.5,,0
5,0,hand:dgripper,0.15,ACI g=0.05 (grow cal),exch,0.9375,0.85,0.08750000000000002,0.07272727272727272,0.9375,0.5051136363636364,0.48,4
5,0,hand:dgripper,0.15,split CP (SAFE),blocked,1.0,0.85,0.15000000000000002,0.0,1.0,0.5,,0
5,0,hand:dgripper,0.15,ACI g=0.05 (grow cal),blocked,0.8901098901098901,0.85,0.04010989010989008,0.17647058823529413,0.8901098901098901,0.5332902391725921,0.4800000000000001,21
5,0,hand:dgripper,0.2,split CP (SAFE),exch,1.0,0.8,0.19999999999999996,0.0,1.0,0.5,,0
5,0,hand:dgripper,0.2,ACI g=0.05 (grow cal),exch,0.875,0.8,0.07499999999999996,0.3090909090909091,0.875,0.5920454545454545,0.48,17
5,0,hand:dgripper,0.2,split CP (SAFE),blocked,1.0,0.8,0.19999999999999996,0.0,1.0,0.5,,0
5,0,hand:dgripper,0.2,ACI g=0.05 (grow cal),blocked,0.8461538461538461,0.8,0.0461538461538461,0.3025210084033613,0.8461538461538461,0.5743374272786037,0.4833333333333334,36
5,0,hand:dgripper,0.25,split CP (SAFE),exch,0.6875,0.75,-0.0625,0.6727272727272727,0.6875,0.6801136363636364,0.48000000000000004,37
5,0,hand:dgripper,0.25,ACI g=0.05 (grow cal),exch,0.8125,0.75,0.0625,0.45454545454545453,0.8125,0.6335227272727273,0.48,25
5,0,hand:dgripper,0.25,split CP (SAFE),blocked,0.6703296703296704,0.75,-0.07967032967032961,0.6386554621848739,0.6703296703296704,0.6544925662572721,0.47999999999999987,76
5,0,hand:dgripper,0.25,ACI g=0.05 (grow cal),blocked,0.8021978021978022,0.75,0.052197802197802234,0.3949579831932773,0.8021978021978022,0.5985778926955397,0.483404255319149,47
5,0,hand:dgripper [task-rel],0.1,split CP (SAFE),exch,0.9375,0.9,0.03749999999999998,0.14545454545454545,0.9375,0.5414772727272728,0.07500000000000001,8
5,0,hand:dgripper [task-rel],0.1,ACI g=0.05 (grow cal),exch,0.9375,0.9,0.03749999999999998,0.14545454545454545,0.9375,0.5414772727272728,0.07500000000000001,8
5,0,hand:dgripper [task-rel],0.1,split CP (SAFE),blocked,0.989010989010989,0.9,0.08901098901098903,0.008403361344537815,0.989010989010989,0.4987071751777634,0.12,1
5,0,hand:dgripper [task-rel],0.1,ACI g=0.05 (grow cal),blocked,0.945054945054945,0.9,0.045054945054945006,0.09243697478991597,0.945054945054945,0.5187459599224304,0.44727272727272727,11
5,0,hand:dgripper [task-rel],0.15,split CP (SAFE),exch,0.875,0.85,0.025000000000000022,0.2,0.875,0.5375,0.04363636363636363,11
5,0,hand:dgripper [task-rel],0.15,ACI g=0.05 (grow cal),exch,0.875,0.85,0.025000000000000022,0.2,0.875,0.5375,0.04,11
5,0,hand:dgripper [task-rel],0.15,split CP (SAFE),blocked,0.989010989010989,0.85,0.13901098901098907,0.008403361344537815,0.989010989010989,0.4987071751777634,0.1,1
5,0,hand:dgripper [task-rel],0.15,ACI g=0.05 (grow cal),blocked,0.9010989010989011,0.85,0.05109890109890114,0.15966386554621848,0.9010989010989011,0.5303813833225598,0.46315789473684216,19
5,0,hand:dgripper [task-rel],0.2,split CP (SAFE),exch,0.9375,0.8,0.13749999999999996,0.14545454545454545,0.9375,0.5414772727272728,0.38571428571428573,35
5,0,hand:dgripper [task-rel],0.2,ACI g=0.05 (grow cal),exch,0.9375,0.8,0.13749999999999996,0.18181818181818182,0.9375,0.5596590909090909,0.3845714285714286,35
5,0,hand:dgripper [task-rel],0.2,split CP (SAFE),blocked,0.989010989010989,0.8,0.189010989010989,0.008403361344537815,0.989010989010989,0.4987071751777634,0.47532467532467515,77
5,0,hand:dgripper [task-rel],0.2,ACI g=0.05 (grow cal),blocked,0.8461538461538461,0.8,0.0461538461538461,0.31092436974789917,0.8461538461538461,0.5785391079508726,0.47589743589743566,78
5,0,hand:dgripper [task-rel],0.25,split CP (SAFE),exch,0.9375,0.75,0.1875,0.14545454545454545,0.9375,0.5414772727272728,0.38571428571428573,35
5,0,hand:dgripper [task-rel],0.25,ACI g=0.05 (grow cal),exch,0.8125,0.75,0.0625,0.2727272727272727,0.8125,0.5426136363636364,0.37444444444444447,36
5,0,hand:dgripper [task-rel],0.25,split CP (SAFE),blocked,0.989010989010989,0.75,0.23901098901098905,0.008403361344537815,0.989010989010989,0.4987071751777634,0.47532467532467515,77
5,0,hand:dgripper [task-rel],0.25,ACI g=0.05 (grow cal),blocked,0.8021978021978022,0.75,0.052197802197802234,0.42857142857142855,0.8021978021978022,0.6153846153846154,0.4775308641975309,81
5,1,SAFE-MLP,0.1,split CP (SAFE),exch,1.0,0.9,0.09999999999999998,0.7454545454545455,1.0,0.8727272727272728,0.5907317073170731,41
5,1,SAFE-MLP,0.1,ACI g=0.05 (grow cal),exch,0.9375,0.9,0.03749999999999998,0.7454545454545455,0.9375,0.8414772727272728,0.5390243902439025,41
5,1,SAFE-MLP,0.1,split CP (SAFE),blocked,0.8351648351648352,0.9,-0.06483516483516483,0.453781512605042,0.8351648351648352,0.6444731738849386,0.5892592592592593,54
5,1,SAFE-MLP,0.1,ACI g=0.05 (grow cal),blocked,0.9340659340659341,0.9,0.034065934065934056,0.35294117647058826,0.9340659340659341,0.6435035552682612,0.8290476190476189,42
5,1,SAFE-MLP,0.15,split CP (SAFE),exch,0.875,0.85,0.025000000000000022,0.7818181818181819,0.875,0.8284090909090909,0.5534883720930233,43
5,1,SAFE-MLP,0.15,ACI g=0.05 (grow cal),exch,0.8125,0.85,-0.03749999999999998,0.7818181818181819,0.8125,0.7971590909090909,0.5106976744186046,43
5,1,SAFE-MLP,0.15,split CP (SAFE),blocked,0.7802197802197802,0.85,-0.06978021978021975,0.5210084033613446,0.7802197802197802,0.6506140917905624,0.5629032258064516,62
5,1,SAFE-MLP,0.15,ACI g=0.05 (grow cal),blocked,0.8901098901098901,0.85,0.04010989010989008,0.47058823529411764,0.8901098901098901,0.6803490627020039,0.7632142857142857,56
5,1,SAFE-MLP,0.2,split CP (SAFE),exch,0.875,0.8,0.07499999999999996,0.8,0.875,0.8375,0.48272727272727284,44
5,1,SAFE-MLP,0.2,ACI g=0.05 (grow cal),exch,0.8125,0.8,0.012499999999999956,0.8363636363636363,0.8125,0.8244318181818182,0.42043478260869555,46
5,1,SAFE-MLP,0.2,split CP (SAFE),blocked,0.6703296703296704,0.8,-0.12967032967032965,0.6050420168067226,0.6703296703296704,0.6376858435681965,0.48305555555555557,72
5,1,SAFE-MLP,0.2,ACI g=0.05 (grow cal),blocked,0.8571428571428572,0.8,0.05714285714285716,0.4957983193277311,0.8571428571428572,0.6764705882352942,0.735593220338983,59
5,1,SAFE-MLP,0.25,split CP (SAFE),exch,0.75,0.75,0.0,0.8545454545454545,0.75,0.8022727272727272,0.3612765957446807,47
5,1,SAFE-MLP,0.25,ACI g=0.05 (grow cal),exch,0.75,0.75,0.0,0.8363636363636363,0.75,0.7931818181818182,0.3739130434782607,46
5,1,SAFE-MLP,0.25,split CP (SAFE),blocked,0.5604395604395604,0.75,-0.18956043956043955,0.6722689075630253,0.5604395604395604,0.6163542340012929,0.40775000000000006,80
5,1,SAFE-MLP,0.25,ACI g=0.05 (grow cal),blocked,0.8021978021978022,0.75,0.052197802197802234,0.5294117647058824,0.8021978021978022,0.6658047834518424,0.6720634920634921,63
5,1,SAFE-MLP [task-rel],0.1,split CP (SAFE),exch,0.8125,0.9,-0.08750000000000002,0.38181818181818183,0.8125,0.5971590909090909,0.18476190476190477,21
5,1,SAFE-MLP [task-rel],0.1,ACI g=0.05 (grow cal),exch,0.8125,0.9,-0.08750000000000002,0.34545454545454546,0.8125,0.5789772727272727,0.20315789473684212,19
5,1,SAFE-MLP [task-rel],0.1,split CP (SAFE),blocked,0.5934065934065934,0.9,-0.3065934065934066,0.4117647058823529,0.5934065934065934,0.5025856496444732,0.15959183673469388,49
5,1,SAFE-MLP [task-rel],0.1,ACI g=0.05 (grow cal),blocked,0.8901098901098901,0.9,-0.009890109890109966,0.058823529411764705,0.8901098901098901,0.4744667097608274,0.2685714285714286,7
5,1,SAFE-MLP [task-rel],0.15,split CP (SAFE),exch,0.8125,0.85,-0.03749999999999998,0.4727272727272727,0.8125,0.6426136363636363,0.27538461538461534,26
5,1,SAFE-MLP [task-rel],0.15,ACI g=0.05 (grow cal),exch,0.75,0.85,-0.09999999999999998,0.38181818181818183,0.75,0.5659090909090909,0.25047619047619046,21
5,1,SAFE-MLP [task-rel],0.15,split CP (SAFE),blocked,0.5494505494505495,0.85,-0.3005494505494505,0.5210084033613446,0.5494505494505495,0.5352294764059471,0.26129032258064516,62
5,1,SAFE-MLP [task-rel],0.15,ACI g=0.05 (grow cal),blocked,0.8351648351648352,0.85,-0.014835164835164782,0.18487394957983194,0.8351648351648352,0.5100193923723335,0.4709090909090909,22
5,1,SAFE-MLP [task-rel],0.2,split CP (SAFE),exch,0.625,0.8,-0.17500000000000004,0.509090909090909,0.625,0.5670454545454545,0.2264285714285714,28
5,1,SAFE-MLP [task-rel],0.2,ACI g=0.05 (grow cal),exch,0.75,0.8,-0.050000000000000044,0.4727272727272727,0.75,0.6113636363636363,0.28,26
5,1,SAFE-MLP [task-rel],0.2,split CP (SAFE),blocked,0.5274725274725275,0.8,-0.27252747252747256,0.5630252100840336,0.5274725274725275,0.5452488687782806,0.24537313432835822,67
5,1,SAFE-MLP [task-rel],0.2,ACI g=0.05 (grow cal),blocked,0.7802197802197802,0.8,-0.01978021978021982,0.226890756302521,0.7802197802197802,0.5035552682611506,0.4274074074074074,27
5,1,SAFE-MLP [task-rel],0.25,split CP (SAFE),exch,0.625,0.75,-0.125,0.509090909090909,0.625,0.5670454545454545,0.225,28
5,1,SAFE-MLP [task-rel],0.25,ACI g=0.05 (grow cal),exch,0.625,0.75,-0.125,0.4909090909090909,0.625,0.5579545454545455,0.23555555555555555,27
5,1,SAFE-MLP [task-rel],0.25,split CP (SAFE),blocked,0.48351648351648346,0.75,-0.26648351648351654,0.5714285714285714,0.48351648351648346,0.5274725274725274,0.2244117647058824,68
5,1,SAFE-MLP [task-rel],0.25,ACI g=0.05 (grow cal),blocked,0.7362637362637363,0.75,-0.013736263736263687,0.36134453781512604,0.7362637362637363,0.5488041370394312,0.4009302325581396,43
5,1,H&S,0.1,split CP (SAFE),exch,0.9375,0.9,0.03749999999999998,0.21818181818181817,0.9375,0.5778409090909091,0.065,12
5,1,H&S,0.1,ACI g=0.05 (grow cal),exch,0.875,0.9,-0.025000000000000022,0.16363636363636364,0.875,0.5193181818181818,0.03777777777777777,9
5,1,H&S,0.1,split CP (SAFE),blocked,0.7472527472527473,0.9,-0.15274725274725276,0.2605042016806723,0.7472527472527473,0.5038784744667097,0.13354838709677422,31
5,1,H&S,0.1,ACI g=0.05 (grow cal),blocked,0.9230769230769231,0.9,0.023076923076923106,0.09243697478991597,0.9230769230769231,0.5077569489334195,0.25272727272727274,11
5,1,H&S,0.15,split CP (SAFE),exch,0.8125,0.85,-0.03749999999999998,0.38181818181818183,0.8125,0.5971590909090909,0.18571428571428572,21
5,1,H&S,0.15,ACI g=0.05 (grow cal),exch,0.8125,0.85,-0.03749999999999998,0.34545454545454546,0.8125,0.5789772727272727,0.18631578947368424,19
5,1,H&S,0.15,split CP (SAFE),blocked,0.7252747252747253,0.85,-0.12472527472527473,0.4369747899159664,0.7252747252747253,0.5811247575953458,0.27307692307692305,52
5,1,H&S,0.15,ACI g=0.05 (grow cal),blocked,0.8791208791208791,0.85,0.02912087912087913,0.19327731092436976,0.8791208791208791,0.5361990950226244,0.29130434782608694,23
5,1,H&S,0.2,split CP (SAFE),exch,0.875,0.8,0.07499999999999996,0.6545454545454545,0.875,0.7647727272727273,0.3861111111111111,36
5,1,H&S,0.2,ACI g=0.05 (grow cal),exch,0.8125,0.8,0.012499999999999956,0.6727272727272727,0.8125,0.7426136363636364,0.3751351351351352,37
5,1,H&S,0.2,split CP (SAFE),blocked,0.6043956043956045,0.8,-0.19560439560439558,0.6386554621848739,0.6043956043956045,0.6215255332902392,0.3486842105263158,76
5,1,H&S,0.2,ACI g=0.05 (grow cal),blocked,0.8351648351648352,0.8,0.03516483516483515,0.33613445378151263,0.8351648351648352,0.5856496444731739,0.35300000000000004,40
5,1,H&S,0.25,split CP (SAFE),exch,0.8125,0.75,0.0625,0.8363636363636363,0.8125,0.8244318181818182,0.3973913043478262,46
5,1,H&S,0.25,ACI g=0.05 (grow cal),exch,0.8125,0.75,0.0625,0.8545454545454545,0.8125,0.8335227272727272,0.39617021276595754,47
5,1,H&S,0.25,split CP (SAFE),blocked,0.5494505494505495,0.75,-0.2005494505494505,0.7394957983193278,0.5494505494505495,0.6444731738849386,0.3590909090909091,88
5,1,H&S,0.25,ACI g=0.05 (grow cal),blocked,0.7912087912087912,0.75,0.04120879120879117,0.3865546218487395,0.7912087912087912,0.5888817065287654,0.3473913043478261,46
5,1,H&S [task-rel],0.1,split CP (SAFE),exch,0.8125,0.9,-0.08750000000000002,0.6181818181818182,0.8125,0.7153409090909091,0.44588235294117645,34
5,1,H&S [task-rel],0.1,ACI g=0.05 (grow cal),exch,0.8125,0.9,-0.08750000000000002,0.34545454545454546,0.8125,0.5789772727272727,0.4863157894736842,19
5,1,H&S [task-rel],0.1,split CP (SAFE),blocked,0.6703296703296704,0.9,-0.22967032967032963,0.5798319327731093,0.6703296703296704,0.6250808015513898,0.3915942028985508,69
5,1,H&S [task-rel],0.1,ACI g=0.05 (grow cal),blocked,0.8901098901098901,0.9,-0.009890109890109966,0.17647058823529413,0.8901098901098901,0.5332902391725921,0.3180952380952381,21
5,1,H&S [task-rel],0.15,split CP (SAFE),exch,0.6875,0.85,-0.16249999999999998,0.7818181818181819,0.6875,0.7346590909090909,0.4418604651162791,43
5,1,H&S [task-rel],0.15,ACI g=0.05 (grow cal),exch,0.8125,0.85,-0.03749999999999998,0.509090909090909,0.8125,0.6607954545454545,0.4285714285714287,28
5,1,H&S [task-rel],0.15,split CP (SAFE),blocked,0.5604395604395604,0.85,-0.28956043956043953,0.6722689075630253,0.5604395604395604,0.6163542340012929,0.37,80
5,1,H&S [task-rel],0.15,ACI g=0.05 (grow cal),blocked,0.8461538461538461,0.85,-0.0038461538461538325,0.36134453781512604,0.8461538461538461,0.6037491919844861,0.3902325581395349,43
5,1,H&S [task-rel],0.2,split CP (SAFE),exch,0.75,0.8,-0.050000000000000044,0.8363636363636363,0.75,0.7931818181818182,0.4739130434782609,46
5,1,H&S [task-rel],0.2,ACI g=0.05 (grow cal),exch,0.8125,0.8,0.012499999999999956,0.7818181818181819,0.8125,0.7971590909090909,0.46558139534883713,43
5,1,H&S [task-rel],0.2,split CP (SAFE),blocked,0.5604395604395604,0.8,-0.2395604395604396,0.7899159663865546,0.5604395604395604,0.6751777634130576,0.41531914893617006,94
5,1,H&S [task-rel],0.2,ACI g=0.05 (grow cal),blocked,0.8021978021978022,0.8,0.00219780219780219,0.42016806722689076,0.8021978021978022,0.6111829347123465,0.36840000000000006,50
5,1,H&S [task-rel],0.25,split CP (SAFE),exch,0.75,0.75,0.0,0.8545454545454545,0.75,0.8022727272727272,0.4770212765957446,47
5,1,H&S [task-rel],0.25,ACI g=0.05 (grow cal),exch,0.75,0.75,0.0,0.8545454545454545,0.75,0.8022727272727272,0.474468085106383,47
5,1,H&S [task-rel],0.25,split CP (SAFE),blocked,0.5274725274725275,0.75,-0.22252747252747251,0.7983193277310925,0.5274725274725275,0.66289592760181,0.41831578947368414,95
5,1,H&S [task-rel],0.25,ACI g=0.05 (grow cal),blocked,0.7472527472527473,0.75,-0.0027472527472527375,0.4117647058823529,0.7472527472527473,0.57950872656755,0.3677551020408164,49
5,1,SAFE-Embed,0.1,split CP (SAFE),exch,0.875,0.9,-0.025000000000000022,0.5454545454545454,0.875,0.7102272727272727,0.544,30
5,1,SAFE-Embed,0.1,ACI g=0.05 (grow cal),exch,0.875,0.9,-0.025000000000000022,0.43636363636363634,0.875,0.6556818181818181,0.5666666666666668,24
5,1,SAFE-Embed,0.1,split CP (SAFE),blocked,0.0,0.9,-0.9,0.9831932773109243,0.0,0.49159663865546216,0.1353846153846154,117
5,1,SAFE-Embed,0.1,ACI g=0.05 (grow cal),blocked,0.8131868131868132,0.9,-0.08681318681318684,0.3025210084033613,0.8131868131868132,0.5578539107950873,0.6633333333333334,36
5,1,SAFE-Embed,0.15,split CP (SAFE),exch,0.875,0.85,0.025000000000000022,0.6727272727272727,0.875,0.7738636363636364,0.5221621621621622,37
5,1,SAFE-Embed,0.15,ACI g=0.05 (grow cal),exch,0.875,0.85,0.025000000000000022,0.6181818181818182,0.875,0.7465909090909091,0.5723529411764706,34
5,1,SAFE-Embed,0.15,split CP (SAFE),blocked,0.0,0.85,-0.85,1.0,0.0,0.5,0.11613445378151263,119
5,1,SAFE-Embed,0.15,ACI g=0.05 (grow cal),blocked,0.7912087912087912,0.85,-0.058791208791208804,0.5462184873949579,0.7912087912087912,0.6687136393018746,0.7723076923076923,65
5,1,SAFE-Embed,0.2,split CP (SAFE),exch,0.8125,0.8,0.012499999999999956,0.7090909090909091,0.8125,0.7607954545454545,0.4502564102564102,39
5,1,SAFE-Embed,0.2,ACI g=0.05 (grow cal),exch,0.8125,0.8,0.012499999999999956,0.6545454545454545,0.8125,0.7335227272727273,0.5011111111111111,36
5,1,SAFE-Embed,0.2,split CP (SAFE),blocked,0.0,0.8,-0.8,1.0,0.0,0.5,0.1085714285714286,119
5,1,SAFE-Embed,0.2,ACI g=0.05 (grow cal),blocked,0.7802197802197802,0.8,-0.01978021978021982,0.5630252100840336,0.7802197802197802,0.671622495151907,0.6904477611940298,67
5,1,SAFE-Embed,0.25,split CP (SAFE),exch,0.75,0.75,0.0,0.7636363636363637,0.75,0.7568181818181818,0.4642857142857143,42
5,1,SAFE-Embed,0.25,ACI g=0.05 (grow cal),exch,0.75,0.75,0.0,0.7636363636363637,0.75,0.7568181818181818,0.4480952380952381,42
5,1,SAFE-Embed,0.25,split CP (SAFE),blocked,0.0,0.75,-0.75,1.0,0.0,0.5,0.08521008403361346,119
5,1,SAFE-Embed,0.25,ACI g=0.05 (grow cal),blocked,0.7252747252747253,0.75,-0.02472527472527475,0.5966386554621849,0.7252747252747253,0.6609566903684551,0.6583098591549296,71
5,1,SAFE-Embed [task-rel],0.1,split CP (SAFE),exch,0.9375,0.9,0.03749999999999998,0.5454545454545454,0.9375,0.7414772727272727,0.4053333333333333,30
5,1,SAFE-Embed [task-rel],0.1,ACI g=0.05 (grow cal),exch,0.9375,0.9,0.03749999999999998,0.5454545454545454,0.9375,0.7414772727272727,0.4226666666666668,30
5,1,SAFE-Embed [task-rel],0.1,split CP (SAFE),blocked,0.9340659340659341,0.9,0.034065934065934056,0.13445378151260504,0.9340659340659341,0.5342598577892695,0.10625,16
5,1,SAFE-Embed [task-rel],0.1,ACI g=0.05 (grow cal),blocked,0.9230769230769231,0.9,0.023076923076923106,0.13445378151260504,0.9230769230769231,0.5287653522947641,0.10375000000000001,16
5,1,SAFE-Embed [task-rel],0.15,split CP (SAFE),exch,0.875,0.85,0.025000000000000022,0.6545454545454545,0.875,0.7647727272727273,0.5033333333333334,36
5,1,SAFE-Embed [task-rel],0.15,ACI g=0.05 (grow cal),exch,0.875,0.85,0.025000000000000022,0.6363636363636364,0.875,0.7556818181818181,0.4462857142857143,35
5,1,SAFE-Embed [task-rel],0.15,split CP (SAFE),blocked,0.945054945054945,0.85,0.09505494505494505,0.17647058823529413,0.945054945054945,0.5607627666451196,0.4771428571428572,21
5,1,SAFE-Embed [task-rel],0.15,ACI g=0.05 (grow cal),blocked,0.8791208791208791,0.85,0.02912087912087913,0.25210084033613445,0.8791208791208791,0.5656108597285068,0.3786666666666667,30
5,1,SAFE-Embed [task-rel],0.2,split CP (SAFE),exch,0.875,0.8,0.07499999999999996,0.6727272727272727,0.875,0.7738636363636364,0.4508108108108109,37
5,1,SAFE-Embed [task-rel],0.2,ACI g=0.05 (grow cal),exch,0.8125,0.8,0.012499999999999956,0.6909090909090909,0.8125,0.7517045454545455,0.38,38
5,1,SAFE-Embed [task-rel],0.2,split CP (SAFE),blocked,0.9340659340659341,0.8,0.13406593406593403,0.2184873949579832,0.9340659340659341,0.5762766645119586,0.37846153846153846,26
5,1,SAFE-Embed [task-rel],0.2,ACI g=0.05 (grow cal),blocked,0.8461538461538461,0.8,0.0461538461538461,0.3025210084033613,0.8461538461538461,0.5743374272786037,0.3805555555555557,36
5,1,SAFE-Embed [task-rel],0.25,split CP (SAFE),exch,0.8125,0.75,0.0625,0.7454545454545455,0.8125,0.7789772727272728,0.39317073170731703,41
5,1,SAFE-Embed [task-rel],0.25,ACI g=0.05 (grow cal),exch,0.75,0.75,0.0,0.7636363636363637,0.75,0.7568181818181818,0.35000000000000003,42
5,1,SAFE-Embed [task-rel],0.25,split CP (SAFE),blocked,0.9230769230769231,0.75,0.17307692307692313,0.24369747899159663,0.9230769230769231,0.5833872010342599,0.2972413793103448,29
5,1,SAFE-Embed [task-rel],0.25,ACI g=0.05 (grow cal),blocked,0.7802197802197802,0.75,0.030219780219780223,0.31932773109243695,0.7802197802197802,0.5497737556561086,0.38052631578947377,38
5,1,hand:cum_mean_token_entropy,0.1,split CP (SAFE),exch,0.75,0.9,-0.15000000000000002,0.34545454545454546,0.75,0.5477272727272727,0.3957894736842105,19
5,1,hand:cum_mean_token_entropy,0.1,ACI g=0.05 (grow cal),exch,0.8125,0.9,-0.08750000000000002,0.16363636363636364,0.8125,0.4880681818181818,0.46444444444444444,9
5,1,hand:cum_mean_token_entropy,0.1,split CP (SAFE),blocked,0.8901098901098901,0.9,-0.009890109890109966,0.2605042016806723,0.8901098901098901,0.5753070458952811,0.39096774193548395,31
5,1,hand:cum_mean_token_entropy,0.1,ACI g=0.05 (grow cal),blocked,0.9120879120879121,0.9,0.012087912087912045,0.18487394957983194,0.9120879120879121,0.5484809308338721,0.4554545454545455,22
5,1,hand:cum_mean_token_entropy,0.15,split CP (SAFE),exch,0.6875,0.85,-0.16249999999999998,0.36363636363636365,0.6875,0.5255681818181819,0.355,20
5,1,hand:cum_mean_token_entropy,0.15,ACI g=0.05 (grow cal),exch,0.8125,0.85,-0.03749999999999998,0.32727272727272727,0.8125,0.5698863636363636,0.55,18
5,1,hand:cum_mean_token_entropy,0.15,split CP (SAFE),blocked,0.7802197802197802,0.85,-0.06978021978021975,0.35294117647058826,0.7802197802197802,0.5665804783451842,0.4414285714285715,42
5,1,hand:cum_mean_token_entropy,0.15,ACI g=0.05 (grow cal),blocked,0.8681318681318682,0.85,0.01813186813186818,0.2773109243697479,0.8681318681318682,0.572721396250808,0.5042424242424243,33
5,1,hand:cum_mean_token_entropy,0.2,split CP (SAFE),exch,0.6875,0.8,-0.11250000000000004,0.38181818181818183,0.6875,0.5346590909090909,0.41142857142857153,21
5,1,hand:cum_mean_token_entropy,0.2,ACI g=0.05 (grow cal),exch,0.75,0.8,-0.050000000000000044,0.34545454545454546,0.75,0.5477272727272727,0.40421052631578946,19
5,1,hand:cum_mean_token_entropy,0.2,split CP (SAFE),blocked,0.8131868131868132,0.8,0.01318681318681314,0.35294117647058826,0.8131868131868132,0.5830639948287007,0.46761904761904766,42
5,1,hand:cum_mean_token_entropy,0.2,ACI g=0.05 (grow cal),blocked,0.8241758241758241,0.8,0.02417582417582409,0.31932773109243695,0.8241758241758241,0.5717517776341305,0.4473684210526317,38
5,1,hand:cum_mean_token_entropy,0.25,split CP (SAFE),exch,0.625,0.75,-0.125,0.41818181818181815,0.625,0.5215909090909091,0.37913043478260866,23
5,1,hand:cum_mean_token_entropy,0.25,ACI g=0.05 (grow cal),exch,0.75,0.75,0.0,0.36363636363636365,0.75,0.5568181818181819,0.39,20
5,1,hand:cum_mean_token_entropy,0.25,split CP (SAFE),blocked,0.7362637362637363,0.75,-0.013736263736263687,0.40336134453781514,0.7362637362637363,0.5698125404007757,0.42750000000000005,48
5,1,hand:cum_mean_token_entropy,0.25,ACI g=0.05 (grow cal),blocked,0.7692307692307692,0.75,0.019230769230769162,0.35294117647058826,0.7692307692307692,0.5610859728506787,0.41285714285714287,42
5,1,hand:cum_mean_token_entropy [task-rel],0.1,split CP (SAFE),exch,0.875,0.9,-0.025000000000000022,0.2727272727272727,0.875,0.5738636363636364,0.28,15
5,1,hand:cum_mean_token_entropy [task-rel],0.1,ACI g=0.05 (grow cal),exch,0.875,0.9,-0.025000000000000022,0.2,0.875,0.5375,0.2654545454545455,11
5,1,hand:cum_mean_token_entropy [task-rel],0.1,split CP (SAFE),blocked,0.8351648351648352,0.9,-0.06483516483516483,0.2184873949579832,0.8351648351648352,0.5268261150614092,0.22076923076923077,26
5,1,hand:cum_mean_token_entropy [task-rel],0.1,ACI g=0.05 (grow cal),blocked,0.8791208791208791,0.9,-0.020879120879120916,0.09243697478991597,0.8791208791208791,0.48577892695539754,0.28545454545454546,11
5,1,hand:cum_mean_token_entropy [task-rel],0.15,split CP (SAFE),exch,0.875,0.85,0.025000000000000022,0.3090909090909091,0.875,0.5920454545454545,0.31411764705882356,17
5,1,hand:cum_mean_token_entropy [task-rel],0.15,ACI g=0.05 (grow cal),exch,0.8125,0.85,-0.03749999999999998,0.21818181818181817,0.8125,0.5153409090909091,0.29000000000000004,12
5,1,hand:cum_mean_token_entropy [task-rel],0.15,split CP (SAFE),blocked,0.8351648351648352,0.85,-0.014835164835164782,0.23529411764705882,0.8351648351648352,0.535229476405947,0.26071428571428573,28
5,1,hand:cum_mean_token_entropy [task-rel],0.15,ACI g=0.05 (grow cal),blocked,0.8461538461538461,0.85,-0.0038461538461538325,0.15966386554621848,0.8461538461538461,0.5029088558500323,0.28947368421052627,19
5,1,hand:cum_mean_token_entropy [task-rel],0.2,split CP (SAFE),exch,0.8125,0.8,0.012499999999999956,0.32727272727272727,0.8125,0.5698863636363636,0.3844444444444444,18
5,1,hand:cum_mean_token_entropy [task-rel],0.2,ACI g=0.05 (grow cal),exch,0.8125,0.8,0.012499999999999956,0.2909090909090909,0.8125,0.5517045454545455,0.3675,16
5,1,hand:cum_mean_token_entropy [task-rel],0.2,split CP (SAFE),blocked,0.7912087912087912,0.8,-0.008791208791208871,0.3949579831932773,0.7912087912087912,0.5930833872010343,0.4642553191489361,47
5,1,hand:cum_mean_token_entropy [task-rel],0.2,ACI g=0.05 (grow cal),blocked,0.8131868131868132,0.8,0.01318681318681314,0.3697478991596639,0.8131868131868132,0.5914673561732385,0.5054545454545454,44
5,1,hand:cum_mean_token_entropy [task-rel],0.25,split CP (SAFE),exch,0.6875,0.75,-0.0625,0.43636363636363634,0.6875,0.5619318181818181,0.42083333333333334,24
5,1,hand:cum_mean_token_entropy [task-rel],0.25,ACI g=0.05 (grow cal),exch,0.6875,0.75,-0.0625,0.36363636363636365,0.6875,0.5255681818181819,0.44300000000000006,20
5,1,hand:cum_mean_token_entropy [task-rel],0.25,split CP (SAFE),blocked,0.7252747252747253,0.75,-0.02472527472527475,0.4789915966386555,0.7252747252747253,0.6021331609566903,0.4298245614035088,57
5,1,hand:cum_mean_token_entropy [task-rel],0.25,ACI g=0.05 (grow cal),blocked,0.7582417582417582,0.75,0.008241758241758212,0.35294117647058826,0.7582417582417582,0.5555914673561733,0.5185714285714286,42
5,1,hand:mean_token_entropy,0.1,split CP (SAFE),exch,1.0,0.9,0.09999999999999998,0.07272727272727272,1.0,0.5363636363636364,0.4,4
5,1,hand:mean_token_entropy,0.1,ACI g=0.05 (grow cal),exch,0.9375,0.9,0.03749999999999998,0.09090909090909091,0.9375,0.5142045454545454,0.22400000000000003,5
5,1,hand:mean_token_entropy,0.1,split CP (SAFE),blocked,0.8901098901098901,0.9,-0.009890109890109966,0.1092436974789916,0.8901098901098901,0.49967679379444085,0.33076923076923076,13
5,1,hand:mean_token_entropy,0.1,ACI g=0.05 (grow cal),blocked,0.8791208791208791,0.9,-0.020879120879120916,0.10084033613445378,0.8791208791208791,0.48998060762766643,0.35166666666666674,12
5,1,hand:mean_token_entropy,0.15,split CP (SAFE),exch,0.9375,0.85,0.08750000000000002,0.09090909090909091,0.9375,0.5142045454545454,0.4640000000000001,5
5,1,hand:mean_token_entropy,0.15,ACI g=0.05 (grow cal),exch,0.8125,0.85,-0.03749999999999998,0.12727272727272726,0.8125,0.4698863636363636,0.4371428571428572,7
5,1,hand:mean_token_entropy,0.15,split CP (SAFE),blocked,0.8351648351648352,0.85,-0.014835164835164782,0.11764705882352941,0.8351648351648352,0.4764059469941823,0.34142857142857136,14
5,1,hand:mean_token_entropy,0.15,ACI g=0.05 (grow cal),blocked,0.8351648351648352,0.85,-0.014835164835164782,0.1092436974789916,0.8351648351648352,0.47220426632191337,0.36615384615384616,13
5,1,hand:mean_token_entropy,0.2,split CP (SAFE),exch,0.875,0.8,0.07499999999999996,0.14545454545454545,0.875,0.5102272727272728,0.505,8
5,1,hand:mean_token_entropy,0.2,ACI g=0.05 (grow cal),exch,0.8125,0.8,0.012499999999999956,0.16363636363636364,0.8125,0.4880681818181818,0.47777777777777775,9
5,1,hand:mean_token_entropy,0.2,split CP (SAFE),blocked,0.8241758241758241,0.8,0.02417582417582409,0.14285714285714285,0.8241758241758241,0.48351648351648346,0.39999999999999997,17
5,1,hand:mean_token_entropy,0.2,ACI g=0.05 (grow cal),blocked,0.7912087912087912,0.8,-0.008791208791208871,0.15126050420168066,0.7912087912087912,0.47123464770523593,0.35111111111111115,18
5,1,hand:mean_token_entropy,0.25,split CP (SAFE),exch,0.8125,0.75,0.0625,0.16363636363636364,0.8125,0.4880681818181818,0.4555555555555555,9
5,1,hand:mean_token_entropy,0.25,ACI g=0.05 (grow cal),exch,0.6875,0.75,-0.0625,0.21818181818181817,0.6875,0.45284090909090907,0.3833333333333333,12
5,1,hand:mean_token_entropy,0.25,split CP (SAFE),blocked,0.7032967032967032,0.75,-0.04670329670329676,0.23529411764705882,0.7032967032967032,0.46929541047188106,0.45142857142857146,28
5,1,hand:mean_token_entropy,0.25,ACI g=0.05 (grow cal),blocked,0.7362637362637363,0.75,-0.013736263736263687,0.19327731092436976,0.7362637362637363,0.464770523594053,0.41130434782608694,23
5,1,hand:mean_token_entropy [task-rel],0.1,split CP (SAFE),exch,0.875,0.9,-0.025000000000000022,0.09090909090909091,0.875,0.48295454545454547,0.21600000000000003,5
5,1,hand:mean_token_entropy [task-rel],0.1,ACI g=0.05 (grow cal),exch,0.9375,0.9,0.03749999999999998,0.10909090909090909,0.9375,0.5232954545454546,0.18666666666666668,6
5,1,hand:mean_token_entropy [task-rel],0.1,split CP (SAFE),blocked,0.8131868131868132,0.9,-0.08681318681318684,0.15126050420168066,0.8131868131868132,0.48222365869424694,0.16,18
5,1,hand:mean_token_entropy [task-rel],0.1,ACI g=0.05 (grow cal),blocked,0.8901098901098901,0.9,-0.009890109890109966,0.1092436974789916,0.8901098901098901,0.49967679379444085,0.16,13
5,1,hand:mean_token_entropy [task-rel],0.15,split CP (SAFE),exch,0.75,0.85,-0.09999999999999998,0.14545454545454545,0.75,0.44772727272727275,0.16749999999999998,8
5,1,hand:mean_token_entropy [task-rel],0.15,ACI g=0.05 (grow cal),exch,0.875,0.85,0.025000000000000022,0.10909090909090909,0.875,0.49204545454545456,0.17666666666666667,6
5,1,hand:mean_token_entropy [task-rel],0.15,split CP (SAFE),blocked,0.7802197802197802,0.85,-0.06978021978021975,0.18487394957983194,0.7802197802197802,0.4825468648998061,0.1781818181818182,22
5,1,hand:mean_token_entropy [task-rel],0.15,ACI g=0.05 (grow cal),blocked,0.8461538461538461,0.85,-0.0038461538461538325,0.15126050420168066,0.8461538461538461,0.4987071751777634,0.15444444444444444,18
5,1,hand:mean_token_entropy [task-rel],0.2,split CP (SAFE),exch,0.75,0.8,-0.050000000000000044,0.23636363636363636,0.75,0.49318181818181817,0.23692307692307685,13
5,1,hand:mean_token_entropy [task-rel],0.2,ACI g=0.05 (grow cal),exch,0.75,0.8,-0.050000000000000044,0.16363636363636364,0.75,0.4568181818181818,0.21555555555555558,9
5,1,hand:mean_token_entropy [task-rel],0.2,split CP (SAFE),blocked,0.6593406593406593,0.8,-0.14065934065934071,0.3025210084033613,0.6593406593406593,0.4809308338720103,0.20944444444444446,36
5,1,hand:mean_token_entropy [task-rel],0.2,ACI g=0.05 (grow cal),blocked,0.7912087912087912,0.8,-0.008791208791208871,0.19327731092436976,0.7912087912087912,0.49224305106658045,0.1982608695652174,23
5,1,hand:mean_token_entropy [task-rel],0.25,split CP (SAFE),exch,0.75,0.75,0.0,0.2909090909090909,0.75,0.5204545454545455,0.24125000000000002,16
5,1,hand:mean_token_entropy [task-rel],0.25,ACI g=0.05 (grow cal),exch,0.75,0.75,0.0,0.2727272727272727,0.75,0.5113636363636364,0.2386666666666666,15
5,1,hand:mean_token_entropy [task-rel],0.25,split CP (SAFE),blocked,0.6263736263736264,0.75,-0.12362637362637363,0.31092436974789917,0.6263736263736264,0.46864899806076277,0.20486486486486488,37
5,1,hand:mean_token_entropy [task-rel],0.25,ACI g=0.05 (grow cal),blocked,0.7362637362637363,0.75,-0.013736263736263687,0.21008403361344538,0.7362637362637363,0.47317388493859086,0.1912,25
5,1,hand:cum_max_token_entropy,0.1,split CP (SAFE),exch,0.75,0.9,-0.15000000000000002,0.4727272727272727,0.75,0.6113636363636363,0.28384615384615386,26
5,1,hand:cum_max_token_entropy,0.1,ACI g=0.05 (grow cal),exch,0.8125,0.9,-0.08750000000000002,0.3090909090909091,0.8125,0.5607954545454545,0.2788235294117647,17
5,1,hand:cum_max_token_entropy,0.1,split CP (SAFE),blocked,0.7032967032967032,0.9,-0.19670329670329678,0.453781512605042,0.7032967032967032,0.5785391079508726,0.1985185185185185,54
5,1,hand:cum_max_token_entropy,0.1,ACI g=0.05 (grow cal),blocked,0.9010989010989011,0.9,0.001098901098901095,0.13445378151260504,0.9010989010989011,0.5177763413057531,0.21125,16
5,1,hand:cum_max_token_entropy,0.15,split CP (SAFE),exch,0.5,0.85,-0.35,0.5272727272727272,0.5,0.5136363636363637,0.27448275862068966,29
5,1,hand:cum_max_token_entropy,0.15,ACI g=0.05 (grow cal),exch,0.75,0.85,-0.09999999999999998,0.34545454545454546,0.75,0.5477272727272727,0.2863157894736842,19
5,1,hand:cum_max_token_entropy,0.15,split CP (SAFE),blocked,0.6043956043956045,0.85,-0.2456043956043955,0.47058823529411764,0.6043956043956045,0.5374919198448611,0.1767857142857143,56
5,1,hand:cum_max_token_entropy,0.15,ACI g=0.05 (grow cal),blocked,0.8681318681318682,0.85,0.01813186813186818,0.2184873949579832,0.8681318681318682,0.5433096315449257,0.34076923076923077,26
5,1,hand:cum_max_token_entropy,0.2,split CP (SAFE),exch,0.5,0.8,-0.30000000000000004,0.509090909090909,0.5,0.5045454545454545,0.27571428571428575,28
5,1,hand:cum_max_token_entropy,0.2,ACI g=0.05 (grow cal),exch,0.6875,0.8,-0.11250000000000004,0.45454545454545453,0.6875,0.5710227272727273,0.3256,25
5,1,hand:cum_max_token_entropy,0.2,split CP (SAFE),blocked,0.6043956043956045,0.8,-0.19560439560439558,0.48739495798319327,0.6043956043956045,0.5458952811893989,0.19310344827586207,58
5,1,hand:cum_max_token_entropy,0.2,ACI g=0.05 (grow cal),blocked,0.8351648351648352,0.8,0.03516483516483515,0.2605042016806723,0.8351648351648352,0.5478345184227538,0.404516129032258,31
5,1,hand:cum_max_token_entropy,0.25,split CP (SAFE),exch,0.5,0.75,-0.25,0.5454545454545454,0.5,0.5227272727272727,0.22333333333333333,30
5,1,hand:cum_max_token_entropy,0.25,ACI g=0.05 (grow cal),exch,0.625,0.75,-0.125,0.45454545454545453,0.625,0.5397727272727273,0.2984,25
5,1,hand:cum_max_token_entropy,0.25,split CP (SAFE),blocked,0.5164835164835164,0.75,-0.23351648351648358,0.5378151260504201,0.5164835164835164,0.5271493212669682,0.1740625,64
5,1,hand:cum_max_token_entropy,0.25,ACI g=0.05 (grow cal),blocked,0.7802197802197802,0.75,0.030219780219780223,0.29411764705882354,0.7802197802197802,0.5371687136393019,0.4005714285714286,35
5,1,hand:cum_max_token_entropy [task-rel],0.1,split CP (SAFE),exch,0.8125,0.9,-0.08750000000000002,0.34545454545454546,0.8125,0.5789772727272727,0.0768421052631579,19
5,1,hand:cum_max_token_entropy [task-rel],0.1,ACI g=0.05 (grow cal),exch,0.8125,0.9,-0.08750000000000002,0.2545454545454545,0.8125,0.5335227272727272,0.09142857142857143,14
5,1,hand:cum_max_token_entropy [task-rel],0.1,split CP (SAFE),blocked,0.8241758241758241,0.9,-0.07582417582417589,0.2689075630252101,0.8241758241758241,0.5465416936005171,0.07250000000000001,32
5,1,hand:cum_max_token_entropy [task-rel],0.1,ACI g=0.05 (grow cal),blocked,0.8901098901098901,0.9,-0.009890109890109966,0.15126050420168066,0.8901098901098901,0.5206851971557853,0.08111111111111113,18
5,1,hand:cum_max_token_entropy [task-rel],0.15,split CP (SAFE),exch,0.6875,0.85,-0.16249999999999998,0.41818181818181815,0.6875,0.5528409090909091,0.15304347826086961,23
5,1,hand:cum_max_token_entropy [task-rel],0.15,ACI g=0.05 (grow cal),exch,0.75,0.85,-0.09999999999999998,0.38181818181818183,0.75,0.5659090909090909,0.16095238095238099,21
5,1,hand:cum_max_token_entropy [task-rel],0.15,split CP (SAFE),blocked,0.7802197802197802,0.85,-0.06978021978021975,0.3697478991596639,0.7802197802197802,0.574983839689722,0.21909090909090911,44
5,1,hand:cum_max_token_entropy [task-rel],0.15,ACI g=0.05 (grow cal),blocked,0.8681318681318682,0.85,0.01813186813186818,0.23529411764705882,0.8681318681318682,0.5517129928894635,0.23714285714285718,28
5,1,hand:cum_max_token_entropy [task-rel],0.2,split CP (SAFE),exch,0.6875,0.8,-0.11250000000000004,0.4727272727272727,0.6875,0.5801136363636363,0.17538461538461536,26
5,1,hand:cum_max_token_entropy [task-rel],0.2,ACI g=0.05 (grow cal),exch,0.75,0.8,-0.050000000000000044,0.41818181818181815,0.75,0.5840909090909091,0.14956521739130438,23
5,1,hand:cum_max_token_entropy [task-rel],0.2,split CP (SAFE),blocked,0.7142857142857143,0.8,-0.08571428571428574,0.46218487394957986,0.7142857142857143,0.5882352941176471,0.19054545454545455,55
5,1,hand:cum_max_token_entropy [task-rel],0.2,ACI g=0.05 (grow cal),blocked,0.8241758241758241,0.8,0.02417582417582409,0.2689075630252101,0.8241758241758241,0.5465416936005171,0.244375,32
5,1,hand:cum_max_token_entropy [task-rel],0.25,split CP (SAFE),exch,0.6875,0.75,-0.0625,0.6545454545454545,0.6875,0.6710227272727273,0.1844444444444444,36
5,1,hand:cum_max_token_entropy [task-rel],0.25,ACI g=0.05 (grow cal),exch,0.75,0.75,0.0,0.509090909090909,0.75,0.6295454545454545,0.18785714285714286,28
5,1,hand:cum_max_token_entropy [task-rel],0.25,split CP (SAFE),blocked,0.6263736263736264,0.75,-0.12362637362637363,0.5462184873949579,0.6263736263736264,0.5862960568842921,0.19138461538461538,65
5,1,hand:cum_max_token_entropy [task-rel],0.25,ACI g=0.05 (grow cal),blocked,0.7802197802197802,0.75,0.030219780219780223,0.31092436974789917,0.7802197802197802,0.5455720749838397,0.24972972972972973,37
5,1,hand:cum_mean_token_prob,0.1,split CP (SAFE),exch,0.875,0.9,-0.025000000000000022,0.2,0.875,0.5375,0.2545454545454546,11
5,1,hand:cum_mean_token_prob,0.1,ACI g=0.05 (grow cal),exch,0.875,0.9,-0.025000000000000022,0.14545454545454545,0.875,0.5102272727272728,0.2575,8
5,1,hand:cum_mean_token_prob,0.1,split CP (SAFE),blocked,0.8351648351648352,0.9,-0.06483516483516483,0.20168067226890757,0.8351648351648352,0.5184227537168714,0.2591666666666667,24
5,1,hand:cum_mean_token_prob,0.1,ACI g=0.05 (grow cal),blocked,0.8791208791208791,0.9,-0.020879120879120916,0.11764705882352941,0.8791208791208791,0.49838396897220427,0.2157142857142857,14
5,1,hand:cum_mean_token_prob,0.15,split CP (SAFE),exch,0.875,0.85,0.025000000000000022,0.23636363636363636,0.875,0.5556818181818182,0.27692307692307694,13
5,1,hand:cum_mean_token_prob,0.15,ACI g=0.05 (grow cal),exch,0.875,0.85,0.025000000000000022,0.2545454545454545,0.875,0.5647727272727272,0.3000000000000001,14
5,1,hand:cum_mean_token_prob,0.15,split CP (SAFE),blocked,0.8131868131868132,0.85,-0.03681318681318679,0.226890756302521,0.8131868131868132,0.5200387847446671,0.23111111111111113,27
5,1,hand:cum_mean_token_prob,0.15,ACI g=0.05 (grow cal),blocked,0.8241758241758241,0.85,-0.025824175824175843,0.18487394957983194,0.8241758241758241,0.504524886877828,0.20454545454545456,22
5,1,hand:cum_mean_token_prob,0.2,split CP (SAFE),exch,0.8125,0.8,0.012499999999999956,0.23636363636363636,0.8125,0.5244318181818182,0.33384615384615385,13
5,1,hand:cum_mean_token_prob,0.2,ACI g=0.05 (grow cal),exch,0.8125,0.8,0.012499999999999956,0.2727272727272727,0.8125,0.5426136363636364,0.3106666666666667,15
5,1,hand:cum_mean_token_prob,0.2,split CP (SAFE),blocked,0.8021978021978022,0.8,0.00219780219780219,0.24369747899159663,0.8021978021978022,0.5229476405946994,0.23793103448275862,29
5,1,hand:cum_mean_token_prob,0.2,ACI g=0.05 (grow cal),blocked,0.7802197802197802,0.8,-0.01978021978021982,0.19327731092436976,0.7802197802197802,0.486748545572075,0.2730434782608696,23
5,1,hand:cum_mean_token_prob,0.25,split CP (SAFE),exch,0.8125,0.75,0.0625,0.2727272727272727,0.8125,0.5426136363636364,0.22533333333333333,15
5,1,hand:cum_mean_token_prob,0.25,ACI g=0.05 (grow cal),exch,0.75,0.75,0.0,0.2909090909090909,0.75,0.5204545454545455,0.2475,16
5,1,hand:cum_mean_token_prob,0.25,split CP (SAFE),blocked,0.7142857142857143,0.75,-0.0357142857142857,0.2773109243697479,0.7142857142857143,0.4957983193277311,0.23757575757575758,33
5,1,hand:cum_mean_token_prob,0.25,ACI g=0.05 (grow cal),blocked,0.7252747252747253,0.75,-0.02472527472527475,0.2184873949579832,0.7252747252747253,0.4718810601163542,0.21692307692307694,26
5,1,hand:cum_mean_token_prob [task-rel],0.1,split CP (SAFE),exch,0.625,0.9,-0.275,0.21818181818181817,0.625,0.42159090909090907,0.10000000000000002,12
5,1,hand:cum_mean_token_prob [task-rel],0.1,ACI g=0.05 (grow cal),exch,0.75,0.9,-0.15000000000000002,0.18181818181818182,0.75,0.46590909090909094,0.10600000000000001,10
5,1,hand:cum_mean_token_prob [task-rel],0.1,split CP (SAFE),blocked,0.7912087912087912,0.9,-0.10879120879120885,0.226890756302521,0.7912087912087912,0.5090497737556561,0.09259259259259259,27
5,1,hand:cum_mean_token_prob [task-rel],0.1,ACI g=0.05 (grow cal),blocked,0.8901098901098901,0.9,-0.009890109890109966,0.13445378151260504,0.8901098901098901,0.5122818358112475,0.09625,16
5,1,hand:cum_mean_token_prob [task-rel],0.15,split CP (SAFE),exch,0.6875,0.85,-0.16249999999999998,0.2727272727272727,0.6875,0.48011363636363635,0.17466666666666666,15
5,1,hand:cum_mean_token_prob [task-rel],0.15,ACI g=0.05 (grow cal),exch,0.75,0.85,-0.09999999999999998,0.2,0.75,0.475,0.10363636363636365,11
5,1,hand:cum_mean_token_prob [task-rel],0.15,split CP (SAFE),blocked,0.8021978021978022,0.85,-0.04780219780219774,0.25210084033613445,0.8021978021978022,0.5271493212669683,0.11000000000000003,30
5,1,hand:cum_mean_token_prob [task-rel],0.15,ACI g=0.05 (grow cal),blocked,0.8571428571428572,0.85,0.0071428571428572285,0.19327731092436976,0.8571428571428572,0.5252100840336135,0.10695652173913045,23
5,1,hand:cum_mean_token_prob [task-rel],0.2,split CP (SAFE),exch,0.6875,0.8,-0.11250000000000004,0.2545454545454545,0.6875,0.47102272727272726,0.2342857142857143,14
5,1,hand:cum_mean_token_prob [task-rel],0.2,ACI g=0.05 (grow cal),exch,0.6875,0.8,-0.11250000000000004,0.21818181818181817,0.6875,0.45284090909090907,0.235,12
5,1,hand:cum_mean_token_prob [task-rel],0.2,split CP (SAFE),blocked,0.7912087912087912,0.8,-0.008791208791208871,0.226890756302521,0.7912087912087912,0.5090497737556561,0.1437037037037037,27
5,1,hand:cum_mean_token_prob [task-rel],0.2,ACI g=0.05 (grow cal),blocked,0.8021978021978022,0.8,0.00219780219780219,0.19327731092436976,0.8021978021978022,0.497737556561086,0.16173913043478264,23
5,1,hand:cum_mean_token_prob [task-rel],0.25,split CP (SAFE),exch,0.6875,0.75,-0.0625,0.2727272727272727,0.6875,0.48011363636363635,0.2226666666666667,15
5,1,hand:cum_mean_token_prob [task-rel],0.25,ACI g=0.05 (grow cal),exch,0.625,0.75,-0.125,0.2545454545454545,0.625,0.43977272727272726,0.2285714285714286,14
5,1,hand:cum_mean_token_prob [task-rel],0.25,split CP (SAFE),blocked,0.7582417582417582,0.75,0.008241758241758212,0.24369747899159663,0.7582417582417582,0.5009696186166774,0.13793103448275862,29
5,1,hand:cum_mean_token_prob [task-rel],0.25,ACI g=0.05 (grow cal),blocked,0.7472527472527473,0.75,-0.0027472527472527375,0.24369747899159663,0.7472527472527473,0.49547511312217196,0.12068965517241381,29
5,1,hand:cum_dpos,0.1,split CP (SAFE),exch,0.875,0.9,-0.025000000000000022,0.2727272727272727,0.875,0.5738636363636364,0.3186666666666667,15
5,1,hand:cum_dpos,0.1,ACI g=0.05 (grow cal),exch,0.875,0.9,-0.025000000000000022,0.2727272727272727,0.875,0.5738636363636364,0.3226666666666667,15
5,1,hand:cum_dpos,0.1,split CP (SAFE),blocked,0.9340659340659341,0.9,0.034065934065934056,0.15966386554621848,0.9340659340659341,0.5468648998060763,0.17263157894736844,19
5,1,hand:cum_dpos,0.1,ACI g=0.05 (grow cal),blocked,0.9120879120879121,0.9,0.012087912087912045,0.16806722689075632,0.9120879120879121,0.5400775694893342,0.25399999999999995,20
5,1,hand:cum_dpos,0.15,split CP (SAFE),exch,0.875,0.85,0.025000000000000022,0.2909090909090909,0.875,0.5829545454545455,0.33875,16
5,1,hand:cum_dpos,0.15,ACI g=0.05 (grow cal),exch,0.8125,0.85,-0.03749999999999998,0.2909090909090909,0.8125,0.5517045454545455,0.34750000000000003,16
5,1,hand:cum_dpos,0.15,split CP (SAFE),blocked,0.9010989010989011,0.85,0.05109890109890114,0.2184873949579832,0.9010989010989011,0.5597931480284422,0.32307692307692304,26
5,1,hand:cum_dpos,0.15,ACI g=0.05 (grow cal),blocked,0.8681318681318682,0.85,0.01813186813186818,0.25210084033613445,0.8681318681318682,0.5601163542340013,0.3446666666666667,30
5,1,hand:cum_dpos,0.2,split CP (SAFE),exch,0.8125,0.8,0.012499999999999956,0.2909090909090909,0.8125,0.5517045454545455,0.28375,16
5,1,hand:cum_dpos,0.2,ACI g=0.05 (grow cal),exch,0.8125,0.8,0.012499999999999956,0.3090909090909091,0.8125,0.5607954545454545,0.2505882352941176,17
5,1,hand:cum_dpos,0.2,split CP (SAFE),blocked,0.8901098901098901,0.8,0.09010989010989001,0.226890756302521,0.8901098901098901,0.5585003232062056,0.32444444444444437,27
5,1,hand:cum_dpos,0.2,ACI g=0.05 (grow cal),blocked,0.8241758241758241,0.8,0.02417582417582409,0.2605042016806723,0.8241758241758241,0.5423400129282482,0.29806451612903223,31
5,1,hand:cum_dpos,0.25,split CP (SAFE),exch,0.5625,0.75,-0.1875,0.41818181818181815,0.5625,0.4903409090909091,0.21130434782608698,23
5,1,hand:cum_dpos,0.25,ACI g=0.05 (grow cal),exch,0.75,0.75,0.0,0.32727272727272727,0.75,0.5386363636363636,0.28555555555555556,18
5,1,hand:cum_dpos,0.25,split CP (SAFE),blocked,0.7362637362637363,0.75,-0.013736263736263687,0.3865546218487395,0.7362637362637363,0.5614091790562379,0.2508695652173913,46
5,1,hand:cum_dpos,0.25,ACI g=0.05 (grow cal),blocked,0.7912087912087912,0.75,0.04120879120879117,0.31932773109243695,0.7912087912087912,0.5552682611506141,0.2515789473684211,38
5,1,hand:cum_dpos [task-rel],0.1,split CP (SAFE),exch,0.875,0.9,-0.025000000000000022,0.2,0.875,0.5375,0.2509090909090909,11
5,1,hand:cum_dpos [task-rel],0.1,ACI g=0.05 (grow cal),exch,0.875,0.9,-0.025000000000000022,0.14545454545454545,0.875,0.5102272727272728,0.32999999999999996,8
5,1,hand:cum_dpos [task-rel],0.1,split CP (SAFE),blocked,0.7362637362637363,0.9,-0.1637362637362637,0.2773109243697479,0.7362637362637363,0.5067873303167421,0.1812121212121212,33
5,1,hand:cum_dpos [task-rel],0.1,ACI g=0.05 (grow cal),blocked,0.8901098901098901,0.9,-0.009890109890109966,0.1092436974789916,0.8901098901098901,0.49967679379444085,0.23384615384615387,13
5,1,hand:cum_dpos [task-rel],0.15,split CP (SAFE),exch,0.875,0.85,0.025000000000000022,0.23636363636363636,0.875,0.5556818181818182,0.32,13
5,1,hand:cum_dpos [task-rel],0.15,ACI g=0.05 (grow cal),exch,0.8125,0.85,-0.03749999999999998,0.18181818181818182,0.8125,0.49715909090909094,0.4119999999999999,10
5,1,hand:cum_dpos [task-rel],0.15,split CP (SAFE),blocked,0.7252747252747253,0.85,-0.12472527472527473,0.29411764705882354,0.7252747252747253,0.5096961861667744,0.1925714285714286,35
5,1,hand:cum_dpos [task-rel],0.15,ACI g=0.05 (grow cal),blocked,0.8241758241758241,0.85,-0.025824175824175843,0.15126050420168066,0.8241758241758241,0.4877181641887524,0.2577777777777778,18
5,1,hand:cum_dpos [task-rel],0.2,split CP (SAFE),exch,0.8125,0.8,0.012499999999999956,0.23636363636363636,0.8125,0.5244318181818182,0.31846153846153846,13
5,1,hand:cum_dpos [task-rel],0.2,ACI g=0.05 (grow cal),exch,0.8125,0.8,0.012499999999999956,0.23636363636363636,0.8125,0.5244318181818182,0.31230769230769234,13
5,1,hand:cum_dpos [task-rel],0.2,split CP (SAFE),blocked,0.7142857142857143,0.8,-0.08571428571428574,0.31092436974789917,0.7142857142857143,0.5126050420168067,0.20378378378378378,37
5,1,hand:cum_dpos [task-rel],0.2,ACI g=0.05 (grow cal),blocked,0.7692307692307692,0.8,-0.030769230769230882,0.226890756302521,0.7692307692307692,0.49806076276664507,0.18814814814814812,27
5,1,hand:cum_dpos [task-rel],0.25,split CP (SAFE),exch,0.8125,0.75,0.0625,0.23636363636363636,0.8125,0.5244318181818182,0.3169230769230769,13
5,1,hand:cum_dpos [task-rel],0.25,ACI g=0.05 (grow cal),exch,0.8125,0.75,0.0625,0.2727272727272727,0.8125,0.5426136363636364,0.30000000000000004,15
5,1,hand:cum_dpos [task-rel],0.25,split CP (SAFE),blocked,0.7142857142857143,0.75,-0.0357142857142857,0.31932773109243695,0.7142857142857143,0.5168067226890756,0.2231578947368421,38
5,1,hand:cum_dpos [task-rel],0.25,ACI g=0.05 (grow cal),blocked,0.7252747252747253,0.75,-0.02472527472527475,0.31092436974789917,0.7252747252747253,0.5180995475113122,0.15297297297297296,37
5,1,hand:cum_drot,0.1,split CP (SAFE),exch,1.0,0.9,0.09999999999999998,0.2,1.0,0.6,0.23272727272727273,11
5,1,hand:cum_drot,0.1,ACI g=0.05 (grow cal),exch,0.875,0.9,-0.025000000000000022,0.23636363636363636,0.875,0.5556818181818182,0.16,13
5,1,hand:cum_drot,0.1,split CP (SAFE),blocked,0.8351648351648352,0.9,-0.06483516483516483,0.19327731092436976,0.8351648351648352,0.5142210730446025,0.32434782608695656,23
5,1,hand:cum_drot,0.1,ACI g=0.05 (grow cal),blocked,0.9230769230769231,0.9,0.023076923076923106,0.07563025210084033,0.9230769230769231,0.4993535875888817,0.36000000000000004,9
5,1,hand:cum_drot,0.15,split CP (SAFE),exch,0.8125,0.85,-0.03749999999999998,0.32727272727272727,0.8125,0.5698863636363636,0.3588888888888889,18
5,1,hand:cum_drot,0.15,ACI g=0.05 (grow cal),exch,0.8125,0.85,-0.03749999999999998,0.34545454545454546,0.8125,0.5789772727272727,0.36210526315789476,19
5,1,hand:cum_drot,0.15,split CP (SAFE),blocked,0.7912087912087912,0.85,-0.058791208791208804,0.25210084033613445,0.7912087912087912,0.5216548157724628,0.3653333333333333,30
5,1,hand:cum_drot,0.15,ACI g=0.05 (grow cal),blocked,0.8791208791208791,0.85,0.02912087912087913,0.13445378151260504,0.8791208791208791,0.5067873303167421,0.41125,16
5,1,hand:cum_drot,0.2,split CP (SAFE),exch,0.8125,0.8,0.012499999999999956,0.2909090909090909,0.8125,0.5517045454545455,0.17875000000000002,16
5,1,hand:cum_drot,0.2,ACI g=0.05 (grow cal),exch,0.8125,0.8,0.012499999999999956,0.38181818181818183,0.8125,0.5971590909090909,0.24857142857142855,21
5,1,hand:cum_drot,0.2,split CP (SAFE),blocked,0.8021978021978022,0.8,0.00219780219780219,0.24369747899159663,0.8021978021978022,0.5229476405946994,0.2537931034482758,29
5,1,hand:cum_drot,0.2,ACI g=0.05 (grow cal),blocked,0.8241758241758241,0.8,0.02417582417582409,0.16806722689075632,0.8241758241758241,0.49612152553329025,0.202,20
5,1,hand:cum_drot,0.25,split CP (SAFE),exch,0.8125,0.75,0.0625,0.34545454545454546,0.8125,0.5789772727272727,0.24631578947368424,19
5,1,hand:cum_drot,0.25,ACI g=0.05 (grow cal),exch,0.75,0.75,0.0,0.43636363636363634,0.75,0.5931818181818181,0.18583333333333332,24
5,1,hand:cum_drot,0.25,split CP (SAFE),blocked,0.7692307692307692,0.75,0.019230769230769162,0.2605042016806723,0.7692307692307692,0.5148674854557207,0.21870967741935485,31
5,1,hand:cum_drot,0.25,ACI g=0.05 (grow cal),blocked,0.7692307692307692,0.75,0.019230769230769162,0.226890756302521,0.7692307692307692,0.49806076276664507,0.2074074074074074,27
5,1,hand:cum_drot [task-rel],0.1,split CP (SAFE),exch,0.8125,0.9,-0.08750000000000002,0.14545454545454545,0.8125,0.47897727272727275,0.155,8
5,1,hand:cum_drot [task-rel],0.1,ACI g=0.05 (grow cal),exch,0.8125,0.9,-0.08750000000000002,0.10909090909090909,0.8125,0.46079545454545456,0.14666666666666664,6
5,1,hand:cum_drot [task-rel],0.1,split CP (SAFE),blocked,0.7362637362637363,0.9,-0.1637362637362637,0.2184873949579832,0.7362637362637363,0.47737556561085975,0.22384615384615386,26
5,1,hand:cum_drot [task-rel],0.1,ACI g=0.05 (grow cal),blocked,0.8901098901098901,0.9,-0.009890109890109966,0.1092436974789916,0.8901098901098901,0.49967679379444085,0.2030769230769231,13
5,1,hand:cum_drot [task-rel],0.15,split CP (SAFE),exch,0.8125,0.85,-0.03749999999999998,0.2545454545454545,0.8125,0.5335227272727272,0.24000000000000005,14
5,1,hand:cum_drot [task-rel],0.15,ACI g=0.05 (grow cal),exch,0.8125,0.85,-0.03749999999999998,0.2545454545454545,0.8125,0.5335227272727272,0.23857142857142863,14
5,1,hand:cum_drot [task-rel],0.15,split CP (SAFE),blocked,0.7142857142857143,0.85,-0.13571428571428568,0.31092436974789917,0.7142857142857143,0.5126050420168067,0.26756756756756755,37
5,1,hand:cum_drot [task-rel],0.15,ACI g=0.05 (grow cal),blocked,0.8351648351648352,0.85,-0.014835164835164782,0.23529411764705882,0.8351648351648352,0.535229476405947,0.20142857142857143,28
5,1,hand:cum_drot [task-rel],0.2,split CP (SAFE),exch,0.8125,0.8,0.012499999999999956,0.23636363636363636,0.8125,0.5244318181818182,0.21846153846153848,13
5,1,hand:cum_drot [task-rel],0.2,ACI g=0.05 (grow cal),exch,0.8125,0.8,0.012499999999999956,0.2545454545454545,0.8125,0.5335227272727272,0.20571428571428577,14
5,1,hand:cum_drot [task-rel],0.2,split CP (SAFE),blocked,0.6373626373626373,0.8,-0.16263736263736273,0.33613445378151263,0.6373626373626373,0.486748545572075,0.264,40
5,1,hand:cum_drot [task-rel],0.2,ACI g=0.05 (grow cal),blocked,0.7802197802197802,0.8,-0.01978021978021982,0.226890756302521,0.7802197802197802,0.5035552682611506,0.21777777777777776,27
5,1,hand:cum_drot [task-rel],0.25,split CP (SAFE),exch,0.8125,0.75,0.0625,0.2545454545454545,0.8125,0.5335227272727272,0.21714285714285717,14
5,1,hand:cum_drot [task-rel],0.25,ACI g=0.05 (grow cal),exch,0.8125,0.75,0.0625,0.36363636363636365,0.8125,0.5880681818181819,0.30799999999999994,20
5,1,hand:cum_drot [task-rel],0.25,split CP (SAFE),blocked,0.6373626373626373,0.75,-0.11263736263736268,0.35294117647058826,0.6373626373626373,0.4951519069166128,0.2557142857142857,42
5,1,hand:cum_drot [task-rel],0.25,ACI g=0.05 (grow cal),blocked,0.7252747252747253,0.75,-0.02472527472527475,0.2773109243697479,0.7252747252747253,0.5012928248222366,0.19878787878787876,33
5,1,hand:dgripper,0.1,split CP (SAFE),exch,1.0,0.9,0.09999999999999998,0.0,1.0,0.5,,0
5,1,hand:dgripper,0.1,ACI g=0.05 (grow cal),exch,1.0,0.9,0.09999999999999998,0.0,1.0,0.5,,0
5,1,hand:dgripper,0.1,split CP (SAFE),blocked,1.0,0.9,0.09999999999999998,0.0,1.0,0.5,,0
5,1,hand:dgripper,0.1,ACI g=0.05 (grow cal),blocked,0.9340659340659341,0.9,0.034065934065934056,0.15966386554621848,0.9340659340659341,0.5468648998060763,0.5199999999999999,19
5,1,hand:dgripper,0.15,split CP (SAFE),exch,1.0,0.85,0.15000000000000002,0.0,1.0,0.5,,0
5,1,hand:dgripper,0.15,ACI g=0.05 (grow cal),exch,0.9375,0.85,0.08750000000000002,0.03636363636363636,0.9375,0.4869318181818182,0.52,2
5,1,hand:dgripper,0.15,split CP (SAFE),blocked,1.0,0.85,0.15000000000000002,0.0,1.0,0.5,,0
5,1,hand:dgripper,0.15,ACI g=0.05 (grow cal),blocked,0.8901098901098901,0.85,0.04010989010989008,0.31092436974789917,0.8901098901098901,0.6005171299288946,0.5199999999999999,37
5,1,hand:dgripper,0.2,split CP (SAFE),exch,1.0,0.8,0.19999999999999996,0.0,1.0,0.5,,0
5,1,hand:dgripper,0.2,ACI g=0.05 (grow cal),exch,0.875,0.8,0.07499999999999996,0.23636363636363636,0.875,0.5556818181818182,0.5199999999999998,13
5,1,hand:dgripper,0.2,split CP (SAFE),blocked,1.0,0.8,0.19999999999999996,0.0,1.0,0.5,,0
5,1,hand:dgripper,0.2,ACI g=0.05 (grow cal),blocked,0.8461538461538461,0.8,0.0461538461538461,0.35294117647058826,0.8461538461538461,0.5995475113122172,0.52,42
5,1,hand:dgripper,0.25,split CP (SAFE),exch,1.0,0.75,0.25,0.0,1.0,0.5,,0
5,1,hand:dgripper,0.25,ACI g=0.05 (grow cal),exch,0.8125,0.75,0.0625,0.41818181818181815,0.8125,0.6153409090909091,0.5199999999999999,23
5,1,hand:dgripper,0.25,split CP (SAFE),blocked,1.0,0.75,0.25,0.0,1.0,0.5,,0
5,1,hand:dgripper,0.25,ACI g=0.05 (grow cal),blocked,0.8021978021978022,0.75,0.052197802197802234,0.453781512605042,0.8021978021978022,0.6279896574014221,0.52,54
5,1,hand:dgripper [task-rel],0.1,split CP (SAFE),exch,1.0,0.9,0.09999999999999998,0.12727272727272726,1.0,0.5636363636363636,0.07142857142857142,7
5,1,hand:dgripper [task-rel],0.1,ACI g=0.05 (grow cal),exch,1.0,0.9,0.09999999999999998,0.12727272727272726,1.0,0.5636363636363636,0.07142857142857142,7
5,1,hand:dgripper [task-rel],0.1,split CP (SAFE),blocked,0.989010989010989,0.9,0.08901098901098903,0.008403361344537815,0.989010989010989,0.4987071751777634,0.1,1
5,1,hand:dgripper [task-rel],0.1,ACI g=0.05 (grow cal),blocked,0.9340659340659341,0.9,0.034065934065934056,0.21008403361344538,0.9340659340659341,0.5720749838396897,0.5032,25
5,1,hand:dgripper [task-rel],0.15,split CP (SAFE),exch,1.0,0.85,0.15000000000000002,0.14545454545454545,1.0,0.5727272727272728,0.05,8
5,1,hand:dgripper [task-rel],0.15,ACI g=0.05 (grow cal),exch,1.0,0.85,0.15000000000000002,0.14545454545454545,1.0,0.5727272727272728,0.05,8
5,1,hand:dgripper [task-rel],0.15,split CP (SAFE),blocked,0.989010989010989,0.85,0.13901098901098907,0.008403361344537815,0.989010989010989,0.4987071751777634,0.1,1
5,1,hand:dgripper [task-rel],0.15,ACI g=0.05 (grow cal),blocked,0.8901098901098901,0.85,0.04010989010989008,0.3277310924369748,0.8901098901098901,0.6089204912734324,0.5092307692307692,39
5,1,hand:dgripper [task-rel],0.2,split CP (SAFE),exch,1.0,0.8,0.19999999999999996,0.14545454545454545,1.0,0.5727272727272728,0.0275,8
5,1,hand:dgripper [task-rel],0.2,ACI g=0.05 (grow cal),exch,0.9375,0.8,0.13749999999999996,0.18181818181818182,0.9375,0.5596590909090909,0.126,10
5,1,hand:dgripper [task-rel],0.2,split CP (SAFE),blocked,0.989010989010989,0.8,0.189010989010989,0.008403361344537815,0.989010989010989,0.4987071751777634,0.06,1
5,1,hand:dgripper [task-rel],0.2,ACI g=0.05 (grow cal),blocked,0.8461538461538461,0.8,0.0461538461538461,0.31932773109243695,0.8461538461538461,0.5827407886231415,0.5078947368421052,38
5,1,hand:dgripper [task-rel],0.25,split CP (SAFE),exch,1.0,0.75,0.25,0.14545454545454545,1.0,0.5727272727272728,0.0275,8
5,1,hand:dgripper [task-rel],0.25,ACI g=0.05 (grow cal),exch,0.875,0.75,0.125,0.38181818181818183,0.875,0.6284090909090909,0.33238095238095233,21
5,1,hand:dgripper [task-rel],0.25,split CP (SAFE),blocked,0.989010989010989,0.75,0.23901098901098905,0.008403361344537815,0.989010989010989,0.4987071751777634,0.06,1
5,1,hand:dgripper [task-rel],0.25,ACI g=0.05 (grow cal),blocked,0.8021978021978022,0.75,0.052197802197802234,0.44537815126050423,0.8021978021978022,0.6237879767291532,0.5113207547169811,53
