fold,seed,held,detector,alpha,method,order,auroc,coverage,false_alarm,nominal_cov,cov_gap,n_success,alpha_final,tpr,tnr,bal_acc,det_time,n_detected
0,0,"0,1,4",SAFE-MLP,0.1,split CP (SAFE),blocked,0.7733346629437575,0.7717391304347826,0.22826086956521738,0.9,-0.12826086956521743,92,0.1,0.43119266055045874,0.7717391304347826,0.6014658954926206,0.28765957446808504,47
0,0,"0,1,4",SAFE-MLP,0.1,split CP (n+1 corr.),blocked,0.7733346629437575,1.0,0.0,0.9,0.09999999999999998,92,0.1,0.27522935779816515,1.0,0.6376146788990826,0.7266666666666666,30
0,0,"0,1,4",SAFE-MLP,0.1,DtACI,blocked,0.7733346629437575,0.9021739130434783,0.09782608695652174,0.9,0.0021739130434782483,92,0.07000154733447117,0.43119266055045874,0.9021739130434783,0.6666832867969685,0.5974468085106382,47
0,0,"0,1,4",SAFE-MLP,0.1,DtACI (grow cal),blocked,0.7733346629437575,0.8695652173913043,0.13043478260869565,0.9,-0.0304347826086957,92,0.0723849052462813,0.43119266055045874,0.8695652173913043,0.6503789389708815,0.4697872340425532,47
0,0,"0,1,4",SAFE-MLP,0.1,ACI g=0.005,blocked,0.7733346629437575,0.8478260869565217,0.15217391304347827,0.9,-0.05217391304347829,92,0.07549999999999998,0.4036697247706422,0.8478260869565217,0.625747905863582,0.4986363636363636,44
0,0,"0,1,4",SAFE-MLP,0.1,ACI g=0.005 (grow cal),blocked,0.7733346629437575,0.8369565217391304,0.16304347826086957,0.9,-0.06304347826086965,92,0.07049999999999998,0.3944954128440367,0.8369565217391304,0.6157259672915836,0.5330232558139535,43
0,0,"0,1,4",SAFE-MLP,0.1,ACI g=0.01,blocked,0.7733346629437575,0.8695652173913043,0.13043478260869565,0.9,-0.0304347826086957,92,0.07099999999999998,0.3394495412844037,0.8695652173913043,0.604507379337854,0.5443243243243243,37
0,0,"0,1,4",SAFE-MLP,0.1,ACI g=0.01 (grow cal),blocked,0.7733346629437575,0.8586956521739131,0.14130434782608695,0.9,-0.04130434782608694,92,0.06099999999999999,0.3853211009174312,0.8586956521739131,0.6220083765456721,0.550952380952381,42
0,0,"0,1,4",SAFE-MLP,0.1,ACI g=0.05,blocked,0.7733346629437575,0.8913043478260869,0.10869565217391304,0.9,-0.008695652173913104,92,0.05500000000000024,0.3853211009174312,0.8913043478260869,0.638312724371759,0.6009523809523809,42
0,0,"0,1,4",SAFE-MLP,0.1,ACI g=0.05 (grow cal),blocked,0.7733346629437575,0.8913043478260869,0.10869565217391304,0.9,-0.008695652173913104,92,0.05600000000000005,0.44954128440366975,0.8913043478260869,0.6704228161148783,0.5787755102040816,49
0,0,"0,1,4",SAFE-MLP,0.1,split CP (SAFE),shuffled,0.7733346629437575,0.7717391304347826,0.22826086956521738,0.9,-0.12826086956521743,92,0.1,0.43119266055045874,0.7717391304347826,0.6014658954926206,0.28765957446808504,47
0,0,"0,1,4",SAFE-MLP,0.1,split CP (n+1 corr.),shuffled,0.7733346629437575,1.0,0.0,0.9,0.09999999999999998,92,0.1,0.27522935779816515,1.0,0.6376146788990826,0.7266666666666667,30
0,0,"0,1,4",SAFE-MLP,0.1,DtACI,shuffled,0.7733346629437575,0.8586956521739131,0.14130434782608695,0.9,-0.04130434782608694,92,0.036071952047864994,0.41284403669724773,0.8586956521739131,0.6357698444355804,0.4875555555555557,45
0,0,"0,1,4",SAFE-MLP,0.1,DtACI (grow cal),shuffled,0.7733346629437575,0.8695652173913043,0.13043478260869565,0.9,-0.0304347826086957,92,0.06557895021249376,0.3761467889908257,0.8695652173913043,0.622856003191065,0.48,41
0,0,"0,1,4",SAFE-MLP,0.1,ACI g=0.005,shuffled,0.7733346629437575,0.8369565217391304,0.16304347826086957,0.9,-0.06304347826086965,92,0.07099999999999998,0.4036697247706422,0.8369565217391304,0.6203131232548863,0.39499999999999996,44
0,0,"0,1,4",SAFE-MLP,0.1,ACI g=0.005 (grow cal),shuffled,0.7733346629437575,0.8369565217391304,0.16304347826086957,0.9,-0.06304347826086965,92,0.07099999999999998,0.3761467889908257,0.8369565217391304,0.606551655364978,0.4551219512195122,41
0,0,"0,1,4",SAFE-MLP,0.1,ACI g=0.01,shuffled,0.7733346629437575,0.8695652173913043,0.13043478260869565,0.9,-0.0304347826086957,92,0.07199999999999998,0.3577981651376147,0.8695652173913043,0.6136816912644595,0.5446153846153846,39
0,0,"0,1,4",SAFE-MLP,0.1,ACI g=0.01 (grow cal),shuffled,0.7733346629437575,0.8695652173913043,0.13043478260869565,0.9,-0.0304347826086957,92,0.07199999999999998,0.3761467889908257,0.8695652173913043,0.622856003191065,0.4639024390243902,41
0,0,"0,1,4",SAFE-MLP,0.1,ACI g=0.05,shuffled,0.7733346629437575,0.8913043478260869,0.10869565217391304,0.9,-0.008695652173913104,92,0.06000000000000025,0.3761467889908257,0.8913043478260869,0.6337255684084563,0.5341463414634146,41
0,0,"0,1,4",SAFE-MLP,0.1,ACI g=0.05 (grow cal),shuffled,0.7733346629437575,0.8913043478260869,0.10869565217391304,0.9,-0.008695652173913104,92,0.06000000000000019,0.3486238532110092,0.8913043478260869,0.6199641005185481,0.5484210526315789,38
0,0,"0,1,4",SAFE-MLP,0.1,split CP (SAFE),exch,0.7733346629437575,0.8125,0.1875,0.9,-0.08750000000000002,16,0.1,0.5409836065573771,0.8125,0.6767418032786885,0.3503030303030303,33
0,0,"0,1,4",SAFE-MLP,0.1,split CP (n+1 corr.),exch,0.7733346629437575,1.0,0.0,0.9,0.09999999999999998,16,0.1,0.36065573770491804,1.0,0.680327868852459,0.7399999999999999,22
0,0,"0,1,4",SAFE-MLP,0.1,DtACI,exch,0.7733346629437575,0.8125,0.1875,0.9,-0.08750000000000002,16,0.0892758405721485,0.5409836065573771,0.8125,0.6767418032786885,0.36424242424242426,33
0,0,"0,1,4",SAFE-MLP,0.1,DtACI (grow cal),exch,0.7733346629437575,0.8125,0.1875,0.9,-0.08750000000000002,16,0.08922247838265945,0.5409836065573771,0.8125,0.6767418032786885,0.40727272727272723,33
0,0,"0,1,4",SAFE-MLP,0.1,ACI g=0.005,exch,0.7733346629437575,0.8125,0.1875,0.9,-0.08750000000000002,16,0.093,0.5409836065573771,0.8125,0.6767418032786885,0.3503030303030303,33
0,0,"0,1,4",SAFE-MLP,0.1,ACI g=0.005 (grow cal),exch,0.7733346629437575,0.8125,0.1875,0.9,-0.08750000000000002,16,0.093,0.5409836065573771,0.8125,0.6767418032786885,0.36363636363636365,33
0,0,"0,1,4",SAFE-MLP,0.1,ACI g=0.01,exch,0.7733346629437575,0.8125,0.1875,0.9,-0.08750000000000002,16,0.086,0.5409836065573771,0.8125,0.6767418032786885,0.3545454545454545,33
0,0,"0,1,4",SAFE-MLP,0.1,ACI g=0.01 (grow cal),exch,0.7733346629437575,0.8125,0.1875,0.9,-0.08750000000000002,16,0.086,0.5409836065573771,0.8125,0.6767418032786885,0.3654545454545455,33
0,0,"0,1,4",SAFE-MLP,0.1,ACI g=0.05,exch,0.7733346629437575,0.875,0.125,0.9,-0.025000000000000022,16,0.08000000000000004,0.5245901639344263,0.875,0.6997950819672132,0.53,32
0,0,"0,1,4",SAFE-MLP,0.1,ACI g=0.05 (grow cal),exch,0.7733346629437575,0.875,0.125,0.9,-0.025000000000000022,16,0.08000000000000004,0.5245901639344263,0.875,0.6997950819672132,0.5393749999999999,32
0,0,"0,1,4",SAFE-MLP,0.15,split CP (SAFE),blocked,0.7733346629437575,0.7065217391304348,0.29347826086956524,0.85,-0.14347826086956517,92,0.15,0.6330275229357798,0.7065217391304348,0.6697746310331073,0.4055072463768116,69
0,0,"0,1,4",SAFE-MLP,0.15,split CP (n+1 corr.),blocked,0.7733346629437575,0.7608695652173914,0.2391304347826087,0.85,-0.08913043478260863,92,0.15,0.6055045871559633,0.7608695652173914,0.6831870761866774,0.6212121212121211,66
0,0,"0,1,4",SAFE-MLP,0.15,DtACI,blocked,0.7733346629437575,0.7282608695652174,0.2717391304347826,0.85,-0.12173913043478257,92,0.09766116020028759,0.6422018348623854,0.7282608695652174,0.6852313522138014,0.5234285714285715,70
0,0,"0,1,4",SAFE-MLP,0.15,DtACI (grow cal),blocked,0.7733346629437575,0.7391304347826086,0.2608695652173913,0.85,-0.11086956521739133,92,0.10500335004163469,0.6330275229357798,0.7391304347826086,0.6860789788591942,0.5272463768115943,69
0,0,"0,1,4",SAFE-MLP,0.15,ACI g=0.005,blocked,0.7733346629437575,0.7282608695652174,0.2717391304347826,0.85,-0.12173913043478257,92,0.09824999999999995,0.6330275229357798,0.7282608695652174,0.6806441962504985,0.4918840579710146,69
0,0,"0,1,4",SAFE-MLP,0.15,ACI g=0.005 (grow cal),blocked,0.7733346629437575,0.7608695652173914,0.2391304347826087,0.85,-0.08913043478260863,92,0.10824999999999996,0.6146788990825688,0.7608695652173914,0.68777423214998,0.5674626865671643,67
0,0,"0,1,4",SAFE-MLP,0.15,ACI g=0.01,blocked,0.7733346629437575,0.7608695652173914,0.2391304347826087,0.85,-0.08913043478260863,92,0.06649999999999992,0.6146788990825688,0.7608695652173914,0.68777423214998,0.5782089552238806,67
0,0,"0,1,4",SAFE-MLP,0.15,ACI g=0.01 (grow cal),blocked,0.7733346629437575,0.7934782608695652,0.20652173913043478,0.85,-0.05652173913043479,92,0.09649999999999995,0.6146788990825688,0.7934782608695652,0.7040785799760669,0.5740298507462687,67
0,0,"0,1,4",SAFE-MLP,0.15,ACI g=0.05,blocked,0.7733346629437575,0.8260869565217391,0.17391304347826086,0.85,-0.023913043478260843,92,0.0825000000000004,0.6055045871559633,0.8260869565217391,0.7157957718388512,0.5969696969696969,66
0,0,"0,1,4",SAFE-MLP,0.15,ACI g=0.05 (grow cal),blocked,0.7733346629437575,0.8369565217391304,0.16304347826086957,0.85,-0.013043478260869601,92,0.08250000000000032,0.5871559633027523,0.8369565217391304,0.7120562425209414,0.5796874999999999,64
0,0,"0,1,4",SAFE-MLP,0.15,split CP (SAFE),shuffled,0.7733346629437575,0.7065217391304348,0.29347826086956524,0.85,-0.14347826086956517,92,0.15,0.6330275229357798,0.7065217391304348,0.6697746310331073,0.4055072463768116,69
0,0,"0,1,4",SAFE-MLP,0.15,split CP (n+1 corr.),shuffled,0.7733346629437575,0.7608695652173914,0.2391304347826087,0.85,-0.08913043478260863,92,0.15,0.6055045871559633,0.7608695652173914,0.6831870761866774,0.6212121212121212,66
0,0,"0,1,4",SAFE-MLP,0.15,DtACI,shuffled,0.7733346629437575,0.7173913043478262,0.2826086956521739,0.85,-0.1326086956521738,92,0.09367696927151077,0.6330275229357798,0.7173913043478262,0.675209413641803,0.541159420289855,69
0,0,"0,1,4",SAFE-MLP,0.15,DtACI (grow cal),shuffled,0.7733346629437575,0.7717391304347826,0.22826086956521738,0.85,-0.07826086956521738,92,0.1168430484918801,0.5688073394495413,0.7717391304347826,0.670273234942162,0.623225806451613,62
0,0,"0,1,4",SAFE-MLP,0.15,ACI g=0.005,shuffled,0.7733346629437575,0.7282608695652174,0.2717391304347826,0.85,-0.12173913043478257,92,0.09399999999999994,0.6330275229357798,0.7282608695652174,0.6806441962504985,0.5104347826086956,69
0,0,"0,1,4",SAFE-MLP,0.15,ACI g=0.005 (grow cal),shuffled,0.7733346629437575,0.782608695652174,0.21739130434782608,0.85,-0.06739130434782603,92,0.11899999999999997,0.5688073394495413,0.782608695652174,0.6757080175508576,0.6361290322580646,62
0,0,"0,1,4",SAFE-MLP,0.15,ACI g=0.01,shuffled,0.7733346629437575,0.7608695652173914,0.2391304347826087,0.85,-0.08913043478260863,92,0.06799999999999992,0.5688073394495413,0.7608695652173914,0.6648384523334663,0.5864516129032257,62
0,0,"0,1,4",SAFE-MLP,0.15,ACI g=0.01 (grow cal),shuffled,0.7733346629437575,0.7934782608695652,0.20652173913043478,0.85,-0.05652173913043479,92,0.09799999999999995,0.5596330275229358,0.7934782608695652,0.6765556441962505,0.6396721311475412,61
0,0,"0,1,4",SAFE-MLP,0.15,ACI g=0.05,shuffled,0.7733346629437575,0.8369565217391304,0.16304347826086957,0.85,-0.013043478260869601,92,0.09000000000000033,0.5688073394495413,0.8369565217391304,0.7028819305943359,0.6241935483870967,62
0,0,"0,1,4",SAFE-MLP,0.15,ACI g=0.05 (grow cal),shuffled,0.7733346629437575,0.8369565217391304,0.16304347826086957,0.85,-0.013043478260869601,92,0.09000000000000033,0.5412844036697247,0.8369565217391304,0.6891204627044276,0.6915254237288136,59
0,0,"0,1,4",SAFE-MLP,0.15,split CP (SAFE),exch,0.7733346629437575,0.8125,0.1875,0.85,-0.03749999999999998,16,0.15,0.819672131147541,0.8125,0.8160860655737705,0.446,50
0,0,"0,1,4",SAFE-MLP,0.15,split CP (n+1 corr.),exch,0.7733346629437575,0.8125,0.1875,0.85,-0.03749999999999998,16,0.15,0.7868852459016393,0.8125,0.7996926229508197,0.6295833333333333,48
0,0,"0,1,4",SAFE-MLP,0.15,DtACI,exch,0.7733346629437575,0.8125,0.1875,0.85,-0.03749999999999998,16,0.13990569917446327,0.819672131147541,0.8125,0.8160860655737705,0.468,50
0,0,"0,1,4",SAFE-MLP,0.15,DtACI (grow cal),exch,0.7733346629437575,0.8125,0.1875,0.85,-0.03749999999999998,16,0.14451701939908737,0.819672131147541,0.8125,0.8160860655737705,0.4892,50
0,0,"0,1,4",SAFE-MLP,0.15,ACI g=0.005,exch,0.7733346629437575,0.8125,0.1875,0.85,-0.03749999999999998,16,0.147,0.819672131147541,0.8125,0.8160860655737705,0.4520000000000001,50
0,0,"0,1,4",SAFE-MLP,0.15,ACI g=0.005 (grow cal),exch,0.7733346629437575,0.8125,0.1875,0.85,-0.03749999999999998,16,0.147,0.819672131147541,0.8125,0.8160860655737705,0.4692,50
0,0,"0,1,4",SAFE-MLP,0.15,ACI g=0.01,exch,0.7733346629437575,0.8125,0.1875,0.85,-0.03749999999999998,16,0.144,0.819672131147541,0.8125,0.8160860655737705,0.4584000000000001,50
0,0,"0,1,4",SAFE-MLP,0.15,ACI g=0.01 (grow cal),exch,0.7733346629437575,0.8125,0.1875,0.85,-0.03749999999999998,16,0.144,0.819672131147541,0.8125,0.8160860655737705,0.47080000000000005,50
0,0,"0,1,4",SAFE-MLP,0.15,ACI g=0.05,exch,0.7733346629437575,0.8125,0.1875,0.85,-0.03749999999999998,16,0.12000000000000005,0.819672131147541,0.8125,0.8160860655737705,0.46240000000000003,50
0,0,"0,1,4",SAFE-MLP,0.15,ACI g=0.05 (grow cal),exch,0.7733346629437575,0.75,0.25,0.85,-0.09999999999999998,16,0.07000000000000003,0.7049180327868853,0.75,0.7274590163934427,0.5841860465116279,43
0,0,"0,1,4",SAFE-MLP,0.2,split CP (SAFE),blocked,0.7733346629437575,0.6956521739130435,0.30434782608695654,0.8,-0.10434782608695659,92,0.2,0.6330275229357798,0.6956521739130435,0.6643398484244116,0.3944927536231885,69
0,0,"0,1,4",SAFE-MLP,0.2,split CP (n+1 corr.),blocked,0.7733346629437575,0.7065217391304348,0.29347826086956524,0.8,-0.09347826086956523,92,0.2,0.6330275229357798,0.7065217391304348,0.6697746310331073,0.40666666666666673,69
0,0,"0,1,4",SAFE-MLP,0.2,DtACI,blocked,0.7733346629437575,0.6739130434782609,0.32608695652173914,0.8,-0.12608695652173918,92,0.13784898830094938,0.6513761467889908,0.6739130434782609,0.6626445951336258,0.3504225352112677,71
0,0,"0,1,4",SAFE-MLP,0.2,DtACI (grow cal),blocked,0.7733346629437575,0.6956521739130435,0.30434782608695654,0.8,-0.10434782608695659,92,0.15942742978341148,0.6697247706422018,0.6956521739130435,0.6826884722776226,0.4821917808219178,73
0,0,"0,1,4",SAFE-MLP,0.2,ACI g=0.005,blocked,0.7733346629437575,0.6956521739130435,0.30434782608695654,0.8,-0.10434782608695659,92,0.15599999999999997,0.6330275229357798,0.6956521739130435,0.6643398484244116,0.3927536231884059,69
0,0,"0,1,4",SAFE-MLP,0.2,ACI g=0.005 (grow cal),blocked,0.7733346629437575,0.7173913043478262,0.2826086956521739,0.8,-0.08260869565217388,92,0.16599999999999998,0.6422018348623854,0.7173913043478262,0.6797965696051058,0.44828571428571423,70
0,0,"0,1,4",SAFE-MLP,0.2,ACI g=0.01,blocked,0.7733346629437575,0.6956521739130435,0.30434782608695654,0.8,-0.10434782608695659,92,0.11199999999999993,0.6330275229357798,0.6956521739130435,0.6643398484244116,0.4315942028985507,69
0,0,"0,1,4",SAFE-MLP,0.2,ACI g=0.01 (grow cal),blocked,0.7733346629437575,0.7173913043478262,0.2826086956521739,0.8,-0.08260869565217388,92,0.13199999999999995,0.6330275229357798,0.7173913043478262,0.675209413641803,0.44898550724637676,69
0,0,"0,1,4",SAFE-MLP,0.2,ACI g=0.05,blocked,0.7733346629437575,0.7717391304347826,0.22826086956521738,0.8,-0.02826086956521745,92,0.06000000000000012,0.6330275229357798,0.7717391304347826,0.7023833266852813,0.4837681159420291,69
0,0,"0,1,4",SAFE-MLP,0.2,ACI g=0.05 (grow cal),blocked,0.7733346629437575,0.782608695652174,0.21739130434782608,0.8,-0.017391304347826098,92,0.11000000000000013,0.6146788990825688,0.782608695652174,0.6986437973673714,0.5782089552238805,67
0,0,"0,1,4",SAFE-MLP,0.2,split CP (SAFE),shuffled,0.7733346629437575,0.6956521739130435,0.30434782608695654,0.8,-0.10434782608695659,92,0.2,0.6330275229357798,0.6956521739130435,0.6643398484244116,0.3944927536231884,69
0,0,"0,1,4",SAFE-MLP,0.2,split CP (n+1 corr.),shuffled,0.7733346629437575,0.7065217391304348,0.29347826086956524,0.8,-0.09347826086956523,92,0.2,0.6330275229357798,0.7065217391304348,0.6697746310331073,0.4066666666666667,69
0,0,"0,1,4",SAFE-MLP,0.2,DtACI,shuffled,0.7733346629437575,0.7065217391304348,0.29347826086956524,0.8,-0.09347826086956523,92,0.15082544147449964,0.6330275229357798,0.7065217391304348,0.6697746310331073,0.39826086956521745,69
0,0,"0,1,4",SAFE-MLP,0.2,DtACI (grow cal),shuffled,0.7733346629437575,0.7391304347826086,0.2608695652173913,0.8,-0.0608695652173914,92,0.1678107927821598,0.5963302752293578,0.7391304347826086,0.6677303550059832,0.5655384615384615,65
0,0,"0,1,4",SAFE-MLP,0.2,ACI g=0.005,shuffled,0.7733346629437575,0.7065217391304348,0.29347826086956524,0.8,-0.09347826086956523,92,0.15699999999999997,0.6330275229357798,0.7065217391304348,0.6697746310331073,0.39623188405797105,69
0,0,"0,1,4",SAFE-MLP,0.2,ACI g=0.005 (grow cal),shuffled,0.7733346629437575,0.7391304347826086,0.2608695652173913,0.8,-0.0608695652173914,92,0.172,0.6055045871559633,0.7391304347826086,0.672317510969286,0.5693939393939393,66
0,0,"0,1,4",SAFE-MLP,0.2,ACI g=0.01,shuffled,0.7733346629437575,0.7065217391304348,0.29347826086956524,0.8,-0.09347826086956523,92,0.11399999999999993,0.6330275229357798,0.7065217391304348,0.6697746310331073,0.4121739130434783,69
0,0,"0,1,4",SAFE-MLP,0.2,ACI g=0.01 (grow cal),shuffled,0.7733346629437575,0.75,0.25,0.8,-0.050000000000000044,92,0.15399999999999997,0.5871559633027523,0.75,0.6685779816513762,0.5703125,64
0,0,"0,1,4",SAFE-MLP,0.2,ACI g=0.05,shuffled,0.7733346629437575,0.7717391304347826,0.22826086956521738,0.8,-0.02826086956521745,92,0.07000000000000042,0.6146788990825688,0.7717391304347826,0.6932090147586757,0.5397014925373134,67
0,0,"0,1,4",SAFE-MLP,0.2,ACI g=0.05 (grow cal),shuffled,0.7733346629437575,0.7717391304347826,0.22826086956521738,0.8,-0.02826086956521745,92,0.07000000000000046,0.5779816513761468,0.7717391304347826,0.6748603909054647,0.6025396825396826,63
0,0,"0,1,4",SAFE-MLP,0.2,split CP (SAFE),exch,0.7733346629437575,0.6875,0.3125,0.8,-0.11250000000000004,16,0.2,0.819672131147541,0.6875,0.7535860655737705,0.43920000000000003,50
0,0,"0,1,4",SAFE-MLP,0.2,split CP (n+1 corr.),exch,0.7733346629437575,0.8125,0.1875,0.8,0.012499999999999956,16,0.2,0.819672131147541,0.8125,0.8160860655737705,0.4600000000000001,50
0,0,"0,1,4",SAFE-MLP,0.2,DtACI,exch,0.7733346629437575,0.6875,0.3125,0.8,-0.11250000000000004,16,0.17107985463108327,0.819672131147541,0.6875,0.7535860655737705,0.4424,50
0,0,"0,1,4",SAFE-MLP,0.2,DtACI (grow cal),exch,0.7733346629437575,0.6875,0.3125,0.8,-0.11250000000000004,16,0.1838487926014038,0.819672131147541,0.6875,0.7535860655737705,0.4428,50
0,0,"0,1,4",SAFE-MLP,0.2,ACI g=0.005,exch,0.7733346629437575,0.6875,0.3125,0.8,-0.11250000000000004,16,0.191,0.819672131147541,0.6875,0.7535860655737705,0.43920000000000003,50
0,0,"0,1,4",SAFE-MLP,0.2,ACI g=0.005 (grow cal),exch,0.7733346629437575,0.6875,0.3125,0.8,-0.11250000000000004,16,0.191,0.819672131147541,0.6875,0.7535860655737705,0.44160000000000005,50
0,0,"0,1,4",SAFE-MLP,0.2,ACI g=0.01,exch,0.7733346629437575,0.6875,0.3125,0.8,-0.11250000000000004,16,0.182,0.819672131147541,0.6875,0.7535860655737705,0.4396000000000001,50
0,0,"0,1,4",SAFE-MLP,0.2,ACI g=0.01 (grow cal),exch,0.7733346629437575,0.6875,0.3125,0.8,-0.11250000000000004,16,0.182,0.819672131147541,0.6875,0.7535860655737705,0.44160000000000005,50
0,0,"0,1,4",SAFE-MLP,0.2,ACI g=0.05,exch,0.7733346629437575,0.6875,0.3125,0.8,-0.11250000000000004,16,0.11000000000000007,0.819672131147541,0.6875,0.7535860655737705,0.4644,50
0,0,"0,1,4",SAFE-MLP,0.2,ACI g=0.05 (grow cal),exch,0.7733346629437575,0.6875,0.3125,0.8,-0.11250000000000004,16,0.11000000000000007,0.8032786885245902,0.6875,0.7453893442622951,0.4808163265306123,49
0,0,"0,1,4",SAFE-MLP,0.25,split CP (SAFE),blocked,0.7733346629437575,0.6847826086956521,0.31521739130434784,0.75,-0.0652173913043479,92,0.25,0.44954128440366975,0.6847826086956521,0.5671619465496609,0.2179591836734694,49
0,0,"0,1,4",SAFE-MLP,0.25,split CP (n+1 corr.),blocked,0.7733346629437575,0.6847826086956521,0.31521739130434784,0.75,-0.0652173913043479,92,0.25,0.44036697247706424,0.6847826086956521,0.5625747905863582,0.22083333333333335,48
0,0,"0,1,4",SAFE-MLP,0.25,DtACI,blocked,0.7733346629437575,0.6630434782608696,0.33695652173913043,0.75,-0.08695652173913038,92,0.18993521720936957,0.5688073394495413,0.6630434782608696,0.6159254088552055,0.22806451612903225,62
0,0,"0,1,4",SAFE-MLP,0.25,DtACI (grow cal),blocked,0.7733346629437575,0.6847826086956521,0.31521739130434784,0.75,-0.0652173913043479,92,0.17754582247057824,0.5412844036697247,0.6847826086956521,0.6130335061826884,0.3233898305084746,59
0,0,"0,1,4",SAFE-MLP,0.25,ACI g=0.005,blocked,0.7733346629437575,0.6847826086956521,0.31521739130434784,0.75,-0.0652173913043479,92,0.21874999999999906,0.46788990825688076,0.6847826086956521,0.5763362584762665,0.24627450980392154,51
0,0,"0,1,4",SAFE-MLP,0.25,ACI g=0.005 (grow cal),blocked,0.7733346629437575,0.6739130434782609,0.32608695652173914,0.75,-0.07608695652173914,92,0.2137499999999991,0.5504587155963303,0.6739130434782609,0.6121858795372956,0.26633333333333337,60
0,0,"0,1,4",SAFE-MLP,0.25,ACI g=0.01,blocked,0.7733346629437575,0.6956521739130435,0.30434782608695654,0.75,-0.05434782608695654,92,0.19749999999999995,0.48623853211009177,0.6956521739130435,0.5909453530115676,0.27056603773584903,53
0,0,"0,1,4",SAFE-MLP,0.25,ACI g=0.01 (grow cal),blocked,0.7733346629437575,0.6739130434782609,0.32608695652173914,0.75,-0.07608695652173914,92,0.17749999999999994,0.5321100917431193,0.6739130434782609,0.6030115676106901,0.2210344827586207,58
0,0,"0,1,4",SAFE-MLP,0.25,ACI g=0.05,blocked,0.7733346629437575,0.6956521739130435,0.30434782608695654,0.75,-0.05434782608695654,92,0.05099999999999999,0.5229357798165137,0.6956521739130435,0.6092939768647786,0.24491228070175441,57
0,0,"0,1,4",SAFE-MLP,0.25,ACI g=0.05 (grow cal),blocked,0.7733346629437575,0.7173913043478262,0.2826086956521739,0.75,-0.032608695652173836,92,0.08749999999999986,0.5321100917431193,0.7173913043478262,0.6247506980454727,0.3906896551724138,58
0,0,"0,1,4",SAFE-MLP,0.25,split CP (SAFE),shuffled,0.7733346629437575,0.6847826086956521,0.31521739130434784,0.75,-0.0652173913043479,92,0.25,0.44954128440366975,0.6847826086956521,0.5671619465496609,0.21795918367346934,49
0,0,"0,1,4",SAFE-MLP,0.25,split CP (n+1 corr.),shuffled,0.7733346629437575,0.6847826086956521,0.31521739130434784,0.75,-0.0652173913043479,92,0.25,0.44036697247706424,0.6847826086956521,0.5625747905863582,0.22083333333333335,48
0,0,"0,1,4",SAFE-MLP,0.25,DtACI,shuffled,0.7733346629437575,0.6956521739130435,0.30434782608695654,0.75,-0.05434782608695654,92,0.18258619547150548,0.45871559633027525,0.6956521739130435,0.5771838851216593,0.2316,50
0,0,"0,1,4",SAFE-MLP,0.25,DtACI (grow cal),shuffled,0.7733346629437575,0.7065217391304348,0.29347826086956524,0.75,-0.04347826086956519,92,0.1924961713178697,0.44954128440366975,0.7065217391304348,0.5780315117670523,0.21591836734693878,49
0,0,"0,1,4",SAFE-MLP,0.25,ACI g=0.005,shuffled,0.7733346629437575,0.6956521739130435,0.30434782608695654,0.75,-0.05434782608695654,92,0.2249999999999999,0.44954128440366975,0.6956521739130435,0.5725967291583566,0.21877551020408165,49
0,0,"0,1,4",SAFE-MLP,0.25,ACI g=0.005 (grow cal),shuffled,0.7733346629437575,0.7282608695652174,0.2717391304347826,0.75,-0.021739130434782594,92,0.2399999999999999,0.43119266055045874,0.7282608695652174,0.579726765057838,0.20765957446808506,47
0,0,"0,1,4",SAFE-MLP,0.25,ACI g=0.01,shuffled,0.7733346629437575,0.6956521739130435,0.30434782608695654,0.75,-0.05434782608695654,92,0.19999999999999996,0.44954128440366975,0.6956521739130435,0.5725967291583566,0.21999999999999997,49
0,0,"0,1,4",SAFE-MLP,0.25,ACI g=0.01 (grow cal),shuffled,0.7733346629437575,0.7282608695652174,0.2717391304347826,0.75,-0.021739130434782594,92,0.22999999999999998,0.41284403669724773,0.7282608695652174,0.5705524531312326,0.19422222222222219,45
0,0,"0,1,4",SAFE-MLP,0.25,ACI g=0.05,shuffled,0.7733346629437575,0.7282608695652174,0.2717391304347826,0.75,-0.021739130434782594,92,0.18850000000000014,0.4036697247706422,0.7282608695652174,0.5659652971679299,0.2136363636363636,44
0,0,"0,1,4",SAFE-MLP,0.25,ACI g=0.05 (grow cal),shuffled,0.7733346629437575,0.7391304347826086,0.2608695652173913,0.75,-0.010869565217391353,92,0.20000000000000048,0.3761467889908257,0.7391304347826086,0.5576386118867172,0.2595121951219512,41
0,0,"0,1,4",SAFE-MLP,0.25,split CP (SAFE),exch,0.7733346629437575,0.75,0.25,0.75,0.0,16,0.25,0.5737704918032787,0.75,0.6618852459016393,0.3091428571428571,35
0,0,"0,1,4",SAFE-MLP,0.25,split CP (n+1 corr.),exch,0.7733346629437575,0.75,0.25,0.75,0.0,16,0.25,0.5573770491803278,0.75,0.6536885245901639,0.3347058823529412,34
0,0,"0,1,4",SAFE-MLP,0.25,DtACI,exch,0.7733346629437575,0.75,0.25,0.75,0.0,16,0.24999999999999997,0.5901639344262295,0.75,0.6700819672131147,0.3038888888888888,36
0,0,"0,1,4",SAFE-MLP,0.25,DtACI (grow cal),exch,0.7733346629437575,0.75,0.25,0.75,0.0,16,0.24999999999999997,0.5901639344262295,0.75,0.6700819672131147,0.31777777777777777,36
0,0,"0,1,4",SAFE-MLP,0.25,ACI g=0.005,exch,0.7733346629437575,0.75,0.25,0.75,0.0,16,0.2499999999999999,0.5737704918032787,0.75,0.6618852459016393,0.3091428571428571,35
0,0,"0,1,4",SAFE-MLP,0.25,ACI g=0.005 (grow cal),exch,0.7733346629437575,0.75,0.25,0.75,0.0,16,0.2499999999999999,0.5901639344262295,0.75,0.6700819672131147,0.30222222222222217,36
0,0,"0,1,4",SAFE-MLP,0.25,ACI g=0.01,exch,0.7733346629437575,0.75,0.25,0.75,0.0,16,0.25,0.5737704918032787,0.75,0.6618852459016393,0.3091428571428571,35
0,0,"0,1,4",SAFE-MLP,0.25,ACI g=0.01 (grow cal),exch,0.7733346629437575,0.75,0.25,0.75,0.0,16,0.25,0.5901639344262295,0.75,0.6700819672131147,0.30166666666666664,36
0,0,"0,1,4",SAFE-MLP,0.25,ACI g=0.05,exch,0.7733346629437575,0.75,0.25,0.75,0.0,16,0.25000000000000006,0.5901639344262295,0.75,0.6700819672131147,0.30222222222222217,36
0,0,"0,1,4",SAFE-MLP,0.25,ACI g=0.05 (grow cal),exch,0.7733346629437575,0.75,0.25,0.75,0.0,16,0.25000000000000006,0.5901639344262295,0.75,0.6700819672131147,0.31666666666666665,36
0,0,"0,1,4",SAFE-Embed,0.1,split CP (SAFE),blocked,0.7722377343438372,0.04347826086956519,0.9565217391304348,0.9,-0.8565217391304348,92,0.1,0.9908256880733946,0.04347826086956519,0.5171519744714799,0.4225925925925926,108
0,0,"0,1,4",SAFE-Embed,0.1,split CP (n+1 corr.),blocked,0.7722377343438372,0.09782608695652173,0.9021739130434783,0.9,-0.8021739130434783,92,0.1,0.9541284403669725,0.09782608695652173,0.5259772636617471,0.4963461538461539,104
0,0,"0,1,4",SAFE-Embed,0.1,DtACI,blocked,0.7722377343438372,0.7173913043478262,0.2826086956521739,0.9,-0.18260869565217386,92,0.01986268246115828,0.5871559633027523,0.7173913043478262,0.6522736338252892,0.7796875000000001,64
0,0,"0,1,4",SAFE-Embed,0.1,DtACI (grow cal),blocked,0.7722377343438372,0.8478260869565217,0.15217391304347827,0.9,-0.05217391304347829,92,0.10256672518071899,0.5321100917431193,0.8478260869565217,0.6899680893498206,0.8668965517241379,58
0,0,"0,1,4",SAFE-Embed,0.1,ACI g=0.005,blocked,0.7722377343438372,0.7282608695652174,0.2717391304347826,0.9,-0.17173913043478262,92,0.02049999999999997,0.6055045871559633,0.7282608695652174,0.6668827283605904,0.7700000000000001,66
0,0,"0,1,4",SAFE-Embed,0.1,ACI g=0.005 (grow cal),blocked,0.7722377343438372,0.8804347826086957,0.11956521739130435,0.9,-0.019565217391304346,92,0.0905,0.43119266055045874,0.8804347826086957,0.6558137215795772,0.8697872340425528,47
0,0,"0,1,4",SAFE-Embed,0.1,ACI g=0.01,blocked,0.7722377343438372,0.8152173913043479,0.18478260869565216,0.9,-0.08478260869565213,92,0.021000000000000026,0.5504587155963303,0.8152173913043479,0.6828380534503391,0.803,60
0,0,"0,1,4",SAFE-Embed,0.1,ACI g=0.01 (grow cal),blocked,0.7722377343438372,0.9021739130434783,0.09782608695652174,0.9,0.0021739130434782483,92,0.10100000000000003,0.43119266055045874,0.9021739130434783,0.6666832867969685,0.8702127659574468,47
0,0,"0,1,4",SAFE-Embed,0.1,ACI g=0.05,blocked,0.7722377343438372,0.8369565217391304,0.16304347826086957,0.9,-0.06304347826086965,92,0.026000000000000006,0.5688073394495413,0.8369565217391304,0.7028819305943359,0.841290322580645,62
0,0,"0,1,4",SAFE-Embed,0.1,ACI g=0.05 (grow cal),blocked,0.7722377343438372,0.9021739130434783,0.09782608695652174,0.9,0.0021739130434782483,92,0.12600000000000025,0.45871559633027525,0.9021739130434783,0.6804447546868768,0.8959999999999998,50
0,0,"0,1,4",SAFE-Embed,0.1,split CP (SAFE),shuffled,0.7722377343438372,0.04347826086956519,0.9565217391304348,0.9,-0.8565217391304348,92,0.1,0.9908256880733946,0.04347826086956519,0.5171519744714799,0.4225925925925926,108
0,0,"0,1,4",SAFE-Embed,0.1,split CP (n+1 corr.),shuffled,0.7722377343438372,0.09782608695652173,0.9021739130434783,0.9,-0.8021739130434783,92,0.1,0.9541284403669725,0.09782608695652173,0.5259772636617471,0.4963461538461538,104
0,0,"0,1,4",SAFE-Embed,0.1,DtACI,shuffled,0.7722377343438372,0.6739130434782609,0.32608695652173914,0.9,-0.22608695652173916,92,0.011240057908531536,0.5137614678899083,0.6739130434782609,0.5938372556840845,0.7092857142857143,56
0,0,"0,1,4",SAFE-Embed,0.1,DtACI (grow cal),shuffled,0.7722377343438372,0.7934782608695652,0.20652173913043478,0.9,-0.10652173913043483,92,0.032064354212551,0.5688073394495413,0.7934782608695652,0.6811428001595532,0.8041935483870968,62
0,0,"0,1,4",SAFE-Embed,0.1,ACI g=0.005,shuffled,0.7722377343438372,0.7065217391304348,0.29347826086956524,0.9,-0.1934782608695652,92,0.010999999999999968,0.5045871559633027,0.7065217391304348,0.6055544475468688,0.7090909090909091,55
0,0,"0,1,4",SAFE-Embed,0.1,ACI g=0.005 (grow cal),shuffled,0.7722377343438372,0.8043478260869565,0.1956521739130435,0.9,-0.09565217391304348,92,0.055999999999999966,0.5412844036697247,0.8043478260869565,0.6728161148783407,0.7945762711864407,59
0,0,"0,1,4",SAFE-Embed,0.1,ACI g=0.01,shuffled,0.7722377343438372,0.8043478260869565,0.1956521739130435,0.9,-0.09565217391304348,92,0.012000000000000018,0.44954128440366975,0.8043478260869565,0.6269445552453131,0.7669387755102041,49
0,0,"0,1,4",SAFE-Embed,0.1,ACI g=0.01 (grow cal),shuffled,0.7722377343438372,0.8478260869565217,0.15217391304347827,0.9,-0.05217391304347829,92,0.05200000000000003,0.44954128440366975,0.8478260869565217,0.6486836856800957,0.8057142857142856,49
0,0,"0,1,4",SAFE-Embed,0.1,ACI g=0.05,shuffled,0.7722377343438372,0.8043478260869565,0.1956521739130435,0.9,-0.09565217391304348,92,0.006000000000000001,0.4036697247706422,0.8043478260869565,0.6040087754287994,0.7904545454545455,44
0,0,"0,1,4",SAFE-Embed,0.1,ACI g=0.05 (grow cal),shuffled,0.7722377343438372,0.8695652173913043,0.13043478260869565,0.9,-0.0304347826086957,92,0.021000000000000105,0.44954128440366975,0.8695652173913043,0.6595532508974871,0.8489795918367348,49
0,0,"0,1,4",SAFE-Embed,0.1,split CP (SAFE),exch,0.7722377343438372,0.875,0.125,0.9,-0.025000000000000022,16,0.1,0.39344262295081966,0.875,0.6342213114754098,0.5891666666666665,24
0,0,"0,1,4",SAFE-Embed,0.1,split CP (n+1 corr.),exch,0.7722377343438372,0.875,0.125,0.9,-0.025000000000000022,16,0.1,0.3442622950819672,0.875,0.6096311475409836,0.6038095238095238,21
0,0,"0,1,4",SAFE-Embed,0.1,DtACI,exch,0.7722377343438372,0.875,0.125,0.9,-0.025000000000000022,16,0.0969167999141808,0.36065573770491804,0.875,0.617827868852459,0.5609090909090908,22
0,0,"0,1,4",SAFE-Embed,0.1,DtACI (grow cal),exch,0.7722377343438372,0.875,0.125,0.9,-0.025000000000000022,16,0.09692383825363893,0.32786885245901637,0.875,0.6014344262295082,0.544,20
0,0,"0,1,4",SAFE-Embed,0.1,ACI g=0.005,exch,0.7722377343438372,0.875,0.125,0.9,-0.025000000000000022,16,0.098,0.3770491803278688,0.875,0.6260245901639344,0.5765217391304348,23
0,0,"0,1,4",SAFE-Embed,0.1,ACI g=0.005 (grow cal),exch,0.7722377343438372,0.875,0.125,0.9,-0.025000000000000022,16,0.098,0.36065573770491804,0.875,0.617827868852459,0.5818181818181818,22
0,0,"0,1,4",SAFE-Embed,0.1,ACI g=0.01,exch,0.7722377343438372,0.875,0.125,0.9,-0.025000000000000022,16,0.096,0.3770491803278688,0.875,0.6260245901639344,0.5817391304347825,23
0,0,"0,1,4",SAFE-Embed,0.1,ACI g=0.01 (grow cal),exch,0.7722377343438372,0.875,0.125,0.9,-0.025000000000000022,16,0.096,0.36065573770491804,0.875,0.617827868852459,0.5827272727272728,22
0,0,"0,1,4",SAFE-Embed,0.1,ACI g=0.05,exch,0.7722377343438372,0.875,0.125,0.9,-0.025000000000000022,16,0.08000000000000004,0.36065573770491804,0.875,0.617827868852459,0.5809090909090909,22
0,0,"0,1,4",SAFE-Embed,0.1,ACI g=0.05 (grow cal),exch,0.7722377343438372,0.875,0.125,0.9,-0.025000000000000022,16,0.08000000000000004,0.32786885245901637,0.875,0.6014344262295082,0.623,20
0,0,"0,1,4",SAFE-Embed,0.15,split CP (SAFE),blocked,0.7722377343438372,0.0,1.0,0.85,-0.85,92,0.15,1.0,0.0,0.5,0.2704587155963302,109
0,0,"0,1,4",SAFE-Embed,0.15,split CP (n+1 corr.),blocked,0.7722377343438372,0.07608695652173914,0.9239130434782609,0.85,-0.7739130434782608,92,0.15,0.981651376146789,0.07608695652173914,0.5288691663342641,0.45738317757009345,107
0,0,"0,1,4",SAFE-Embed,0.15,DtACI,blocked,0.7722377343438372,0.5869565217391304,0.41304347826086957,0.85,-0.2630434782608696,92,0.023019070877980975,0.6972477064220184,0.5869565217391304,0.6421021140805744,0.693421052631579,76
0,0,"0,1,4",SAFE-Embed,0.15,DtACI (grow cal),blocked,0.7722377343438372,0.8152173913043479,0.18478260869565216,0.85,-0.034782608695652084,92,0.14593840224183047,0.6146788990825688,0.8152173913043479,0.7149481451934583,0.8185074626865673,67
0,0,"0,1,4",SAFE-Embed,0.15,ACI g=0.005,blocked,0.7722377343438372,0.5760869565217391,0.42391304347826086,0.85,-0.27391304347826084,92,0.02324999999999992,0.7155963302752294,0.5760869565217391,0.6458416433984843,0.645897435897436,78
0,0,"0,1,4",SAFE-Embed,0.15,ACI g=0.005 (grow cal),blocked,0.7722377343438372,0.8369565217391304,0.16304347826086957,0.85,-0.013043478260869601,92,0.14325,0.5688073394495413,0.8369565217391304,0.7028819305943359,0.8051612903225808,62
0,0,"0,1,4",SAFE-Embed,0.15,ACI g=0.01,blocked,0.7722377343438372,0.7173913043478262,0.2826086956521739,0.85,-0.1326086956521738,92,0.026499999999999985,0.6513761467889908,0.7173913043478262,0.6843837255684084,0.7188732394366197,71
0,0,"0,1,4",SAFE-Embed,0.15,ACI g=0.01 (grow cal),blocked,0.7722377343438372,0.8478260869565217,0.15217391304347827,0.85,-0.0021739130434782483,92,0.1465,0.5412844036697247,0.8478260869565217,0.6945552453131232,0.7989830508474578,59
0,0,"0,1,4",SAFE-Embed,0.15,ACI g=0.05,blocked,0.7722377343438372,0.7717391304347826,0.22826086956521738,0.85,-0.07826086956521738,92,0.001,0.5688073394495413,0.7717391304347826,0.670273234942162,0.7596774193548387,62
0,0,"0,1,4",SAFE-Embed,0.15,ACI g=0.05 (grow cal),blocked,0.7722377343438372,0.8478260869565217,0.15217391304347827,0.85,-0.0021739130434782483,92,0.13850000000000032,0.5321100917431193,0.8478260869565217,0.6899680893498206,0.8200000000000001,58
0,0,"0,1,4",SAFE-Embed,0.15,split CP (SAFE),shuffled,0.7722377343438372,0.0,1.0,0.85,-0.85,92,0.15,1.0,0.0,0.5,0.2704587155963302,109
0,0,"0,1,4",SAFE-Embed,0.15,split CP (n+1 corr.),shuffled,0.7722377343438372,0.07608695652173914,0.9239130434782609,0.85,-0.7739130434782608,92,0.15,0.981651376146789,0.07608695652173914,0.5288691663342641,0.45738317757009345,107
0,0,"0,1,4",SAFE-Embed,0.15,DtACI,shuffled,0.7722377343438372,0.6086956521739131,0.391304347826087,0.85,-0.2413043478260869,92,0.013796591458440218,0.6146788990825688,0.6086956521739131,0.611687275628241,0.6259701492537313,67
0,0,"0,1,4",SAFE-Embed,0.15,DtACI (grow cal),shuffled,0.7722377343438372,0.6956521739130435,0.30434782608695654,0.85,-0.15434782608695652,92,0.07145943693964804,0.6422018348623854,0.6956521739130435,0.6689270043877145,0.7651428571428571,70
0,0,"0,1,4",SAFE-Embed,0.15,ACI g=0.005,shuffled,0.7722377343438372,0.5543478260869565,0.44565217391304346,0.85,-0.29565217391304344,92,0.013999999999999919,0.6605504587155964,0.5543478260869565,0.6074491424012765,0.6113888888888889,72
0,0,"0,1,4",SAFE-Embed,0.15,ACI g=0.005 (grow cal),shuffled,0.7722377343438372,0.6847826086956521,0.31521739130434784,0.85,-0.16521739130434787,92,0.07399999999999993,0.6330275229357798,0.6847826086956521,0.658905065815716,0.7542028985507246,69
0,0,"0,1,4",SAFE-Embed,0.15,ACI g=0.01,shuffled,0.7722377343438372,0.6956521739130435,0.30434782608695654,0.85,-0.15434782608695652,92,0.007999999999999962,0.5871559633027523,0.6956521739130435,0.6414040686078979,0.711875,64
0,0,"0,1,4",SAFE-Embed,0.15,ACI g=0.01 (grow cal),shuffled,0.7722377343438372,0.7608695652173914,0.2391304347826087,0.85,-0.08913043478260863,92,0.06799999999999995,0.5688073394495413,0.7608695652173914,0.6648384523334663,0.7532258064516129,62
0,0,"0,1,4",SAFE-Embed,0.15,ACI g=0.05,shuffled,0.7722377343438372,0.7608695652173914,0.2391304347826087,0.85,-0.08913043478260863,92,0.0085,0.43119266055045874,0.7608695652173914,0.5960311128839251,0.7574468085106381,47
0,0,"0,1,4",SAFE-Embed,0.15,ACI g=0.05 (grow cal),shuffled,0.7722377343438372,0.8152173913043479,0.18478260869565216,0.85,-0.034782608695652084,92,0.008500000000000077,0.5321100917431193,0.8152173913043479,0.6736637415237337,0.8017241379310344,58
0,0,"0,1,4",SAFE-Embed,0.15,split CP (SAFE),exch,0.7722377343438372,0.875,0.125,0.85,0.025000000000000022,16,0.15,0.5573770491803278,0.875,0.7161885245901639,0.5664705882352941,34
0,0,"0,1,4",SAFE-Embed,0.15,split CP (n+1 corr.),exch,0.7722377343438372,0.875,0.125,0.85,0.025000000000000022,16,0.15,0.3770491803278688,0.875,0.6260245901639344,0.591304347826087,23
0,0,"0,1,4",SAFE-Embed,0.15,DtACI,exch,0.7722377343438372,0.875,0.125,0.85,0.025000000000000022,16,0.1549928894370771,0.5573770491803278,0.875,0.7161885245901639,0.5676470588235293,34
0,0,"0,1,4",SAFE-Embed,0.15,DtACI (grow cal),exch,0.7722377343438372,0.875,0.125,0.85,0.025000000000000022,16,0.15408095155723703,0.5409836065573771,0.875,0.7079918032786885,0.5721212121212121,33
0,0,"0,1,4",SAFE-Embed,0.15,ACI g=0.005,exch,0.7722377343438372,0.875,0.125,0.85,0.025000000000000022,16,0.152,0.5573770491803278,0.875,0.7161885245901639,0.5664705882352941,34
0,0,"0,1,4",SAFE-Embed,0.15,ACI g=0.005 (grow cal),exch,0.7722377343438372,0.875,0.125,0.85,0.025000000000000022,16,0.152,0.5573770491803278,0.875,0.7161885245901639,0.5747058823529412,34
0,0,"0,1,4",SAFE-Embed,0.15,ACI g=0.01,exch,0.7722377343438372,0.875,0.125,0.85,0.025000000000000022,16,0.154,0.5573770491803278,0.875,0.7161885245901639,0.5670588235294118,34
0,0,"0,1,4",SAFE-Embed,0.15,ACI g=0.01 (grow cal),exch,0.7722377343438372,0.875,0.125,0.85,0.025000000000000022,16,0.154,0.5573770491803278,0.875,0.7161885245901639,0.5788235294117647,34
0,0,"0,1,4",SAFE-Embed,0.15,ACI g=0.05,exch,0.7722377343438372,0.875,0.125,0.85,0.025000000000000022,16,0.17000000000000007,0.5573770491803278,0.875,0.7161885245901639,0.5741176470588234,34
0,0,"0,1,4",SAFE-Embed,0.15,ACI g=0.05 (grow cal),exch,0.7722377343438372,0.875,0.125,0.85,0.025000000000000022,16,0.17000000000000007,0.5245901639344263,0.875,0.6997950819672132,0.57875,32
0,0,"0,1,4",SAFE-Embed,0.2,split CP (SAFE),blocked,0.7722377343438372,0.0,1.0,0.8,-0.8,92,0.2,1.0,0.0,0.5,0.25871559633027524,109
0,0,"0,1,4",SAFE-Embed,0.2,split CP (n+1 corr.),blocked,0.7722377343438372,0.0,1.0,0.8,-0.8,92,0.2,1.0,0.0,0.5,0.27376146788990824,109
0,0,"0,1,4",SAFE-Embed,0.2,DtACI,blocked,0.7722377343438372,0.48913043478260865,0.5108695652173914,0.8,-0.3108695652173914,92,0.02486603842650915,0.7339449541284404,0.48913043478260865,0.6115376944555245,0.6535,80
0,0,"0,1,4",SAFE-Embed,0.2,DtACI (grow cal),blocked,0.7722377343438372,0.7065217391304348,0.29347826086956524,0.8,-0.09347826086956523,92,0.1766064757145082,0.6422018348623854,0.7065217391304348,0.67436178699641,0.7911428571428571,70
0,0,"0,1,4",SAFE-Embed,0.2,ACI g=0.005,blocked,0.7722377343438372,0.42391304347826086,0.5760869565217391,0.8,-0.3760869565217392,92,0.025999999999999884,0.8073394495412844,0.42391304347826086,0.6156262465097726,0.5831818181818182,88
0,0,"0,1,4",SAFE-Embed,0.2,ACI g=0.005 (grow cal),blocked,0.7722377343438372,0.75,0.25,0.8,-0.050000000000000044,92,0.176,0.6422018348623854,0.75,0.6961009174311927,0.7671428571428572,70
0,0,"0,1,4",SAFE-Embed,0.2,ACI g=0.01,blocked,0.7722377343438372,0.6086956521739131,0.391304347826087,0.8,-0.19130434782608696,92,0.02199999999999997,0.6697247706422018,0.6086956521739131,0.6392102114080574,0.681095890410959,73
0,0,"0,1,4",SAFE-Embed,0.2,ACI g=0.01 (grow cal),blocked,0.7722377343438372,0.7717391304347826,0.22826086956521738,0.8,-0.02826086956521745,92,0.172,0.6055045871559633,0.7717391304347826,0.688621858795373,0.7875757575757576,66
0,0,"0,1,4",SAFE-Embed,0.2,ACI g=0.05,blocked,0.7722377343438372,0.7173913043478262,0.2826086956521739,0.8,-0.08260869565217388,92,0.0010000000000000009,0.5871559633027523,0.7173913043478262,0.6522736338252892,0.7268749999999999,64
0,0,"0,1,4",SAFE-Embed,0.2,ACI g=0.05 (grow cal),blocked,0.7722377343438372,0.7934782608695652,0.20652173913043478,0.8,-0.006521739130434856,92,0.16100000000000037,0.5779816513761468,0.7934782608695652,0.685729956122856,0.8047619047619049,63
0,0,"0,1,4",SAFE-Embed,0.2,split CP (SAFE),shuffled,0.7722377343438372,0.0,1.0,0.8,-0.8,92,0.2,1.0,0.0,0.5,0.2587155963302752,109
0,0,"0,1,4",SAFE-Embed,0.2,split CP (n+1 corr.),shuffled,0.7722377343438372,0.0,1.0,0.8,-0.8,92,0.2,1.0,0.0,0.5,0.2737614678899082,109
0,0,"0,1,4",SAFE-Embed,0.2,DtACI,shuffled,0.7722377343438372,0.4782608695652174,0.5217391304347826,0.8,-0.32173913043478264,92,0.016857050250403665,0.7522935779816514,0.4782608695652174,0.6152772237734344,0.598780487804878,82
0,0,"0,1,4",SAFE-Embed,0.2,DtACI (grow cal),shuffled,0.7722377343438372,0.6521739130434783,0.34782608695652173,0.8,-0.14782608695652177,92,0.12803896082146365,0.6880733944954128,0.6521739130434783,0.6701236537694455,0.7322666666666667,75
0,0,"0,1,4",SAFE-Embed,0.2,ACI g=0.005,shuffled,0.7722377343438372,0.40217391304347827,0.5978260869565217,0.8,-0.3978260869565218,92,0.01699999999999989,0.7706422018348624,0.40217391304347827,0.5864080574391703,0.5295238095238096,84
0,0,"0,1,4",SAFE-Embed,0.2,ACI g=0.005 (grow cal),shuffled,0.7722377343438372,0.6521739130434783,0.34782608695652173,0.8,-0.14782608695652177,92,0.13199999999999995,0.6972477064220184,0.6521739130434783,0.6747108097327483,0.7218421052631578,76
0,0,"0,1,4",SAFE-Embed,0.2,ACI g=0.01,shuffled,0.7722377343438372,0.5978260869565217,0.40217391304347827,0.8,-0.20217391304347831,92,0.013999999999999969,0.6422018348623854,0.5978260869565217,0.6200139609094535,0.6374285714285713,70
0,0,"0,1,4",SAFE-Embed,0.2,ACI g=0.01 (grow cal),shuffled,0.7722377343438372,0.6739130434782609,0.32608695652173914,0.8,-0.12608695652173918,92,0.08399999999999991,0.6513761467889908,0.6739130434782609,0.6626445951336258,0.7335211267605635,71
0,0,"0,1,4",SAFE-Embed,0.2,ACI g=0.05,shuffled,0.7722377343438372,0.7282608695652174,0.2717391304347826,0.8,-0.07173913043478264,92,0.011000000000000003,0.44954128440366975,0.7282608695652174,0.5889010769844436,0.6681632653061225,49
0,0,"0,1,4",SAFE-Embed,0.2,ACI g=0.05 (grow cal),shuffled,0.7722377343438372,0.7717391304347826,0.22826086956521738,0.8,-0.02826086956521745,92,0.07000000000000028,0.5688073394495413,0.7717391304347826,0.670273234942162,0.7767741935483872,62
0,0,"0,1,4",SAFE-Embed,0.2,split CP (SAFE),exch,0.7722377343438372,0.875,0.125,0.8,0.07499999999999996,16,0.2,0.5901639344262295,0.875,0.7325819672131147,0.5594444444444443,36
0,0,"0,1,4",SAFE-Embed,0.2,split CP (n+1 corr.),exch,0.7722377343438372,0.875,0.125,0.8,0.07499999999999996,16,0.2,0.5409836065573771,0.875,0.7079918032786885,0.5624242424242424,33
0,0,"0,1,4",SAFE-Embed,0.2,DtACI,exch,0.7722377343438372,0.875,0.125,0.8,0.07499999999999996,16,0.27810347613002506,0.6065573770491803,0.875,0.7407786885245902,0.5475675675675676,37
0,0,"0,1,4",SAFE-Embed,0.2,DtACI (grow cal),exch,0.7722377343438372,0.875,0.125,0.8,0.07499999999999996,16,0.27030849704826426,0.6065573770491803,0.875,0.7407786885245902,0.5308108108108108,37
0,0,"0,1,4",SAFE-Embed,0.2,ACI g=0.005,exch,0.7722377343438372,0.875,0.125,0.8,0.07499999999999996,16,0.20600000000000002,0.5901639344262295,0.875,0.7325819672131147,0.5583333333333332,36
0,0,"0,1,4",SAFE-Embed,0.2,ACI g=0.005 (grow cal),exch,0.7722377343438372,0.875,0.125,0.8,0.07499999999999996,16,0.20600000000000002,0.6065573770491803,0.875,0.7407786885245902,0.5378378378378378,37
0,0,"0,1,4",SAFE-Embed,0.2,ACI g=0.01,exch,0.7722377343438372,0.875,0.125,0.8,0.07499999999999996,16,0.21200000000000002,0.5901639344262295,0.875,0.7325819672131147,0.5583333333333332,36
0,0,"0,1,4",SAFE-Embed,0.2,ACI g=0.01 (grow cal),exch,0.7722377343438372,0.875,0.125,0.8,0.07499999999999996,16,0.21200000000000002,0.6065573770491803,0.875,0.7407786885245902,0.5362162162162161,37
0,0,"0,1,4",SAFE-Embed,0.2,ACI g=0.05,exch,0.7722377343438372,0.875,0.125,0.8,0.07499999999999996,16,0.2600000000000001,0.6065573770491803,0.875,0.7407786885245902,0.5524324324324323,37
0,0,"0,1,4",SAFE-Embed,0.2,ACI g=0.05 (grow cal),exch,0.7722377343438372,0.875,0.125,0.8,0.07499999999999996,16,0.2600000000000001,0.6065573770491803,0.875,0.7407786885245902,0.5313513513513514,37
0,0,"0,1,4",SAFE-Embed,0.25,split CP (SAFE),blocked,0.7722377343438372,0.0,1.0,0.75,-0.75,92,0.25,1.0,0.0,0.5,0.23871559633027523,109
0,0,"0,1,4",SAFE-Embed,0.25,split CP (n+1 corr.),blocked,0.7722377343438372,0.0,1.0,0.75,-0.75,92,0.25,1.0,0.0,0.5,0.2537614678899082,109
0,0,"0,1,4",SAFE-Embed,0.25,DtACI,blocked,0.7722377343438372,0.3913043478260869,0.6086956521739131,0.75,-0.3586956521739131,92,0.023295846318527828,0.8623853211009175,0.3913043478260869,0.6268448344635023,0.7148936170212765,94
0,0,"0,1,4",SAFE-Embed,0.25,DtACI (grow cal),blocked,0.7722377343438372,0.6630434782608696,0.33695652173913043,0.75,-0.08695652173913038,92,0.20967419103384385,0.7339449541284404,0.6630434782608696,0.698494216194655,0.8147499999999999,80
0,0,"0,1,4",SAFE-Embed,0.25,ACI g=0.005,blocked,0.7722377343438372,0.26086956521739135,0.7391304347826086,0.75,-0.48913043478260865,92,0.02374999999999983,0.9174311926605505,0.26086956521739135,0.5891503789389709,0.5488000000000001,100
0,0,"0,1,4",SAFE-Embed,0.25,ACI g=0.005 (grow cal),blocked,0.7722377343438372,0.6847826086956521,0.31521739130434784,0.75,-0.0652173913043479,92,0.21874999999999997,0.6880733944954128,0.6847826086956521,0.6864280015955324,0.7807999999999999,75
0,0,"0,1,4",SAFE-Embed,0.25,ACI g=0.01,blocked,0.7722377343438372,0.5,0.5,0.75,-0.25,92,0.01749999999999983,0.7981651376146789,0.5,0.6490825688073394,0.6549425287356322,87
0,0,"0,1,4",SAFE-Embed,0.25,ACI g=0.01 (grow cal),blocked,0.7722377343438372,0.7065217391304348,0.29347826086956524,0.75,-0.04347826086956519,92,0.20749999999999996,0.6880733944954128,0.7065217391304348,0.6972975668129238,0.7906666666666665,75
0,0,"0,1,4",SAFE-Embed,0.25,ACI g=0.05,blocked,0.7722377343438372,0.6739130434782609,0.32608695652173914,0.75,-0.07608695652173914,92,0.026000000000000002,0.5137614678899083,0.6739130434782609,0.5938372556840845,0.7325,56
0,0,"0,1,4",SAFE-Embed,0.25,ACI g=0.05 (grow cal),blocked,0.7722377343438372,0.7391304347826086,0.2608695652173913,0.75,-0.010869565217391353,92,0.1875000000000004,0.6238532110091743,0.7391304347826086,0.6814918228958915,0.8188235294117646,68
0,0,"0,1,4",SAFE-Embed,0.25,split CP (SAFE),shuffled,0.7722377343438372,0.0,1.0,0.75,-0.75,92,0.25,1.0,0.0,0.5,0.23871559633027523,109
0,0,"0,1,4",SAFE-Embed,0.25,split CP (n+1 corr.),shuffled,0.7722377343438372,0.0,1.0,0.75,-0.75,92,0.25,1.0,0.0,0.5,0.2537614678899082,109
0,0,"0,1,4",SAFE-Embed,0.25,DtACI,shuffled,0.7722377343438372,0.3695652173913043,0.6304347826086957,0.75,-0.3804347826086957,92,0.019766419767557827,0.8899082568807339,0.3695652173913043,0.6297367371360192,0.5810309278350515,97
0,0,"0,1,4",SAFE-Embed,0.25,DtACI (grow cal),shuffled,0.7722377343438372,0.5760869565217391,0.42391304347826086,0.75,-0.17391304347826086,92,0.15874915052759483,0.7339449541284404,0.5760869565217391,0.6550159553250898,0.7757499999999999,80
0,0,"0,1,4",SAFE-Embed,0.25,ACI g=0.005,shuffled,0.7722377343438372,0.25,0.75,0.75,-0.5,92,0.019999999999999827,0.8990825688073395,0.25,0.5745412844036697,0.5020408163265305,98
0,0,"0,1,4",SAFE-Embed,0.25,ACI g=0.005 (grow cal),shuffled,0.7722377343438372,0.5652173913043479,0.43478260869565216,0.75,-0.1847826086956521,92,0.16499999999999992,0.7431192660550459,0.5652173913043479,0.6541683286796969,0.7464197530864197,81
0,0,"0,1,4",SAFE-Embed,0.25,ACI g=0.01,shuffled,0.7722377343438372,0.48913043478260865,0.5108695652173914,0.75,-0.26086956521739135,92,0.010999999999999973,0.7155963302752294,0.48913043478260865,0.602363382528919,0.5707692307692307,78
0,0,"0,1,4",SAFE-Embed,0.25,ACI g=0.01 (grow cal),shuffled,0.7722377343438372,0.6195652173913043,0.3804347826086957,0.75,-0.13043478260869568,92,0.1299999999999999,0.7247706422018348,0.6195652173913043,0.6721679297965696,0.7648101265822784,79
0,0,"0,1,4",SAFE-Embed,0.25,ACI g=0.05,shuffled,0.7722377343438372,0.6847826086956521,0.31521739130434784,0.75,-0.0652173913043479,92,0.026000000000000002,0.5596330275229358,0.6847826086956521,0.6222078181092939,0.6993442622950821,61
0,0,"0,1,4",SAFE-Embed,0.25,ACI g=0.05 (grow cal),shuffled,0.7722377343438372,0.7173913043478262,0.2826086956521739,0.75,-0.032608695652173836,92,0.10100000000000008,0.6055045871559633,0.7173913043478262,0.6614479457518947,0.828181818181818,66
0,0,"0,1,4",SAFE-Embed,0.25,split CP (SAFE),exch,0.7722377343438372,0.875,0.125,0.75,0.125,16,0.25,0.6721311475409836,0.875,0.7735655737704918,0.56,41
0,0,"0,1,4",SAFE-Embed,0.25,split CP (n+1 corr.),exch,0.7722377343438372,0.875,0.125,0.75,0.125,16,0.25,0.639344262295082,0.875,0.757172131147541,0.5743589743589742,39
0,0,"0,1,4",SAFE-Embed,0.25,DtACI,exch,0.7722377343438372,0.8125,0.1875,0.75,0.0625,16,0.32273974954664564,0.6721311475409836,0.8125,0.7423155737704918,0.524390243902439,41
0,0,"0,1,4",SAFE-Embed,0.25,DtACI (grow cal),exch,0.7722377343438372,0.8125,0.1875,0.75,0.0625,16,0.2656546581663688,0.6721311475409836,0.8125,0.7423155737704918,0.5170731707317073,41
0,0,"0,1,4",SAFE-Embed,0.25,ACI g=0.005,exch,0.7722377343438372,0.875,0.125,0.75,0.125,16,0.2599999999999997,0.6721311475409836,0.875,0.7735655737704918,0.541951219512195,41
0,0,"0,1,4",SAFE-Embed,0.25,ACI g=0.005 (grow cal),exch,0.7722377343438372,0.8125,0.1875,0.75,0.0625,16,0.2549999999999997,0.6721311475409836,0.8125,0.7423155737704918,0.5297560975609756,41
0,0,"0,1,4",SAFE-Embed,0.25,ACI g=0.01,exch,0.7722377343438372,0.875,0.125,0.75,0.125,16,0.27,0.6721311475409836,0.875,0.7735655737704918,0.5395121951219513,41
0,0,"0,1,4",SAFE-Embed,0.25,ACI g=0.01 (grow cal),exch,0.7722377343438372,0.8125,0.1875,0.75,0.0625,16,0.26,0.6721311475409836,0.8125,0.7423155737704918,0.5287804878048781,41
0,0,"0,1,4",SAFE-Embed,0.25,ACI g=0.05,exch,0.7722377343438372,0.8125,0.1875,0.75,0.0625,16,0.3000000000000001,0.6721311475409836,0.8125,0.7423155737704918,0.5287804878048781,41
0,0,"0,1,4",SAFE-Embed,0.25,ACI g=0.05 (grow cal),exch,0.7722377343438372,0.8125,0.1875,0.75,0.0625,16,0.3000000000000001,0.6721311475409836,0.8125,0.7423155737704918,0.5151219512195122,41
0,0,"0,1,4",H&S inter+intra,0.1,split CP (SAFE),blocked,0.7352413242919824,0.8804347826086957,0.11956521739130435,0.9,-0.019565217391304346,92,0.1,0.5045871559633027,0.8804347826086957,0.6925109692859992,0.7403636363636363,55
0,0,"0,1,4",H&S inter+intra,0.1,split CP (n+1 corr.),blocked,0.7352413242919824,0.9239130434782609,0.07608695652173914,0.9,0.023913043478260843,92,0.1,0.3211009174311927,0.9239130434782609,0.6225069804547267,0.7371428571428572,35
0,0,"0,1,4",H&S inter+intra,0.1,DtACI,blocked,0.7352413242919824,0.8260869565217391,0.17391304347826086,0.9,-0.07391304347826089,92,0.09030210336437991,0.5045871559633027,0.8260869565217391,0.6653370562425209,0.750909090909091,55
0,0,"0,1,4",H&S inter+intra,0.1,DtACI (grow cal),blocked,0.7352413242919824,0.8586956521739131,0.14130434782608695,0.9,-0.04130434782608694,92,0.09498249999822467,0.4954128440366973,0.8586956521739131,0.6770542481053052,0.7518518518518519,54
0,0,"0,1,4",H&S inter+intra,0.1,ACI g=0.005,blocked,0.7352413242919824,0.8804347826086957,0.11956521739130435,0.9,-0.019565217391304346,92,0.0905,0.5045871559633027,0.8804347826086957,0.6925109692859992,0.7403636363636363,55
0,0,"0,1,4",H&S inter+intra,0.1,ACI g=0.005 (grow cal),blocked,0.7352413242919824,0.8913043478260869,0.10869565217391304,0.9,-0.008695652173913104,92,0.0955,0.45871559633027525,0.8913043478260869,0.675009972078181,0.7360000000000001,50
0,0,"0,1,4",H&S inter+intra,0.1,ACI g=0.01,blocked,0.7352413242919824,0.8913043478260869,0.10869565217391304,0.9,-0.008695652173913104,92,0.091,0.5045871559633027,0.8913043478260869,0.6979457518946948,0.7403636363636363,55
0,0,"0,1,4",H&S inter+intra,0.1,ACI g=0.01 (grow cal),blocked,0.7352413242919824,0.8913043478260869,0.10869565217391304,0.9,-0.008695652173913104,92,0.091,0.45871559633027525,0.8913043478260869,0.675009972078181,0.736,50
0,0,"0,1,4",H&S inter+intra,0.1,ACI g=0.05,blocked,0.7352413242919824,0.8695652173913043,0.13043478260869565,0.9,-0.0304347826086957,92,0.03100000000000003,0.3486238532110092,0.8695652173913043,0.6090945353011568,0.755263157894737,38
0,0,"0,1,4",H&S inter+intra,0.1,ACI g=0.05 (grow cal),blocked,0.7352413242919824,0.8804347826086957,0.11956521739130435,0.9,-0.019565217391304346,92,0.03100000000000003,0.3577981651376147,0.8804347826086957,0.6191164738731552,0.7394871794871796,39
0,0,"0,1,4",H&S inter+intra,0.1,split CP (SAFE),shuffled,0.7352413242919824,0.8804347826086957,0.11956521739130435,0.9,-0.019565217391304346,92,0.1,0.5045871559633027,0.8804347826086957,0.6925109692859992,0.7403636363636364,55
0,0,"0,1,4",H&S inter+intra,0.1,split CP (n+1 corr.),shuffled,0.7352413242919824,0.9239130434782609,0.07608695652173914,0.9,0.023913043478260843,92,0.1,0.3211009174311927,0.9239130434782609,0.6225069804547267,0.7371428571428572,35
0,0,"0,1,4",H&S inter+intra,0.1,DtACI,shuffled,0.7352413242919824,0.8695652173913043,0.13043478260869565,0.9,-0.0304347826086957,92,0.09080778463088973,0.48623853211009177,0.8695652173913043,0.6779018747506981,0.748679245283019,53
0,0,"0,1,4",H&S inter+intra,0.1,DtACI (grow cal),shuffled,0.7352413242919824,0.8913043478260869,0.10869565217391304,0.9,-0.008695652173913104,92,0.10971990606262302,0.42201834862385323,0.8913043478260869,0.6566613482249701,0.7169565217391305,46
0,0,"0,1,4",H&S inter+intra,0.1,ACI g=0.005,shuffled,0.7352413242919824,0.8804347826086957,0.11956521739130435,0.9,-0.019565217391304346,92,0.091,0.4954128440366973,0.8804347826086957,0.6879238133226965,0.7525925925925927,54
0,0,"0,1,4",H&S inter+intra,0.1,ACI g=0.005 (grow cal),shuffled,0.7352413242919824,0.9021739130434783,0.09782608695652174,0.9,0.0021739130434782483,92,0.101,0.42201834862385323,0.9021739130434783,0.6620961308336657,0.7356521739130436,46
0,0,"0,1,4",H&S inter+intra,0.1,ACI g=0.01,shuffled,0.7352413242919824,0.8913043478260869,0.10869565217391304,0.9,-0.008695652173913104,92,0.092,0.47706422018348627,0.8913043478260869,0.6841842840047866,0.7446153846153847,52
0,0,"0,1,4",H&S inter+intra,0.1,ACI g=0.01 (grow cal),shuffled,0.7352413242919824,0.9021739130434783,0.09782608695652174,0.9,0.0021739130434782483,92,0.10200000000000001,0.4036697247706422,0.9021739130434783,0.6529218189070602,0.7254545454545455,44
0,0,"0,1,4",H&S inter+intra,0.1,ACI g=0.05,shuffled,0.7352413242919824,0.8913043478260869,0.10869565217391304,0.9,-0.008695652173913104,92,0.06000000000000025,0.43119266055045874,0.8913043478260869,0.6612485041882729,0.7217021276595745,47
0,0,"0,1,4",H&S inter+intra,0.1,ACI g=0.05 (grow cal),shuffled,0.7352413242919824,0.9021739130434783,0.09782608695652174,0.9,0.0021739130434782483,92,0.11000000000000026,0.3486238532110092,0.9021739130434783,0.6253988831272437,0.7100000000000001,38
0,0,"0,1,4",H&S inter+intra,0.1,split CP (SAFE),exch,0.7352413242919824,0.6875,0.3125,0.9,-0.21250000000000002,16,0.1,0.45901639344262296,0.6875,0.5732581967213115,0.5871428571428573,28
0,0,"0,1,4",H&S inter+intra,0.1,split CP (n+1 corr.),exch,0.7352413242919824,0.8125,0.1875,0.9,-0.08750000000000002,16,0.1,0.29508196721311475,0.8125,0.5537909836065573,0.4744444444444444,18
0,0,"0,1,4",H&S inter+intra,0.1,DtACI,exch,0.7352413242919824,0.6875,0.3125,0.9,-0.21250000000000002,16,0.08234,0.4098360655737705,0.6875,0.5486680327868853,0.5424,25
0,0,"0,1,4",H&S inter+intra,0.1,DtACI (grow cal),exch,0.7352413242919824,0.6875,0.3125,0.9,-0.21250000000000002,16,0.08244499996548355,0.3770491803278688,0.6875,0.5322745901639344,0.5443478260869566,23
0,0,"0,1,4",H&S inter+intra,0.1,ACI g=0.005,exch,0.7352413242919824,0.6875,0.3125,0.9,-0.21250000000000002,16,0.08299999999999999,0.45901639344262296,0.6875,0.5732581967213115,0.5871428571428573,28
0,0,"0,1,4",H&S inter+intra,0.1,ACI g=0.005 (grow cal),exch,0.7352413242919824,0.6875,0.3125,0.9,-0.21250000000000002,16,0.08299999999999999,0.39344262295081966,0.6875,0.5404713114754098,0.5616666666666666,24
0,0,"0,1,4",H&S inter+intra,0.1,ACI g=0.01,exch,0.7352413242919824,0.6875,0.3125,0.9,-0.21250000000000002,16,0.06599999999999998,0.4262295081967213,0.6875,0.5568647540983607,0.5584615384615386,26
0,0,"0,1,4",H&S inter+intra,0.1,ACI g=0.01 (grow cal),exch,0.7352413242919824,0.75,0.25,0.9,-0.15000000000000002,16,0.07599999999999998,0.39344262295081966,0.75,0.5717213114754098,0.5616666666666666,24
0,0,"0,1,4",H&S inter+intra,0.1,ACI g=0.05,exch,0.7352413242919824,0.8125,0.1875,0.9,-0.08750000000000002,16,0.030000000000000027,0.39344262295081966,0.8125,0.6029713114754098,0.5616666666666666,24
0,0,"0,1,4",H&S inter+intra,0.1,ACI g=0.05 (grow cal),exch,0.7352413242919824,0.8125,0.1875,0.9,-0.08750000000000002,16,0.04100000000000001,0.3114754098360656,0.8125,0.5619877049180328,0.5,19
0,0,"0,1,4",H&S inter+intra,0.15,split CP (SAFE),blocked,0.7352413242919824,0.8260869565217391,0.17391304347826086,0.85,-0.023913043478260843,92,0.15,0.5412844036697247,0.8260869565217391,0.6836856800957319,0.6627118644067796,59
0,0,"0,1,4",H&S inter+intra,0.15,split CP (n+1 corr.),blocked,0.7352413242919824,0.9021739130434783,0.09782608695652174,0.85,0.05217391304347829,92,0.15,0.44036697247706424,0.9021739130434783,0.6712704427602713,0.6970833333333332,48
0,0,"0,1,4",H&S inter+intra,0.15,DtACI,blocked,0.7352413242919824,0.75,0.25,0.85,-0.09999999999999998,92,0.1379262499845455,0.5229357798165137,0.75,0.6364678899082569,0.6803508771929824,57
0,0,"0,1,4",H&S inter+intra,0.15,DtACI (grow cal),blocked,0.7352413242919824,0.8260869565217391,0.17391304347826086,0.85,-0.023913043478260843,92,0.14787367617032018,0.5321100917431193,0.8260869565217391,0.6790985241324292,0.6789655172413794,58
0,0,"0,1,4",H&S inter+intra,0.15,ACI g=0.005,blocked,0.7352413242919824,0.8260869565217391,0.17391304347826086,0.85,-0.023913043478260843,92,0.13824999999999998,0.5412844036697247,0.8260869565217391,0.6836856800957319,0.6627118644067796,59
0,0,"0,1,4",H&S inter+intra,0.15,ACI g=0.005 (grow cal),blocked,0.7352413242919824,0.8478260869565217,0.15217391304347827,0.85,-0.0021739130434782483,92,0.14825,0.5412844036697247,0.8478260869565217,0.6945552453131232,0.6759322033898305,59
0,0,"0,1,4",H&S inter+intra,0.15,ACI g=0.01,blocked,0.7352413242919824,0.8260869565217391,0.17391304347826086,0.85,-0.023913043478260843,92,0.12649999999999997,0.5596330275229358,0.8260869565217391,0.6928599920223375,0.6744262295081968,61
0,0,"0,1,4",H&S inter+intra,0.15,ACI g=0.01 (grow cal),blocked,0.7352413242919824,0.8478260869565217,0.15217391304347827,0.85,-0.0021739130434782483,92,0.1465,0.5504587155963303,0.8478260869565217,0.699142401276426,0.6806666666666668,60
0,0,"0,1,4",H&S inter+intra,0.15,ACI g=0.05,blocked,0.7352413242919824,0.8369565217391304,0.16304347826086957,0.85,-0.013043478260869601,92,0.08250000000000032,0.5321100917431193,0.8369565217391304,0.6845333067411248,0.7344827586206897,58
0,0,"0,1,4",H&S inter+intra,0.15,ACI g=0.05 (grow cal),blocked,0.7352413242919824,0.8478260869565217,0.15217391304347827,0.85,-0.0021739130434782483,92,0.13250000000000042,0.5412844036697247,0.8478260869565217,0.6945552453131232,0.6742372881355932,59
0,0,"0,1,4",H&S inter+intra,0.15,split CP (SAFE),shuffled,0.7352413242919824,0.8260869565217391,0.17391304347826086,0.85,-0.023913043478260843,92,0.15,0.5412844036697247,0.8260869565217391,0.6836856800957319,0.6627118644067796,59
0,0,"0,1,4",H&S inter+intra,0.15,split CP (n+1 corr.),shuffled,0.7352413242919824,0.9021739130434783,0.09782608695652174,0.85,0.05217391304347829,92,0.15,0.44036697247706424,0.9021739130434783,0.6712704427602713,0.6970833333333334,48
0,0,"0,1,4",H&S inter+intra,0.15,DtACI,shuffled,0.7352413242919824,0.8043478260869565,0.1956521739130435,0.85,-0.04565217391304344,92,0.14801574872917275,0.5779816513761468,0.8043478260869565,0.6911647387315516,0.6555555555555557,63
0,0,"0,1,4",H&S inter+intra,0.15,DtACI (grow cal),shuffled,0.7352413242919824,0.8043478260869565,0.1956521739130435,0.85,-0.04565217391304344,92,0.14797073812200912,0.5596330275229358,0.8043478260869565,0.6819904268049461,0.6845901639344263,61
0,0,"0,1,4",H&S inter+intra,0.15,ACI g=0.005,shuffled,0.7352413242919824,0.8369565217391304,0.16304347826086957,0.85,-0.013043478260869601,92,0.144,0.5504587155963303,0.8369565217391304,0.6937076186677303,0.6676666666666666,60
0,0,"0,1,4",H&S inter+intra,0.15,ACI g=0.005 (grow cal),shuffled,0.7352413242919824,0.8369565217391304,0.16304347826086957,0.85,-0.013043478260869601,92,0.144,0.5229357798165137,0.8369565217391304,0.6799461507778221,0.6950877192982455,57
0,0,"0,1,4",H&S inter+intra,0.15,ACI g=0.01,shuffled,0.7352413242919824,0.8478260869565217,0.15217391304347827,0.85,-0.0021739130434782483,92,0.148,0.5412844036697247,0.8478260869565217,0.6945552453131232,0.6644067796610169,59
0,0,"0,1,4",H&S inter+intra,0.15,ACI g=0.01 (grow cal),shuffled,0.7352413242919824,0.8478260869565217,0.15217391304347827,0.85,-0.0021739130434782483,92,0.148,0.5137614678899083,0.8478260869565217,0.680793777423215,0.6903571428571428,56
0,0,"0,1,4",H&S inter+intra,0.15,ACI g=0.05,shuffled,0.7352413242919824,0.8478260869565217,0.15217391304347827,0.85,-0.0021739130434782483,92,0.14000000000000037,0.5321100917431193,0.8478260869565217,0.6899680893498206,0.6855172413793105,58
0,0,"0,1,4",H&S inter+intra,0.15,ACI g=0.05 (grow cal),shuffled,0.7352413242919824,0.8478260869565217,0.15217391304347827,0.85,-0.0021739130434782483,92,0.14000000000000037,0.4954128440366973,0.8478260869565217,0.6716194654966094,0.6796296296296297,54
0,0,"0,1,4",H&S inter+intra,0.15,split CP (SAFE),exch,0.7352413242919824,0.5625,0.4375,0.85,-0.2875,16,0.15,0.4918032786885246,0.5625,0.5271516393442623,0.5846666666666668,30
0,0,"0,1,4",H&S inter+intra,0.15,split CP (n+1 corr.),exch,0.7352413242919824,0.6875,0.3125,0.85,-0.16249999999999998,16,0.15,0.36065573770491804,0.6875,0.524077868852459,0.5254545454545455,22
0,0,"0,1,4",H&S inter+intra,0.15,DtACI,exch,0.7352413242919824,0.625,0.375,0.85,-0.22499999999999998,16,0.1259199999891788,0.4262295081967213,0.625,0.5256147540983607,0.5292307692307692,26
0,0,"0,1,4",H&S inter+intra,0.15,DtACI (grow cal),exch,0.7352413242919824,0.6875,0.3125,0.85,-0.16249999999999998,16,0.13109499999999996,0.39344262295081966,0.6875,0.5404713114754098,0.5299999999999999,24
0,0,"0,1,4",H&S inter+intra,0.15,ACI g=0.005,exch,0.7352413242919824,0.5625,0.4375,0.85,-0.2875,16,0.12699999999999997,0.4918032786885246,0.5625,0.5271516393442623,0.5866666666666667,30
0,0,"0,1,4",H&S inter+intra,0.15,ACI g=0.005 (grow cal),exch,0.7352413242919824,0.625,0.375,0.85,-0.22499999999999998,16,0.13199999999999998,0.4262295081967213,0.625,0.5256147540983607,0.5630769230769231,26
0,0,"0,1,4",H&S inter+intra,0.15,ACI g=0.01,exch,0.7352413242919824,0.625,0.375,0.85,-0.22499999999999998,16,0.11399999999999996,0.4918032786885246,0.625,0.5584016393442623,0.5866666666666667,30
0,0,"0,1,4",H&S inter+intra,0.15,ACI g=0.01 (grow cal),exch,0.7352413242919824,0.625,0.375,0.85,-0.22499999999999998,16,0.11399999999999996,0.4262295081967213,0.625,0.5256147540983607,0.5630769230769231,26
0,0,"0,1,4",H&S inter+intra,0.15,ACI g=0.05,exch,0.7352413242919824,0.6875,0.3125,0.85,-0.16249999999999998,16,0.020000000000000025,0.39344262295081966,0.6875,0.5404713114754098,0.5299999999999999,24
0,0,"0,1,4",H&S inter+intra,0.15,ACI g=0.05 (grow cal),exch,0.7352413242919824,0.75,0.25,0.85,-0.09999999999999998,16,0.07000000000000003,0.4098360655737705,0.75,0.5799180327868853,0.5472,25
0,0,"0,1,4",H&S inter+intra,0.2,split CP (SAFE),blocked,0.7352413242919824,0.46739130434782605,0.532608695652174,0.8,-0.332608695652174,92,0.2,0.7247706422018348,0.46739130434782605,0.5960809732748305,0.56,79
0,0,"0,1,4",H&S inter+intra,0.2,split CP (n+1 corr.),blocked,0.7352413242919824,0.8695652173913043,0.13043478260869565,0.8,0.06956521739130428,92,0.2,0.5229357798165137,0.8695652173913043,0.6962504986039091,0.667719298245614,57
0,0,"0,1,4",H&S inter+intra,0.2,DtACI,blocked,0.7352413242919824,0.6630434782608696,0.33695652173913043,0.8,-0.13695652173913042,92,0.15056995571798526,0.5871559633027523,0.6630434782608696,0.625099720781811,0.6659375000000001,64
0,0,"0,1,4",H&S inter+intra,0.2,DtACI (grow cal),blocked,0.7352413242919824,0.7717391304347826,0.22826086956521738,0.8,-0.02826086956521745,92,0.11110508660387296,0.5779816513761468,0.7717391304347826,0.6748603909054647,0.6625396825396825,63
0,0,"0,1,4",H&S inter+intra,0.2,ACI g=0.005,blocked,0.7352413242919824,0.6956521739130435,0.30434782608695654,0.8,-0.10434782608695659,92,0.15099999999999997,0.6238532110091743,0.6956521739130435,0.6597526924611089,0.6661764705882354,68
0,0,"0,1,4",H&S inter+intra,0.2,ACI g=0.005 (grow cal),blocked,0.7352413242919824,0.8152173913043479,0.18478260869565216,0.8,0.01521739130434785,92,0.20600000000000002,0.5688073394495413,0.8152173913043479,0.6920123653769445,0.6777419354838708,62
0,0,"0,1,4",H&S inter+intra,0.2,ACI g=0.01,blocked,0.7352413242919824,0.7391304347826086,0.2608695652173913,0.8,-0.0608695652173914,92,0.14199999999999996,0.5963302752293578,0.7391304347826086,0.6677303550059832,0.66,65
0,0,"0,1,4",H&S inter+intra,0.2,ACI g=0.01 (grow cal),blocked,0.7352413242919824,0.8152173913043479,0.18478260869565216,0.8,0.01521739130434785,92,0.21200000000000002,0.5688073394495413,0.8152173913043479,0.6920123653769445,0.6499999999999999,62
0,0,"0,1,4",H&S inter+intra,0.2,ACI g=0.05,blocked,0.7352413242919824,0.782608695652174,0.21739130434782608,0.8,-0.017391304347826098,92,0.11000000000000046,0.5596330275229358,0.782608695652174,0.6711208615875548,0.680327868852459,61
0,0,"0,1,4",H&S inter+intra,0.2,ACI g=0.05 (grow cal),blocked,0.7352413242919824,0.782608695652174,0.21739130434782608,0.8,-0.017391304347826098,92,0.11000000000000021,0.5688073394495413,0.782608695652174,0.6757080175508576,0.6577419354838709,62
0,0,"0,1,4",H&S inter+intra,0.2,split CP (SAFE),shuffled,0.7352413242919824,0.46739130434782605,0.532608695652174,0.8,-0.332608695652174,92,0.2,0.7247706422018348,0.46739130434782605,0.5960809732748305,0.56,79
0,0,"0,1,4",H&S inter+intra,0.2,split CP (n+1 corr.),shuffled,0.7352413242919824,0.8695652173913043,0.13043478260869565,0.8,0.06956521739130428,92,0.2,0.5229357798165137,0.8695652173913043,0.6962504986039091,0.6677192982456139,57
0,0,"0,1,4",H&S inter+intra,0.2,DtACI,shuffled,0.7352413242919824,0.7173913043478262,0.2826086956521739,0.8,-0.08260869565217388,92,0.16960500000000053,0.6238532110091743,0.7173913043478262,0.6706222576785003,0.6473529411764707,68
0,0,"0,1,4",H&S inter+intra,0.2,DtACI (grow cal),shuffled,0.7352413242919824,0.7391304347826086,0.2608695652173913,0.8,-0.0608695652173914,92,0.18168999908529576,0.6146788990825688,0.7391304347826086,0.6769046669325887,0.6450746268656716,67
0,0,"0,1,4",H&S inter+intra,0.2,ACI g=0.005,shuffled,0.7352413242919824,0.6847826086956521,0.31521739130434784,0.8,-0.11521739130434794,92,0.14699999999999996,0.6330275229357798,0.6847826086956521,0.658905065815716,0.6310144927536233,69
0,0,"0,1,4",H&S inter+intra,0.2,ACI g=0.005 (grow cal),shuffled,0.7352413242919824,0.7608695652173914,0.2391304347826087,0.8,-0.03913043478260869,92,0.182,0.5963302752293578,0.7608695652173914,0.6785999202233746,0.6476923076923077,65
0,0,"0,1,4",H&S inter+intra,0.2,ACI g=0.01,shuffled,0.7352413242919824,0.7391304347826086,0.2608695652173913,0.8,-0.0608695652173914,92,0.14399999999999996,0.6146788990825688,0.7391304347826086,0.6769046669325887,0.6435820895522388,67
0,0,"0,1,4",H&S inter+intra,0.2,ACI g=0.01 (grow cal),shuffled,0.7352413242919824,0.7717391304347826,0.22826086956521738,0.8,-0.02826086956521745,92,0.174,0.5963302752293578,0.7717391304347826,0.6840347028320701,0.6476923076923077,65
0,0,"0,1,4",H&S inter+intra,0.2,ACI g=0.05,shuffled,0.7352413242919824,0.7934782608695652,0.20652173913043478,0.8,-0.006521739130434856,92,0.1700000000000005,0.5688073394495413,0.7934782608695652,0.6811428001595532,0.6693548387096774,62
0,0,"0,1,4",H&S inter+intra,0.2,ACI g=0.05 (grow cal),shuffled,0.7352413242919824,0.7934782608695652,0.20652173913043478,0.8,-0.006521739130434856,92,0.17000000000000048,0.6055045871559633,0.7934782608695652,0.6994914240127643,0.6775757575757576,66
0,0,"0,1,4",H&S inter+intra,0.2,split CP (SAFE),exch,0.7352413242919824,0.5,0.5,0.8,-0.30000000000000004,16,0.2,0.6557377049180327,0.5,0.5778688524590163,0.5130000000000001,40
0,0,"0,1,4",H&S inter+intra,0.2,split CP (n+1 corr.),exch,0.7352413242919824,0.6875,0.3125,0.8,-0.11250000000000004,16,0.2,0.45901639344262296,0.6875,0.5732581967213115,0.5871428571428573,28
0,0,"0,1,4",H&S inter+intra,0.2,DtACI,exch,0.7352413242919824,0.625,0.375,0.8,-0.17500000000000004,16,0.17477499999999999,0.5901639344262295,0.625,0.6075819672131147,0.48666666666666664,36
0,0,"0,1,4",H&S inter+intra,0.2,DtACI (grow cal),exch,0.7352413242919824,0.625,0.375,0.8,-0.17500000000000004,16,0.17827505413764563,0.5245901639344263,0.625,0.5747950819672132,0.508125,32
0,0,"0,1,4",H&S inter+intra,0.2,ACI g=0.005,exch,0.7352413242919824,0.5,0.5,0.8,-0.30000000000000004,16,0.176,0.6229508196721312,0.5,0.5614754098360656,0.5173684210526317,38
0,0,"0,1,4",H&S inter+intra,0.2,ACI g=0.005 (grow cal),exch,0.7352413242919824,0.5625,0.4375,0.8,-0.23750000000000004,16,0.181,0.5573770491803278,0.5625,0.5599385245901639,0.5088235294117647,34
0,0,"0,1,4",H&S inter+intra,0.2,ACI g=0.01,exch,0.7352413242919824,0.5625,0.4375,0.8,-0.23750000000000004,16,0.16199999999999998,0.6065573770491803,0.5625,0.5845286885245902,0.531891891891892,37
0,0,"0,1,4",H&S inter+intra,0.2,ACI g=0.01 (grow cal),exch,0.7352413242919824,0.5625,0.4375,0.8,-0.23750000000000004,16,0.16199999999999998,0.5573770491803278,0.5625,0.5599385245901639,0.5088235294117647,34
0,0,"0,1,4",H&S inter+intra,0.2,ACI g=0.05,exch,0.7352413242919824,0.625,0.375,0.8,-0.17500000000000004,16,0.06000000000000001,0.4918032786885246,0.625,0.5584016393442623,0.4780000000000001,30
0,0,"0,1,4",H&S inter+intra,0.2,ACI g=0.05 (grow cal),exch,0.7352413242919824,0.625,0.375,0.8,-0.17500000000000004,16,0.060000000000000046,0.4918032786885246,0.625,0.5584016393442623,0.4780000000000001,30
0,0,"0,1,4",H&S inter+intra,0.25,split CP (SAFE),blocked,0.7352413242919824,0.3152173913043478,0.6847826086956522,0.75,-0.4347826086956522,92,0.25,0.7889908256880734,0.3152173913043478,0.5521041084962106,0.5116279069767442,86
0,0,"0,1,4",H&S inter+intra,0.25,split CP (n+1 corr.),blocked,0.7352413242919824,0.3369565217391305,0.6630434782608695,0.75,-0.4130434782608695,92,0.25,0.7706422018348624,0.3369565217391305,0.5537993617869965,0.5097619047619047,84
0,0,"0,1,4",H&S inter+intra,0.25,DtACI,blocked,0.7352413242919824,0.6413043478260869,0.358695652173913,0.75,-0.10869565217391308,92,0.14740861187195198,0.6330275229357798,0.6413043478260869,0.6371659353809334,0.6573913043478261,69
0,0,"0,1,4",H&S inter+intra,0.25,DtACI (grow cal),blocked,0.7352413242919824,0.6956521739130435,0.30434782608695654,0.75,-0.05434782608695654,92,0.1300474220354147,0.6146788990825688,0.6956521739130435,0.6551655364978062,0.6552238805970149,67
0,0,"0,1,4",H&S inter+intra,0.25,ACI g=0.005,blocked,0.7352413242919824,0.5543478260869565,0.44565217391304346,0.75,-0.19565217391304346,92,0.15874999999999992,0.6788990825688074,0.5543478260869565,0.6166234543278819,0.6486486486486487,74
0,0,"0,1,4",H&S inter+intra,0.25,ACI g=0.005 (grow cal),blocked,0.7352413242919824,0.7608695652173914,0.2391304347826087,0.75,0.010869565217391353,92,0.2537499999999992,0.6238532110091743,0.7608695652173914,0.6923613881132828,0.6526470588235295,68
0,0,"0,1,4",H&S inter+intra,0.25,ACI g=0.01,blocked,0.7352413242919824,0.6413043478260869,0.358695652173913,0.75,-0.10869565217391308,92,0.1474999999999999,0.6146788990825688,0.6413043478260869,0.6279916234543279,0.646865671641791,67
0,0,"0,1,4",H&S inter+intra,0.25,ACI g=0.01 (grow cal),blocked,0.7352413242919824,0.75,0.25,0.75,0.0,92,0.2475,0.6146788990825688,0.75,0.6823394495412844,0.6480597014925373,67
0,0,"0,1,4",H&S inter+intra,0.25,ACI g=0.05,blocked,0.7352413242919824,0.7282608695652174,0.2717391304347826,0.75,-0.021739130434782594,92,0.13750000000000054,0.6055045871559633,0.7282608695652174,0.6668827283605904,0.6566666666666667,66
0,0,"0,1,4",H&S inter+intra,0.25,ACI g=0.05 (grow cal),blocked,0.7352413242919824,0.7391304347826086,0.2608695652173913,0.75,-0.010869565217391353,92,0.18750000000000078,0.5963302752293578,0.7391304347826086,0.6677303550059832,0.6723076923076923,65
0,0,"0,1,4",H&S inter+intra,0.25,split CP (SAFE),shuffled,0.7352413242919824,0.3152173913043478,0.6847826086956522,0.75,-0.4347826086956522,92,0.25,0.7889908256880734,0.3152173913043478,0.5521041084962106,0.5116279069767442,86
0,0,"0,1,4",H&S inter+intra,0.25,split CP (n+1 corr.),shuffled,0.7352413242919824,0.3369565217391305,0.6630434782608695,0.75,-0.4130434782608695,92,0.25,0.7706422018348624,0.3369565217391305,0.5537993617869965,0.5097619047619047,84
0,0,"0,1,4",H&S inter+intra,0.25,DtACI,shuffled,0.7352413242919824,0.5978260869565217,0.40217391304347827,0.75,-0.15217391304347827,92,0.1549249999999362,0.6788990825688074,0.5978260869565217,0.6383625847626646,0.5721621621621622,74
0,0,"0,1,4",H&S inter+intra,0.25,DtACI (grow cal),shuffled,0.7352413242919824,0.6739130434782609,0.32608695652173914,0.75,-0.07608695652173914,92,0.219499767041279,0.6330275229357798,0.6739130434782609,0.6534702832070203,0.6469565217391304,69
0,0,"0,1,4",H&S inter+intra,0.25,ACI g=0.005,shuffled,0.7352413242919824,0.5434782608695652,0.45652173913043476,0.75,-0.2065217391304348,92,0.15499999999999992,0.6972477064220184,0.5434782608695652,0.6203629836457918,0.5797368421052632,76
0,0,"0,1,4",H&S inter+intra,0.25,ACI g=0.005 (grow cal),shuffled,0.7352413242919824,0.6847826086956521,0.31521739130434784,0.75,-0.0652173913043479,92,0.21999999999999997,0.6238532110091743,0.6847826086956521,0.6543179098524132,0.635,68
0,0,"0,1,4",H&S inter+intra,0.25,ACI g=0.01,shuffled,0.7352413242919824,0.6413043478260869,0.358695652173913,0.75,-0.10869565217391308,92,0.1499999999999999,0.6697247706422018,0.6413043478260869,0.6555145592341444,0.5813698630136988,73
0,0,"0,1,4",H&S inter+intra,0.25,ACI g=0.01 (grow cal),shuffled,0.7352413242919824,0.7065217391304348,0.29347826086956524,0.75,-0.04347826086956519,92,0.20999999999999996,0.6238532110091743,0.7065217391304348,0.6651874750698046,0.6452941176470589,68
0,0,"0,1,4",H&S inter+intra,0.25,ACI g=0.05,shuffled,0.7352413242919824,0.7282608695652174,0.2717391304347826,0.75,-0.021739130434782594,92,0.15000000000000055,0.6330275229357798,0.7282608695652174,0.6806441962504985,0.6391304347826087,69
0,0,"0,1,4",H&S inter+intra,0.25,ACI g=0.05 (grow cal),shuffled,0.7352413242919824,0.7391304347826086,0.2608695652173913,0.75,-0.010869565217391353,92,0.20000000000000057,0.6055045871559633,0.7391304347826086,0.672317510969286,0.6339393939393939,66
0,0,"0,1,4",H&S inter+intra,0.25,split CP (SAFE),exch,0.7352413242919824,0.5,0.5,0.75,-0.25,16,0.25,0.7868852459016393,0.5,0.6434426229508197,0.4991666666666667,48
0,0,"0,1,4",H&S inter+intra,0.25,split CP (n+1 corr.),exch,0.7352413242919824,0.5,0.5,0.75,-0.25,16,0.25,0.7868852459016393,0.5,0.6434426229508197,0.5025000000000001,48
0,0,"0,1,4",H&S inter+intra,0.25,DtACI,exch,0.7352413242919824,0.5625,0.4375,0.75,-0.1875,16,0.22834988220615005,0.7213114754098361,0.5625,0.641905737704918,0.4977272727272728,44
0,0,"0,1,4",H&S inter+intra,0.25,DtACI (grow cal),exch,0.7352413242919824,0.5625,0.4375,0.75,-0.1875,16,0.23332494500976445,0.5901639344262295,0.5625,0.5763319672131147,0.5222222222222221,36
0,0,"0,1,4",H&S inter+intra,0.25,ACI g=0.005,exch,0.7352413242919824,0.5,0.5,0.75,-0.25,16,0.2299999999999999,0.7868852459016393,0.5,0.6434426229508197,0.5025000000000001,48
0,0,"0,1,4",H&S inter+intra,0.25,ACI g=0.005 (grow cal),exch,0.7352413242919824,0.5625,0.4375,0.75,-0.1875,16,0.2349999999999999,0.6229508196721312,0.5625,0.5927254098360656,0.5452631578947368,38
0,0,"0,1,4",H&S inter+intra,0.25,ACI g=0.01,exch,0.7352413242919824,0.5,0.5,0.75,-0.25,16,0.20999999999999996,0.7704918032786885,0.5,0.6352459016393442,0.5055319148936172,47
0,0,"0,1,4",H&S inter+intra,0.25,ACI g=0.01 (grow cal),exch,0.7352413242919824,0.5625,0.4375,0.75,-0.1875,16,0.21999999999999997,0.6229508196721312,0.5625,0.5927254098360656,0.5468421052631579,38
0,0,"0,1,4",H&S inter+intra,0.25,ACI g=0.05,exch,0.7352413242919824,0.5625,0.4375,0.75,-0.1875,16,0.10000000000000002,0.6065573770491803,0.5625,0.5845286885245902,0.5356756756756756,37
0,0,"0,1,4",H&S inter+intra,0.25,ACI g=0.05 (grow cal),exch,0.7352413242919824,0.5625,0.4375,0.75,-0.1875,16,0.10000000000000002,0.5573770491803278,0.5625,0.5599385245901639,0.4982352941176471,34
0,1,"0,1,4",SAFE-MLP,0.1,split CP (SAFE),blocked,0.7843039489429597,0.7282608695652174,0.2717391304347826,0.9,-0.17173913043478262,92,0.1,0.48623853211009177,0.7282608695652174,0.6072497008376546,0.3562264150943396,53
0,1,"0,1,4",SAFE-MLP,0.1,split CP (n+1 corr.),blocked,0.7843039489429597,0.782608695652174,0.21739130434782608,0.9,-0.11739130434782608,92,0.1,0.46788990825688076,0.782608695652174,0.6252493019545273,0.41294117647058826,51
0,1,"0,1,4",SAFE-MLP,0.1,DtACI,blocked,0.7843039489429597,0.8043478260869565,0.1956521739130435,0.9,-0.09565217391304348,92,0.044583678642708034,0.47706422018348627,0.8043478260869565,0.6407060231352214,0.519245283018868,53
0,1,"0,1,4",SAFE-MLP,0.1,DtACI (grow cal),blocked,0.7843039489429597,0.8586956521739131,0.14130434782608695,0.9,-0.04130434782608694,92,0.07827540433166484,0.47706422018348627,0.8586956521739131,0.6678799361786997,0.541923076923077,52
0,1,"0,1,4",SAFE-MLP,0.1,ACI g=0.005,blocked,0.7843039489429597,0.782608695652174,0.21739130434782608,0.9,-0.11739130434782608,92,0.04549999999999996,0.48623853211009177,0.782608695652174,0.6344236138811329,0.4566037735849058,53
0,1,"0,1,4",SAFE-MLP,0.1,ACI g=0.005 (grow cal),blocked,0.7843039489429597,0.8478260869565217,0.15217391304347827,0.9,-0.05217391304347829,92,0.07549999999999998,0.48623853211009177,0.8478260869565217,0.6670323095333067,0.5264150943396226,53
0,1,"0,1,4",SAFE-MLP,0.1,ACI g=0.01,blocked,0.7843039489429597,0.8369565217391304,0.16304347826086957,0.9,-0.06304347826086965,92,0.04099999999999998,0.48623853211009177,0.8369565217391304,0.661597526924611,0.5264150943396227,53
0,1,"0,1,4",SAFE-MLP,0.1,ACI g=0.01 (grow cal),blocked,0.7843039489429597,0.8695652173913043,0.13043478260869565,0.9,-0.0304347826086957,92,0.07099999999999998,0.46788990825688076,0.8695652173913043,0.6687275628240925,0.543921568627451,51
0,1,"0,1,4",SAFE-MLP,0.1,ACI g=0.05,blocked,0.7843039489429597,0.8913043478260869,0.10869565217391304,0.9,-0.008695652173913104,92,0.05500000000000019,0.44954128440366975,0.8913043478260869,0.6704228161148783,0.6546938775510205,49
0,1,"0,1,4",SAFE-MLP,0.1,ACI g=0.05 (grow cal),blocked,0.7843039489429597,0.9021739130434783,0.09782608695652174,0.9,0.0021739130434782483,92,0.10500000000000022,0.44954128440366975,0.9021739130434783,0.675857598723574,0.573469387755102,49
0,1,"0,1,4",SAFE-MLP,0.1,split CP (SAFE),shuffled,0.7843039489429597,0.7282608695652174,0.2717391304347826,0.9,-0.17173913043478262,92,0.1,0.48623853211009177,0.7282608695652174,0.6072497008376546,0.3562264150943396,53
0,1,"0,1,4",SAFE-MLP,0.1,split CP (n+1 corr.),shuffled,0.7843039489429597,0.782608695652174,0.21739130434782608,0.9,-0.11739130434782608,92,0.1,0.46788990825688076,0.782608695652174,0.6252493019545273,0.4129411764705882,51
0,1,"0,1,4",SAFE-MLP,0.1,DtACI,shuffled,0.7843039489429597,0.8260869565217391,0.17391304347826086,0.9,-0.07391304347826089,92,0.04274105282292008,0.46788990825688076,0.8260869565217391,0.6469884323893099,0.4384313725490196,51
0,1,"0,1,4",SAFE-MLP,0.1,DtACI (grow cal),shuffled,0.7843039489429597,0.8586956521739131,0.14130434782608695,0.9,-0.04130434782608694,92,0.05747579581598246,0.46788990825688076,0.8586956521739131,0.663292780215397,0.5298039215686273,51
0,1,"0,1,4",SAFE-MLP,0.1,ACI g=0.005,shuffled,0.7843039489429597,0.782608695652174,0.21739130434782608,0.9,-0.11739130434782608,92,0.04599999999999996,0.47706422018348627,0.782608695652174,0.6298364579178302,0.40423076923076917,52
0,1,"0,1,4",SAFE-MLP,0.1,ACI g=0.005 (grow cal),shuffled,0.7843039489429597,0.8260869565217391,0.17391304347826086,0.9,-0.07391304347826089,92,0.06599999999999998,0.46788990825688076,0.8260869565217391,0.6469884323893099,0.5074509803921567,51
0,1,"0,1,4",SAFE-MLP,0.1,ACI g=0.01,shuffled,0.7843039489429597,0.8369565217391304,0.16304347826086957,0.9,-0.06304347826086965,92,0.042000000000000016,0.46788990825688076,0.8369565217391304,0.6524232149980056,0.47803921568627455,51
0,1,"0,1,4",SAFE-MLP,0.1,ACI g=0.01 (grow cal),shuffled,0.7843039489429597,0.8478260869565217,0.15217391304347827,0.9,-0.05217391304347829,92,0.051999999999999984,0.46788990825688076,0.8478260869565217,0.6578579976067013,0.5529411764705883,51
0,1,"0,1,4",SAFE-MLP,0.1,ACI g=0.05,shuffled,0.7843039489429597,0.8695652173913043,0.13043478260869565,0.9,-0.0304347826086957,92,0.016000000000000018,0.44954128440366975,0.8695652173913043,0.6595532508974871,0.5775510204081633,49
0,1,"0,1,4",SAFE-MLP,0.1,ACI g=0.05 (grow cal),shuffled,0.7843039489429597,0.8804347826086957,0.11956521739130435,0.9,-0.019565217391304346,92,0.016000000000000018,0.42201834862385323,0.8804347826086957,0.6512265656162745,0.5986956521739131,46
0,1,"0,1,4",SAFE-MLP,0.1,split CP (SAFE),exch,0.7843039489429597,0.8666666666666667,0.13333333333333333,0.9,-0.033333333333333326,15,0.1,0.71875,0.8666666666666667,0.7927083333333333,0.48869565217391303,46
0,1,"0,1,4",SAFE-MLP,0.1,split CP (n+1 corr.),exch,0.7843039489429597,0.8666666666666667,0.13333333333333333,0.9,-0.033333333333333326,15,0.1,0.71875,0.8666666666666667,0.7927083333333333,0.5478260869565218,46
0,1,"0,1,4",SAFE-MLP,0.1,DtACI,exch,0.7843039489429597,0.8666666666666667,0.13333333333333333,0.9,-0.033333333333333326,15,0.07979389841752126,0.71875,0.8666666666666667,0.7927083333333333,0.45130434782608697,46
0,1,"0,1,4",SAFE-MLP,0.1,DtACI (grow cal),exch,0.7843039489429597,0.8666666666666667,0.13333333333333333,0.9,-0.033333333333333326,15,0.08088007459010868,0.71875,0.8666666666666667,0.7927083333333333,0.4504347826086957,46
0,1,"0,1,4",SAFE-MLP,0.1,ACI g=0.005,exch,0.7843039489429597,0.8666666666666667,0.13333333333333333,0.9,-0.033333333333333326,15,0.0975,0.71875,0.8666666666666667,0.7927083333333333,0.48869565217391303,46
0,1,"0,1,4",SAFE-MLP,0.1,ACI g=0.005 (grow cal),exch,0.7843039489429597,0.8666666666666667,0.13333333333333333,0.9,-0.033333333333333326,15,0.0975,0.71875,0.8666666666666667,0.7927083333333333,0.45130434782608697,46
0,1,"0,1,4",SAFE-MLP,0.1,ACI g=0.01,exch,0.7843039489429597,0.8666666666666667,0.13333333333333333,0.9,-0.033333333333333326,15,0.095,0.71875,0.8666666666666667,0.7927083333333333,0.48869565217391303,46
0,1,"0,1,4",SAFE-MLP,0.1,ACI g=0.01 (grow cal),exch,0.7843039489429597,0.8666666666666667,0.13333333333333333,0.9,-0.033333333333333326,15,0.095,0.71875,0.8666666666666667,0.7927083333333333,0.45130434782608697,46
0,1,"0,1,4",SAFE-MLP,0.1,ACI g=0.05,exch,0.7843039489429597,0.8666666666666667,0.13333333333333333,0.9,-0.033333333333333326,15,0.07500000000000004,0.71875,0.8666666666666667,0.7927083333333333,0.45130434782608697,46
0,1,"0,1,4",SAFE-MLP,0.1,ACI g=0.05 (grow cal),exch,0.7843039489429597,0.8666666666666667,0.13333333333333333,0.9,-0.033333333333333326,15,0.07500000000000004,0.71875,0.8666666666666667,0.7927083333333333,0.4504347826086957,46
0,1,"0,1,4",SAFE-MLP,0.15,split CP (SAFE),blocked,0.7843039489429597,0.6521739130434783,0.34782608695652173,0.85,-0.1978260869565217,92,0.15,0.4954128440366973,0.6521739130434783,0.5737933785400877,0.32925925925925936,54
0,1,"0,1,4",SAFE-MLP,0.15,split CP (n+1 corr.),blocked,0.7843039489429597,0.782608695652174,0.21739130434782608,0.85,-0.06739130434782603,92,0.15,0.46788990825688076,0.782608695652174,0.6252493019545273,0.41294117647058826,51
0,1,"0,1,4",SAFE-MLP,0.15,DtACI,blocked,0.7843039489429597,0.75,0.25,0.85,-0.09999999999999998,92,0.06270411340041061,0.48623853211009177,0.75,0.6181192660550459,0.3950943396226415,53
0,1,"0,1,4",SAFE-MLP,0.15,DtACI (grow cal),blocked,0.7843039489429597,0.8152173913043479,0.18478260869565216,0.85,-0.034782608695652084,92,0.10869994382877475,0.5229357798165137,0.8152173913043479,0.6690765855604308,0.47684210526315796,57
0,1,"0,1,4",SAFE-MLP,0.15,ACI g=0.005,blocked,0.7843039489429597,0.7282608695652174,0.2717391304347826,0.85,-0.12173913043478257,92,0.09324999999999994,0.48623853211009177,0.7282608695652174,0.6072497008376546,0.37320754716981136,53
0,1,"0,1,4",SAFE-MLP,0.15,ACI g=0.005 (grow cal),blocked,0.7843039489429597,0.7608695652173914,0.2391304347826087,0.85,-0.08913043478260863,92,0.10824999999999996,0.48623853211009177,0.7608695652173914,0.6235540486637415,0.4441509433962264,53
0,1,"0,1,4",SAFE-MLP,0.15,ACI g=0.01,blocked,0.7843039489429597,0.7391304347826086,0.2608695652173913,0.85,-0.11086956521739133,92,0.04649999999999993,0.48623853211009177,0.7391304347826086,0.6126844834463502,0.4403773584905661,53
0,1,"0,1,4",SAFE-MLP,0.15,ACI g=0.01 (grow cal),blocked,0.7843039489429597,0.782608695652174,0.21739130434782608,0.85,-0.06739130434782603,92,0.08649999999999994,0.48623853211009177,0.782608695652174,0.6344236138811329,0.4615094339622642,53
0,1,"0,1,4",SAFE-MLP,0.15,ACI g=0.05,blocked,0.7843039489429597,0.8260869565217391,0.17391304347826086,0.85,-0.023913043478260843,92,0.03250000000000018,0.48623853211009177,0.8260869565217391,0.6561627443159155,0.6184905660377359,53
0,1,"0,1,4",SAFE-MLP,0.15,ACI g=0.05 (grow cal),blocked,0.7843039489429597,0.8369565217391304,0.16304347826086957,0.85,-0.013043478260869601,92,0.08250000000000024,0.46788990825688076,0.8369565217391304,0.6524232149980056,0.5364705882352941,51
0,1,"0,1,4",SAFE-MLP,0.15,split CP (SAFE),shuffled,0.7843039489429597,0.6521739130434783,0.34782608695652173,0.85,-0.1978260869565217,92,0.15,0.4954128440366973,0.6521739130434783,0.5737933785400877,0.3292592592592593,54
0,1,"0,1,4",SAFE-MLP,0.15,split CP (n+1 corr.),shuffled,0.7843039489429597,0.782608695652174,0.21739130434782608,0.85,-0.06739130434782603,92,0.15,0.46788990825688076,0.782608695652174,0.6252493019545273,0.4129411764705882,51
0,1,"0,1,4",SAFE-MLP,0.15,DtACI,shuffled,0.7843039489429597,0.75,0.25,0.85,-0.09999999999999998,92,0.06298927898979932,0.48623853211009177,0.75,0.6181192660550459,0.3690566037735849,53
0,1,"0,1,4",SAFE-MLP,0.15,DtACI (grow cal),shuffled,0.7843039489429597,0.8152173913043479,0.18478260869565216,0.85,-0.034782608695652084,92,0.1092159472606788,0.46788990825688076,0.8152173913043479,0.6415536497806144,0.4627450980392157,51
0,1,"0,1,4",SAFE-MLP,0.15,ACI g=0.005,shuffled,0.7843039489429597,0.7282608695652174,0.2717391304347826,0.85,-0.12173913043478257,92,0.09399999999999994,0.48623853211009177,0.7282608695652174,0.6072497008376546,0.3562264150943396,53
0,1,"0,1,4",SAFE-MLP,0.15,ACI g=0.005 (grow cal),shuffled,0.7843039489429597,0.8043478260869565,0.1956521739130435,0.85,-0.04565217391304344,92,0.12899999999999998,0.46788990825688076,0.8043478260869565,0.6361188671719187,0.4435294117647059,51
0,1,"0,1,4",SAFE-MLP,0.15,ACI g=0.01,shuffled,0.7843039489429597,0.7391304347826086,0.2608695652173913,0.85,-0.11086956521739133,92,0.04799999999999993,0.47706422018348627,0.7391304347826086,0.6080973274830475,0.37283018867924517,53
0,1,"0,1,4",SAFE-MLP,0.15,ACI g=0.01 (grow cal),shuffled,0.7843039489429597,0.8043478260869565,0.1956521739130435,0.85,-0.04565217391304344,92,0.10799999999999996,0.46788990825688076,0.8043478260869565,0.6361188671719187,0.4631372549019608,51
0,1,"0,1,4",SAFE-MLP,0.15,ACI g=0.05,shuffled,0.7843039489429597,0.8260869565217391,0.17391304347826086,0.85,-0.023913043478260843,92,0.0485,0.44954128440366975,0.8260869565217391,0.6378141204627045,0.5114285714285715,49
0,1,"0,1,4",SAFE-MLP,0.15,ACI g=0.05 (grow cal),shuffled,0.7843039489429597,0.8369565217391304,0.16304347826086957,0.85,-0.013043478260869601,92,0.0900000000000003,0.46788990825688076,0.8369565217391304,0.6524232149980056,0.4933333333333333,51
0,1,"0,1,4",SAFE-MLP,0.15,split CP (SAFE),exch,0.7843039489429597,0.8666666666666667,0.13333333333333333,0.85,0.01666666666666672,15,0.15,0.71875,0.8666666666666667,0.7927083333333333,0.45130434782608697,46
0,1,"0,1,4",SAFE-MLP,0.15,split CP (n+1 corr.),exch,0.7843039489429597,0.8666666666666667,0.13333333333333333,0.85,0.01666666666666672,15,0.15,0.71875,0.8666666666666667,0.7927083333333333,0.5478260869565218,46
0,1,"0,1,4",SAFE-MLP,0.15,DtACI,exch,0.7843039489429597,0.8666666666666667,0.13333333333333333,0.85,0.01666666666666672,15,0.16031290470403303,0.71875,0.8666666666666667,0.7927083333333333,0.4504347826086957,46
0,1,"0,1,4",SAFE-MLP,0.15,DtACI (grow cal),exch,0.7843039489429597,0.8666666666666667,0.13333333333333333,0.85,0.01666666666666672,15,0.16031353806217508,0.71875,0.8666666666666667,0.7927083333333333,0.4452173913043479,46
0,1,"0,1,4",SAFE-MLP,0.15,ACI g=0.005,exch,0.7843039489429597,0.8666666666666667,0.13333333333333333,0.85,0.01666666666666672,15,0.15125,0.71875,0.8666666666666667,0.7927083333333333,0.45086956521739135,46
0,1,"0,1,4",SAFE-MLP,0.15,ACI g=0.005 (grow cal),exch,0.7843039489429597,0.8666666666666667,0.13333333333333333,0.85,0.01666666666666672,15,0.15125,0.71875,0.8666666666666667,0.7927083333333333,0.4504347826086957,46
0,1,"0,1,4",SAFE-MLP,0.15,ACI g=0.01,exch,0.7843039489429597,0.8666666666666667,0.13333333333333333,0.85,0.01666666666666672,15,0.1525,0.71875,0.8666666666666667,0.7927083333333333,0.45086956521739135,46
0,1,"0,1,4",SAFE-MLP,0.15,ACI g=0.01 (grow cal),exch,0.7843039489429597,0.8666666666666667,0.13333333333333333,0.85,0.01666666666666672,15,0.1525,0.71875,0.8666666666666667,0.7927083333333333,0.4504347826086957,46
0,1,"0,1,4",SAFE-MLP,0.15,ACI g=0.05,exch,0.7843039489429597,0.8666666666666667,0.13333333333333333,0.85,0.01666666666666672,15,0.16250000000000006,0.71875,0.8666666666666667,0.7927083333333333,0.4504347826086957,46
0,1,"0,1,4",SAFE-MLP,0.15,ACI g=0.05 (grow cal),exch,0.7843039489429597,0.8666666666666667,0.13333333333333333,0.85,0.01666666666666672,15,0.16250000000000006,0.71875,0.8666666666666667,0.7927083333333333,0.4452173913043479,46
0,1,"0,1,4",SAFE-MLP,0.2,split CP (SAFE),blocked,0.7843039489429597,0.6956521739130435,0.30434782608695654,0.8,-0.10434782608695659,92,0.2,0.44954128440366975,0.6956521739130435,0.5725967291583566,0.2310204081632653,49
0,1,"0,1,4",SAFE-MLP,0.2,split CP (n+1 corr.),blocked,0.7843039489429597,0.8043478260869565,0.1956521739130435,0.8,0.004347826086956497,92,0.2,0.4036697247706422,0.8043478260869565,0.6040087754287994,0.4145454545454545,44
0,1,"0,1,4",SAFE-MLP,0.2,DtACI,blocked,0.7843039489429597,0.7173913043478262,0.2826086956521739,0.8,-0.08260869565217388,92,0.07275595757438401,0.5045871559633027,0.7173913043478262,0.6109892301555644,0.33127272727272716,55
0,1,"0,1,4",SAFE-MLP,0.2,DtACI (grow cal),blocked,0.7843039489429597,0.7391304347826086,0.2608695652173913,0.8,-0.0608695652173914,92,0.10178403824457462,0.5504587155963303,0.7391304347826086,0.6447945751894695,0.41666666666666663,60
0,1,"0,1,4",SAFE-MLP,0.2,ACI g=0.005,blocked,0.7843039489429597,0.7065217391304348,0.29347826086956524,0.8,-0.09347826086956523,92,0.15599999999999997,0.44036697247706424,0.7065217391304348,0.5734443558037495,0.23500000000000001,48
0,1,"0,1,4",SAFE-MLP,0.2,ACI g=0.005 (grow cal),blocked,0.7843039489429597,0.7173913043478262,0.2826086956521739,0.8,-0.08260869565217388,92,0.16099999999999998,0.44036697247706424,0.7173913043478262,0.5788791384124452,0.31333333333333335,48
0,1,"0,1,4",SAFE-MLP,0.2,ACI g=0.01,blocked,0.7843039489429597,0.7173913043478262,0.2826086956521739,0.8,-0.08260869565217388,92,0.12199999999999994,0.43119266055045874,0.7173913043478262,0.5742919824491425,0.3191489361702128,47
0,1,"0,1,4",SAFE-MLP,0.2,ACI g=0.01 (grow cal),blocked,0.7843039489429597,0.7282608695652174,0.2717391304347826,0.8,-0.07173913043478264,92,0.13199999999999995,0.44036697247706424,0.7282608695652174,0.5843139210211408,0.3308333333333333,48
0,1,"0,1,4",SAFE-MLP,0.2,ACI g=0.05,blocked,0.7843039489429597,0.75,0.25,0.8,-0.050000000000000044,92,0.021000000000000005,0.46788990825688076,0.75,0.6089449541284404,0.3466666666666667,51
0,1,"0,1,4",SAFE-MLP,0.2,ACI g=0.05 (grow cal),blocked,0.7843039489429597,0.782608695652174,0.21739130434782608,0.8,-0.017391304347826098,92,0.11000000000000018,0.4954128440366973,0.782608695652174,0.6390107698444356,0.35999999999999993,54
0,1,"0,1,4",SAFE-MLP,0.2,split CP (SAFE),shuffled,0.7843039489429597,0.6956521739130435,0.30434782608695654,0.8,-0.10434782608695659,92,0.2,0.44954128440366975,0.6956521739130435,0.5725967291583566,0.2310204081632653,49
0,1,"0,1,4",SAFE-MLP,0.2,split CP (n+1 corr.),shuffled,0.7843039489429597,0.8043478260869565,0.1956521739130435,0.8,0.004347826086956497,92,0.2,0.4036697247706422,0.8043478260869565,0.6040087754287994,0.4145454545454545,44
0,1,"0,1,4",SAFE-MLP,0.2,DtACI,shuffled,0.7843039489429597,0.782608695652174,0.21739130434782608,0.8,-0.017391304347826098,92,0.13406041642233885,0.43119266055045874,0.782608695652174,0.6069006781013163,0.31999999999999995,47
0,1,"0,1,4",SAFE-MLP,0.2,DtACI (grow cal),shuffled,0.7843039489429597,0.7934782608695652,0.20652173913043478,0.8,-0.006521739130434856,92,0.15075610285998006,0.42201834862385323,0.7934782608695652,0.6077483047467092,0.3256521739130434,46
0,1,"0,1,4",SAFE-MLP,0.2,ACI g=0.005,shuffled,0.7843039489429597,0.7065217391304348,0.29347826086956524,0.8,-0.09347826086956523,92,0.15699999999999997,0.44954128440366975,0.7065217391304348,0.5780315117670523,0.2310204081632653,49
0,1,"0,1,4",SAFE-MLP,0.2,ACI g=0.005 (grow cal),shuffled,0.7843039489429597,0.7717391304347826,0.22826086956521738,0.8,-0.02826086956521745,92,0.187,0.41284403669724773,0.7717391304347826,0.5922915835660152,0.3013333333333333,45
0,1,"0,1,4",SAFE-MLP,0.2,ACI g=0.01,shuffled,0.7843039489429597,0.7391304347826086,0.2608695652173913,0.8,-0.0608695652173914,92,0.14399999999999996,0.41284403669724773,0.7391304347826086,0.5759872357399282,0.2862222222222222,45
0,1,"0,1,4",SAFE-MLP,0.2,ACI g=0.01 (grow cal),shuffled,0.7843039489429597,0.782608695652174,0.21739130434782608,0.8,-0.017391304347826098,92,0.184,0.41284403669724773,0.782608695652174,0.5977263661747109,0.3324444444444444,45
0,1,"0,1,4",SAFE-MLP,0.2,ACI g=0.05,shuffled,0.7843039489429597,0.782608695652174,0.21739130434782608,0.8,-0.017391304347826098,92,0.12000000000000041,0.42201834862385323,0.782608695652174,0.6023135221380136,0.3260869565217391,46
0,1,"0,1,4",SAFE-MLP,0.2,ACI g=0.05 (grow cal),shuffled,0.7843039489429597,0.782608695652174,0.21739130434782608,0.8,-0.017391304347826098,92,0.12000000000000041,0.41284403669724773,0.782608695652174,0.5977263661747109,0.3475555555555555,45
0,1,"0,1,4",SAFE-MLP,0.2,split CP (SAFE),exch,0.7843039489429597,0.9333333333333333,0.06666666666666667,0.8,0.1333333333333333,15,0.2,0.546875,0.9333333333333333,0.7401041666666667,0.39028571428571424,35
0,1,"0,1,4",SAFE-MLP,0.2,split CP (n+1 corr.),exch,0.7843039489429597,0.9333333333333333,0.06666666666666667,0.8,0.1333333333333333,15,0.2,0.53125,0.9333333333333333,0.7322916666666667,0.5074285714285715,35
0,1,"0,1,4",SAFE-MLP,0.2,DtACI,exch,0.7843039489429597,0.9333333333333333,0.06666666666666667,0.8,0.1333333333333333,15,0.28386613255598026,0.5625,0.9333333333333333,0.7479166666666667,0.31277777777777765,36
0,1,"0,1,4",SAFE-MLP,0.2,DtACI (grow cal),exch,0.7843039489429597,0.8,0.2,0.8,0.0,15,0.21281830645000208,0.578125,0.8,0.6890625,0.28378378378378366,37
0,1,"0,1,4",SAFE-MLP,0.2,ACI g=0.005,exch,0.7843039489429597,0.9333333333333333,0.06666666666666667,0.8,0.1333333333333333,15,0.21000000000000002,0.546875,0.9333333333333333,0.7401041666666667,0.39028571428571424,35
0,1,"0,1,4",SAFE-MLP,0.2,ACI g=0.005 (grow cal),exch,0.7843039489429597,0.9333333333333333,0.06666666666666667,0.8,0.1333333333333333,15,0.21000000000000002,0.5625,0.9333333333333333,0.7479166666666667,0.30999999999999994,36
0,1,"0,1,4",SAFE-MLP,0.2,ACI g=0.01,exch,0.7843039489429597,0.9333333333333333,0.06666666666666667,0.8,0.1333333333333333,15,0.22000000000000003,0.546875,0.9333333333333333,0.7401041666666667,0.39028571428571424,35
0,1,"0,1,4",SAFE-MLP,0.2,ACI g=0.01 (grow cal),exch,0.7843039489429597,0.9333333333333333,0.06666666666666667,0.8,0.1333333333333333,15,0.22000000000000003,0.5625,0.9333333333333333,0.7479166666666667,0.3094444444444444,36
0,1,"0,1,4",SAFE-MLP,0.2,ACI g=0.05,exch,0.7843039489429597,0.9333333333333333,0.06666666666666667,0.8,0.1333333333333333,15,0.30000000000000016,0.5625,0.9333333333333333,0.7479166666666667,0.3105555555555555,36
0,1,"0,1,4",SAFE-MLP,0.2,ACI g=0.05 (grow cal),exch,0.7843039489429597,0.8666666666666667,0.13333333333333333,0.8,0.06666666666666665,15,0.25000000000000006,0.578125,0.8666666666666667,0.7223958333333333,0.25783783783783776,37
0,1,"0,1,4",SAFE-MLP,0.25,split CP (SAFE),blocked,0.7843039489429597,0.6304347826086957,0.3695652173913043,0.75,-0.11956521739130432,92,0.25,0.5229357798165137,0.6304347826086957,0.5766852812126047,0.15754385964912282,57
0,1,"0,1,4",SAFE-MLP,0.25,split CP (n+1 corr.),blocked,0.7843039489429597,0.6956521739130435,0.30434782608695654,0.75,-0.05434782608695654,92,0.25,0.44954128440366975,0.6956521739130435,0.5725967291583566,0.23020408163265307,49
0,1,"0,1,4",SAFE-MLP,0.25,DtACI,blocked,0.7843039489429597,0.6847826086956521,0.31521739130434784,0.75,-0.0652173913043479,92,0.11489667980672565,0.5779816513761468,0.6847826086956521,0.6313821300358995,0.3006349206349206,63
0,1,"0,1,4",SAFE-MLP,0.25,DtACI (grow cal),blocked,0.7843039489429597,0.7173913043478262,0.2826086956521739,0.75,-0.032608695652173836,92,0.15793528598080003,0.5963302752293578,0.7173913043478262,0.656860789788592,0.3492307692307693,65
0,1,"0,1,4",SAFE-MLP,0.25,ACI g=0.005,blocked,0.7843039489429597,0.6304347826086957,0.3695652173913043,0.75,-0.11956521739130432,92,0.19874999999999926,0.4954128440366973,0.6304347826086957,0.5629238133226965,0.19518518518518516,54
0,1,"0,1,4",SAFE-MLP,0.25,ACI g=0.005 (grow cal),blocked,0.7843039489429597,0.6739130434782609,0.32608695652173914,0.75,-0.07608695652173914,92,0.21374999999999914,0.5229357798165137,0.6739130434782609,0.5984244116473874,0.24631578947368418,57
0,1,"0,1,4",SAFE-MLP,0.25,ACI g=0.01,blocked,0.7843039489429597,0.6521739130434783,0.34782608695652173,0.75,-0.09782608695652173,92,0.15749999999999992,0.5045871559633027,0.6521739130434783,0.5783805345033906,0.19236363636363632,55
0,1,"0,1,4",SAFE-MLP,0.25,ACI g=0.01 (grow cal),blocked,0.7843039489429597,0.6956521739130435,0.30434782608695654,0.75,-0.05434782608695654,92,0.19749999999999995,0.5137614678899083,0.6956521739130435,0.6047068209014759,0.2596428571428571,56
0,1,"0,1,4",SAFE-MLP,0.25,ACI g=0.05,blocked,0.7843039489429597,0.6956521739130435,0.30434782608695654,0.75,-0.05434782608695654,92,0.026000000000000002,0.5504587155963303,0.6956521739130435,0.6230554447546869,0.30833333333333335,60
0,1,"0,1,4",SAFE-MLP,0.25,ACI g=0.05 (grow cal),blocked,0.7843039489429597,0.7173913043478262,0.2826086956521739,0.75,-0.032608695652173836,92,0.0874999999999996,0.5596330275229358,0.7173913043478262,0.638512165935381,0.360655737704918,61
0,1,"0,1,4",SAFE-MLP,0.25,split CP (SAFE),shuffled,0.7843039489429597,0.6304347826086957,0.3695652173913043,0.75,-0.11956521739130432,92,0.25,0.5229357798165137,0.6304347826086957,0.5766852812126047,0.15754385964912282,57
0,1,"0,1,4",SAFE-MLP,0.25,split CP (n+1 corr.),shuffled,0.7843039489429597,0.6956521739130435,0.30434782608695654,0.75,-0.05434782608695654,92,0.25,0.44954128440366975,0.6956521739130435,0.5725967291583566,0.23020408163265307,49
0,1,"0,1,4",SAFE-MLP,0.25,DtACI,shuffled,0.7843039489429597,0.7065217391304348,0.29347826086956524,0.75,-0.04347826086956519,92,0.1772769955647354,0.44954128440366975,0.7065217391304348,0.5780315117670523,0.23591836734693875,49
0,1,"0,1,4",SAFE-MLP,0.25,DtACI (grow cal),shuffled,0.7843039489429597,0.7391304347826086,0.2608695652173913,0.75,-0.010869565217391353,92,0.17376191318412423,0.44954128440366975,0.7391304347826086,0.5943358595931392,0.25224489795918364,49
0,1,"0,1,4",SAFE-MLP,0.25,ACI g=0.005,shuffled,0.7843039489429597,0.6630434782608696,0.33695652173913043,0.75,-0.08695652173913038,92,0.20999999999999977,0.48623853211009177,0.6630434782608696,0.5746410051854807,0.19811320754716974,53
0,1,"0,1,4",SAFE-MLP,0.25,ACI g=0.005 (grow cal),shuffled,0.7843039489429597,0.7065217391304348,0.29347826086956524,0.75,-0.04347826086956519,92,0.2299999999999996,0.46788990825688076,0.7065217391304348,0.5872058236936578,0.22274509803921563,51
0,1,"0,1,4",SAFE-MLP,0.25,ACI g=0.01,shuffled,0.7843039489429597,0.6739130434782609,0.32608695652173914,0.75,-0.07608695652173914,92,0.17999999999999994,0.48623853211009177,0.6739130434782609,0.5800757877941763,0.18226415094339615,53
0,1,"0,1,4",SAFE-MLP,0.25,ACI g=0.01 (grow cal),shuffled,0.7843039489429597,0.7065217391304348,0.29347826086956524,0.75,-0.04347826086956519,92,0.20999999999999996,0.45871559633027525,0.7065217391304348,0.5826186677303551,0.24359999999999996,50
0,1,"0,1,4",SAFE-MLP,0.25,ACI g=0.05,shuffled,0.7843039489429597,0.7282608695652174,0.2717391304347826,0.75,-0.021739130434782594,92,0.15000000000000044,0.44954128440366975,0.7282608695652174,0.5889010769844436,0.2608163265306122,49
0,1,"0,1,4",SAFE-MLP,0.25,ACI g=0.05 (grow cal),shuffled,0.7843039489429597,0.7391304347826086,0.2608695652173913,0.75,-0.010869565217391353,92,0.20000000000000046,0.44954128440366975,0.7391304347826086,0.5943358595931392,0.27061224489795915,49
0,1,"0,1,4",SAFE-MLP,0.25,split CP (SAFE),exch,0.7843039489429597,0.9333333333333333,0.06666666666666667,0.75,0.18333333333333335,15,0.25,0.59375,0.9333333333333333,0.7635416666666667,0.3047368421052631,38
0,1,"0,1,4",SAFE-MLP,0.25,split CP (n+1 corr.),exch,0.7843039489429597,0.9333333333333333,0.06666666666666667,0.75,0.18333333333333335,15,0.25,0.5625,0.9333333333333333,0.7479166666666667,0.40666666666666657,36
0,1,"0,1,4",SAFE-MLP,0.25,DtACI,exch,0.7843039489429597,0.8,0.2,0.75,0.050000000000000044,15,0.3228159487721294,0.609375,0.8,0.7046875,0.2712820512820512,39
0,1,"0,1,4",SAFE-MLP,0.25,DtACI (grow cal),exch,0.7843039489429597,0.8,0.2,0.75,0.050000000000000044,15,0.3170774253803205,0.640625,0.8,0.7203125,0.2736585365853658,41
0,1,"0,1,4",SAFE-MLP,0.25,ACI g=0.005,exch,0.7843039489429597,0.9333333333333333,0.06666666666666667,0.75,0.18333333333333335,15,0.26374999999999965,0.59375,0.9333333333333333,0.7635416666666667,0.2842105263157894,38
0,1,"0,1,4",SAFE-MLP,0.25,ACI g=0.005 (grow cal),exch,0.7843039489429597,0.8,0.2,0.75,0.050000000000000044,15,0.25374999999999975,0.59375,0.8,0.696875,0.25210526315789467,38
0,1,"0,1,4",SAFE-MLP,0.25,ACI g=0.01,exch,0.7843039489429597,0.9333333333333333,0.06666666666666667,0.75,0.18333333333333335,15,0.2775,0.59375,0.9333333333333333,0.7635416666666667,0.28263157894736834,38
0,1,"0,1,4",SAFE-MLP,0.25,ACI g=0.01 (grow cal),exch,0.7843039489429597,0.8,0.2,0.75,0.050000000000000044,15,0.2575,0.59375,0.8,0.696875,0.25210526315789467,38
0,1,"0,1,4",SAFE-MLP,0.25,ACI g=0.05,exch,0.7843039489429597,0.8666666666666667,0.13333333333333333,0.75,0.1166666666666667,15,0.3375000000000002,0.59375,0.8666666666666667,0.7302083333333333,0.25210526315789467,38
0,1,"0,1,4",SAFE-MLP,0.25,ACI g=0.05 (grow cal),exch,0.7843039489429597,0.8,0.2,0.75,0.050000000000000044,15,0.28750000000000014,0.625,0.8,0.7125,0.259,40
0,1,"0,1,4",SAFE-Embed,0.1,split CP (SAFE),blocked,0.7680494615077782,0.0,1.0,0.9,-0.9,92,0.1,1.0,0.0,0.5,0.20018348623853213,109
0,1,"0,1,4",SAFE-Embed,0.1,split CP (n+1 corr.),blocked,0.7680494615077782,0.05434782608695654,0.9456521739130435,0.9,-0.8456521739130435,92,0.1,0.9541284403669725,0.05434782608695654,0.5042381332269645,0.3642307692307692,104
0,1,"0,1,4",SAFE-Embed,0.1,DtACI,blocked,0.7680494615077782,0.08695652173913049,0.9130434782608695,0.9,-0.8130434782608695,92,0.001,0.9174311926605505,0.08695652173913049,0.5021938571998406,0.4099999999999999,100
0,1,"0,1,4",SAFE-Embed,0.1,DtACI (grow cal),blocked,0.7680494615077782,0.8369565217391304,0.16304347826086957,0.9,-0.06304347826086965,92,0.08164360800315049,0.4954128440366973,0.8369565217391304,0.6661846828879139,0.5933333333333333,54
0,1,"0,1,4",SAFE-Embed,0.1,ACI g=0.005,blocked,0.7680494615077782,0.08695652173913049,0.9130434782608695,0.9,-0.8130434782608695,92,0.001,0.908256880733945,0.08695652173913049,0.4976067012365377,0.39050505050505047,99
0,1,"0,1,4",SAFE-Embed,0.1,ACI g=0.005 (grow cal),blocked,0.7680494615077782,0.8043478260869565,0.1956521739130435,0.9,-0.09565217391304348,92,0.055499999999999966,0.47706422018348627,0.8043478260869565,0.6407060231352214,0.583076923076923,52
0,1,"0,1,4",SAFE-Embed,0.1,ACI g=0.01,blocked,0.7680494615077782,0.08695652173913049,0.9130434782608695,0.9,-0.8130434782608695,92,0.001,0.908256880733945,0.08695652173913049,0.4976067012365377,0.40484848484848485,99
0,1,"0,1,4",SAFE-Embed,0.1,ACI g=0.01 (grow cal),blocked,0.7680494615077782,0.8369565217391304,0.16304347826086957,0.9,-0.06304347826086965,92,0.041000000000000016,0.46788990825688076,0.8369565217391304,0.6524232149980056,0.5909803921568627,51
0,1,"0,1,4",SAFE-Embed,0.1,ACI g=0.05,blocked,0.7680494615077782,0.08695652173913049,0.9130434782608695,0.9,-0.8130434782608695,92,0.001,0.9174311926605505,0.08695652173913049,0.5021938571998406,0.4125999999999999,100
0,1,"0,1,4",SAFE-Embed,0.1,ACI g=0.05 (grow cal),blocked,0.7680494615077782,0.8478260869565217,0.15217391304347827,0.9,-0.05217391304347829,92,0.05100000000000002,0.44036697247706424,0.8478260869565217,0.644096529716793,0.6008333333333333,48
0,1,"0,1,4",SAFE-Embed,0.1,split CP (SAFE),shuffled,0.7680494615077782,0.0,1.0,0.9,-0.9,92,0.1,1.0,0.0,0.5,0.2001834862385321,109
0,1,"0,1,4",SAFE-Embed,0.1,split CP (n+1 corr.),shuffled,0.7680494615077782,0.05434782608695654,0.9456521739130435,0.9,-0.8456521739130435,92,0.1,0.9541284403669725,0.05434782608695654,0.5042381332269645,0.3642307692307692,104
0,1,"0,1,4",SAFE-Embed,0.1,DtACI,shuffled,0.7680494615077782,0.08695652173913049,0.9130434782608695,0.9,-0.8130434782608695,92,0.0010000000000000002,0.8990825688073395,0.08695652173913049,0.493019545273235,0.3971428571428572,98
0,1,"0,1,4",SAFE-Embed,0.1,DtACI (grow cal),shuffled,0.7680494615077782,0.8152173913043479,0.18478260869565216,0.9,-0.08478260869565213,92,0.029265079776856454,0.5321100917431193,0.8152173913043479,0.6736637415237337,0.5727586206896553,58
0,1,"0,1,4",SAFE-Embed,0.1,ACI g=0.005,shuffled,0.7680494615077782,0.07608695652173914,0.9239130434782609,0.9,-0.8239130434782609,92,0.001,0.908256880733945,0.07608695652173914,0.49217191862784204,0.39434343434343433,99
0,1,"0,1,4",SAFE-Embed,0.1,ACI g=0.005 (grow cal),shuffled,0.7680494615077782,0.7717391304347826,0.22826086956521738,0.9,-0.12826086956521743,92,0.04099999999999995,0.4954128440366973,0.7717391304347826,0.6335759872357399,0.5555555555555556,54
0,1,"0,1,4",SAFE-Embed,0.1,ACI g=0.01,shuffled,0.7680494615077782,0.07608695652173914,0.9239130434782609,0.9,-0.8239130434782609,92,0.001,0.8990825688073395,0.07608695652173914,0.4875847626645393,0.39591836734693875,98
0,1,"0,1,4",SAFE-Embed,0.1,ACI g=0.01 (grow cal),shuffled,0.7680494615077782,0.8260869565217391,0.17391304347826086,0.9,-0.07391304347826089,92,0.03200000000000003,0.4954128440366973,0.8260869565217391,0.6607499002792182,0.5662962962962963,54
0,1,"0,1,4",SAFE-Embed,0.1,ACI g=0.05,shuffled,0.7680494615077782,0.08695652173913049,0.9130434782608695,0.9,-0.8130434782608695,92,0.001,0.8990825688073395,0.08695652173913049,0.493019545273235,0.4,98
0,1,"0,1,4",SAFE-Embed,0.1,ACI g=0.05 (grow cal),shuffled,0.7680494615077782,0.8586956521739131,0.14130434782608695,0.9,-0.04130434782608694,92,0.011000000000000162,0.5229357798165137,0.8586956521739131,0.6908157159952134,0.591578947368421,57
0,1,"0,1,4",SAFE-Embed,0.1,split CP (SAFE),exch,0.7680494615077782,0.8666666666666667,0.13333333333333333,0.9,-0.033333333333333326,15,0.1,0.453125,0.8666666666666667,0.6598958333333333,0.4220689655172414,29
0,1,"0,1,4",SAFE-Embed,0.1,split CP (n+1 corr.),exch,0.7680494615077782,0.8666666666666667,0.13333333333333333,0.9,-0.033333333333333326,15,0.1,0.328125,0.8666666666666667,0.5973958333333333,0.4466666666666667,21
0,1,"0,1,4",SAFE-Embed,0.1,DtACI,exch,0.7680494615077782,0.8666666666666667,0.13333333333333333,0.9,-0.033333333333333326,15,0.09671788792708998,0.40625,0.8666666666666667,0.6364583333333333,0.4284615384615385,26
0,1,"0,1,4",SAFE-Embed,0.1,DtACI (grow cal),exch,0.7680494615077782,0.8666666666666667,0.13333333333333333,0.9,-0.033333333333333326,15,0.12094129390176625,0.296875,0.8666666666666667,0.5817708333333333,0.4673684210526316,19
0,1,"0,1,4",SAFE-Embed,0.1,ACI g=0.005,exch,0.7680494615077782,0.8666666666666667,0.13333333333333333,0.9,-0.033333333333333326,15,0.0975,0.4375,0.8666666666666667,0.6520833333333333,0.4185714285714286,28
0,1,"0,1,4",SAFE-Embed,0.1,ACI g=0.005 (grow cal),exch,0.7680494615077782,0.8666666666666667,0.13333333333333333,0.9,-0.033333333333333326,15,0.0975,0.328125,0.8666666666666667,0.5973958333333333,0.46857142857142864,21
0,1,"0,1,4",SAFE-Embed,0.1,ACI g=0.01,exch,0.7680494615077782,0.8666666666666667,0.13333333333333333,0.9,-0.033333333333333326,15,0.095,0.40625,0.8666666666666667,0.6364583333333333,0.4030769230769231,26
0,1,"0,1,4",SAFE-Embed,0.1,ACI g=0.01 (grow cal),exch,0.7680494615077782,0.8666666666666667,0.13333333333333333,0.9,-0.033333333333333326,15,0.095,0.328125,0.8666666666666667,0.5973958333333333,0.47809523809523824,21
0,1,"0,1,4",SAFE-Embed,0.1,ACI g=0.05,exch,0.7680494615077782,0.8666666666666667,0.13333333333333333,0.9,-0.033333333333333326,15,0.07500000000000004,0.328125,0.8666666666666667,0.5973958333333333,0.46571428571428586,21
0,1,"0,1,4",SAFE-Embed,0.1,ACI g=0.05 (grow cal),exch,0.7680494615077782,0.8666666666666667,0.13333333333333333,0.9,-0.033333333333333326,15,0.07500000000000004,0.296875,0.8666666666666667,0.5817708333333333,0.4957894736842105,19
0,1,"0,1,4",SAFE-Embed,0.15,split CP (SAFE),blocked,0.7680494615077782,0.0,1.0,0.85,-0.85,92,0.15,1.0,0.0,0.5,0.10330275229357799,109
0,1,"0,1,4",SAFE-Embed,0.15,split CP (n+1 corr.),blocked,0.7680494615077782,0.0,1.0,0.85,-0.85,92,0.15,0.9908256880733946,0.0,0.4954128440366973,0.2075925925925926,108
0,1,"0,1,4",SAFE-Embed,0.15,DtACI,blocked,0.7680494615077782,0.08695652173913049,0.9130434782608695,0.85,-0.7630434782608695,92,0.001,0.9174311926605505,0.08695652173913049,0.5021938571998406,0.4047999999999999,100
0,1,"0,1,4",SAFE-Embed,0.15,DtACI (grow cal),blocked,0.7680494615077782,0.782608695652174,0.21739130434782608,0.85,-0.06739130434782603,92,0.11135117377614911,0.5412844036697247,0.782608695652174,0.6619465496609493,0.5857627118644066,59
0,1,"0,1,4",SAFE-Embed,0.15,ACI g=0.005,blocked,0.7680494615077782,0.08695652173913049,0.9130434782608695,0.85,-0.7630434782608695,92,0.001,0.9174311926605505,0.08695652173913049,0.5021938571998406,0.35179999999999984,100
0,1,"0,1,4",SAFE-Embed,0.15,ACI g=0.005 (grow cal),blocked,0.7680494615077782,0.7173913043478262,0.2826086956521739,0.85,-0.1326086956521738,92,0.08824999999999994,0.5688073394495413,0.7173913043478262,0.6430993218986838,0.5741935483870968,62
0,1,"0,1,4",SAFE-Embed,0.15,ACI g=0.01,blocked,0.7680494615077782,0.08695652173913049,0.9130434782608695,0.85,-0.7630434782608695,92,0.001,0.926605504587156,0.08695652173913049,0.5067810131631432,0.3897029702970296,101
0,1,"0,1,4",SAFE-Embed,0.15,ACI g=0.01 (grow cal),blocked,0.7680494615077782,0.7717391304347826,0.22826086956521738,0.85,-0.07826086956521738,92,0.07649999999999993,0.5321100917431193,0.7717391304347826,0.651924611088951,0.5782758620689655,58
0,1,"0,1,4",SAFE-Embed,0.15,ACI g=0.05,blocked,0.7680494615077782,0.08695652173913049,0.9130434782608695,0.85,-0.7630434782608695,92,0.001,0.9174311926605505,0.08695652173913049,0.5021938571998406,0.4089999999999999,100
0,1,"0,1,4",SAFE-Embed,0.15,ACI g=0.05 (grow cal),blocked,0.7680494615077782,0.8152173913043479,0.18478260869565216,0.85,-0.034782608695652084,92,0.0935000000000002,0.4954128440366973,0.8152173913043479,0.6553151176705225,0.5907407407407407,54
0,1,"0,1,4",SAFE-Embed,0.15,split CP (SAFE),shuffled,0.7680494615077782,0.0,1.0,0.85,-0.85,92,0.15,1.0,0.0,0.5,0.10330275229357799,109
0,1,"0,1,4",SAFE-Embed,0.15,split CP (n+1 corr.),shuffled,0.7680494615077782,0.0,1.0,0.85,-0.85,92,0.15,0.9908256880733946,0.0,0.4954128440366973,0.2075925925925926,108
0,1,"0,1,4",SAFE-Embed,0.15,DtACI,shuffled,0.7680494615077782,0.07608695652173914,0.9239130434782609,0.85,-0.7739130434782608,92,0.001,0.8990825688073395,0.07608695652173914,0.4875847626645393,0.3889795918367347,98
0,1,"0,1,4",SAFE-Embed,0.15,DtACI (grow cal),shuffled,0.7680494615077782,0.7391304347826086,0.2608695652173913,0.85,-0.11086956521739133,92,0.07299845836290302,0.5596330275229358,0.7391304347826086,0.6493817311527722,0.5524590163934426,61
0,1,"0,1,4",SAFE-Embed,0.15,ACI g=0.005,shuffled,0.7680494615077782,0.06521739130434778,0.9347826086956522,0.85,-0.7847826086956522,92,0.001,0.908256880733945,0.06521739130434778,0.48673713601914637,0.3608080808080808,99
0,1,"0,1,4",SAFE-Embed,0.15,ACI g=0.005 (grow cal),shuffled,0.7680494615077782,0.7065217391304348,0.29347826086956524,0.85,-0.14347826086956517,92,0.08399999999999994,0.5596330275229358,0.7065217391304348,0.6330773833266853,0.5436065573770491,61
0,1,"0,1,4",SAFE-Embed,0.15,ACI g=0.01,shuffled,0.7680494615077782,0.07608695652173914,0.9239130434782609,0.85,-0.7739130434782608,92,0.001,0.908256880733945,0.07608695652173914,0.49217191862784204,0.38424242424242433,99
0,1,"0,1,4",SAFE-Embed,0.15,ACI g=0.01 (grow cal),shuffled,0.7680494615077782,0.7608695652173914,0.2391304347826087,0.85,-0.08913043478260863,92,0.06799999999999998,0.5321100917431193,0.7608695652173914,0.6464898284802554,0.5479310344827586,58
0,1,"0,1,4",SAFE-Embed,0.15,ACI g=0.05,shuffled,0.7680494615077782,0.07608695652173914,0.9239130434782609,0.85,-0.7739130434782608,92,0.001,0.8990825688073395,0.07608695652173914,0.4875847626645393,0.3953061224489796,98
0,1,"0,1,4",SAFE-Embed,0.15,ACI g=0.05 (grow cal),shuffled,0.7680494615077782,0.8152173913043479,0.18478260869565216,0.85,-0.034782608695652084,92,0.06600000000000011,0.5412844036697247,0.8152173913043479,0.6782508974870363,0.563728813559322,59
0,1,"0,1,4",SAFE-Embed,0.15,split CP (SAFE),exch,0.7680494615077782,0.7333333333333334,0.26666666666666666,0.85,-0.11666666666666659,15,0.15,0.609375,0.7333333333333334,0.6713541666666667,0.4810256410256409,39
0,1,"0,1,4",SAFE-Embed,0.15,split CP (n+1 corr.),exch,0.7680494615077782,0.8666666666666667,0.13333333333333333,0.85,0.01666666666666672,15,0.15,0.453125,0.8666666666666667,0.6598958333333333,0.4317241379310345,29
0,1,"0,1,4",SAFE-Embed,0.15,DtACI,exch,0.7680494615077782,0.8,0.2,0.85,-0.04999999999999993,15,0.14217166136600426,0.5625,0.8,0.68125,0.47277777777777774,36
0,1,"0,1,4",SAFE-Embed,0.15,DtACI (grow cal),exch,0.7680494615077782,0.8666666666666667,0.13333333333333333,0.85,0.01666666666666672,15,0.1528792131916079,0.46875,0.8666666666666667,0.6677083333333333,0.45933333333333337,30
0,1,"0,1,4",SAFE-Embed,0.15,ACI g=0.005,exch,0.7680494615077782,0.7333333333333334,0.26666666666666666,0.85,-0.11666666666666659,15,0.14125,0.59375,0.7333333333333334,0.6635416666666667,0.4752631578947367,38
0,1,"0,1,4",SAFE-Embed,0.15,ACI g=0.005 (grow cal),exch,0.7680494615077782,0.8666666666666667,0.13333333333333333,0.85,0.01666666666666672,15,0.15125,0.484375,0.8666666666666667,0.6755208333333333,0.44193548387096776,31
0,1,"0,1,4",SAFE-Embed,0.15,ACI g=0.01,exch,0.7680494615077782,0.7333333333333334,0.26666666666666666,0.85,-0.11666666666666659,15,0.13249999999999998,0.59375,0.7333333333333334,0.6635416666666667,0.4847368421052632,38
0,1,"0,1,4",SAFE-Embed,0.15,ACI g=0.01 (grow cal),exch,0.7680494615077782,0.8666666666666667,0.13333333333333333,0.85,0.01666666666666672,15,0.1525,0.46875,0.8666666666666667,0.6677083333333333,0.43733333333333335,30
0,1,"0,1,4",SAFE-Embed,0.15,ACI g=0.05,exch,0.7680494615077782,0.8666666666666667,0.13333333333333333,0.85,0.01666666666666672,15,0.16250000000000006,0.515625,0.8666666666666667,0.6911458333333333,0.453939393939394,33
0,1,"0,1,4",SAFE-Embed,0.15,ACI g=0.05 (grow cal),exch,0.7680494615077782,0.8666666666666667,0.13333333333333333,0.85,0.01666666666666672,15,0.16250000000000006,0.40625,0.8666666666666667,0.6364583333333333,0.43615384615384617,26
0,1,"0,1,4",SAFE-Embed,0.2,split CP (SAFE),blocked,0.7680494615077782,0.0,1.0,0.8,-0.8,92,0.2,1.0,0.0,0.5,0.10201834862385321,109
0,1,"0,1,4",SAFE-Embed,0.2,split CP (n+1 corr.),blocked,0.7680494615077782,0.0,1.0,0.8,-0.8,92,0.2,1.0,0.0,0.5,0.11559633027522936,109
0,1,"0,1,4",SAFE-Embed,0.2,DtACI,blocked,0.7680494615077782,0.07608695652173914,0.9239130434782609,0.8,-0.7239130434782609,92,0.001,0.963302752293578,0.07608695652173914,0.5196948544076585,0.38209523809523815,105
0,1,"0,1,4",SAFE-Embed,0.2,DtACI (grow cal),blocked,0.7680494615077782,0.6956521739130435,0.30434782608695654,0.8,-0.10434782608695659,92,0.10750587953258921,0.6238532110091743,0.6956521739130435,0.6597526924611089,0.6755882352941177,68
0,1,"0,1,4",SAFE-Embed,0.2,ACI g=0.005,blocked,0.7680494615077782,0.05434782608695654,0.9456521739130435,0.8,-0.7456521739130435,92,0.001,0.963302752293578,0.05434782608695654,0.5088252891902673,0.31961904761904764,105
0,1,"0,1,4",SAFE-Embed,0.2,ACI g=0.005 (grow cal),blocked,0.7680494615077782,0.6304347826086957,0.3695652173913043,0.8,-0.16956521739130437,92,0.12099999999999994,0.6422018348623854,0.6304347826086957,0.6363183087355405,0.6308571428571429,70
0,1,"0,1,4",SAFE-Embed,0.2,ACI g=0.01,blocked,0.7680494615077782,0.07608695652173914,0.9239130434782609,0.8,-0.7239130434782609,92,0.001,0.963302752293578,0.07608695652173914,0.5196948544076585,0.3653333333333334,105
0,1,"0,1,4",SAFE-Embed,0.2,ACI g=0.01 (grow cal),blocked,0.7680494615077782,0.6739130434782609,0.32608695652173914,0.8,-0.12608695652173918,92,0.0819999999999999,0.5871559633027523,0.6739130434782609,0.6305345033905065,0.6375000000000001,64
0,1,"0,1,4",SAFE-Embed,0.2,ACI g=0.05,blocked,0.7680494615077782,0.07608695652173914,0.9239130434782609,0.8,-0.7239130434782609,92,0.001,0.963302752293578,0.07608695652173914,0.5196948544076585,0.39180952380952383,105
0,1,"0,1,4",SAFE-Embed,0.2,ACI g=0.05 (grow cal),blocked,0.7680494615077782,0.7717391304347826,0.22826086956521738,0.8,-0.02826086956521745,92,0.10100000000000026,0.5229357798165137,0.7717391304347826,0.6473374551256481,0.6708771929824562,57
0,1,"0,1,4",SAFE-Embed,0.2,split CP (SAFE),shuffled,0.7680494615077782,0.0,1.0,0.8,-0.8,92,0.2,1.0,0.0,0.5,0.10201834862385321,109
0,1,"0,1,4",SAFE-Embed,0.2,split CP (n+1 corr.),shuffled,0.7680494615077782,0.0,1.0,0.8,-0.8,92,0.2,1.0,0.0,0.5,0.11559633027522934,109
0,1,"0,1,4",SAFE-Embed,0.2,DtACI,shuffled,0.7680494615077782,0.06521739130434778,0.9347826086956522,0.8,-0.7347826086956523,92,0.001,0.944954128440367,0.06521739130434778,0.5050857598723574,0.3794174757281553,103
0,1,"0,1,4",SAFE-Embed,0.2,DtACI (grow cal),shuffled,0.7680494615077782,0.7065217391304348,0.29347826086956524,0.8,-0.09347826086956523,92,0.1149016744547446,0.5779816513761468,0.7065217391304348,0.6422516952532908,0.6222222222222225,63
0,1,"0,1,4",SAFE-Embed,0.2,ACI g=0.005,shuffled,0.7680494615077782,0.05434782608695654,0.9456521739130435,0.8,-0.7456521739130435,92,0.001,0.9724770642201835,0.05434782608695654,0.51341244515357,0.33339622641509437,106
0,1,"0,1,4",SAFE-Embed,0.2,ACI g=0.005 (grow cal),shuffled,0.7680494615077782,0.6521739130434783,0.34782608695652173,0.8,-0.14782608695652177,92,0.13199999999999995,0.5871559633027523,0.6521739130434783,0.6196649381731153,0.6084375,64
0,1,"0,1,4",SAFE-Embed,0.2,ACI g=0.01,shuffled,0.7680494615077782,0.06521739130434778,0.9347826086956522,0.8,-0.7347826086956523,92,0.001,0.9541284403669725,0.06521739130434778,0.5096729158356601,0.36615384615384616,104
0,1,"0,1,4",SAFE-Embed,0.2,ACI g=0.01 (grow cal),shuffled,0.7680494615077782,0.7065217391304348,0.29347826086956524,0.8,-0.09347826086956523,92,0.11399999999999993,0.5688073394495413,0.7065217391304348,0.637664539289988,0.6132258064516132,62
0,1,"0,1,4",SAFE-Embed,0.2,ACI g=0.05,shuffled,0.7680494615077782,0.06521739130434778,0.9347826086956522,0.8,-0.7347826086956523,92,0.001,0.944954128440367,0.06521739130434778,0.5050857598723574,0.3862135922330096,103
0,1,"0,1,4",SAFE-Embed,0.2,ACI g=0.05 (grow cal),shuffled,0.7680494615077782,0.75,0.25,0.8,-0.050000000000000044,92,0.07100000000000033,0.5596330275229358,0.75,0.6548165137614679,0.6331147540983607,61
0,1,"0,1,4",SAFE-Embed,0.2,split CP (SAFE),exch,0.7680494615077782,0.7333333333333334,0.26666666666666666,0.8,-0.06666666666666665,15,0.2,0.625,0.7333333333333334,0.6791666666666667,0.475,40
0,1,"0,1,4",SAFE-Embed,0.2,split CP (n+1 corr.),exch,0.7680494615077782,0.7333333333333334,0.26666666666666666,0.8,-0.06666666666666665,15,0.2,0.625,0.7333333333333334,0.6791666666666667,0.4830000000000001,40
0,1,"0,1,4",SAFE-Embed,0.2,DtACI,exch,0.7680494615077782,0.7333333333333334,0.26666666666666666,0.8,-0.06666666666666665,15,0.18933087137218235,0.625,0.7333333333333334,0.6791666666666667,0.479,40
0,1,"0,1,4",SAFE-Embed,0.2,DtACI (grow cal),exch,0.7680494615077782,0.8,0.2,0.8,0.0,15,0.1939744296294466,0.609375,0.8,0.7046875,0.482051282051282,39
0,1,"0,1,4",SAFE-Embed,0.2,ACI g=0.005,exch,0.7680494615077782,0.7333333333333334,0.26666666666666666,0.8,-0.06666666666666665,15,0.195,0.625,0.7333333333333334,0.6791666666666667,0.4755000000000001,40
0,1,"0,1,4",SAFE-Embed,0.2,ACI g=0.005 (grow cal),exch,0.7680494615077782,0.7333333333333334,0.26666666666666666,0.8,-0.06666666666666665,15,0.195,0.625,0.7333333333333334,0.6791666666666667,0.487,40
0,1,"0,1,4",SAFE-Embed,0.2,ACI g=0.01,exch,0.7680494615077782,0.7333333333333334,0.26666666666666666,0.8,-0.06666666666666665,15,0.19,0.625,0.7333333333333334,0.6791666666666667,0.476,40
0,1,"0,1,4",SAFE-Embed,0.2,ACI g=0.01 (grow cal),exch,0.7680494615077782,0.7333333333333334,0.26666666666666666,0.8,-0.06666666666666665,15,0.19,0.609375,0.7333333333333334,0.6713541666666667,0.48205128205128206,39
0,1,"0,1,4",SAFE-Embed,0.2,ACI g=0.05,exch,0.7680494615077782,0.7333333333333334,0.26666666666666666,0.8,-0.06666666666666665,15,0.15000000000000008,0.609375,0.7333333333333334,0.6713541666666667,0.48307692307692296,39
0,1,"0,1,4",SAFE-Embed,0.2,ACI g=0.05 (grow cal),exch,0.7680494615077782,0.8,0.2,0.8,0.0,15,0.2000000000000001,0.609375,0.8,0.7046875,0.4933333333333333,39
0,1,"0,1,4",SAFE-Embed,0.25,split CP (SAFE),blocked,0.7680494615077782,0.0,1.0,0.75,-0.75,92,0.25,1.0,0.0,0.5,0.09944954128440367,109
0,1,"0,1,4",SAFE-Embed,0.25,split CP (n+1 corr.),blocked,0.7680494615077782,0.0,1.0,0.75,-0.75,92,0.25,1.0,0.0,0.5,0.10311926605504587,109
0,1,"0,1,4",SAFE-Embed,0.25,DtACI,blocked,0.7680494615077782,0.05434782608695654,0.9456521739130435,0.75,-0.6956521739130435,92,0.001,0.9908256880733946,0.05434782608695654,0.5225867570801755,0.43370370370370365,108
0,1,"0,1,4",SAFE-Embed,0.25,DtACI (grow cal),blocked,0.7680494615077782,0.6739130434782609,0.32608695652173914,0.75,-0.07608695652173914,92,0.1660830672677668,0.7614678899082569,0.6739130434782609,0.7176904666932589,0.8209638554216869,83
0,1,"0,1,4",SAFE-Embed,0.25,ACI g=0.005,blocked,0.7680494615077782,0.010869565217391353,0.9891304347826086,0.75,-0.7391304347826086,92,0.001,0.9908256880733946,0.010869565217391353,0.500847626645393,0.3040740740740741,108
0,1,"0,1,4",SAFE-Embed,0.25,ACI g=0.005 (grow cal),blocked,0.7680494615077782,0.6304347826086957,0.3695652173913043,0.75,-0.11956521739130432,92,0.19374999999999995,0.7522935779816514,0.6304347826086957,0.6913641802951735,0.7885365853658538,82
0,1,"0,1,4",SAFE-Embed,0.25,ACI g=0.01,blocked,0.7680494615077782,0.04347826086956519,0.9565217391304348,0.75,-0.7065217391304348,92,0.001,0.9908256880733946,0.04347826086956519,0.5171519744714799,0.38925925925925925,108
0,1,"0,1,4",SAFE-Embed,0.25,ACI g=0.01 (grow cal),blocked,0.7680494615077782,0.6521739130434783,0.34782608695652173,0.75,-0.09782608695652173,92,0.15749999999999992,0.7064220183486238,0.6521739130434783,0.679297965696051,0.7984415584415585,77
0,1,"0,1,4",SAFE-Embed,0.25,ACI g=0.05,blocked,0.7680494615077782,0.05434782608695654,0.9456521739130435,0.75,-0.6956521739130435,92,0.001,0.9908256880733946,0.05434782608695654,0.5225867570801755,0.4375925925925926,108
0,1,"0,1,4",SAFE-Embed,0.25,ACI g=0.05 (grow cal),blocked,0.7680494615077782,0.7173913043478262,0.2826086956521739,0.75,-0.032608695652173836,92,0.10100000000000006,0.6238532110091743,0.7173913043478262,0.6706222576785003,0.8185294117647058,68
0,1,"0,1,4",SAFE-Embed,0.25,split CP (SAFE),shuffled,0.7680494615077782,0.0,1.0,0.75,-0.75,92,0.25,1.0,0.0,0.5,0.09944954128440367,109
0,1,"0,1,4",SAFE-Embed,0.25,split CP (n+1 corr.),shuffled,0.7680494615077782,0.0,1.0,0.75,-0.75,92,0.25,1.0,0.0,0.5,0.10311926605504587,109
0,1,"0,1,4",SAFE-Embed,0.25,DtACI,shuffled,0.7680494615077782,0.04347826086956519,0.9565217391304348,0.75,-0.7065217391304348,92,0.001,0.9724770642201835,0.04347826086956519,0.5079776625448744,0.42132075471698105,106
0,1,"0,1,4",SAFE-Embed,0.25,DtACI (grow cal),shuffled,0.7680494615077782,0.6521739130434783,0.34782608695652173,0.75,-0.09782608695652173,92,0.1957990009340803,0.6880733944954128,0.6521739130434783,0.6701236537694455,0.7845333333333333,75
0,1,"0,1,4",SAFE-Embed,0.25,ACI g=0.005,shuffled,0.7680494615077782,0.03260869565217395,0.967391304347826,0.75,-0.717391304347826,92,0.001,0.9908256880733946,0.03260869565217395,0.5117171918627843,0.29111111111111115,108
0,1,"0,1,4",SAFE-Embed,0.25,ACI g=0.005 (grow cal),shuffled,0.7680494615077782,0.6086956521739131,0.391304347826087,0.75,-0.14130434782608692,92,0.18499999999999994,0.7155963302752294,0.6086956521739131,0.6621459912245713,0.758974358974359,78
0,1,"0,1,4",SAFE-Embed,0.25,ACI g=0.01,shuffled,0.7680494615077782,0.04347826086956519,0.9565217391304348,0.75,-0.7065217391304348,92,0.001,0.9724770642201835,0.04347826086956519,0.5079776625448744,0.38905660377358486,106
0,1,"0,1,4",SAFE-Embed,0.25,ACI g=0.01 (grow cal),shuffled,0.7680494615077782,0.6521739130434783,0.34782608695652173,0.75,-0.09782608695652173,92,0.15999999999999992,0.6330275229357798,0.6521739130434783,0.642600717989629,0.7591304347826088,69
0,1,"0,1,4",SAFE-Embed,0.25,ACI g=0.05,shuffled,0.7680494615077782,0.04347826086956519,0.9565217391304348,0.75,-0.7065217391304348,92,0.001,0.9724770642201835,0.04347826086956519,0.5079776625448744,0.42698113207547167,106
0,1,"0,1,4",SAFE-Embed,0.25,ACI g=0.05 (grow cal),shuffled,0.7680494615077782,0.7391304347826086,0.2608695652173913,0.75,-0.010869565217391353,92,0.22600000000000015,0.6146788990825688,0.7391304347826086,0.6769046669325887,0.7934328358208956,67
0,1,"0,1,4",SAFE-Embed,0.25,split CP (SAFE),exch,0.7680494615077782,0.7333333333333334,0.26666666666666666,0.75,-0.016666666666666607,15,0.25,0.71875,0.7333333333333334,0.7260416666666667,0.5295652173913044,46
0,1,"0,1,4",SAFE-Embed,0.25,split CP (n+1 corr.),exch,0.7680494615077782,0.7333333333333334,0.26666666666666666,0.75,-0.016666666666666607,15,0.25,0.71875,0.7333333333333334,0.7260416666666667,0.5343478260869565,46
0,1,"0,1,4",SAFE-Embed,0.25,DtACI,exch,0.7680494615077782,0.7333333333333334,0.26666666666666666,0.75,-0.016666666666666607,15,0.2430651226244306,0.71875,0.7333333333333334,0.7260416666666667,0.5343478260869565,46
0,1,"0,1,4",SAFE-Embed,0.25,DtACI (grow cal),exch,0.7680494615077782,0.7333333333333334,0.26666666666666666,0.75,-0.016666666666666607,15,0.2618262435759035,0.71875,0.7333333333333334,0.7260416666666667,0.5391304347826088,46
0,1,"0,1,4",SAFE-Embed,0.25,ACI g=0.005,exch,0.7680494615077782,0.7333333333333334,0.26666666666666666,0.75,-0.016666666666666607,15,0.24875,0.71875,0.7333333333333334,0.7260416666666667,0.5313043478260869,46
0,1,"0,1,4",SAFE-Embed,0.25,ACI g=0.005 (grow cal),exch,0.7680494615077782,0.7333333333333334,0.26666666666666666,0.75,-0.016666666666666607,15,0.24875,0.71875,0.7333333333333334,0.7260416666666667,0.5382608695652175,46
0,1,"0,1,4",SAFE-Embed,0.25,ACI g=0.01,exch,0.7680494615077782,0.7333333333333334,0.26666666666666666,0.75,-0.016666666666666607,15,0.2475,0.71875,0.7333333333333334,0.7260416666666667,0.532608695652174,46
0,1,"0,1,4",SAFE-Embed,0.25,ACI g=0.01 (grow cal),exch,0.7680494615077782,0.7333333333333334,0.26666666666666666,0.75,-0.016666666666666607,15,0.2475,0.71875,0.7333333333333334,0.7260416666666667,0.538695652173913,46
0,1,"0,1,4",SAFE-Embed,0.25,ACI g=0.05,exch,0.7680494615077782,0.7333333333333334,0.26666666666666666,0.75,-0.016666666666666607,15,0.2375000000000001,0.71875,0.7333333333333334,0.7260416666666667,0.5347826086956522,46
0,1,"0,1,4",SAFE-Embed,0.25,ACI g=0.05 (grow cal),exch,0.7680494615077782,0.7333333333333334,0.26666666666666666,0.75,-0.016666666666666607,15,0.2375000000000001,0.6875,0.7333333333333334,0.7104166666666667,0.53,44
0,1,"0,1,4",H&S inter+intra,0.1,split CP (SAFE),blocked,0.6685281212604707,0.46739130434782605,0.532608695652174,0.9,-0.43260869565217397,92,0.1,0.7339449541284404,0.46739130434782605,0.6006681292381333,0.41500000000000004,80
0,1,"0,1,4",H&S inter+intra,0.1,split CP (n+1 corr.),blocked,0.6685281212604707,0.5217391304347826,0.4782608695652174,0.9,-0.37826086956521743,92,0.1,0.6330275229357798,0.5217391304347826,0.5773833266852813,0.38753623188405795,69
0,1,"0,1,4",H&S inter+intra,0.1,DtACI,blocked,0.6685281212604707,0.6521739130434783,0.34782608695652173,0.9,-0.24782608695652175,92,0.010745294981981245,0.3669724770642202,0.6521739130434783,0.5095731950538492,0.274,40
0,1,"0,1,4",H&S inter+intra,0.1,DtACI (grow cal),blocked,0.6685281212604707,0.8369565217391304,0.16304347826086957,0.9,-0.06304347826086965,92,0.0749575,0.1651376146788991,0.8369565217391304,0.5010470682090147,0.16000000000000003,18
0,1,"0,1,4",H&S inter+intra,0.1,ACI g=0.005,blocked,0.6685281212604707,0.6630434782608696,0.33695652173913043,0.9,-0.2369565217391304,92,0.0015,0.3669724770642202,0.6630434782608696,0.5150079776625449,0.273,40
0,1,"0,1,4",H&S inter+intra,0.1,ACI g=0.005 (grow cal),blocked,0.6685281212604707,0.8478260869565217,0.15217391304347827,0.9,-0.05217391304347829,92,0.07549999999999998,0.1743119266055046,0.8478260869565217,0.5110690067810132,0.1610526315789474,19
0,1,"0,1,4",H&S inter+intra,0.1,ACI g=0.01,blocked,0.6685281212604707,0.7173913043478262,0.2826086956521739,0.9,-0.18260869565217386,92,0.002,0.29357798165137616,0.7173913043478262,0.5054846429996012,0.22625,32
0,1,"0,1,4",H&S inter+intra,0.1,ACI g=0.01 (grow cal),blocked,0.6685281212604707,0.8478260869565217,0.15217391304347827,0.9,-0.05217391304347829,92,0.05100000000000002,0.11926605504587157,0.8478260869565217,0.4835460710011966,0.14,13
0,1,"0,1,4",H&S inter+intra,0.1,ACI g=0.05,blocked,0.6685281212604707,0.75,0.25,0.9,-0.15000000000000002,92,0.006000000000000001,0.27522935779816515,0.75,0.5126146788990826,0.1693333333333333,30
0,1,"0,1,4",H&S inter+intra,0.1,ACI g=0.05 (grow cal),blocked,0.6685281212604707,0.8913043478260869,0.10869565217391304,0.9,-0.008695652173913104,92,0.05600000000000005,0.13761467889908258,0.8913043478260869,0.5144595133625848,0.15066666666666667,15
0,1,"0,1,4",H&S inter+intra,0.1,split CP (SAFE),shuffled,0.6685281212604707,0.46739130434782605,0.532608695652174,0.9,-0.43260869565217397,92,0.1,0.7339449541284404,0.46739130434782605,0.6006681292381333,0.41500000000000004,80
0,1,"0,1,4",H&S inter+intra,0.1,split CP (n+1 corr.),shuffled,0.6685281212604707,0.5217391304347826,0.4782608695652174,0.9,-0.37826086956521743,92,0.1,0.6330275229357798,0.5217391304347826,0.5773833266852813,0.38753623188405795,69
0,1,"0,1,4",H&S inter+intra,0.1,DtACI,shuffled,0.6685281212604707,0.6413043478260869,0.358695652173913,0.9,-0.2586956521739131,92,0.001,0.42201834862385323,0.6413043478260869,0.5316613482249701,0.29608695652173916,46
0,1,"0,1,4",H&S inter+intra,0.1,DtACI (grow cal),shuffled,0.6685281212604707,0.8586956521739131,0.14130434782608695,0.9,-0.04130434782608694,92,0.0836436395997265,0.1926605504587156,0.8586956521739131,0.5256781013163143,0.2809523809523809,21
0,1,"0,1,4",H&S inter+intra,0.1,ACI g=0.005,shuffled,0.6685281212604707,0.6413043478260869,0.358695652173913,0.9,-0.2586956521739131,92,0.001,0.3394495412844037,0.6413043478260869,0.4903769445552453,0.254054054054054,37
0,1,"0,1,4",H&S inter+intra,0.1,ACI g=0.005 (grow cal),shuffled,0.6685281212604707,0.8695652173913043,0.13043478260869565,0.9,-0.0304347826086957,92,0.086,0.1743119266055046,0.8695652173913043,0.5219385719984044,0.28947368421052627,19
0,1,"0,1,4",H&S inter+intra,0.1,ACI g=0.01,shuffled,0.6685281212604707,0.7065217391304348,0.29347826086956524,0.9,-0.1934782608695652,92,0.001,0.29357798165137616,0.7065217391304348,0.5000498603909055,0.245,32
0,1,"0,1,4",H&S inter+intra,0.1,ACI g=0.01 (grow cal),shuffled,0.6685281212604707,0.8804347826086957,0.11956521739130435,0.9,-0.019565217391304346,92,0.08199999999999999,0.1559633027522936,0.8804347826086957,0.5181990426804947,0.30941176470588233,17
0,1,"0,1,4",H&S inter+intra,0.1,ACI g=0.05,shuffled,0.6685281212604707,0.7282608695652174,0.2717391304347826,0.9,-0.17173913043478262,92,0.001,0.3302752293577982,0.7282608695652174,0.5292680494615079,0.2777777777777778,36
0,1,"0,1,4",H&S inter+intra,0.1,ACI g=0.05 (grow cal),shuffled,0.6685281212604707,0.8804347826086957,0.11956521739130435,0.9,-0.019565217391304346,92,0.046000000000000214,0.14678899082568808,0.8804347826086957,0.5136118867171919,0.31749999999999995,16
0,1,"0,1,4",H&S inter+intra,0.1,split CP (SAFE),exch,0.6685281212604707,1.0,0.0,0.9,0.09999999999999998,15,0.1,0.65625,1.0,0.828125,0.5514285714285714,42
0,1,"0,1,4",H&S inter+intra,0.1,split CP (n+1 corr.),exch,0.6685281212604707,1.0,0.0,0.9,0.09999999999999998,15,0.1,0.5625,1.0,0.78125,0.5372222222222222,36
0,1,"0,1,4",H&S inter+intra,0.1,DtACI,exch,0.6685281212604707,0.9333333333333333,0.06666666666666667,0.9,0.033333333333333326,15,0.1494124621897873,0.65625,0.9333333333333333,0.7947916666666667,0.5476190476190477,42
0,1,"0,1,4",H&S inter+intra,0.1,DtACI (grow cal),exch,0.6685281212604707,0.9333333333333333,0.06666666666666667,0.9,0.033333333333333326,15,0.1494122404894854,0.6875,0.9333333333333333,0.8104166666666667,0.5295454545454545,44
0,1,"0,1,4",H&S inter+intra,0.1,ACI g=0.005,exch,0.6685281212604707,0.9333333333333333,0.06666666666666667,0.9,0.033333333333333326,15,0.10250000000000001,0.65625,0.9333333333333333,0.7947916666666667,0.5514285714285714,42
0,1,"0,1,4",H&S inter+intra,0.1,ACI g=0.005 (grow cal),exch,0.6685281212604707,0.9333333333333333,0.06666666666666667,0.9,0.033333333333333326,15,0.10250000000000001,0.671875,0.9333333333333333,0.8026041666666667,0.5590697674418603,43
0,1,"0,1,4",H&S inter+intra,0.1,ACI g=0.01,exch,0.6685281212604707,0.9333333333333333,0.06666666666666667,0.9,0.033333333333333326,15,0.10500000000000001,0.65625,0.9333333333333333,0.7947916666666667,0.5514285714285714,42
0,1,"0,1,4",H&S inter+intra,0.1,ACI g=0.01 (grow cal),exch,0.6685281212604707,0.9333333333333333,0.06666666666666667,0.9,0.033333333333333326,15,0.10500000000000001,0.671875,0.9333333333333333,0.8026041666666667,0.5590697674418603,43
0,1,"0,1,4",H&S inter+intra,0.1,ACI g=0.05,exch,0.6685281212604707,0.9333333333333333,0.06666666666666667,0.9,0.033333333333333326,15,0.12500000000000006,0.640625,0.9333333333333333,0.7869791666666667,0.5409756097560976,41
0,1,"0,1,4",H&S inter+intra,0.1,ACI g=0.05 (grow cal),exch,0.6685281212604707,0.9333333333333333,0.06666666666666667,0.9,0.033333333333333326,15,0.12500000000000006,0.671875,0.9333333333333333,0.8026041666666667,0.5539534883720929,43
0,1,"0,1,4",H&S inter+intra,0.15,split CP (SAFE),blocked,0.6685281212604707,0.3913043478260869,0.6086956521739131,0.85,-0.45869565217391306,92,0.15,0.7981651376146789,0.3913043478260869,0.5947347427203828,0.4085057471264368,87
0,1,"0,1,4",H&S inter+intra,0.15,split CP (n+1 corr.),blocked,0.6685281212604707,0.46739130434782605,0.532608695652174,0.85,-0.3826086956521739,92,0.15,0.7155963302752294,0.46739130434782605,0.5914938173115277,0.4066666666666666,78
0,1,"0,1,4",H&S inter+intra,0.15,DtACI,blocked,0.6685281212604707,0.5652173913043479,0.43478260869565216,0.85,-0.2847826086956521,92,0.008920714782617365,0.5229357798165137,0.5652173913043479,0.5440765855604308,0.3821052631578948,57
0,1,"0,1,4",H&S inter+intra,0.15,DtACI (grow cal),blocked,0.6685281212604707,0.7608695652173914,0.2391304347826087,0.85,-0.08913043478260863,92,0.11799979357728543,0.24770642201834864,0.7608695652173914,0.50428799361787,0.18888888888888888,27
0,1,"0,1,4",H&S inter+intra,0.15,ACI g=0.005,blocked,0.6685281212604707,0.5108695652173914,0.4891304347826087,0.85,-0.3391304347826086,92,0.001999999999999999,0.4954128440366973,0.5108695652173914,0.5031412046270443,0.3607407407407407,54
0,1,"0,1,4",H&S inter+intra,0.15,ACI g=0.005 (grow cal),blocked,0.6685281212604707,0.7717391304347826,0.22826086956521738,0.85,-0.07826086956521738,92,0.11824999999999997,0.26605504587155965,0.7717391304347826,0.5188970881531711,0.19103448275862067,29
0,1,"0,1,4",H&S inter+intra,0.15,ACI g=0.01,blocked,0.6685281212604707,0.6521739130434783,0.34782608695652173,0.85,-0.1978260869565217,92,0.002999999999999998,0.3486238532110092,0.6521739130434783,0.5003988831272437,0.27526315789473693,38
0,1,"0,1,4",H&S inter+intra,0.15,ACI g=0.01 (grow cal),blocked,0.6685281212604707,0.7934782608695652,0.20652173913043478,0.85,-0.05652173913043479,92,0.10649999999999996,0.23853211009174313,0.7934782608695652,0.5160051854806542,0.16999999999999998,26
0,1,"0,1,4",H&S inter+intra,0.15,ACI g=0.05,blocked,0.6685281212604707,0.7173913043478262,0.2826086956521739,0.85,-0.1326086956521738,92,0.010999999999999996,0.3944954128440367,0.7173913043478262,0.5559433585959315,0.2725581395348837,43
0,1,"0,1,4",H&S inter+intra,0.15,ACI g=0.05 (grow cal),blocked,0.6685281212604707,0.8260869565217391,0.17391304347826086,0.85,-0.023913043478260843,92,0.08250000000000021,0.1834862385321101,0.8260869565217391,0.5047865975269246,0.164,20
0,1,"0,1,4",H&S inter+intra,0.15,split CP (SAFE),shuffled,0.6685281212604707,0.3913043478260869,0.6086956521739131,0.85,-0.45869565217391306,92,0.15,0.7981651376146789,0.3913043478260869,0.5947347427203828,0.40850574712643684,87
0,1,"0,1,4",H&S inter+intra,0.15,split CP (n+1 corr.),shuffled,0.6685281212604707,0.46739130434782605,0.532608695652174,0.85,-0.3826086956521739,92,0.15,0.7155963302752294,0.46739130434782605,0.5914938173115277,0.4066666666666666,78
0,1,"0,1,4",H&S inter+intra,0.15,DtACI,shuffled,0.6685281212604707,0.5543478260869565,0.44565217391304346,0.85,-0.29565217391304344,92,0.0010284766946418924,0.5596330275229358,0.5543478260869565,0.5569904268049461,0.33934426229508197,61
0,1,"0,1,4",H&S inter+intra,0.15,DtACI (grow cal),shuffled,0.6685281212604707,0.7608695652173914,0.2391304347826087,0.85,-0.08913043478260863,92,0.02894011341592961,0.26605504587155965,0.7608695652173914,0.5134623055444755,0.22344827586206892,29
0,1,"0,1,4",H&S inter+intra,0.15,ACI g=0.005,shuffled,0.6685281212604707,0.5326086956521738,0.4673913043478261,0.85,-0.31739130434782614,92,0.003999999999999896,0.5412844036697247,0.5326086956521738,0.5369465496609493,0.3379661016949152,59
0,1,"0,1,4",H&S inter+intra,0.15,ACI g=0.005 (grow cal),shuffled,0.6685281212604707,0.7717391304347826,0.22826086956521738,0.85,-0.07826086956521738,92,0.11399999999999996,0.26605504587155965,0.7717391304347826,0.5188970881531711,0.22482758620689652,29
0,1,"0,1,4",H&S inter+intra,0.15,ACI g=0.01,shuffled,0.6685281212604707,0.6413043478260869,0.358695652173913,0.85,-0.20869565217391306,92,0.001,0.3486238532110092,0.6413043478260869,0.49496410051854806,0.2431578947368421,38
0,1,"0,1,4",H&S inter+intra,0.15,ACI g=0.01 (grow cal),shuffled,0.6685281212604707,0.7934782608695652,0.20652173913043478,0.85,-0.05652173913043479,92,0.09799999999999995,0.24770642201834864,0.7934782608695652,0.5205923414439569,0.22814814814814813,27
0,1,"0,1,4",H&S inter+intra,0.15,ACI g=0.05,shuffled,0.6685281212604707,0.7065217391304348,0.29347826086956524,0.85,-0.14347826086956517,92,0.001,0.3669724770642202,0.7065217391304348,0.5367471080973275,0.26400000000000007,40
0,1,"0,1,4",H&S inter+intra,0.15,ACI g=0.05 (grow cal),shuffled,0.6685281212604707,0.8260869565217391,0.17391304347826086,0.85,-0.023913043478260843,92,0.04350000000000027,0.1926605504587156,0.8260869565217391,0.5093737534902274,0.25809523809523804,21
0,1,"0,1,4",H&S inter+intra,0.15,split CP (SAFE),exch,0.6685281212604707,0.9333333333333333,0.06666666666666667,0.85,0.08333333333333337,15,0.15,0.75,0.9333333333333333,0.8416666666666667,0.5266666666666667,48
0,1,"0,1,4",H&S inter+intra,0.15,split CP (n+1 corr.),exch,0.6685281212604707,1.0,0.0,0.85,0.15000000000000002,15,0.15,0.625,1.0,0.8125,0.5395,40
0,1,"0,1,4",H&S inter+intra,0.15,DtACI,exch,0.6685281212604707,0.9333333333333333,0.06666666666666667,0.85,0.08333333333333337,15,0.2735312482817565,0.796875,0.9333333333333333,0.8651041666666667,0.5129411764705882,51
0,1,"0,1,4",H&S inter+intra,0.15,DtACI (grow cal),exch,0.6685281212604707,0.9333333333333333,0.06666666666666667,0.85,0.08333333333333337,15,0.2735311121237632,0.8125,0.9333333333333333,0.8729166666666667,0.5084615384615384,52
0,1,"0,1,4",H&S inter+intra,0.15,ACI g=0.005,exch,0.6685281212604707,0.9333333333333333,0.06666666666666667,0.85,0.08333333333333337,15,0.15625,0.75,0.9333333333333333,0.8416666666666667,0.5266666666666667,48
0,1,"0,1,4",H&S inter+intra,0.15,ACI g=0.005 (grow cal),exch,0.6685281212604707,0.9333333333333333,0.06666666666666667,0.85,0.08333333333333337,15,0.15625,0.75,0.9333333333333333,0.8416666666666667,0.5125000000000001,48
0,1,"0,1,4",H&S inter+intra,0.15,ACI g=0.01,exch,0.6685281212604707,0.9333333333333333,0.06666666666666667,0.85,0.08333333333333337,15,0.1625,0.75,0.9333333333333333,0.8416666666666667,0.5266666666666667,48
0,1,"0,1,4",H&S inter+intra,0.15,ACI g=0.01 (grow cal),exch,0.6685281212604707,0.9333333333333333,0.06666666666666667,0.85,0.08333333333333337,15,0.1625,0.75,0.9333333333333333,0.8416666666666667,0.5125000000000001,48
0,1,"0,1,4",H&S inter+intra,0.15,ACI g=0.05,exch,0.6685281212604707,0.9333333333333333,0.06666666666666667,0.85,0.08333333333333337,15,0.21250000000000008,0.75,0.9333333333333333,0.8416666666666667,0.5158333333333333,48
0,1,"0,1,4",H&S inter+intra,0.15,ACI g=0.05 (grow cal),exch,0.6685281212604707,0.9333333333333333,0.06666666666666667,0.85,0.08333333333333337,15,0.21250000000000008,0.8125,0.9333333333333333,0.8729166666666667,0.5192307692307692,52
0,1,"0,1,4",H&S inter+intra,0.2,split CP (SAFE),blocked,0.6685281212604707,0.3369565217391305,0.6630434782608695,0.8,-0.46304347826086956,92,0.2,0.8807339449541285,0.3369565217391305,0.6088452333466294,0.4533333333333333,96
0,1,"0,1,4",H&S inter+intra,0.2,split CP (n+1 corr.),blocked,0.6685281212604707,0.3804347826086957,0.6195652173913043,0.8,-0.41956521739130437,92,0.2,0.8440366972477065,0.3804347826086957,0.612235739928201,0.47065217391304337,92
0,1,"0,1,4",H&S inter+intra,0.2,DtACI,blocked,0.6685281212604707,0.5217391304347826,0.4782608695652174,0.8,-0.27826086956521745,92,0.02085999999999766,0.6788990825688074,0.5217391304347826,0.600319106501795,0.4921621621621622,74
0,1,"0,1,4",H&S inter+intra,0.2,DtACI (grow cal),blocked,0.6685281212604707,0.7282608695652174,0.2717391304347826,0.8,-0.07173913043478264,92,0.2200250000000001,0.5045871559633027,0.7282608695652174,0.6164240127642601,0.5359999999999999,55
0,1,"0,1,4",H&S inter+intra,0.2,ACI g=0.005,blocked,0.6685281212604707,0.40217391304347827,0.5978260869565217,0.8,-0.3978260869565218,92,0.020999999999999866,0.7981651376146789,0.40217391304347827,0.6001695253290786,0.5020689655172413,87
0,1,"0,1,4",H&S inter+intra,0.2,ACI g=0.005 (grow cal),blocked,0.6685281212604707,0.7173913043478262,0.2826086956521739,0.8,-0.08260869565217388,92,0.16599999999999998,0.5321100917431193,0.7173913043478262,0.6247506980454727,0.5413793103448276,58
0,1,"0,1,4",H&S inter+intra,0.2,ACI g=0.01,blocked,0.6685281212604707,0.5108695652173914,0.4891304347826087,0.8,-0.2891304347826087,92,0.003,0.6880733944954128,0.5108695652173914,0.599471479856402,0.5290666666666667,75
0,1,"0,1,4",H&S inter+intra,0.2,ACI g=0.01 (grow cal),blocked,0.6685281212604707,0.7282608695652174,0.2717391304347826,0.8,-0.07173913043478264,92,0.14199999999999996,0.48623853211009177,0.7282608695652174,0.6072497008376546,0.549433962264151,53
0,1,"0,1,4",H&S inter+intra,0.2,ACI g=0.05,blocked,0.6685281212604707,0.6195652173913043,0.3804347826086957,0.8,-0.18043478260869572,92,0.011000000000000003,0.5963302752293578,0.6195652173913043,0.6079477463103311,0.5215384615384615,65
0,1,"0,1,4",H&S inter+intra,0.2,ACI g=0.05 (grow cal),blocked,0.6685281212604707,0.782608695652174,0.21739130434782608,0.8,-0.017391304347826098,92,0.16000000000000048,0.43119266055045874,0.782608695652174,0.6069006781013163,0.5268085106382979,47
0,1,"0,1,4",H&S inter+intra,0.2,split CP (SAFE),shuffled,0.6685281212604707,0.3369565217391305,0.6630434782608695,0.8,-0.46304347826086956,92,0.2,0.8807339449541285,0.3369565217391305,0.6088452333466294,0.4533333333333333,96
0,1,"0,1,4",H&S inter+intra,0.2,split CP (n+1 corr.),shuffled,0.6685281212604707,0.3804347826086957,0.6195652173913043,0.8,-0.41956521739130437,92,0.2,0.8440366972477065,0.3804347826086957,0.612235739928201,0.47065217391304337,92
0,1,"0,1,4",H&S inter+intra,0.2,DtACI,shuffled,0.6685281212604707,0.5217391304347826,0.4782608695652174,0.8,-0.27826086956521745,92,0.0011550000492289703,0.7155963302752294,0.5217391304347826,0.618667730355006,0.4948717948717949,78
0,1,"0,1,4",H&S inter+intra,0.2,DtACI (grow cal),shuffled,0.6685281212604707,0.6739130434782609,0.32608695652173914,0.8,-0.12608695652173918,92,0.14949196938675938,0.4954128440366973,0.6739130434782609,0.5846629437574791,0.5418518518518519,54
0,1,"0,1,4",H&S inter+intra,0.2,ACI g=0.005,shuffled,0.6685281212604707,0.4347826086956522,0.5652173913043478,0.8,-0.3652173913043478,92,0.03199999999999986,0.8073394495412844,0.4347826086956522,0.6210610291184684,0.4850000000000001,88
0,1,"0,1,4",H&S inter+intra,0.2,ACI g=0.005 (grow cal),shuffled,0.6685281212604707,0.6956521739130435,0.30434782608695654,0.8,-0.10434782608695659,92,0.15199999999999997,0.5137614678899083,0.6956521739130435,0.6047068209014759,0.535,56
0,1,"0,1,4",H&S inter+intra,0.2,ACI g=0.01,shuffled,0.6685281212604707,0.5108695652173914,0.4891304347826087,0.8,-0.2891304347826087,92,0.001,0.6605504587155964,0.5108695652173914,0.5857100119664939,0.5155555555555557,72
0,1,"0,1,4",H&S inter+intra,0.2,ACI g=0.01 (grow cal),shuffled,0.6685281212604707,0.7282608695652174,0.2717391304347826,0.8,-0.07173913043478264,92,0.13399999999999995,0.44036697247706424,0.7282608695652174,0.5843139210211408,0.53125,48
0,1,"0,1,4",H&S inter+intra,0.2,ACI g=0.05,shuffled,0.6685281212604707,0.5760869565217391,0.42391304347826086,0.8,-0.2239130434782609,92,0.001,0.6238532110091743,0.5760869565217391,0.5999700837654567,0.5144117647058823,68
0,1,"0,1,4",H&S inter+intra,0.2,ACI g=0.05 (grow cal),shuffled,0.6685281212604707,0.782608695652174,0.21739130434782608,0.8,-0.017391304347826098,92,0.12000000000000044,0.3761467889908257,0.782608695652174,0.5793777423214999,0.5458536585365853,41
0,1,"0,1,4",H&S inter+intra,0.2,split CP (SAFE),exch,0.6685281212604707,0.9333333333333333,0.06666666666666667,0.8,0.1333333333333333,15,0.2,0.828125,0.9333333333333333,0.8807291666666667,0.5762264150943396,53
0,1,"0,1,4",H&S inter+intra,0.2,split CP (n+1 corr.),exch,0.6685281212604707,0.9333333333333333,0.06666666666666667,0.8,0.1333333333333333,15,0.2,0.796875,0.9333333333333333,0.8651041666666667,0.5909803921568627,51
0,1,"0,1,4",H&S inter+intra,0.2,DtACI,exch,0.6685281212604707,0.8,0.2,0.8,0.0,15,0.29889963719520896,0.828125,0.8,0.8140625,0.5362264150943397,53
0,1,"0,1,4",H&S inter+intra,0.2,DtACI (grow cal),exch,0.6685281212604707,0.8,0.2,0.8,0.0,15,0.2,0.828125,0.8,0.8140625,0.5316981132075471,53
0,1,"0,1,4",H&S inter+intra,0.2,ACI g=0.005,exch,0.6685281212604707,0.9333333333333333,0.06666666666666667,0.8,0.1333333333333333,15,0.21000000000000002,0.828125,0.9333333333333333,0.8807291666666667,0.5762264150943396,53
0,1,"0,1,4",H&S inter+intra,0.2,ACI g=0.005 (grow cal),exch,0.6685281212604707,0.8,0.2,0.8,0.0,15,0.2,0.828125,0.8,0.8140625,0.5415094339622641,53
0,1,"0,1,4",H&S inter+intra,0.2,ACI g=0.01,exch,0.6685281212604707,0.9333333333333333,0.06666666666666667,0.8,0.1333333333333333,15,0.22000000000000003,0.828125,0.9333333333333333,0.8807291666666667,0.5762264150943396,53
0,1,"0,1,4",H&S inter+intra,0.2,ACI g=0.01 (grow cal),exch,0.6685281212604707,0.8,0.2,0.8,0.0,15,0.2,0.828125,0.8,0.8140625,0.5415094339622641,53
0,1,"0,1,4",H&S inter+intra,0.2,ACI g=0.05,exch,0.6685281212604707,0.8666666666666667,0.13333333333333333,0.8,0.06666666666666665,15,0.25000000000000006,0.828125,0.8666666666666667,0.8473958333333333,0.5422641509433963,53
0,1,"0,1,4",H&S inter+intra,0.2,ACI g=0.05 (grow cal),exch,0.6685281212604707,0.8,0.2,0.8,0.0,15,0.2000000000000001,0.828125,0.8,0.8140625,0.5362264150943397,53
0,1,"0,1,4",H&S inter+intra,0.25,split CP (SAFE),blocked,0.6685281212604707,0.2717391304347826,0.7282608695652174,0.75,-0.4782608695652174,92,0.25,0.9174311926605505,0.2717391304347826,0.5945851615476665,0.4366,100
0,1,"0,1,4",H&S inter+intra,0.25,split CP (n+1 corr.),blocked,0.6685281212604707,0.3369565217391305,0.6630434782608695,0.75,-0.4130434782608695,92,0.25,0.8715596330275229,0.3369565217391305,0.6042580773833267,0.4519999999999999,95
0,1,"0,1,4",H&S inter+intra,0.25,DtACI,blocked,0.6685281212604707,0.5108695652173914,0.4891304347826087,0.75,-0.23913043478260865,92,0.07285874999999983,0.7064220183486238,0.5108695652173914,0.6086457917830076,0.45376623376623376,77
0,1,"0,1,4",H&S inter+intra,0.25,DtACI (grow cal),blocked,0.6685281212604707,0.6304347826086957,0.3695652173913043,0.75,-0.11956521739130432,92,0.22428718727283345,0.5504587155963303,0.6304347826086957,0.5904467491025129,0.5333333333333333,60
0,1,"0,1,4",H&S inter+intra,0.25,ACI g=0.005,blocked,0.6685281212604707,0.3586956521739131,0.6413043478260869,0.75,-0.3913043478260869,92,0.07374999999999984,0.8623853211009175,0.3586956521739131,0.6105404866374153,0.47276595744680844,94
0,1,"0,1,4",H&S inter+intra,0.25,ACI g=0.005 (grow cal),blocked,0.6685281212604707,0.6195652173913043,0.3804347826086957,0.75,-0.13043478260869568,92,0.19374999999999995,0.5871559633027523,0.6195652173913043,0.6033605903470283,0.530625,64
0,1,"0,1,4",H&S inter+intra,0.25,ACI g=0.01,blocked,0.6685281212604707,0.4565217391304348,0.5434782608695652,0.75,-0.2934782608695652,92,0.0035,0.7522935779816514,0.4565217391304348,0.6044076585560432,0.5158536585365854,82
0,1,"0,1,4",H&S inter+intra,0.25,ACI g=0.01 (grow cal),blocked,0.6685281212604707,0.6630434782608696,0.33695652173913043,0.75,-0.08695652173913038,92,0.17749999999999994,0.5412844036697247,0.6630434782608696,0.6021639409652972,0.5220338983050847,59
0,1,"0,1,4",H&S inter+intra,0.25,ACI g=0.05,blocked,0.6685281212604707,0.5760869565217391,0.42391304347826086,0.75,-0.17391304347826086,92,0.013500000000000002,0.6330275229357798,0.5760869565217391,0.6045572397287595,0.5031884057971016,69
0,1,"0,1,4",H&S inter+intra,0.25,ACI g=0.05 (grow cal),blocked,0.6685281212604707,0.7282608695652174,0.2717391304347826,0.75,-0.021739130434782594,92,0.18750000000000058,0.5137614678899083,0.7282608695652174,0.6210111687275628,0.5317857142857143,56
0,1,"0,1,4",H&S inter+intra,0.25,split CP (SAFE),shuffled,0.6685281212604707,0.2717391304347826,0.7282608695652174,0.75,-0.4782608695652174,92,0.25,0.9174311926605505,0.2717391304347826,0.5945851615476665,0.4365999999999999,100
0,1,"0,1,4",H&S inter+intra,0.25,split CP (n+1 corr.),shuffled,0.6685281212604707,0.3369565217391305,0.6630434782608695,0.75,-0.4130434782608695,92,0.25,0.8715596330275229,0.3369565217391305,0.6042580773833267,0.4519999999999999,95
0,1,"0,1,4",H&S inter+intra,0.25,DtACI,shuffled,0.6685281212604707,0.48913043478260865,0.5108695652173914,0.75,-0.26086956521739135,92,0.001320000000000023,0.7247706422018348,0.48913043478260865,0.6069505384922218,0.4688607594936709,79
0,1,"0,1,4",H&S inter+intra,0.25,DtACI (grow cal),shuffled,0.6685281212604707,0.6413043478260869,0.358695652173913,0.75,-0.10869565217391308,92,0.15970583048732143,0.5321100917431193,0.6413043478260869,0.586707219784603,0.5317241379310345,58
0,1,"0,1,4",H&S inter+intra,0.25,ACI g=0.005,shuffled,0.6685281212604707,0.34782608695652173,0.6521739130434783,0.75,-0.40217391304347827,92,0.06499999999999981,0.8348623853211009,0.34782608695652173,0.5913442361388113,0.46395604395604384,91
0,1,"0,1,4",H&S inter+intra,0.25,ACI g=0.005 (grow cal),shuffled,0.6685281212604707,0.5978260869565217,0.40217391304347827,0.75,-0.15217391304347827,92,0.1799999999999999,0.5963302752293578,0.5978260869565217,0.5970781810929398,0.5243076923076924,65
0,1,"0,1,4",H&S inter+intra,0.25,ACI g=0.01,shuffled,0.6685281212604707,0.4565217391304348,0.5434782608695652,0.75,-0.2934782608695652,92,0.001,0.7247706422018348,0.4565217391304348,0.5906461906661349,0.49721518987341773,79
0,1,"0,1,4",H&S inter+intra,0.25,ACI g=0.01 (grow cal),shuffled,0.6685281212604707,0.6521739130434783,0.34782608695652173,0.75,-0.09782608695652173,92,0.15999999999999992,0.5321100917431193,0.6521739130434783,0.5921420023932988,0.5227586206896552,58
0,1,"0,1,4",H&S inter+intra,0.25,ACI g=0.05,shuffled,0.6685281212604707,0.5652173913043479,0.43478260869565216,0.75,-0.1847826086956521,92,0.001,0.6422018348623854,0.5652173913043479,0.6037096130833666,0.5114285714285713,70
0,1,"0,1,4",H&S inter+intra,0.25,ACI g=0.05 (grow cal),shuffled,0.6685281212604707,0.7282608695652174,0.2717391304347826,0.75,-0.021739130434782594,92,0.15000000000000027,0.43119266055045874,0.7282608695652174,0.579726765057838,0.5540425531914893,47
0,1,"0,1,4",H&S inter+intra,0.25,split CP (SAFE),exch,0.6685281212604707,0.8,0.2,0.75,0.050000000000000044,15,0.25,0.84375,0.8,0.821875,0.5307407407407408,54
0,1,"0,1,4",H&S inter+intra,0.25,split CP (n+1 corr.),exch,0.6685281212604707,0.9333333333333333,0.06666666666666667,0.75,0.18333333333333335,15,0.25,0.8125,0.9333333333333333,0.8729166666666667,0.5761538461538461,52
0,1,"0,1,4",H&S inter+intra,0.25,DtACI,exch,0.6685281212604707,0.7333333333333334,0.26666666666666666,0.75,-0.016666666666666607,15,0.32369190501913137,0.84375,0.7333333333333334,0.7885416666666667,0.5174074074074074,54
0,1,"0,1,4",H&S inter+intra,0.25,DtACI (grow cal),exch,0.6685281212604707,0.7333333333333334,0.26666666666666666,0.75,-0.016666666666666607,15,0.24853473107466434,0.84375,0.7333333333333334,0.7885416666666667,0.5266666666666667,54
0,1,"0,1,4",H&S inter+intra,0.25,ACI g=0.005,exch,0.6685281212604707,0.8,0.2,0.75,0.050000000000000044,15,0.25374999999999975,0.84375,0.8,0.821875,0.5307407407407408,54
0,1,"0,1,4",H&S inter+intra,0.25,ACI g=0.005 (grow cal),exch,0.6685281212604707,0.7333333333333334,0.26666666666666666,0.75,-0.016666666666666607,15,0.24874999999999994,0.84375,0.7333333333333334,0.7885416666666667,0.5266666666666667,54
0,1,"0,1,4",H&S inter+intra,0.25,ACI g=0.01,exch,0.6685281212604707,0.8,0.2,0.75,0.050000000000000044,15,0.2575,0.84375,0.8,0.821875,0.5266666666666667,54
0,1,"0,1,4",H&S inter+intra,0.25,ACI g=0.01 (grow cal),exch,0.6685281212604707,0.7333333333333334,0.26666666666666666,0.75,-0.016666666666666607,15,0.2475,0.84375,0.7333333333333334,0.7885416666666667,0.5266666666666667,54
0,1,"0,1,4",H&S inter+intra,0.25,ACI g=0.05,exch,0.6685281212604707,0.7333333333333334,0.26666666666666666,0.75,-0.016666666666666607,15,0.2375000000000001,0.84375,0.7333333333333334,0.7885416666666667,0.5318518518518519,54
0,1,"0,1,4",H&S inter+intra,0.25,ACI g=0.05 (grow cal),exch,0.6685281212604707,0.7333333333333334,0.26666666666666666,0.75,-0.016666666666666607,15,0.2375000000000001,0.84375,0.7333333333333334,0.7885416666666667,0.5266666666666667,54
1,0,"0,3,7",SAFE-MLP,0.1,split CP (SAFE),blocked,0.714763497372193,0.9021739130434783,0.09782608695652174,0.9,0.0021739130434782483,92,0.1,0.4945054945054945,0.9021739130434783,0.6983397037744864,0.7715555555555556,45
1,0,"0,3,7",SAFE-MLP,0.1,split CP (n+1 corr.),blocked,0.714763497372193,0.9130434782608696,0.08695652173913043,0.9,0.013043478260869601,92,0.1,0.46153846153846156,0.9130434782608696,0.6872909698996656,0.7776190476190477,42
1,0,"0,3,7",SAFE-MLP,0.1,DtACI,blocked,0.714763497372193,0.8478260869565217,0.15217391304347827,0.9,-0.05217391304347829,92,0.13199410621244706,0.4945054945054945,0.8478260869565217,0.6711657907310081,0.6928888888888889,45
1,0,"0,3,7",SAFE-MLP,0.1,DtACI (grow cal),blocked,0.714763497372193,0.8804347826086957,0.11956521739130435,0.9,-0.019565217391304346,92,0.16220165468729864,0.4945054945054945,0.8804347826086957,0.6874701385570952,0.6635555555555557,45
1,0,"0,3,7",SAFE-MLP,0.1,ACI g=0.005,blocked,0.714763497372193,0.9021739130434783,0.09782608695652174,0.9,0.0021739130434782483,92,0.101,0.5054945054945055,0.9021739130434783,0.7038342092689919,0.7752173913043477,46
1,0,"0,3,7",SAFE-MLP,0.1,ACI g=0.005 (grow cal),blocked,0.714763497372193,0.9130434782608696,0.08695652173913043,0.9,0.013043478260869601,92,0.10600000000000001,0.4835164835164835,0.9130434782608696,0.6982799808886766,0.7822727272727271,44
1,0,"0,3,7",SAFE-MLP,0.1,ACI g=0.01,blocked,0.714763497372193,0.9021739130434783,0.09782608695652174,0.9,0.0021739130434782483,92,0.10200000000000001,0.5054945054945055,0.9021739130434783,0.7038342092689919,0.7765217391304349,46
1,0,"0,3,7",SAFE-MLP,0.1,ACI g=0.01 (grow cal),blocked,0.714763497372193,0.9130434782608696,0.08695652173913043,0.9,0.013043478260869601,92,0.11200000000000002,0.4835164835164835,0.9130434782608696,0.6982799808886766,0.7836363636363637,44
1,0,"0,3,7",SAFE-MLP,0.1,ACI g=0.05,blocked,0.714763497372193,0.8913043478260869,0.10869565217391304,0.9,-0.008695652173913104,92,0.1310000000000002,0.4835164835164835,0.8913043478260869,0.6874104156712852,0.6659090909090909,44
1,0,"0,3,7",SAFE-MLP,0.1,ACI g=0.05 (grow cal),blocked,0.714763497372193,0.9130434782608696,0.08695652173913043,0.9,0.013043478260869601,92,0.18100000000000022,0.45054945054945056,0.9130434782608696,0.6817964644051601,0.7370731707317074,41
1,0,"0,3,7",SAFE-MLP,0.1,split CP (SAFE),shuffled,0.714763497372193,0.9021739130434783,0.09782608695652174,0.9,0.0021739130434782483,92,0.1,0.4945054945054945,0.9021739130434783,0.6983397037744864,0.7715555555555556,45
1,0,"0,3,7",SAFE-MLP,0.1,split CP (n+1 corr.),shuffled,0.714763497372193,0.9130434782608696,0.08695652173913043,0.9,0.013043478260869601,92,0.1,0.46153846153846156,0.9130434782608696,0.6872909698996656,0.7776190476190477,42
1,0,"0,3,7",SAFE-MLP,0.1,DtACI,shuffled,0.714763497372193,0.8804347826086957,0.11956521739130435,0.9,-0.019565217391304346,92,0.09102937515547282,0.4945054945054945,0.8804347826086957,0.6874701385570952,0.7733333333333333,45
1,0,"0,3,7",SAFE-MLP,0.1,DtACI (grow cal),shuffled,0.714763497372193,0.8913043478260869,0.10869565217391304,0.9,-0.008695652173913104,92,0.09532119812174004,0.4835164835164835,0.8913043478260869,0.6874104156712852,0.7609090909090909,44
1,0,"0,3,7",SAFE-MLP,0.1,ACI g=0.005,shuffled,0.714763497372193,0.8913043478260869,0.10869565217391304,0.9,-0.008695652173913104,92,0.096,0.4945054945054945,0.8913043478260869,0.6929049211657907,0.7715555555555556,45
1,0,"0,3,7",SAFE-MLP,0.1,ACI g=0.005 (grow cal),shuffled,0.714763497372193,0.8913043478260869,0.10869565217391304,0.9,-0.008695652173913104,92,0.096,0.4835164835164835,0.8913043478260869,0.6874104156712852,0.7704545454545456,44
1,0,"0,3,7",SAFE-MLP,0.1,ACI g=0.01,shuffled,0.714763497372193,0.8913043478260869,0.10869565217391304,0.9,-0.008695652173913104,92,0.092,0.4945054945054945,0.8913043478260869,0.6929049211657907,0.7715555555555556,45
1,0,"0,3,7",SAFE-MLP,0.1,ACI g=0.01 (grow cal),shuffled,0.714763497372193,0.8913043478260869,0.10869565217391304,0.9,-0.008695652173913104,92,0.092,0.4725274725274725,0.8913043478260869,0.6819159101767798,0.7683720930232559,43
1,0,"0,3,7",SAFE-MLP,0.1,ACI g=0.05,shuffled,0.714763497372193,0.8913043478260869,0.10869565217391304,0.9,-0.008695652173913104,92,0.060000000000000234,0.4725274725274725,0.8913043478260869,0.6819159101767798,0.7711627906976745,43
1,0,"0,3,7",SAFE-MLP,0.1,ACI g=0.05 (grow cal),shuffled,0.714763497372193,0.8913043478260869,0.10869565217391304,0.9,-0.008695652173913104,92,0.060000000000000234,0.4835164835164835,0.8913043478260869,0.6874104156712852,0.7681818181818181,44
1,0,"0,3,7",SAFE-MLP,0.1,split CP (SAFE),exch,0.714763497372193,0.8125,0.1875,0.9,-0.08750000000000002,16,0.1,0.4927536231884058,0.8125,0.6526268115942029,0.746470588235294,34
1,0,"0,3,7",SAFE-MLP,0.1,split CP (n+1 corr.),exch,0.714763497372193,0.8125,0.1875,0.9,-0.08750000000000002,16,0.1,0.4782608695652174,0.8125,0.6453804347826086,0.7648484848484848,33
1,0,"0,3,7",SAFE-MLP,0.1,DtACI,exch,0.714763497372193,0.8125,0.1875,0.9,-0.08750000000000002,16,0.07096526370259824,0.4927536231884058,0.8125,0.6526268115942029,0.7488235294117647,34
1,0,"0,3,7",SAFE-MLP,0.1,DtACI (grow cal),exch,0.714763497372193,0.8125,0.1875,0.9,-0.08750000000000002,16,0.0767109682730589,0.463768115942029,0.8125,0.6381340579710145,0.7418750000000001,32
1,0,"0,3,7",SAFE-MLP,0.1,ACI g=0.005,exch,0.714763497372193,0.8125,0.1875,0.9,-0.08750000000000002,16,0.093,0.4927536231884058,0.8125,0.6526268115942029,0.746470588235294,34
1,0,"0,3,7",SAFE-MLP,0.1,ACI g=0.005 (grow cal),exch,0.714763497372193,0.8125,0.1875,0.9,-0.08750000000000002,16,0.093,0.4782608695652174,0.8125,0.6453804347826086,0.749090909090909,33
1,0,"0,3,7",SAFE-MLP,0.1,ACI g=0.01,exch,0.714763497372193,0.8125,0.1875,0.9,-0.08750000000000002,16,0.086,0.4927536231884058,0.8125,0.6526268115942029,0.746470588235294,34
1,0,"0,3,7",SAFE-MLP,0.1,ACI g=0.01 (grow cal),exch,0.714763497372193,0.8125,0.1875,0.9,-0.08750000000000002,16,0.086,0.4782608695652174,0.8125,0.6453804347826086,0.750909090909091,33
1,0,"0,3,7",SAFE-MLP,0.1,ACI g=0.05,exch,0.714763497372193,0.8125,0.1875,0.9,-0.08750000000000002,16,0.030000000000000027,0.4782608695652174,0.8125,0.6453804347826086,0.7478787878787879,33
1,0,"0,3,7",SAFE-MLP,0.1,ACI g=0.05 (grow cal),exch,0.714763497372193,0.8125,0.1875,0.9,-0.08750000000000002,16,0.030000000000000027,0.463768115942029,0.8125,0.6381340579710145,0.745,32
1,0,"0,3,7",SAFE-MLP,0.15,split CP (SAFE),blocked,0.714763497372193,0.8586956521739131,0.14130434782608695,0.85,0.008695652173913104,92,0.15,0.5274725274725275,0.8586956521739131,0.6930840898232202,0.7491666666666666,48
1,0,"0,3,7",SAFE-MLP,0.15,split CP (n+1 corr.),blocked,0.714763497372193,0.9021739130434783,0.09782608695652174,0.85,0.05217391304347829,92,0.15,0.4945054945054945,0.9021739130434783,0.6983397037744864,0.7715555555555556,45
1,0,"0,3,7",SAFE-MLP,0.15,DtACI,blocked,0.714763497372193,0.8043478260869565,0.1956521739130435,0.85,-0.04565217391304344,92,0.18000967862379766,0.5164835164835165,0.8043478260869565,0.6604156712852365,0.6293617021276596,47
1,0,"0,3,7",SAFE-MLP,0.15,DtACI (grow cal),blocked,0.714763497372193,0.8260869565217391,0.17391304347826086,0.85,-0.023913043478260843,92,0.20843801026595732,0.5384615384615384,0.8260869565217391,0.6822742474916388,0.6036734693877551,49
1,0,"0,3,7",SAFE-MLP,0.15,ACI g=0.005,blocked,0.714763497372193,0.8695652173913043,0.13043478260869565,0.85,0.019565217391304346,92,0.159,0.5054945054945055,0.8695652173913043,0.6875298614429048,0.7473913043478259,46
1,0,"0,3,7",SAFE-MLP,0.15,ACI g=0.005 (grow cal),blocked,0.714763497372193,0.8913043478260869,0.10869565217391304,0.85,0.04130434782608694,92,0.169,0.5054945054945055,0.8913043478260869,0.6983994266602962,0.7517391304347825,46
1,0,"0,3,7",SAFE-MLP,0.15,ACI g=0.01,blocked,0.714763497372193,0.8695652173913043,0.13043478260869565,0.85,0.019565217391304346,92,0.168,0.5054945054945055,0.8695652173913043,0.6875298614429048,0.7395652173913042,46
1,0,"0,3,7",SAFE-MLP,0.15,ACI g=0.01 (grow cal),blocked,0.714763497372193,0.8913043478260869,0.10869565217391304,0.85,0.04130434782608694,92,0.18800000000000003,0.5164835164835165,0.8913043478260869,0.7038939321548017,0.751063829787234,47
1,0,"0,3,7",SAFE-MLP,0.15,ACI g=0.05,blocked,0.714763497372193,0.8478260869565217,0.15217391304347827,0.85,-0.0021739130434782483,92,0.15850000000000028,0.5164835164835165,0.8478260869565217,0.6821548017200192,0.642127659574468,47
1,0,"0,3,7",SAFE-MLP,0.15,ACI g=0.05 (grow cal),blocked,0.714763497372193,0.8586956521739131,0.14130434782608695,0.85,0.008695652173913104,92,0.20850000000000032,0.4945054945054945,0.8586956521739131,0.6766005733397038,0.6586666666666667,45
1,0,"0,3,7",SAFE-MLP,0.15,split CP (SAFE),shuffled,0.714763497372193,0.8586956521739131,0.14130434782608695,0.85,0.008695652173913104,92,0.15,0.5274725274725275,0.8586956521739131,0.6930840898232202,0.7491666666666665,48
1,0,"0,3,7",SAFE-MLP,0.15,split CP (n+1 corr.),shuffled,0.714763497372193,0.9021739130434783,0.09782608695652174,0.85,0.05217391304347829,92,0.15,0.4945054945054945,0.9021739130434783,0.6983397037744864,0.7715555555555556,45
1,0,"0,3,7",SAFE-MLP,0.15,DtACI,shuffled,0.714763497372193,0.8260869565217391,0.17391304347826086,0.85,-0.023913043478260843,92,0.1462579098475119,0.5604395604395604,0.8260869565217391,0.6932632584806497,0.7054901960784316,51
1,0,"0,3,7",SAFE-MLP,0.15,DtACI (grow cal),shuffled,0.714763497372193,0.8369565217391304,0.16304347826086957,0.85,-0.013043478260869601,92,0.1449609418781239,0.5494505494505495,0.8369565217391304,0.6932035355948399,0.69,50
1,0,"0,3,7",SAFE-MLP,0.15,ACI g=0.005,shuffled,0.714763497372193,0.8586956521739131,0.14130434782608695,0.85,0.008695652173913104,92,0.154,0.5384615384615384,0.8586956521739131,0.6985785953177257,0.7277551020408163,49
1,0,"0,3,7",SAFE-MLP,0.15,ACI g=0.005 (grow cal),shuffled,0.714763497372193,0.8478260869565217,0.15217391304347827,0.85,-0.0021739130434782483,92,0.149,0.5494505494505495,0.8478260869565217,0.6986383182035356,0.7088,50
1,0,"0,3,7",SAFE-MLP,0.15,ACI g=0.01,shuffled,0.714763497372193,0.8478260869565217,0.15217391304347827,0.85,-0.0021739130434782483,92,0.148,0.5494505494505495,0.8478260869565217,0.6986383182035356,0.7184,50
1,0,"0,3,7",SAFE-MLP,0.15,ACI g=0.01 (grow cal),shuffled,0.714763497372193,0.8369565217391304,0.16304347826086957,0.85,-0.013043478260869601,92,0.13799999999999998,0.5384615384615384,0.8369565217391304,0.6877090301003344,0.713469387755102,49
1,0,"0,3,7",SAFE-MLP,0.15,ACI g=0.05,shuffled,0.714763497372193,0.8478260869565217,0.15217391304347827,0.85,-0.0021739130434782483,92,0.14000000000000037,0.5494505494505495,0.8478260869565217,0.6986383182035356,0.6976,50
1,0,"0,3,7",SAFE-MLP,0.15,ACI g=0.05 (grow cal),shuffled,0.714763497372193,0.8369565217391304,0.16304347826086957,0.85,-0.013043478260869601,92,0.09000000000000036,0.5384615384615384,0.8369565217391304,0.6877090301003344,0.7016326530612246,49
1,0,"0,3,7",SAFE-MLP,0.15,split CP (SAFE),exch,0.714763497372193,0.8125,0.1875,0.85,-0.03749999999999998,16,0.15,0.5217391304347826,0.8125,0.6671195652173914,0.73,36
1,0,"0,3,7",SAFE-MLP,0.15,split CP (n+1 corr.),exch,0.714763497372193,0.8125,0.1875,0.85,-0.03749999999999998,16,0.15,0.4927536231884058,0.8125,0.6526268115942029,0.746470588235294,34
1,0,"0,3,7",SAFE-MLP,0.15,DtACI,exch,0.714763497372193,0.8125,0.1875,0.85,-0.03749999999999998,16,0.1013040420258668,0.5362318840579711,0.8125,0.6743659420289856,0.6172972972972973,37
1,0,"0,3,7",SAFE-MLP,0.15,DtACI (grow cal),exch,0.714763497372193,0.8125,0.1875,0.85,-0.03749999999999998,16,0.11373597400310058,0.5217391304347826,0.8125,0.6671195652173914,0.5855555555555555,36
1,0,"0,3,7",SAFE-MLP,0.15,ACI g=0.005,exch,0.714763497372193,0.8125,0.1875,0.85,-0.03749999999999998,16,0.147,0.5217391304347826,0.8125,0.6671195652173914,0.7233333333333333,36
1,0,"0,3,7",SAFE-MLP,0.15,ACI g=0.005 (grow cal),exch,0.714763497372193,0.8125,0.1875,0.85,-0.03749999999999998,16,0.147,0.5362318840579711,0.8125,0.6743659420289856,0.6475675675675676,37
1,0,"0,3,7",SAFE-MLP,0.15,ACI g=0.01,exch,0.714763497372193,0.8125,0.1875,0.85,-0.03749999999999998,16,0.144,0.5217391304347826,0.8125,0.6671195652173914,0.715,36
1,0,"0,3,7",SAFE-MLP,0.15,ACI g=0.01 (grow cal),exch,0.714763497372193,0.8125,0.1875,0.85,-0.03749999999999998,16,0.144,0.5362318840579711,0.8125,0.6743659420289856,0.6383783783783784,37
1,0,"0,3,7",SAFE-MLP,0.15,ACI g=0.05,exch,0.714763497372193,0.8125,0.1875,0.85,-0.03749999999999998,16,0.12000000000000005,0.5362318840579711,0.8125,0.6743659420289856,0.6459459459459459,37
1,0,"0,3,7",SAFE-MLP,0.15,ACI g=0.05 (grow cal),exch,0.714763497372193,0.8125,0.1875,0.85,-0.03749999999999998,16,0.12000000000000005,0.5217391304347826,0.8125,0.6671195652173914,0.5894444444444444,36
1,0,"0,3,7",SAFE-MLP,0.2,split CP (SAFE),blocked,0.714763497372193,0.7173913043478262,0.2826086956521739,0.8,-0.08260869565217388,92,0.2,0.6263736263736264,0.7173913043478262,0.6718824653607263,0.6052631578947367,57
1,0,"0,3,7",SAFE-MLP,0.2,split CP (n+1 corr.),blocked,0.714763497372193,0.8695652173913043,0.13043478260869565,0.8,0.06956521739130428,92,0.2,0.5274725274725275,0.8695652173913043,0.6985188724319159,0.7933333333333333,48
1,0,"0,3,7",SAFE-MLP,0.2,DtACI,blocked,0.714763497372193,0.6956521739130435,0.30434782608695654,0.8,-0.10434782608695659,92,0.1964567506789316,0.5714285714285714,0.6956521739130435,0.6335403726708074,0.5930769230769232,52
1,0,"0,3,7",SAFE-MLP,0.2,DtACI (grow cal),blocked,0.714763497372193,0.782608695652174,0.21739130434782608,0.8,-0.017391304347826098,92,0.30228107500198786,0.5494505494505495,0.782608695652174,0.6660296225513618,0.6043999999999999,50
1,0,"0,3,7",SAFE-MLP,0.2,ACI g=0.005,blocked,0.714763497372193,0.7717391304347826,0.22826086956521738,0.8,-0.02826086956521745,92,0.187,0.5934065934065934,0.7717391304347826,0.682572861920688,0.679259259259259,54
1,0,"0,3,7",SAFE-MLP,0.2,ACI g=0.005 (grow cal),blocked,0.714763497372193,0.8586956521739131,0.14130434782608695,0.8,0.05869565217391304,92,0.22700000000000004,0.5274725274725275,0.8586956521739131,0.6930840898232202,0.75,48
1,0,"0,3,7",SAFE-MLP,0.2,ACI g=0.01,blocked,0.714763497372193,0.7934782608695652,0.20652173913043478,0.8,-0.006521739130434856,92,0.194,0.5934065934065934,0.7934782608695652,0.6934424271380792,0.6492592592592591,54
1,0,"0,3,7",SAFE-MLP,0.2,ACI g=0.01 (grow cal),blocked,0.714763497372193,0.8478260869565217,0.15217391304347827,0.8,0.047826086956521685,92,0.24400000000000005,0.5384615384615384,0.8478260869565217,0.6931438127090301,0.7355102040816326,49
1,0,"0,3,7",SAFE-MLP,0.2,ACI g=0.05,blocked,0.714763497372193,0.8043478260869565,0.1956521739130435,0.8,0.004347826086956497,92,0.22000000000000036,0.5604395604395604,0.8043478260869565,0.6823936932632585,0.6454901960784314,51
1,0,"0,3,7",SAFE-MLP,0.2,ACI g=0.05 (grow cal),blocked,0.714763497372193,0.8152173913043479,0.18478260869565216,0.8,0.01521739130434785,92,0.2700000000000004,0.5384615384615384,0.8152173913043479,0.6768394648829432,0.6551020408163264,49
1,0,"0,3,7",SAFE-MLP,0.2,split CP (SAFE),shuffled,0.714763497372193,0.7173913043478262,0.2826086956521739,0.8,-0.08260869565217388,92,0.2,0.6263736263736264,0.7173913043478262,0.6718824653607263,0.6052631578947368,57
1,0,"0,3,7",SAFE-MLP,0.2,split CP (n+1 corr.),shuffled,0.714763497372193,0.8695652173913043,0.13043478260869565,0.8,0.06956521739130428,92,0.2,0.5274725274725275,0.8695652173913043,0.6985188724319159,0.7933333333333333,48
1,0,"0,3,7",SAFE-MLP,0.2,DtACI,shuffled,0.714763497372193,0.7391304347826086,0.2608695652173913,0.8,-0.0608695652173914,92,0.17015907340324016,0.5934065934065934,0.7391304347826086,0.666268514094601,0.6596296296296296,54
1,0,"0,3,7",SAFE-MLP,0.2,DtACI (grow cal),shuffled,0.714763497372193,0.75,0.25,0.8,-0.050000000000000044,92,0.17850848686798948,0.5714285714285714,0.75,0.6607142857142857,0.6857692307692308,52
1,0,"0,3,7",SAFE-MLP,0.2,ACI g=0.005,shuffled,0.714763497372193,0.7391304347826086,0.2608695652173913,0.8,-0.0608695652173914,92,0.172,0.6043956043956044,0.7391304347826086,0.6717630195891064,0.6439999999999999,55
1,0,"0,3,7",SAFE-MLP,0.2,ACI g=0.005 (grow cal),shuffled,0.714763497372193,0.7608695652173914,0.2391304347826087,0.8,-0.03913043478260869,92,0.182,0.5824175824175825,0.7608695652173914,0.6716435738174868,0.6773584905660377,53
1,0,"0,3,7",SAFE-MLP,0.2,ACI g=0.01,shuffled,0.714763497372193,0.75,0.25,0.8,-0.050000000000000044,92,0.15399999999999997,0.5934065934065934,0.75,0.6717032967032968,0.6633333333333333,54
1,0,"0,3,7",SAFE-MLP,0.2,ACI g=0.01 (grow cal),shuffled,0.714763497372193,0.7608695652173914,0.2391304347826087,0.8,-0.03913043478260869,92,0.16399999999999998,0.5824175824175825,0.7608695652173914,0.6716435738174868,0.6864150943396227,53
1,0,"0,3,7",SAFE-MLP,0.2,ACI g=0.05,shuffled,0.714763497372193,0.782608695652174,0.21739130434782608,0.8,-0.017391304347826098,92,0.1200000000000005,0.5824175824175825,0.782608695652174,0.6825131390348782,0.6984905660377361,53
1,0,"0,3,7",SAFE-MLP,0.2,ACI g=0.05 (grow cal),shuffled,0.714763497372193,0.782608695652174,0.21739130434782608,0.8,-0.017391304347826098,92,0.1200000000000005,0.5604395604395604,0.782608695652174,0.6715241280458673,0.700392156862745,51
1,0,"0,3,7",SAFE-MLP,0.2,split CP (SAFE),exch,0.714763497372193,0.8125,0.1875,0.8,0.012499999999999956,16,0.2,0.7246376811594203,0.8125,0.7685688405797102,0.612,50
1,0,"0,3,7",SAFE-MLP,0.2,split CP (n+1 corr.),exch,0.714763497372193,0.8125,0.1875,0.8,0.012499999999999956,16,0.2,0.5217391304347826,0.8125,0.6671195652173914,0.7749999999999999,36
1,0,"0,3,7",SAFE-MLP,0.2,DtACI,exch,0.714763497372193,0.75,0.25,0.8,-0.050000000000000044,16,0.19855919662535135,0.7246376811594203,0.75,0.7373188405797102,0.596,50
1,0,"0,3,7",SAFE-MLP,0.2,DtACI (grow cal),exch,0.714763497372193,0.75,0.25,0.8,-0.050000000000000044,16,0.19193891628019313,0.7391304347826086,0.75,0.7445652173913043,0.5874509803921568,51
1,0,"0,3,7",SAFE-MLP,0.2,ACI g=0.005,exch,0.714763497372193,0.8125,0.1875,0.8,0.012499999999999956,16,0.201,0.7246376811594203,0.8125,0.7685688405797102,0.6076,50
1,0,"0,3,7",SAFE-MLP,0.2,ACI g=0.005 (grow cal),exch,0.714763497372193,0.75,0.25,0.8,-0.050000000000000044,16,0.196,0.7391304347826086,0.75,0.7445652173913043,0.587843137254902,51
1,0,"0,3,7",SAFE-MLP,0.2,ACI g=0.01,exch,0.714763497372193,0.8125,0.1875,0.8,0.012499999999999956,16,0.202,0.7246376811594203,0.8125,0.7685688405797102,0.6036,50
1,0,"0,3,7",SAFE-MLP,0.2,ACI g=0.01 (grow cal),exch,0.714763497372193,0.75,0.25,0.8,-0.050000000000000044,16,0.192,0.7391304347826086,0.75,0.7445652173913043,0.587843137254902,51
1,0,"0,3,7",SAFE-MLP,0.2,ACI g=0.05,exch,0.714763497372193,0.75,0.25,0.8,-0.050000000000000044,16,0.1600000000000001,0.6956521739130435,0.75,0.7228260869565217,0.6070833333333333,48
1,0,"0,3,7",SAFE-MLP,0.2,ACI g=0.05 (grow cal),exch,0.714763497372193,0.75,0.25,0.8,-0.050000000000000044,16,0.1600000000000001,0.6956521739130435,0.75,0.7228260869565217,0.5924999999999999,48
1,0,"0,3,7",SAFE-MLP,0.25,split CP (SAFE),blocked,0.714763497372193,0.6521739130434783,0.34782608695652173,0.75,-0.09782608695652173,92,0.25,0.6263736263736264,0.6521739130434783,0.6392737697085523,0.5357894736842106,57
1,0,"0,3,7",SAFE-MLP,0.25,split CP (n+1 corr.),blocked,0.714763497372193,0.7065217391304348,0.29347826086956524,0.75,-0.04347826086956519,92,0.25,0.6263736263736264,0.7065217391304348,0.6664476827520306,0.6017543859649123,57
1,0,"0,3,7",SAFE-MLP,0.25,DtACI,blocked,0.714763497372193,0.6413043478260869,0.358695652173913,0.75,-0.10869565217391308,92,0.21026781318660817,0.6043956043956044,0.6413043478260869,0.6228499761108457,0.5014545454545455,55
1,0,"0,3,7",SAFE-MLP,0.25,DtACI (grow cal),blocked,0.714763497372193,0.7173913043478262,0.2826086956521739,0.75,-0.032608695652173836,92,0.31152187465928616,0.6153846153846154,0.7173913043478262,0.6663879598662208,0.5446428571428571,56
1,0,"0,3,7",SAFE-MLP,0.25,ACI g=0.005,blocked,0.714763497372193,0.6630434782608696,0.33695652173913043,0.75,-0.08695652173913038,92,0.20999999999999996,0.6263736263736264,0.6630434782608696,0.644708552317248,0.5673684210526315,57
1,0,"0,3,7",SAFE-MLP,0.25,ACI g=0.005 (grow cal),blocked,0.714763497372193,0.8152173913043479,0.18478260869565216,0.75,0.0652173913043479,92,0.2799999999999991,0.5934065934065934,0.8152173913043479,0.7043119923554706,0.6785185185185185,54
1,0,"0,3,7",SAFE-MLP,0.25,ACI g=0.01,blocked,0.714763497372193,0.7065217391304348,0.29347826086956524,0.75,-0.04347826086956519,92,0.20999999999999996,0.6043956043956044,0.7065217391304348,0.6554586717630195,0.5887272727272728,55
1,0,"0,3,7",SAFE-MLP,0.25,ACI g=0.01 (grow cal),blocked,0.714763497372193,0.7934782608695652,0.20652173913043478,0.75,0.04347826086956519,92,0.29000000000000004,0.5824175824175825,0.7934782608695652,0.6879479216435738,0.6467924528301884,53
1,0,"0,3,7",SAFE-MLP,0.25,ACI g=0.05,blocked,0.714763497372193,0.7391304347826086,0.2608695652173913,0.75,-0.010869565217391353,92,0.2000000000000006,0.5824175824175825,0.7391304347826086,0.6607740086000955,0.5679245283018869,53
1,0,"0,3,7",SAFE-MLP,0.25,ACI g=0.05 (grow cal),blocked,0.714763497372193,0.7608695652173914,0.2391304347826087,0.75,0.010869565217391353,92,0.3000000000000006,0.5604395604395604,0.7608695652173914,0.6606545628284759,0.5035294117647059,51
1,0,"0,3,7",SAFE-MLP,0.25,split CP (SAFE),shuffled,0.714763497372193,0.6521739130434783,0.34782608695652173,0.75,-0.09782608695652173,92,0.25,0.6263736263736264,0.6521739130434783,0.6392737697085523,0.5357894736842105,57
1,0,"0,3,7",SAFE-MLP,0.25,split CP (n+1 corr.),shuffled,0.714763497372193,0.7065217391304348,0.29347826086956524,0.75,-0.04347826086956519,92,0.25,0.6263736263736264,0.7065217391304348,0.6664476827520306,0.6017543859649124,57
1,0,"0,3,7",SAFE-MLP,0.25,DtACI,shuffled,0.714763497372193,0.6521739130434783,0.34782608695652173,0.75,-0.09782608695652173,92,0.20121231275079615,0.6263736263736264,0.6521739130434783,0.6392737697085523,0.5645614035087719,57
1,0,"0,3,7",SAFE-MLP,0.25,DtACI (grow cal),shuffled,0.714763497372193,0.7065217391304348,0.29347826086956524,0.75,-0.04347826086956519,92,0.22426067412886352,0.6043956043956044,0.7065217391304348,0.6554586717630195,0.610909090909091,55
1,0,"0,3,7",SAFE-MLP,0.25,ACI g=0.005,shuffled,0.714763497372193,0.6521739130434783,0.34782608695652173,0.75,-0.09782608695652173,92,0.20499999999999988,0.6263736263736264,0.6521739130434783,0.6392737697085523,0.5522807017543859,57
1,0,"0,3,7",SAFE-MLP,0.25,ACI g=0.005 (grow cal),shuffled,0.714763497372193,0.7065217391304348,0.29347826086956524,0.75,-0.04347826086956519,92,0.2299999999999999,0.6043956043956044,0.7065217391304348,0.6554586717630195,0.5981818181818183,55
1,0,"0,3,7",SAFE-MLP,0.25,ACI g=0.01,shuffled,0.714763497372193,0.6739130434782609,0.32608695652173914,0.75,-0.07608695652173914,92,0.17999999999999994,0.6263736263736264,0.6739130434782609,0.6501433349259436,0.5708771929824562,57
1,0,"0,3,7",SAFE-MLP,0.25,ACI g=0.01 (grow cal),shuffled,0.714763497372193,0.7173913043478262,0.2826086956521739,0.75,-0.032608695652173836,92,0.21999999999999997,0.5934065934065934,0.7173913043478262,0.6553989488772098,0.6037037037037037,54
1,0,"0,3,7",SAFE-MLP,0.25,ACI g=0.05,shuffled,0.714763497372193,0.7282608695652174,0.2717391304347826,0.75,-0.021739130434782594,92,0.15000000000000038,0.5934065934065934,0.7282608695652174,0.6608337314859054,0.6514814814814814,54
1,0,"0,3,7",SAFE-MLP,0.25,ACI g=0.05 (grow cal),shuffled,0.714763497372193,0.7391304347826086,0.2608695652173913,0.75,-0.010869565217391353,92,0.20000000000000043,0.5934065934065934,0.7391304347826086,0.666268514094601,0.6318518518518518,54
1,0,"0,3,7",SAFE-MLP,0.25,split CP (SAFE),exch,0.714763497372193,0.75,0.25,0.75,0.0,16,0.25,0.7536231884057971,0.75,0.7518115942028986,0.5634615384615386,52
1,0,"0,3,7",SAFE-MLP,0.25,split CP (n+1 corr.),exch,0.714763497372193,0.8125,0.1875,0.75,0.0625,16,0.25,0.7246376811594203,0.8125,0.7685688405797102,0.6083999999999999,50
1,0,"0,3,7",SAFE-MLP,0.25,DtACI,exch,0.714763497372193,0.75,0.25,0.75,0.0,16,0.2490886551722095,0.7536231884057971,0.75,0.7518115942028986,0.5565384615384615,52
1,0,"0,3,7",SAFE-MLP,0.25,DtACI (grow cal),exch,0.714763497372193,0.75,0.25,0.75,0.0,16,0.2491170464348974,0.7536231884057971,0.75,0.7518115942028986,0.5507692307692308,52
1,0,"0,3,7",SAFE-MLP,0.25,ACI g=0.005,exch,0.714763497372193,0.75,0.25,0.75,0.0,16,0.2499999999999998,0.7536231884057971,0.75,0.7518115942028986,0.5630769230769231,52
1,0,"0,3,7",SAFE-MLP,0.25,ACI g=0.005 (grow cal),exch,0.714763497372193,0.75,0.25,0.75,0.0,16,0.2499999999999998,0.7536231884057971,0.75,0.7518115942028986,0.5507692307692308,52
1,0,"0,3,7",SAFE-MLP,0.25,ACI g=0.01,exch,0.714763497372193,0.75,0.25,0.75,0.0,16,0.25,0.7536231884057971,0.75,0.7518115942028986,0.558076923076923,52
1,0,"0,3,7",SAFE-MLP,0.25,ACI g=0.01 (grow cal),exch,0.714763497372193,0.75,0.25,0.75,0.0,16,0.25,0.7536231884057971,0.75,0.7518115942028986,0.5503846153846154,52
1,0,"0,3,7",SAFE-MLP,0.25,ACI g=0.05,exch,0.714763497372193,0.75,0.25,0.75,0.0,16,0.25,0.7536231884057971,0.75,0.7518115942028986,0.5503846153846154,52
1,0,"0,3,7",SAFE-MLP,0.25,ACI g=0.05 (grow cal),exch,0.714763497372193,0.75,0.25,0.75,0.0,16,0.25,0.7536231884057971,0.75,0.7518115942028986,0.5480769230769231,52
1,0,"0,3,7",SAFE-Embed,0.1,split CP (SAFE),blocked,0.6573100812231247,0.0,1.0,0.9,-0.9,92,0.1,1.0,0.0,0.5,0.02153846153846154,91
1,0,"0,3,7",SAFE-Embed,0.1,split CP (n+1 corr.),blocked,0.6573100812231247,0.14130434782608692,0.8586956521739131,0.9,-0.7586956521739131,92,0.1,0.8241758241758241,0.14130434782608692,0.4827400860009555,0.24586666666666665,75
1,0,"0,3,7",SAFE-Embed,0.1,DtACI,blocked,0.6573100812231247,0.4130434782608695,0.5869565217391305,0.9,-0.4869565217391305,92,0.005472910923734733,0.5714285714285714,0.4130434782608695,0.49223602484472045,0.30153846153846153,52
1,0,"0,3,7",SAFE-Embed,0.1,DtACI (grow cal),blocked,0.6573100812231247,0.782608695652174,0.21739130434782608,0.9,-0.11739130434782608,92,0.12019040887955987,0.31868131868131866,0.782608695652174,0.5506450071667464,0.42068965517241386,29
1,0,"0,3,7",SAFE-Embed,0.1,ACI g=0.005,blocked,0.6573100812231247,0.40217391304347827,0.5978260869565217,0.9,-0.49782608695652175,92,0.0015,0.6043956043956044,0.40217391304347827,0.5032847587195413,0.2930909090909091,55
1,0,"0,3,7",SAFE-Embed,0.1,ACI g=0.005 (grow cal),blocked,0.6573100812231247,0.7608695652173914,0.2391304347826087,0.9,-0.13913043478260867,92,0.03599999999999996,0.3076923076923077,0.7608695652173914,0.5342809364548495,0.4157142857142856,28
1,0,"0,3,7",SAFE-Embed,0.1,ACI g=0.01,blocked,0.6573100812231247,0.48913043478260865,0.5108695652173914,0.9,-0.4108695652173914,92,0.002,0.5164835164835165,0.48913043478260865,0.5028069756330626,0.31574468085106383,47
1,0,"0,3,7",SAFE-Embed,0.1,ACI g=0.01 (grow cal),blocked,0.6573100812231247,0.8260869565217391,0.17391304347826086,0.9,-0.07391304347826089,92,0.03200000000000002,0.23076923076923078,0.8260869565217391,0.5284280936454849,0.3904761904761904,21
1,0,"0,3,7",SAFE-Embed,0.1,ACI g=0.05,blocked,0.6573100812231247,0.5326086956521738,0.4673913043478261,0.9,-0.3673913043478262,92,0.006000000000000001,0.5274725274725275,0.5326086956521738,0.5300406115623506,0.33375,48
1,0,"0,3,7",SAFE-Embed,0.1,ACI g=0.05 (grow cal),blocked,0.6573100812231247,0.8586956521739131,0.14130434782608695,0.9,-0.04130434782608694,92,0.1510000000000001,0.26373626373626374,0.8586956521739131,0.5612159579550884,0.3941666666666667,24
1,0,"0,3,7",SAFE-Embed,0.1,split CP (SAFE),shuffled,0.6573100812231247,0.0,1.0,0.9,-0.9,92,0.1,1.0,0.0,0.5,0.021538461538461538,91
1,0,"0,3,7",SAFE-Embed,0.1,split CP (n+1 corr.),shuffled,0.6573100812231247,0.14130434782608692,0.8586956521739131,0.9,-0.7586956521739131,92,0.1,0.8241758241758241,0.14130434782608692,0.4827400860009555,0.24586666666666665,75
1,0,"0,3,7",SAFE-Embed,0.1,DtACI,shuffled,0.6573100812231247,0.4782608695652174,0.5217391304347826,0.9,-0.4217391304347826,92,0.009144093008760323,0.5384615384615384,0.4782608695652174,0.5083612040133779,0.32693877551020406,49
1,0,"0,3,7",SAFE-Embed,0.1,DtACI (grow cal),shuffled,0.6573100812231247,0.8369565217391304,0.16304347826086957,0.9,-0.06304347826086965,92,0.0736296640038324,0.2967032967032967,0.8369565217391304,0.5668299092212136,0.3814814814814814,27
1,0,"0,3,7",SAFE-Embed,0.1,ACI g=0.005,shuffled,0.6573100812231247,0.48913043478260865,0.5108695652173914,0.9,-0.4108695652173914,92,0.0015,0.5384615384615384,0.48913043478260865,0.5137959866220736,0.31510204081632653,49
1,0,"0,3,7",SAFE-Embed,0.1,ACI g=0.005 (grow cal),shuffled,0.6573100812231247,0.8478260869565217,0.15217391304347827,0.9,-0.05217391304347829,92,0.07599999999999998,0.3076923076923077,0.8478260869565217,0.5777591973244147,0.3835714285714286,28
1,0,"0,3,7",SAFE-Embed,0.1,ACI g=0.01,shuffled,0.6573100812231247,0.5543478260869565,0.44565217391304346,0.9,-0.3456521739130435,92,0.002,0.46153846153846156,0.5543478260869565,0.5079431438127091,0.33095238095238094,42
1,0,"0,3,7",SAFE-Embed,0.1,ACI g=0.01 (grow cal),shuffled,0.6573100812231247,0.8586956521739131,0.14130434782608695,0.9,-0.04130434782608694,92,0.06200000000000002,0.24175824175824176,0.8586956521739131,0.5502269469660774,0.39181818181818195,22
1,0,"0,3,7",SAFE-Embed,0.1,ACI g=0.05,shuffled,0.6573100812231247,0.5326086956521738,0.4673913043478261,0.9,-0.3673913043478262,92,0.006000000000000001,0.4945054945054945,0.5326086956521738,0.5135570950788342,0.37511111111111106,45
1,0,"0,3,7",SAFE-Embed,0.1,ACI g=0.05 (grow cal),shuffled,0.6573100812231247,0.8586956521739131,0.14130434782608695,0.9,-0.04130434782608694,92,0.016000000000000004,0.23076923076923078,0.8586956521739131,0.544732441471572,0.3990476190476191,21
1,0,"0,3,7",SAFE-Embed,0.1,split CP (SAFE),exch,0.6573100812231247,0.6875,0.3125,0.9,-0.21250000000000002,16,0.1,0.5072463768115942,0.6875,0.5973731884057971,0.3405714285714286,35
1,0,"0,3,7",SAFE-Embed,0.1,split CP (n+1 corr.),exch,0.6573100812231247,0.75,0.25,0.9,-0.15000000000000002,16,0.1,0.21739130434782608,0.75,0.483695652173913,0.37599999999999995,15
1,0,"0,3,7",SAFE-Embed,0.1,DtACI,exch,0.6573100812231247,0.6875,0.3125,0.9,-0.21250000000000002,16,0.08175332927605948,0.4492753623188406,0.6875,0.5683876811594203,0.3625806451612903,31
1,0,"0,3,7",SAFE-Embed,0.1,DtACI (grow cal),exch,0.6573100812231247,0.75,0.25,0.9,-0.15000000000000002,16,0.08287767060346078,0.2753623188405797,0.75,0.5126811594202898,0.28631578947368425,19
1,0,"0,3,7",SAFE-Embed,0.1,ACI g=0.005,exch,0.6573100812231247,0.6875,0.3125,0.9,-0.21250000000000002,16,0.08299999999999999,0.463768115942029,0.6875,0.5756340579710145,0.36624999999999996,32
1,0,"0,3,7",SAFE-Embed,0.1,ACI g=0.005 (grow cal),exch,0.6573100812231247,0.75,0.25,0.9,-0.15000000000000002,16,0.088,0.2898550724637681,0.75,0.519927536231884,0.305,20
1,0,"0,3,7",SAFE-Embed,0.1,ACI g=0.01,exch,0.6573100812231247,0.6875,0.3125,0.9,-0.21250000000000002,16,0.06599999999999998,0.42028985507246375,0.6875,0.5538949275362319,0.3655172413793104,29
1,0,"0,3,7",SAFE-Embed,0.1,ACI g=0.01 (grow cal),exch,0.6573100812231247,0.75,0.25,0.9,-0.15000000000000002,16,0.07599999999999998,0.2753623188405797,0.75,0.5126811594202898,0.28526315789473683,19
1,0,"0,3,7",SAFE-Embed,0.1,ACI g=0.05,exch,0.6573100812231247,0.8125,0.1875,0.9,-0.08750000000000002,16,0.03000000000000002,0.2753623188405797,0.8125,0.5439311594202898,0.29789473684210527,19
1,0,"0,3,7",SAFE-Embed,0.1,ACI g=0.05 (grow cal),exch,0.6573100812231247,0.875,0.125,0.9,-0.025000000000000022,16,0.08000000000000004,0.2608695652173913,0.875,0.5679347826086957,0.3066666666666667,18
1,0,"0,3,7",SAFE-Embed,0.15,split CP (SAFE),blocked,0.6573100812231247,0.0,1.0,0.85,-0.85,92,0.15,1.0,0.0,0.5,0.009450549450549451,91
1,0,"0,3,7",SAFE-Embed,0.15,split CP (n+1 corr.),blocked,0.6573100812231247,0.0,1.0,0.85,-0.85,92,0.15,1.0,0.0,0.5,0.0232967032967033,91
1,0,"0,3,7",SAFE-Embed,0.15,DtACI,blocked,0.6573100812231247,0.3586956521739131,0.6413043478260869,0.85,-0.4913043478260869,92,0.007673121332574276,0.6483516483516484,0.3586956521739131,0.5035236502627807,0.31559322033898307,59
1,0,"0,3,7",SAFE-Embed,0.15,DtACI (grow cal),blocked,0.6573100812231247,0.6521739130434783,0.34782608695652173,0.85,-0.1978260869565217,92,0.24159908698755625,0.3626373626373626,0.6521739130434783,0.5074056378404205,0.416969696969697,33
1,0,"0,3,7",SAFE-Embed,0.15,ACI g=0.005,blocked,0.6573100812231247,0.2934782608695652,0.7065217391304348,0.85,-0.5565217391304348,92,0.00175,0.6703296703296703,0.2934782608695652,0.48190396559961773,0.26557377049180325,61
1,0,"0,3,7",SAFE-Embed,0.15,ACI g=0.005 (grow cal),blocked,0.6573100812231247,0.6521739130434783,0.34782608695652173,0.85,-0.1978260869565217,92,0.058999999999999914,0.34065934065934067,0.6521739130434783,0.49641662685140947,0.37548387096774194,31
1,0,"0,3,7",SAFE-Embed,0.15,ACI g=0.01,blocked,0.6573100812231247,0.4130434782608695,0.5869565217391305,0.85,-0.43695652173913047,92,0.0025,0.6153846153846154,0.4130434782608695,0.5142140468227425,0.3217857142857143,56
1,0,"0,3,7",SAFE-Embed,0.15,ACI g=0.01 (grow cal),blocked,0.6573100812231247,0.75,0.25,0.85,-0.09999999999999998,92,0.05799999999999997,0.2967032967032967,0.75,0.5233516483516484,0.40444444444444444,27
1,0,"0,3,7",SAFE-Embed,0.15,ACI g=0.05,blocked,0.6573100812231247,0.4782608695652174,0.5217391304347826,0.85,-0.37173913043478257,92,0.0085,0.5494505494505495,0.4782608695652174,0.5138557095078835,0.33840000000000003,50
1,0,"0,3,7",SAFE-Embed,0.15,ACI g=0.05 (grow cal),blocked,0.6573100812231247,0.8152173913043479,0.18478260869565216,0.85,-0.034782608695652084,92,0.17600000000000013,0.26373626373626374,0.8152173913043479,0.5394768275203058,0.35833333333333334,24
1,0,"0,3,7",SAFE-Embed,0.15,split CP (SAFE),shuffled,0.6573100812231247,0.0,1.0,0.85,-0.85,92,0.15,1.0,0.0,0.5,0.009450549450549451,91
1,0,"0,3,7",SAFE-Embed,0.15,split CP (n+1 corr.),shuffled,0.6573100812231247,0.0,1.0,0.85,-0.85,92,0.15,1.0,0.0,0.5,0.0232967032967033,91
1,0,"0,3,7",SAFE-Embed,0.15,DtACI,shuffled,0.6573100812231247,0.44565217391304346,0.5543478260869565,0.85,-0.4043478260869565,92,0.013255284357984273,0.5824175824175825,0.44565217391304346,0.514034878165313,0.3313207547169811,53
1,0,"0,3,7",SAFE-Embed,0.15,DtACI (grow cal),shuffled,0.6573100812231247,0.7608695652173914,0.2391304347826087,0.85,-0.08913043478260863,92,0.09943529180791223,0.32967032967032966,0.7608695652173914,0.5452699474438605,0.38999999999999996,30
1,0,"0,3,7",SAFE-Embed,0.15,ACI g=0.005,shuffled,0.6573100812231247,0.40217391304347827,0.5978260869565217,0.85,-0.4478260869565217,92,0.00175,0.6593406593406593,0.40217391304347827,0.5307572861920689,0.16699999999999998,60
1,0,"0,3,7",SAFE-Embed,0.15,ACI g=0.005 (grow cal),shuffled,0.6573100812231247,0.75,0.25,0.85,-0.09999999999999998,92,0.10399999999999995,0.32967032967032966,0.75,0.5398351648351648,0.3606666666666667,30
1,0,"0,3,7",SAFE-Embed,0.15,ACI g=0.01,shuffled,0.6573100812231247,0.5,0.5,0.85,-0.35,92,0.0025,0.5274725274725275,0.5,0.5137362637362637,0.30041666666666667,48
1,0,"0,3,7",SAFE-Embed,0.15,ACI g=0.01 (grow cal),shuffled,0.6573100812231247,0.7717391304347826,0.22826086956521738,0.85,-0.07826086956521738,92,0.07799999999999993,0.32967032967032966,0.7717391304347826,0.5507047300525562,0.37600000000000006,30
1,0,"0,3,7",SAFE-Embed,0.15,ACI g=0.05,shuffled,0.6573100812231247,0.5,0.5,0.85,-0.35,92,0.0085,0.5164835164835165,0.5,0.5082417582417582,0.3519148936170213,47
1,0,"0,3,7",SAFE-Embed,0.15,ACI g=0.05 (grow cal),shuffled,0.6573100812231247,0.8152173913043479,0.18478260869565216,0.85,-0.034782608695652084,92,0.058500000000000205,0.25274725274725274,0.8152173913043479,0.5339823220258003,0.3808695652173913,23
1,0,"0,3,7",SAFE-Embed,0.15,split CP (SAFE),exch,0.6573100812231247,0.5625,0.4375,0.85,-0.2875,16,0.15,0.5652173913043478,0.5625,0.5638586956521738,0.2830769230769231,39
1,0,"0,3,7",SAFE-Embed,0.15,split CP (n+1 corr.),exch,0.6573100812231247,0.6875,0.3125,0.85,-0.16249999999999998,16,0.15,0.5072463768115942,0.6875,0.5973731884057971,0.35828571428571426,35
1,0,"0,3,7",SAFE-Embed,0.15,DtACI,exch,0.6573100812231247,0.625,0.375,0.85,-0.22499999999999998,16,0.1257174050216822,0.5507246376811594,0.625,0.5878623188405797,0.31631578947368416,38
1,0,"0,3,7",SAFE-Embed,0.15,DtACI (grow cal),exch,0.6573100812231247,0.6875,0.3125,0.85,-0.16249999999999998,16,0.13213601151590987,0.34782608695652173,0.6875,0.5176630434782609,0.30833333333333335,24
1,0,"0,3,7",SAFE-Embed,0.15,ACI g=0.005,exch,0.6573100812231247,0.625,0.375,0.85,-0.22499999999999998,16,0.13199999999999998,0.5652173913043478,0.625,0.5951086956521738,0.32307692307692304,39
1,0,"0,3,7",SAFE-Embed,0.15,ACI g=0.005 (grow cal),exch,0.6573100812231247,0.6875,0.3125,0.85,-0.16249999999999998,16,0.13699999999999998,0.36231884057971014,0.6875,0.5249094202898551,0.30720000000000003,25
1,0,"0,3,7",SAFE-Embed,0.15,ACI g=0.01,exch,0.6573100812231247,0.625,0.375,0.85,-0.22499999999999998,16,0.11399999999999996,0.5362318840579711,0.625,0.5806159420289856,0.30486486486486486,37
1,0,"0,3,7",SAFE-Embed,0.15,ACI g=0.01 (grow cal),exch,0.6573100812231247,0.6875,0.3125,0.85,-0.16249999999999998,16,0.12399999999999997,0.36231884057971014,0.6875,0.5249094202898551,0.32239999999999996,25
1,0,"0,3,7",SAFE-Embed,0.15,ACI g=0.05,exch,0.6573100812231247,0.6875,0.3125,0.85,-0.16249999999999998,16,0.019999999999999983,0.36231884057971014,0.6875,0.5249094202898551,0.32799999999999996,25
1,0,"0,3,7",SAFE-Embed,0.15,ACI g=0.05 (grow cal),exch,0.6573100812231247,0.75,0.25,0.85,-0.09999999999999998,16,0.06999999999999998,0.2898550724637681,0.75,0.519927536231884,0.261,20
1,0,"0,3,7",SAFE-Embed,0.2,split CP (SAFE),blocked,0.6573100812231247,0.0,1.0,0.8,-0.8,92,0.2,1.0,0.0,0.5,0.010769230769230769,91
1,0,"0,3,7",SAFE-Embed,0.2,split CP (n+1 corr.),blocked,0.6573100812231247,0.0,1.0,0.8,-0.8,92,0.2,1.0,0.0,0.5,0.0232967032967033,91
1,0,"0,3,7",SAFE-Embed,0.2,DtACI,blocked,0.6573100812231247,0.4130434782608695,0.5869565217391305,0.8,-0.38695652173913053,92,0.007322849354944009,0.7692307692307693,0.4130434782608695,0.5911371237458194,0.6722857142857144,70
1,0,"0,3,7",SAFE-Embed,0.2,DtACI (grow cal),blocked,0.6573100812231247,0.6195652173913043,0.3804347826086957,0.8,-0.18043478260869572,92,0.3355626920809541,0.6703296703296703,0.6195652173913043,0.6449474438604873,0.8163934426229509,61
1,0,"0,3,7",SAFE-Embed,0.2,ACI g=0.005,blocked,0.6573100812231247,0.30434782608695654,0.6956521739130435,0.8,-0.4956521739130435,92,0.004000000000000011,0.8241758241758241,0.30434782608695654,0.5642618251313903,0.48719999999999997,75
1,0,"0,3,7",SAFE-Embed,0.2,ACI g=0.005 (grow cal),blocked,0.6573100812231247,0.6195652173913043,0.3804347826086957,0.8,-0.18043478260869572,92,0.11699999999999994,0.6593406593406593,0.6195652173913043,0.6394529383659818,0.7906666666666666,60
1,0,"0,3,7",SAFE-Embed,0.2,ACI g=0.01,blocked,0.6573100812231247,0.3804347826086957,0.6195652173913043,0.8,-0.41956521739130437,92,0.009000000000000001,0.7582417582417582,0.3804347826086957,0.569338270425227,0.6124637681159419,69
1,0,"0,3,7",SAFE-Embed,0.2,ACI g=0.01 (grow cal),blocked,0.6573100812231247,0.6847826086956521,0.31521739130434784,0.8,-0.11521739130434794,92,0.09399999999999996,0.5494505494505495,0.6847826086956521,0.6171165790731008,0.8031999999999999,50
1,0,"0,3,7",SAFE-Embed,0.2,ACI g=0.05,blocked,0.6573100812231247,0.48913043478260865,0.5108695652173914,0.8,-0.3108695652173914,92,0.011000000000000003,0.7692307692307693,0.48913043478260865,0.629180602006689,0.6545714285714285,70
1,0,"0,3,7",SAFE-Embed,0.2,ACI g=0.05 (grow cal),blocked,0.6573100812231247,0.7934782608695652,0.20652173913043478,0.8,-0.006521739130434856,92,0.2510000000000002,0.5494505494505495,0.7934782608695652,0.6714644051600573,0.8132,50
1,0,"0,3,7",SAFE-Embed,0.2,split CP (SAFE),shuffled,0.6573100812231247,0.0,1.0,0.8,-0.8,92,0.2,1.0,0.0,0.5,0.010769230769230769,91
1,0,"0,3,7",SAFE-Embed,0.2,split CP (n+1 corr.),shuffled,0.6573100812231247,0.0,1.0,0.8,-0.8,92,0.2,1.0,0.0,0.5,0.0232967032967033,91
1,0,"0,3,7",SAFE-Embed,0.2,DtACI,shuffled,0.6573100812231247,0.3913043478260869,0.6086956521739131,0.8,-0.4086956521739131,92,0.001,0.7032967032967034,0.3913043478260869,0.5473005255613952,0.640625,64
1,0,"0,3,7",SAFE-Embed,0.2,DtACI (grow cal),shuffled,0.6573100812231247,0.75,0.25,0.8,-0.050000000000000044,92,0.16827750796058152,0.5494505494505495,0.75,0.6497252747252747,0.8251999999999999,50
1,0,"0,3,7",SAFE-Embed,0.2,ACI g=0.005,shuffled,0.6573100812231247,0.2934782608695652,0.7065217391304348,0.8,-0.5065217391304349,92,0.001,0.7252747252747253,0.2934782608695652,0.5093764930721452,0.3184848484848485,66
1,0,"0,3,7",SAFE-Embed,0.2,ACI g=0.005 (grow cal),shuffled,0.6573100812231247,0.7391304347826086,0.2608695652173913,0.8,-0.0608695652173914,92,0.172,0.5494505494505495,0.7391304347826086,0.6442904921165791,0.7444,50
1,0,"0,3,7",SAFE-Embed,0.2,ACI g=0.01,shuffled,0.6573100812231247,0.5,0.5,0.8,-0.30000000000000004,92,0.001,0.6813186813186813,0.5,0.5906593406593407,0.522258064516129,62
1,0,"0,3,7",SAFE-Embed,0.2,ACI g=0.01 (grow cal),shuffled,0.6573100812231247,0.75,0.25,0.8,-0.050000000000000044,92,0.15399999999999997,0.5274725274725275,0.75,0.6387362637362637,0.7758333333333333,48
1,0,"0,3,7",SAFE-Embed,0.2,ACI g=0.05,shuffled,0.6573100812231247,0.5,0.5,0.8,-0.30000000000000004,92,0.001,0.6593406593406593,0.5,0.5796703296703296,0.6786666666666666,60
1,0,"0,3,7",SAFE-Embed,0.2,ACI g=0.05 (grow cal),shuffled,0.6573100812231247,0.7934782608695652,0.20652173913043478,0.8,-0.006521739130434856,92,0.17100000000000043,0.4175824175824176,0.7934782608695652,0.6055303392259914,0.8421052631578947,38
1,0,"0,3,7",SAFE-Embed,0.2,split CP (SAFE),exch,0.6573100812231247,0.5625,0.4375,0.8,-0.23750000000000004,16,0.2,0.7681159420289855,0.5625,0.6653079710144927,0.42754716981132074,53
1,0,"0,3,7",SAFE-Embed,0.2,split CP (n+1 corr.),exch,0.6573100812231247,0.5625,0.4375,0.8,-0.23750000000000004,16,0.2,0.7391304347826086,0.5625,0.6508152173913043,0.47803921568627455,51
1,0,"0,3,7",SAFE-Embed,0.2,DtACI,exch,0.6573100812231247,0.5625,0.4375,0.8,-0.23750000000000004,16,0.17231053727389894,0.7681159420289855,0.5625,0.6653079710144927,0.441132075471698,53
1,0,"0,3,7",SAFE-Embed,0.2,DtACI (grow cal),exch,0.6573100812231247,0.5625,0.4375,0.8,-0.23750000000000004,16,0.17659923088141236,0.6086956521739131,0.5625,0.5855978260869565,0.47952380952380963,42
1,0,"0,3,7",SAFE-Embed,0.2,ACI g=0.005,exch,0.6573100812231247,0.5625,0.4375,0.8,-0.23750000000000004,16,0.181,0.7681159420289855,0.5625,0.6653079710144927,0.4350943396226415,53
1,0,"0,3,7",SAFE-Embed,0.2,ACI g=0.005 (grow cal),exch,0.6573100812231247,0.5625,0.4375,0.8,-0.23750000000000004,16,0.181,0.6231884057971014,0.5625,0.5928442028985508,0.4706976744186047,43
1,0,"0,3,7",SAFE-Embed,0.2,ACI g=0.01,exch,0.6573100812231247,0.5625,0.4375,0.8,-0.23750000000000004,16,0.16199999999999998,0.7536231884057971,0.5625,0.6580615942028986,0.4346153846153846,52
1,0,"0,3,7",SAFE-Embed,0.2,ACI g=0.01 (grow cal),exch,0.6573100812231247,0.5625,0.4375,0.8,-0.23750000000000004,16,0.16199999999999998,0.6086956521739131,0.5625,0.5855978260869565,0.4976190476190477,42
1,0,"0,3,7",SAFE-Embed,0.2,ACI g=0.05,exch,0.6573100812231247,0.625,0.375,0.8,-0.17500000000000004,16,0.06000000000000004,0.5942028985507246,0.625,0.6096014492753623,0.4892682926829268,41
1,0,"0,3,7",SAFE-Embed,0.2,ACI g=0.05 (grow cal),exch,0.6573100812231247,0.6875,0.3125,0.8,-0.11250000000000004,16,0.11000000000000007,0.4782608695652174,0.6875,0.5828804347826086,0.4824242424242424,33
1,0,"0,3,7",SAFE-Embed,0.25,split CP (SAFE),blocked,0.6573100812231247,0.0,1.0,0.75,-0.75,92,0.25,1.0,0.0,0.5,0.01846153846153846,91
1,0,"0,3,7",SAFE-Embed,0.25,split CP (n+1 corr.),blocked,0.6573100812231247,0.0,1.0,0.75,-0.75,92,0.25,1.0,0.0,0.5,0.04549450549450549,91
1,0,"0,3,7",SAFE-Embed,0.25,DtACI,blocked,0.6573100812231247,0.42391304347826086,0.5760869565217391,0.75,-0.32608695652173914,92,0.0047098775700937165,0.7692307692307693,0.42391304347826086,0.5965719063545151,0.6708571428571428,70
1,0,"0,3,7",SAFE-Embed,0.25,DtACI (grow cal),blocked,0.6573100812231247,0.5869565217391304,0.41304347826086957,0.75,-0.16304347826086962,92,0.2964332274315756,0.6703296703296703,0.5869565217391304,0.6286430960344003,0.7580327868852459,61
1,0,"0,3,7",SAFE-Embed,0.25,ACI g=0.005,blocked,0.6573100812231247,0.21739130434782605,0.782608695652174,0.75,-0.532608695652174,92,0.006000000000000001,0.9010989010989011,0.21739130434782605,0.5592451027233636,0.40121951219512203,82
1,0,"0,3,7",SAFE-Embed,0.25,ACI g=0.005 (grow cal),blocked,0.6573100812231247,0.5434782608695652,0.45652173913043476,0.75,-0.2065217391304348,92,0.15499999999999992,0.6923076923076923,0.5434782608695652,0.6178929765886287,0.7295238095238095,63
1,0,"0,3,7",SAFE-Embed,0.25,ACI g=0.01,blocked,0.6573100812231247,0.3152173913043478,0.6847826086956522,0.75,-0.4347826086956522,92,0.0035,0.7912087912087912,0.3152173913043478,0.5532130912565695,0.5330555555555556,72
1,0,"0,3,7",SAFE-Embed,0.25,ACI g=0.01 (grow cal),blocked,0.6573100812231247,0.6195652173913043,0.3804347826086957,0.75,-0.13043478260869568,92,0.1299999999999999,0.6263736263736264,0.6195652173913043,0.6229694218824653,0.7298245614035088,57
1,0,"0,3,7",SAFE-Embed,0.25,ACI g=0.05,blocked,0.6573100812231247,0.4347826086956522,0.5652173913043478,0.75,-0.3152173913043478,92,0.013500000000000002,0.7032967032967034,0.4347826086956522,0.5690396559961778,0.693125,64
1,0,"0,3,7",SAFE-Embed,0.25,ACI g=0.05 (grow cal),blocked,0.6573100812231247,0.7391304347826086,0.2608695652173913,0.75,-0.010869565217391353,92,0.23850000000000018,0.5494505494505495,0.7391304347826086,0.6442904921165791,0.7539999999999999,50
1,0,"0,3,7",SAFE-Embed,0.25,split CP (SAFE),shuffled,0.6573100812231247,0.0,1.0,0.75,-0.75,92,0.25,1.0,0.0,0.5,0.018461538461538463,91
1,0,"0,3,7",SAFE-Embed,0.25,split CP (n+1 corr.),shuffled,0.6573100812231247,0.0,1.0,0.75,-0.75,92,0.25,1.0,0.0,0.5,0.04549450549450549,91
1,0,"0,3,7",SAFE-Embed,0.25,DtACI,shuffled,0.6573100812231247,0.4565217391304348,0.5434782608695652,0.75,-0.2934782608695652,92,0.001167183749341033,0.6813186813186813,0.4565217391304348,0.5689202102245581,0.6712903225806451,62
1,0,"0,3,7",SAFE-Embed,0.25,DtACI (grow cal),shuffled,0.6573100812231247,0.6630434782608696,0.33695652173913043,0.75,-0.08695652173913038,92,0.19996742138626433,0.5604395604395604,0.6630434782608696,0.611741519350215,0.7690196078431373,51
1,0,"0,3,7",SAFE-Embed,0.25,ACI g=0.005,shuffled,0.6573100812231247,0.19565217391304346,0.8043478260869565,0.75,-0.5543478260869565,92,0.0022500000000000003,0.8241758241758241,0.19565217391304346,0.5099139990444338,0.2552,75
1,0,"0,3,7",SAFE-Embed,0.25,ACI g=0.005 (grow cal),shuffled,0.6573100812231247,0.6413043478260869,0.358695652173913,0.75,-0.10869565217391308,92,0.19999999999999996,0.5274725274725275,0.6413043478260869,0.5843884376493071,0.6887500000000001,48
1,0,"0,3,7",SAFE-Embed,0.25,ACI g=0.01,shuffled,0.6573100812231247,0.3913043478260869,0.6086956521739131,0.75,-0.3586956521739131,92,0.001,0.6923076923076923,0.3913043478260869,0.5418060200668896,0.393015873015873,63
1,0,"0,3,7",SAFE-Embed,0.25,ACI g=0.01 (grow cal),shuffled,0.6573100812231247,0.6847826086956521,0.31521739130434784,0.75,-0.0652173913043479,92,0.18999999999999995,0.5274725274725275,0.6847826086956521,0.6061275680840899,0.7033333333333333,48
1,0,"0,3,7",SAFE-Embed,0.25,ACI g=0.05,shuffled,0.6573100812231247,0.46739130434782605,0.532608695652174,0.75,-0.28260869565217395,92,0.001,0.6483516483516484,0.46739130434782605,0.5578714763497372,0.6640677966101695,59
1,0,"0,3,7",SAFE-Embed,0.25,ACI g=0.05 (grow cal),shuffled,0.6573100812231247,0.7391304347826086,0.2608695652173913,0.75,-0.010869565217391353,92,0.2010000000000004,0.4175824175824176,0.7391304347826086,0.5783564261825132,0.7542105263157894,38
1,0,"0,3,7",SAFE-Embed,0.25,split CP (SAFE),exch,0.6573100812231247,0.5625,0.4375,0.75,-0.1875,16,0.25,0.782608695652174,0.5625,0.6725543478260869,0.4340740740740741,54
1,0,"0,3,7",SAFE-Embed,0.25,split CP (n+1 corr.),exch,0.6573100812231247,0.5625,0.4375,0.75,-0.1875,16,0.25,0.7246376811594203,0.5625,0.6435688405797102,0.4996,50
1,0,"0,3,7",SAFE-Embed,0.25,DtACI,exch,0.6573100812231247,0.5625,0.4375,0.75,-0.1875,16,0.22735044716634575,0.7681159420289855,0.5625,0.6653079710144927,0.45622641509433964,53
1,0,"0,3,7",SAFE-Embed,0.25,DtACI (grow cal),exch,0.6573100812231247,0.5625,0.4375,0.75,-0.1875,16,0.22771772903862858,0.6811594202898551,0.5625,0.6218297101449275,0.4680851063829788,47
1,0,"0,3,7",SAFE-Embed,0.25,ACI g=0.005,exch,0.6573100812231247,0.5625,0.4375,0.75,-0.1875,16,0.23499999999999996,0.7681159420289855,0.5625,0.6653079710144927,0.429811320754717,53
1,0,"0,3,7",SAFE-Embed,0.25,ACI g=0.005 (grow cal),exch,0.6573100812231247,0.5625,0.4375,0.75,-0.1875,16,0.23499999999999996,0.7101449275362319,0.5625,0.636322463768116,0.47755102040816333,49
1,0,"0,3,7",SAFE-Embed,0.25,ACI g=0.01,exch,0.6573100812231247,0.5625,0.4375,0.75,-0.1875,16,0.21999999999999997,0.7681159420289855,0.5625,0.6653079710144927,0.45094339622641505,53
1,0,"0,3,7",SAFE-Embed,0.25,ACI g=0.01 (grow cal),exch,0.6573100812231247,0.5625,0.4375,0.75,-0.1875,16,0.21999999999999997,0.7101449275362319,0.5625,0.636322463768116,0.4804081632653061,49
1,0,"0,3,7",SAFE-Embed,0.25,ACI g=0.05,exch,0.6573100812231247,0.5625,0.4375,0.75,-0.1875,16,0.10000000000000002,0.6376811594202898,0.5625,0.6000905797101449,0.4559090909090908,44
1,0,"0,3,7",SAFE-Embed,0.25,ACI g=0.05 (grow cal),exch,0.6573100812231247,0.5625,0.4375,0.75,-0.1875,16,0.10000000000000002,0.5507246376811594,0.5625,0.5566123188405797,0.43,38
1,0,"0,3,7",H&S inter+intra,0.1,split CP (SAFE),blocked,0.668179646440516,0.5217391304347826,0.4782608695652174,0.9,-0.37826086956521743,92,0.1,0.46153846153846156,0.5217391304347826,0.4916387959866221,0.18857142857142856,42
1,0,"0,3,7",H&S inter+intra,0.1,split CP (n+1 corr.),blocked,0.668179646440516,0.5434782608695652,0.45652173913043476,0.9,-0.35652173913043483,92,0.1,0.27472527472527475,0.5434782608695652,0.40910176779741997,0.10240000000000002,25
1,0,"0,3,7",H&S inter+intra,0.1,DtACI,blocked,0.668179646440516,0.7391304347826086,0.2608695652173913,0.9,-0.16086956521739137,92,0.01374999999999999,0.2087912087912088,0.7391304347826086,0.47396082178690874,0.17157894736842105,19
1,0,"0,3,7",H&S inter+intra,0.1,DtACI (grow cal),blocked,0.668179646440516,0.8260869565217391,0.17391304347826086,0.9,-0.07391304347826089,92,0.05374999999999999,0.13186813186813187,0.8260869565217391,0.4789775441949355,0.15000000000000002,12
1,0,"0,3,7",H&S inter+intra,0.1,ACI g=0.005,blocked,0.668179646440516,0.6956521739130435,0.30434782608695654,0.9,-0.20434782608695656,92,0.005999999999999948,0.2087912087912088,0.6956521739130435,0.45222169135212614,0.09684210526315791,19
1,0,"0,3,7",H&S inter+intra,0.1,ACI g=0.005 (grow cal),blocked,0.668179646440516,0.8260869565217391,0.17391304347826086,0.9,-0.07391304347826089,92,0.06599999999999998,0.14285714285714285,0.8260869565217391,0.484472049689441,0.09692307692307695,13
1,0,"0,3,7",H&S inter+intra,0.1,ACI g=0.01,blocked,0.668179646440516,0.7608695652173914,0.2391304347826087,0.9,-0.13913043478260867,92,0.007,0.17582417582417584,0.7608695652173914,0.4683468705207836,0.1,16
1,0,"0,3,7",H&S inter+intra,0.1,ACI g=0.01 (grow cal),blocked,0.668179646440516,0.8369565217391304,0.16304347826086957,0.9,-0.06304347826086965,92,0.04199999999999999,0.12087912087912088,0.8369565217391304,0.47891782130912564,0.09454545454545454,11
1,0,"0,3,7",H&S inter+intra,0.1,ACI g=0.05,blocked,0.668179646440516,0.8152173913043479,0.18478260869565216,0.9,-0.08478260869565213,92,0.031000000000000007,0.14285714285714285,0.8152173913043479,0.47903726708074534,0.09230769230769233,13
1,0,"0,3,7",H&S inter+intra,0.1,ACI g=0.05 (grow cal),blocked,0.668179646440516,0.8586956521739131,0.14130434782608695,0.9,-0.04130434782608694,92,0.036000000000000004,0.10989010989010989,0.8586956521739131,0.4842928810320115,0.092,10
1,0,"0,3,7",H&S inter+intra,0.1,split CP (SAFE),shuffled,0.668179646440516,0.5217391304347826,0.4782608695652174,0.9,-0.37826086956521743,92,0.1,0.46153846153846156,0.5217391304347826,0.4916387959866221,0.18857142857142856,42
1,0,"0,3,7",H&S inter+intra,0.1,split CP (n+1 corr.),shuffled,0.668179646440516,0.5434782608695652,0.45652173913043476,0.9,-0.35652173913043483,92,0.1,0.27472527472527475,0.5434782608695652,0.40910176779741997,0.10240000000000002,25
1,0,"0,3,7",H&S inter+intra,0.1,DtACI,shuffled,0.668179646440516,0.75,0.25,0.9,-0.15000000000000002,92,0.020999999999999998,0.1978021978021978,0.75,0.4739010989010989,0.1077777777777778,18
1,0,"0,3,7",H&S inter+intra,0.1,DtACI (grow cal),shuffled,0.668179646440516,0.8804347826086957,0.11956521739130435,0.9,-0.019565217391304346,92,0.09875000000000012,0.10989010989010989,0.8804347826086957,0.49516244624940275,0.1,10
1,0,"0,3,7",H&S inter+intra,0.1,ACI g=0.005,shuffled,0.668179646440516,0.75,0.25,0.9,-0.15000000000000002,92,0.03099999999999996,0.2087912087912088,0.75,0.4793956043956044,0.11052631578947371,19
1,0,"0,3,7",H&S inter+intra,0.1,ACI g=0.005 (grow cal),shuffled,0.668179646440516,0.8586956521739131,0.14130434782608695,0.9,-0.04130434782608694,92,0.08099999999999999,0.12087912087912088,0.8586956521739131,0.489787386526517,0.09818181818181819,11
1,0,"0,3,7",H&S inter+intra,0.1,ACI g=0.01,shuffled,0.668179646440516,0.8152173913043479,0.18478260869565216,0.9,-0.08478260869565213,92,0.031000000000000028,0.17582417582417584,0.8152173913043479,0.4955207835642619,0.10625000000000001,16
1,0,"0,3,7",H&S inter+intra,0.1,ACI g=0.01 (grow cal),shuffled,0.668179646440516,0.8804347826086957,0.11956521739130435,0.9,-0.019565217391304346,92,0.08200000000000002,0.12087912087912088,0.8804347826086957,0.5006569517439082,0.09818181818181819,11
1,0,"0,3,7",H&S inter+intra,0.1,ACI g=0.05,shuffled,0.668179646440516,0.8043478260869565,0.1956521739130435,0.9,-0.09565217391304348,92,0.01100000000000001,0.13186813186813187,0.8043478260869565,0.4681079789775442,0.10333333333333335,12
1,0,"0,3,7",H&S inter+intra,0.1,ACI g=0.05 (grow cal),shuffled,0.668179646440516,0.8913043478260869,0.10869565217391304,0.9,-0.008695652173913104,92,0.11100000000000015,0.06593406593406594,0.8913043478260869,0.4786192068800764,0.09000000000000001,6
1,0,"0,3,7",H&S inter+intra,0.1,split CP (SAFE),exch,0.668179646440516,0.5625,0.4375,0.9,-0.3375,16,0.1,0.4057971014492754,0.5625,0.4841485507246377,0.505,28
1,0,"0,3,7",H&S inter+intra,0.1,split CP (n+1 corr.),exch,0.668179646440516,0.6875,0.3125,0.9,-0.21250000000000002,16,0.1,0.14492753623188406,0.6875,0.416213768115942,0.088,10
1,0,"0,3,7",H&S inter+intra,0.1,DtACI,exch,0.668179646440516,0.6875,0.3125,0.9,-0.21250000000000002,16,0.07759499999999998,0.2318840579710145,0.6875,0.45969202898550726,0.31375,16
1,0,"0,3,7",H&S inter+intra,0.1,DtACI (grow cal),exch,0.668179646440516,0.75,0.25,0.9,-0.15000000000000002,16,0.08275000000000002,0.2028985507246377,0.75,0.47644927536231885,0.35285714285714287,14
1,0,"0,3,7",H&S inter+intra,0.1,ACI g=0.005,exch,0.668179646440516,0.625,0.375,0.9,-0.275,16,0.07799999999999999,0.2753623188405797,0.625,0.45018115942028986,0.3557894736842105,19
1,0,"0,3,7",H&S inter+intra,0.1,ACI g=0.005 (grow cal),exch,0.668179646440516,0.75,0.25,0.9,-0.15000000000000002,16,0.088,0.2028985507246377,0.75,0.47644927536231885,0.35285714285714287,14
1,0,"0,3,7",H&S inter+intra,0.1,ACI g=0.01,exch,0.668179646440516,0.625,0.375,0.9,-0.275,16,0.05599999999999998,0.2463768115942029,0.625,0.43568840579710144,0.3011764705882353,17
1,0,"0,3,7",H&S inter+intra,0.1,ACI g=0.01 (grow cal),exch,0.668179646440516,0.75,0.25,0.9,-0.15000000000000002,16,0.07599999999999998,0.2028985507246377,0.75,0.47644927536231885,0.35285714285714287,14
1,0,"0,3,7",H&S inter+intra,0.1,ACI g=0.05,exch,0.668179646440516,0.8125,0.1875,0.9,-0.08750000000000002,16,0.05600000000000002,0.18840579710144928,0.8125,0.5004528985507246,0.3707692307692308,13
1,0,"0,3,7",H&S inter+intra,0.1,ACI g=0.05 (grow cal),exch,0.668179646440516,0.8125,0.1875,0.9,-0.08750000000000002,16,0.05600000000000002,0.17391304347826086,0.8125,0.49320652173913043,0.395,12
1,0,"0,3,7",H&S inter+intra,0.15,split CP (SAFE),blocked,0.668179646440516,0.4347826086956522,0.5652173913043478,0.85,-0.41521739130434776,92,0.15,0.5604395604395604,0.4347826086956522,0.49761108456760633,0.2576470588235294,51
1,0,"0,3,7",H&S inter+intra,0.15,split CP (n+1 corr.),blocked,0.668179646440516,0.5217391304347826,0.4782608695652174,0.85,-0.3282608695652174,92,0.15,0.46153846153846156,0.5217391304347826,0.4916387959866221,0.18857142857142856,42
1,0,"0,3,7",H&S inter+intra,0.15,DtACI,blocked,0.668179646440516,0.6739130434782609,0.32608695652173914,0.85,-0.1760869565217391,92,0.028999999999999974,0.3516483516483517,0.6739130434782609,0.5127806975633062,0.2375,32
1,0,"0,3,7",H&S inter+intra,0.15,DtACI (grow cal),blocked,0.668179646440516,0.782608695652174,0.21739130434782608,0.85,-0.06739130434782603,92,0.08724999999999997,0.2087912087912088,0.782608695652174,0.4956999522216914,0.248421052631579,19
1,0,"0,3,7",H&S inter+intra,0.15,ACI g=0.005,blocked,0.668179646440516,0.5869565217391304,0.41304347826086957,0.85,-0.2630434782608696,92,0.028999999999999894,0.4065934065934066,0.5869565217391304,0.4967749641662685,0.18054054054054053,37
1,0,"0,3,7",H&S inter+intra,0.15,ACI g=0.005 (grow cal),blocked,0.668179646440516,0.7608695652173914,0.2391304347826087,0.85,-0.08913043478260863,92,0.10899999999999996,0.17582417582417584,0.7608695652173914,0.4683468705207836,0.0975,16
1,0,"0,3,7",H&S inter+intra,0.15,ACI g=0.01,blocked,0.668179646440516,0.6739130434782609,0.32608695652173914,0.85,-0.1760869565217391,92,0.009999999999999998,0.23076923076923078,0.6739130434782609,0.4523411371237458,0.10000000000000002,21
1,0,"0,3,7",H&S inter+intra,0.15,ACI g=0.01 (grow cal),blocked,0.668179646440516,0.7608695652173914,0.2391304347826087,0.85,-0.08913043478260863,92,0.06799999999999992,0.16483516483516483,0.7608695652173914,0.4628523650262781,0.0986666666666667,15
1,0,"0,3,7",H&S inter+intra,0.15,ACI g=0.05,blocked,0.668179646440516,0.7608695652173914,0.2391304347826087,0.85,-0.08913043478260863,92,0.046,0.21978021978021978,0.7608695652173914,0.49032489249880556,0.202,20
1,0,"0,3,7",H&S inter+intra,0.15,ACI g=0.05 (grow cal),blocked,0.668179646440516,0.8260869565217391,0.17391304347826086,0.85,-0.023913043478260843,92,0.066,0.15384615384615385,0.8260869565217391,0.4899665551839465,0.14428571428571432,14
1,0,"0,3,7",H&S inter+intra,0.15,split CP (SAFE),shuffled,0.668179646440516,0.4347826086956522,0.5652173913043478,0.85,-0.41521739130434776,92,0.15,0.5604395604395604,0.4347826086956522,0.49761108456760633,0.2576470588235294,51
1,0,"0,3,7",H&S inter+intra,0.15,split CP (n+1 corr.),shuffled,0.668179646440516,0.5217391304347826,0.4782608695652174,0.85,-0.3282608695652174,92,0.15,0.46153846153846156,0.5217391304347826,0.4916387959866221,0.18857142857142856,42
1,0,"0,3,7",H&S inter+intra,0.15,DtACI,shuffled,0.668179646440516,0.6304347826086957,0.3695652173913043,0.85,-0.2195652173913043,92,0.029749999999999967,0.27472527472527475,0.6304347826086957,0.4525800286669852,0.1312,25
1,0,"0,3,7",H&S inter+intra,0.15,DtACI (grow cal),shuffled,0.668179646440516,0.782608695652174,0.21739130434782608,0.85,-0.06739130434782603,92,0.12725000000000014,0.15384615384615385,0.782608695652174,0.4682274247491639,0.1542857142857143,14
1,0,"0,3,7",H&S inter+intra,0.15,ACI g=0.005,shuffled,0.668179646440516,0.5978260869565217,0.40217391304347827,0.85,-0.25217391304347825,92,0.03399999999999989,0.32967032967032966,0.5978260869565217,0.46374820831342567,0.13266666666666668,30
1,0,"0,3,7",H&S inter+intra,0.15,ACI g=0.005 (grow cal),shuffled,0.668179646440516,0.8152173913043479,0.18478260869565216,0.85,-0.034782608695652084,92,0.13399999999999998,0.15384615384615385,0.8152173913043479,0.4845317725752509,0.1542857142857143,14
1,0,"0,3,7",H&S inter+intra,0.15,ACI g=0.01,shuffled,0.668179646440516,0.7282608695652174,0.2717391304347826,0.85,-0.12173913043478257,92,0.03799999999999998,0.23076923076923078,0.7282608695652174,0.47951505016722407,0.14285714285714288,21
1,0,"0,3,7",H&S inter+intra,0.15,ACI g=0.01 (grow cal),shuffled,0.668179646440516,0.8260869565217391,0.17391304347826086,0.85,-0.023913043478260843,92,0.12799999999999997,0.13186813186813187,0.8260869565217391,0.4789775441949355,0.10000000000000002,12
1,0,"0,3,7",H&S inter+intra,0.15,ACI g=0.05,shuffled,0.668179646440516,0.7717391304347826,0.22826086956521738,0.85,-0.07826086956521738,92,0.016,0.13186813186813187,0.7717391304347826,0.4518036311514572,0.10166666666666668,12
1,0,"0,3,7",H&S inter+intra,0.15,ACI g=0.05 (grow cal),shuffled,0.668179646440516,0.8369565217391304,0.16304347826086957,0.85,-0.013043478260869601,92,0.11600000000000024,0.10989010989010989,0.8369565217391304,0.47342331581462016,0.10200000000000001,10
1,0,"0,3,7",H&S inter+intra,0.15,split CP (SAFE),exch,0.668179646440516,0.5625,0.4375,0.85,-0.2875,16,0.15,0.6231884057971014,0.5625,0.5928442028985508,0.5646511627906978,43
1,0,"0,3,7",H&S inter+intra,0.15,split CP (n+1 corr.),exch,0.668179646440516,0.5625,0.4375,0.85,-0.2875,16,0.15,0.37681159420289856,0.5625,0.4696557971014493,0.4807692307692308,26
1,0,"0,3,7",H&S inter+intra,0.15,DtACI,exch,0.668179646440516,0.625,0.375,0.85,-0.22499999999999998,16,0.12619499885348054,0.463768115942029,0.625,0.5443840579710145,0.5193749999999999,32
1,0,"0,3,7",H&S inter+intra,0.15,DtACI (grow cal),exch,0.668179646440516,0.8125,0.1875,0.85,-0.03749999999999998,16,0.13636499999999996,0.21739130434782608,0.8125,0.5149456521739131,0.41999999999999993,15
1,0,"0,3,7",H&S inter+intra,0.15,ACI g=0.005,exch,0.668179646440516,0.5625,0.4375,0.85,-0.2875,16,0.12699999999999997,0.5797101449275363,0.5625,0.5711050724637681,0.5599999999999999,40
1,0,"0,3,7",H&S inter+intra,0.15,ACI g=0.005 (grow cal),exch,0.668179646440516,0.6875,0.3125,0.85,-0.16249999999999998,16,0.13699999999999998,0.2318840579710145,0.6875,0.45969202898550726,0.39875,16
1,0,"0,3,7",H&S inter+intra,0.15,ACI g=0.01,exch,0.668179646440516,0.5625,0.4375,0.85,-0.2875,16,0.10399999999999995,0.4927536231884058,0.5625,0.5276268115942029,0.5358823529411765,34
1,0,"0,3,7",H&S inter+intra,0.15,ACI g=0.01 (grow cal),exch,0.668179646440516,0.6875,0.3125,0.85,-0.16249999999999998,16,0.12399999999999997,0.2318840579710145,0.6875,0.45969202898550726,0.39875,16
1,0,"0,3,7",H&S inter+intra,0.15,ACI g=0.05,exch,0.668179646440516,0.75,0.25,0.85,-0.09999999999999998,16,0.06999999999999998,0.2463768115942029,0.75,0.49818840579710144,0.38,17
1,0,"0,3,7",H&S inter+intra,0.15,ACI g=0.05 (grow cal),exch,0.668179646440516,0.75,0.25,0.85,-0.09999999999999998,16,0.06999999999999998,0.21739130434782608,0.75,0.483695652173913,0.3773333333333333,15
1,0,"0,3,7",H&S inter+intra,0.2,split CP (SAFE),blocked,0.668179646440516,0.4130434782608695,0.5869565217391305,0.8,-0.38695652173913053,92,0.2,0.5164835164835165,0.4130434782608695,0.464763497372193,0.09531914893617022,47
1,0,"0,3,7",H&S inter+intra,0.2,split CP (n+1 corr.),blocked,0.668179646440516,0.4130434782608695,0.5869565217391305,0.8,-0.38695652173913053,92,0.2,0.4725274725274725,0.4130434782608695,0.442785475394171,0.09348837209302327,43
1,0,"0,3,7",H&S inter+intra,0.2,DtACI,blocked,0.668179646440516,0.5652173913043479,0.43478260869565216,0.8,-0.23478260869565215,92,0.019499999999999944,0.4175824175824176,0.5652173913043479,0.4913999044433828,0.09263157894736844,38
1,0,"0,3,7",H&S inter+intra,0.2,DtACI (grow cal),blocked,0.668179646440516,0.6956521739130435,0.30434782608695654,0.8,-0.10434782608695659,92,0.09324999999999997,0.24175824175824176,0.6956521739130435,0.4687052078356426,0.08636363636363638,22
1,0,"0,3,7",H&S inter+intra,0.2,ACI g=0.005,blocked,0.668179646440516,0.4565217391304348,0.5434782608695652,0.8,-0.34347826086956523,92,0.04199999999999987,0.4065934065934066,0.4565217391304348,0.4315575728619207,0.09243243243243245,37
1,0,"0,3,7",H&S inter+intra,0.2,ACI g=0.005 (grow cal),blocked,0.668179646440516,0.6847826086956521,0.31521739130434784,0.8,-0.11521739130434794,92,0.14699999999999996,0.26373626373626374,0.6847826086956521,0.4742594362159579,0.08833333333333333,24
1,0,"0,3,7",H&S inter+intra,0.2,ACI g=0.01,blocked,0.668179646440516,0.5869565217391304,0.41304347826086957,0.8,-0.21304347826086967,92,0.003999999999999898,0.3076923076923077,0.5869565217391304,0.44732441471571904,0.08714285714285716,28
1,0,"0,3,7",H&S inter+intra,0.2,ACI g=0.01 (grow cal),blocked,0.668179646440516,0.6847826086956521,0.31521739130434784,0.8,-0.11521739130434794,92,0.09399999999999992,0.24175824175824176,0.6847826086956521,0.46327042522694695,0.0881818181818182,22
1,0,"0,3,7",H&S inter+intra,0.2,ACI g=0.05,blocked,0.668179646440516,0.6847826086956521,0.31521739130434784,0.8,-0.11521739130434794,92,0.011000000000000003,0.27472527472527475,0.6847826086956521,0.4797539417104634,0.0864,25
1,0,"0,3,7",H&S inter+intra,0.2,ACI g=0.05 (grow cal),blocked,0.668179646440516,0.7717391304347826,0.22826086956521738,0.8,-0.02826086956521745,92,0.09100000000000003,0.1978021978021978,0.7717391304347826,0.4847706641184902,0.08666666666666667,18
1,0,"0,3,7",H&S inter+intra,0.2,split CP (SAFE),shuffled,0.668179646440516,0.4130434782608695,0.5869565217391305,0.8,-0.38695652173913053,92,0.2,0.5164835164835165,0.4130434782608695,0.464763497372193,0.09531914893617022,47
1,0,"0,3,7",H&S inter+intra,0.2,split CP (n+1 corr.),shuffled,0.668179646440516,0.4130434782608695,0.5869565217391305,0.8,-0.38695652173913053,92,0.2,0.4725274725274725,0.4130434782608695,0.442785475394171,0.09348837209302327,43
1,0,"0,3,7",H&S inter+intra,0.2,DtACI,shuffled,0.668179646440516,0.6086956521739131,0.391304347826087,0.8,-0.19130434782608696,92,0.05824999999999997,0.3626373626373626,0.6086956521739131,0.4856665074056379,0.0903030303030303,33
1,0,"0,3,7",H&S inter+intra,0.2,DtACI (grow cal),shuffled,0.668179646440516,0.75,0.25,0.8,-0.050000000000000044,92,0.18200000000000016,0.12087912087912088,0.75,0.43543956043956045,0.0909090909090909,11
1,0,"0,3,7",H&S inter+intra,0.2,ACI g=0.005,shuffled,0.668179646440516,0.5326086956521738,0.4673913043478261,0.8,-0.2673913043478262,92,0.0769999999999999,0.42857142857142855,0.5326086956521738,0.4805900621118012,0.09487179487179488,39
1,0,"0,3,7",H&S inter+intra,0.2,ACI g=0.005 (grow cal),shuffled,0.668179646440516,0.7173913043478262,0.2826086956521739,0.8,-0.08260869565217388,92,0.16199999999999998,0.15384615384615385,0.7173913043478262,0.43561872909699,0.09285714285714287,14
1,0,"0,3,7",H&S inter+intra,0.2,ACI g=0.01,shuffled,0.668179646440516,0.6195652173913043,0.3804347826086957,0.8,-0.18043478260869572,92,0.033999999999999954,0.3076923076923077,0.6195652173913043,0.463628762541806,0.09571428571428574,28
1,0,"0,3,7",H&S inter+intra,0.2,ACI g=0.01 (grow cal),shuffled,0.668179646440516,0.75,0.25,0.8,-0.050000000000000044,92,0.15399999999999997,0.15384615384615385,0.75,0.4519230769230769,0.09285714285714287,14
1,0,"0,3,7",H&S inter+intra,0.2,ACI g=0.05,shuffled,0.668179646440516,0.7391304347826086,0.2608695652173913,0.8,-0.0608695652173914,92,0.06100000000000001,0.14285714285714285,0.7391304347826086,0.4409937888198757,0.0953846153846154,13
1,0,"0,3,7",H&S inter+intra,0.2,ACI g=0.05 (grow cal),shuffled,0.668179646440516,0.7934782608695652,0.20652173913043478,0.8,-0.006521739130434856,92,0.17100000000000037,0.07692307692307693,0.7934782608695652,0.43520066889632103,0.08857142857142856,7
1,0,"0,3,7",H&S inter+intra,0.2,split CP (SAFE),exch,0.668179646440516,0.5625,0.4375,0.8,-0.23750000000000004,16,0.2,0.2463768115942029,0.5625,0.40443840579710144,0.09411764705882353,17
1,0,"0,3,7",H&S inter+intra,0.2,split CP (n+1 corr.),exch,0.668179646440516,0.5625,0.4375,0.8,-0.23750000000000004,16,0.2,0.2028985507246377,0.5625,0.38269927536231885,0.08857142857142859,14
1,0,"0,3,7",H&S inter+intra,0.2,DtACI,exch,0.668179646440516,0.5625,0.4375,0.8,-0.23750000000000004,16,0.18000078981327786,0.2608695652173913,0.5625,0.4116847826086957,0.13444444444444445,18
1,0,"0,3,7",H&S inter+intra,0.2,DtACI (grow cal),exch,0.668179646440516,0.6875,0.3125,0.8,-0.11250000000000004,16,0.18552499999999997,0.2463768115942029,0.6875,0.46693840579710144,0.2188235294117647,17
1,0,"0,3,7",H&S inter+intra,0.2,ACI g=0.005,exch,0.668179646440516,0.5625,0.4375,0.8,-0.23750000000000004,16,0.181,0.2608695652173913,0.5625,0.4116847826086957,0.13444444444444445,18
1,0,"0,3,7",H&S inter+intra,0.2,ACI g=0.005 (grow cal),exch,0.668179646440516,0.625,0.375,0.8,-0.17500000000000004,16,0.186,0.21739130434782608,0.625,0.421195652173913,0.1386666666666667,15
1,0,"0,3,7",H&S inter+intra,0.2,ACI g=0.01,exch,0.668179646440516,0.5625,0.4375,0.8,-0.23750000000000004,16,0.16199999999999998,0.2463768115942029,0.5625,0.40443840579710144,0.1376470588235294,17
1,0,"0,3,7",H&S inter+intra,0.2,ACI g=0.01 (grow cal),exch,0.668179646440516,0.6875,0.3125,0.8,-0.11250000000000004,16,0.182,0.2318840579710145,0.6875,0.45969202898550726,0.18125,16
1,0,"0,3,7",H&S inter+intra,0.2,ACI g=0.05,exch,0.668179646440516,0.6875,0.3125,0.8,-0.11250000000000004,16,0.11000000000000007,0.2028985507246377,0.6875,0.44519927536231885,0.1471428571428572,14
1,0,"0,3,7",H&S inter+intra,0.2,ACI g=0.05 (grow cal),exch,0.668179646440516,0.75,0.25,0.8,-0.050000000000000044,16,0.1600000000000001,0.2318840579710145,0.75,0.49094202898550726,0.22374999999999998,16
1,0,"0,3,7",H&S inter+intra,0.25,split CP (SAFE),blocked,0.668179646440516,0.32608695652173914,0.6739130434782609,0.75,-0.42391304347826086,92,0.25,0.6813186813186813,0.32608695652173914,0.5037028189202102,0.2745161290322581,62
1,0,"0,3,7",H&S inter+intra,0.25,split CP (n+1 corr.),blocked,0.668179646440516,0.3586956521739131,0.6413043478260869,0.75,-0.3913043478260869,92,0.25,0.6263736263736264,0.3586956521739131,0.4925346392737697,0.2957894736842105,57
1,0,"0,3,7",H&S inter+intra,0.25,DtACI,blocked,0.668179646440516,0.5,0.5,0.75,-0.25,92,0.03362499999999992,0.46153846153846156,0.5,0.4807692307692308,0.2304761904761905,42
1,0,"0,3,7",H&S inter+intra,0.25,DtACI (grow cal),blocked,0.668179646440516,0.6413043478260869,0.358695652173913,0.75,-0.10869565217391308,92,0.12400000000000003,0.3076923076923077,0.6413043478260869,0.4744983277591973,0.1457142857142857,28
1,0,"0,3,7",H&S inter+intra,0.25,ACI g=0.005,blocked,0.668179646440516,0.3695652173913043,0.6304347826086957,0.75,-0.3804347826086957,92,0.07499999999999984,0.6043956043956044,0.3695652173913043,0.48698041089345434,0.2890909090909091,55
1,0,"0,3,7",H&S inter+intra,0.25,ACI g=0.005 (grow cal),blocked,0.668179646440516,0.5978260869565217,0.40217391304347827,0.75,-0.15217391304347827,92,0.17999999999999983,0.3076923076923077,0.5978260869565217,0.4527591973244147,0.11500000000000002,28
1,0,"0,3,7",H&S inter+intra,0.25,ACI g=0.01,blocked,0.668179646440516,0.5,0.5,0.75,-0.25,92,0.01999999999999983,0.42857142857142855,0.5,0.4642857142857143,0.23692307692307693,39
1,0,"0,3,7",H&S inter+intra,0.25,ACI g=0.01 (grow cal),blocked,0.668179646440516,0.6304347826086957,0.3695652173913043,0.75,-0.11956521739130432,92,0.1399999999999999,0.3076923076923077,0.6304347826086957,0.4690635451505017,0.11500000000000002,28
1,0,"0,3,7",H&S inter+intra,0.25,ACI g=0.05,blocked,0.668179646440516,0.6413043478260869,0.358695652173913,0.75,-0.10869565217391308,92,0.013500000000000002,0.31868131868131866,0.6413043478260869,0.4799928332537028,0.25517241379310346,29
1,0,"0,3,7",H&S inter+intra,0.25,ACI g=0.05 (grow cal),blocked,0.668179646440516,0.7173913043478262,0.2826086956521739,0.75,-0.032608695652173836,92,0.10000000000000045,0.3076923076923077,0.7173913043478262,0.5125418060200669,0.2342857142857143,28
1,0,"0,3,7",H&S inter+intra,0.25,split CP (SAFE),shuffled,0.668179646440516,0.32608695652173914,0.6739130434782609,0.75,-0.42391304347826086,92,0.25,0.6813186813186813,0.32608695652173914,0.5037028189202102,0.2745161290322579,62
1,0,"0,3,7",H&S inter+intra,0.25,split CP (n+1 corr.),shuffled,0.668179646440516,0.3586956521739131,0.6413043478260869,0.75,-0.3913043478260869,92,0.25,0.6263736263736264,0.3586956521739131,0.4925346392737697,0.2957894736842105,57
1,0,"0,3,7",H&S inter+intra,0.25,DtACI,shuffled,0.668179646440516,0.5434782608695652,0.45652173913043476,0.75,-0.2065217391304348,92,0.09960999999999984,0.4945054945054945,0.5434782608695652,0.5189918776875299,0.23822222222222222,45
1,0,"0,3,7",H&S inter+intra,0.25,DtACI (grow cal),shuffled,0.668179646440516,0.7065217391304348,0.29347826086956524,0.75,-0.04347826086956519,92,0.22775000000000012,0.16483516483516483,0.7065217391304348,0.4356784519827998,0.09466666666666669,15
1,0,"0,3,7",H&S inter+intra,0.25,ACI g=0.005,shuffled,0.668179646440516,0.42391304347826086,0.5760869565217391,0.75,-0.32608695652173914,92,0.09999999999999984,0.5494505494505495,0.42391304347826086,0.4866817964644052,0.226,50
1,0,"0,3,7",H&S inter+intra,0.25,ACI g=0.005 (grow cal),shuffled,0.668179646440516,0.6847826086956521,0.31521739130434784,0.75,-0.0652173913043479,92,0.21999999999999995,0.25274725274725274,0.6847826086956521,0.4687649307214524,0.19999999999999998,23
1,0,"0,3,7",H&S inter+intra,0.25,ACI g=0.01,shuffled,0.668179646440516,0.5543478260869565,0.44565217391304346,0.75,-0.19565217391304346,92,0.06999999999999987,0.4945054945054945,0.5543478260869565,0.5244266602962255,0.25822222222222224,45
1,0,"0,3,7",H&S inter+intra,0.25,ACI g=0.01 (grow cal),shuffled,0.668179646440516,0.6847826086956521,0.31521739130434784,0.75,-0.0652173913043479,92,0.18999999999999995,0.1978021978021978,0.6847826086956521,0.44129240324892494,0.22999999999999998,18
1,0,"0,3,7",H&S inter+intra,0.25,ACI g=0.05,shuffled,0.668179646440516,0.6847826086956521,0.31521739130434784,0.75,-0.0652173913043479,92,0.05099999999999988,0.23076923076923078,0.6847826086956521,0.45777591973244147,0.21047619047619048,21
1,0,"0,3,7",H&S inter+intra,0.25,ACI g=0.05 (grow cal),shuffled,0.668179646440516,0.75,0.25,0.75,0.0,92,0.25000000000000033,0.15384615384615385,0.75,0.4519230769230769,0.15285714285714289,14
1,0,"0,3,7",H&S inter+intra,0.25,split CP (SAFE),exch,0.668179646440516,0.4375,0.5625,0.75,-0.3125,16,0.25,0.7101449275362319,0.4375,0.573822463768116,0.6093877551020408,49
1,0,"0,3,7",H&S inter+intra,0.25,split CP (n+1 corr.),exch,0.668179646440516,0.5,0.5,0.75,-0.25,16,0.25,0.6666666666666666,0.5,0.5833333333333333,0.6630434782608695,46
1,0,"0,3,7",H&S inter+intra,0.25,DtACI,exch,0.668179646440516,0.4375,0.5625,0.75,-0.3125,16,0.05187499999999991,0.5797101449275363,0.4375,0.5086050724637681,0.5725,40
1,0,"0,3,7",H&S inter+intra,0.25,DtACI (grow cal),exch,0.668179646440516,0.625,0.375,0.75,-0.125,16,0.20005768789340583,0.42028985507246375,0.625,0.5226449275362319,0.5303448275862068,29
1,0,"0,3,7",H&S inter+intra,0.25,ACI g=0.005,exch,0.668179646440516,0.4375,0.5625,0.75,-0.3125,16,0.22499999999999995,0.6956521739130435,0.4375,0.5665760869565217,0.62125,48
1,0,"0,3,7",H&S inter+intra,0.25,ACI g=0.005 (grow cal),exch,0.668179646440516,0.5625,0.4375,0.75,-0.1875,16,0.23499999999999996,0.5652173913043478,0.5625,0.5638586956521738,0.5866666666666668,39
1,0,"0,3,7",H&S inter+intra,0.25,ACI g=0.01,exch,0.668179646440516,0.4375,0.5625,0.75,-0.3125,16,0.19999999999999996,0.6956521739130435,0.4375,0.5665760869565217,0.6195833333333333,48
1,0,"0,3,7",H&S inter+intra,0.25,ACI g=0.01 (grow cal),exch,0.668179646440516,0.5625,0.4375,0.75,-0.1875,16,0.21999999999999997,0.5217391304347826,0.5625,0.5421195652173914,0.558888888888889,36
1,0,"0,3,7",H&S inter+intra,0.25,ACI g=0.05,exch,0.668179646440516,0.5625,0.4375,0.75,-0.1875,16,0.10000000000000002,0.4057971014492754,0.5625,0.4841485507246377,0.4857142857142857,28
1,0,"0,3,7",H&S inter+intra,0.25,ACI g=0.05 (grow cal),exch,0.668179646440516,0.6875,0.3125,0.75,-0.0625,16,0.2000000000000001,0.42028985507246375,0.6875,0.5538949275362319,0.49862068965517237,29
1,1,"0,3,7",SAFE-MLP,0.1,split CP (SAFE),blocked,0.7145246058289536,0.7282608695652174,0.2717391304347826,0.9,-0.17173913043478262,92,0.1,0.5824175824175825,0.7282608695652174,0.6553392259913999,0.4894339622641509,53
1,1,"0,3,7",SAFE-MLP,0.1,split CP (n+1 corr.),blocked,0.7145246058289536,0.7391304347826086,0.2608695652173913,0.9,-0.16086956521739137,92,0.1,0.5604395604395604,0.7391304347826086,0.6497849976110845,0.6580392156862744,51
1,1,"0,3,7",SAFE-MLP,0.1,DtACI,blocked,0.7145246058289536,0.7173913043478262,0.2826086956521739,0.9,-0.18260869565217386,92,0.2003831417334643,0.5384615384615384,0.7173913043478262,0.6279264214046822,0.5795918367346938,49
1,1,"0,3,7",SAFE-MLP,0.1,DtACI (grow cal),blocked,0.7145246058289536,0.8478260869565217,0.15217391304347827,0.9,-0.05217391304347829,92,0.24993566719207114,0.5164835164835165,0.8478260869565217,0.6821548017200192,0.6451063829787234,47
1,1,"0,3,7",SAFE-MLP,0.1,ACI g=0.005,blocked,0.7145246058289536,0.75,0.25,0.9,-0.15000000000000002,92,0.03200000000000002,0.5274725274725275,0.75,0.6387362637362637,0.6383333333333333,48
1,1,"0,3,7",SAFE-MLP,0.1,ACI g=0.005 (grow cal),blocked,0.7145246058289536,0.8804347826086957,0.11956521739130435,0.9,-0.019565217391304346,92,0.091,0.37362637362637363,0.8804347826086957,0.6270305781175347,0.7223529411764705,34
1,1,"0,3,7",SAFE-MLP,0.1,ACI g=0.01,blocked,0.7145246058289536,0.7717391304347826,0.22826086956521738,0.9,-0.12826086956521743,92,0.06300000000000004,0.5164835164835165,0.7717391304347826,0.6441113234591496,0.6574468085106383,47
1,1,"0,3,7",SAFE-MLP,0.1,ACI g=0.01 (grow cal),blocked,0.7145246058289536,0.8913043478260869,0.10869565217391304,0.9,-0.008695652173913104,92,0.09200000000000004,0.3516483516483517,0.8913043478260869,0.6214763497372193,0.72875,32
1,1,"0,3,7",SAFE-MLP,0.1,ACI g=0.05,blocked,0.7145246058289536,0.7717391304347826,0.22826086956521738,0.9,-0.12826086956521743,92,0.21100000000000022,0.5274725274725275,0.7717391304347826,0.649605828953655,0.59,48
1,1,"0,3,7",SAFE-MLP,0.1,ACI g=0.05 (grow cal),blocked,0.7145246058289536,0.9130434782608696,0.08695652173913043,0.9,0.013043478260869601,92,0.27600000000000025,0.37362637362637363,0.9130434782608696,0.6433349259436216,0.6817647058823529,34
1,1,"0,3,7",SAFE-MLP,0.1,split CP (SAFE),shuffled,0.7145246058289536,0.7282608695652174,0.2717391304347826,0.9,-0.17173913043478262,92,0.1,0.5824175824175825,0.7282608695652174,0.6553392259913999,0.4894339622641509,53
1,1,"0,3,7",SAFE-MLP,0.1,split CP (n+1 corr.),shuffled,0.7145246058289536,0.7391304347826086,0.2608695652173913,0.9,-0.16086956521739137,92,0.1,0.5604395604395604,0.7391304347826086,0.6497849976110845,0.6580392156862745,51
1,1,"0,3,7",SAFE-MLP,0.1,DtACI,shuffled,0.7145246058289536,0.7282608695652174,0.2717391304347826,0.9,-0.17173913043478262,92,0.06315956191418595,0.5054945054945055,0.7282608695652174,0.6168776875298614,0.6326086956521739,46
1,1,"0,3,7",SAFE-MLP,0.1,DtACI (grow cal),shuffled,0.7145246058289536,0.8586956521739131,0.14130434782608695,0.9,-0.04130434782608694,92,0.10834599392726707,0.3626373626373626,0.8586956521739131,0.6106665074056379,0.7254545454545455,33
1,1,"0,3,7",SAFE-MLP,0.1,ACI g=0.005,shuffled,0.7145246058289536,0.7282608695652174,0.2717391304347826,0.9,-0.17173913043478262,92,0.02099999999999995,0.5164835164835165,0.7282608695652174,0.622372193024367,0.6042553191489363,47
1,1,"0,3,7",SAFE-MLP,0.1,ACI g=0.005 (grow cal),shuffled,0.7145246058289536,0.8586956521739131,0.14130434782608695,0.9,-0.04130434782608694,92,0.08099999999999999,0.37362637362637363,0.8586956521739131,0.6161610129001434,0.7252941176470589,34
1,1,"0,3,7",SAFE-MLP,0.1,ACI g=0.01,shuffled,0.7145246058289536,0.7608695652173914,0.2391304347826087,0.9,-0.13913043478260867,92,0.013000000000000005,0.4945054945054945,0.7608695652173914,0.6276875298614429,0.6577777777777779,45
1,1,"0,3,7",SAFE-MLP,0.1,ACI g=0.01 (grow cal),shuffled,0.7145246058289536,0.8695652173913043,0.13043478260869565,0.9,-0.0304347826086957,92,0.07200000000000001,0.3516483516483517,0.8695652173913043,0.610606784519828,0.73125,32
1,1,"0,3,7",SAFE-MLP,0.1,ACI g=0.05,shuffled,0.7145246058289536,0.7608695652173914,0.2391304347826087,0.9,-0.13913043478260867,92,0.061000000000000026,0.4945054945054945,0.7608695652173914,0.6276875298614429,0.6955555555555556,45
1,1,"0,3,7",SAFE-MLP,0.1,ACI g=0.05 (grow cal),shuffled,0.7145246058289536,0.9021739130434783,0.09782608695652174,0.9,0.0021739130434782483,92,0.12100000000000022,0.31868131868131866,0.9021739130434783,0.6104276158623985,0.733103448275862,29
1,1,"0,3,7",SAFE-MLP,0.1,split CP (SAFE),exch,0.7145246058289536,0.8235294117647058,0.17647058823529413,0.9,-0.07647058823529418,17,0.1,0.6507936507936508,0.8235294117647058,0.7371615312791784,0.48682926829268286,41
1,1,"0,3,7",SAFE-MLP,0.1,split CP (n+1 corr.),exch,0.7145246058289536,0.8235294117647058,0.17647058823529413,0.9,-0.07647058823529418,17,0.1,0.6349206349206349,0.8235294117647058,0.7292250233426704,0.639,40
1,1,"0,3,7",SAFE-MLP,0.1,DtACI,exch,0.7145246058289536,0.8235294117647058,0.17647058823529413,0.9,-0.07647058823529418,17,0.0763943233727073,0.6349206349206349,0.8235294117647058,0.7292250233426704,0.533,40
1,1,"0,3,7",SAFE-MLP,0.1,DtACI (grow cal),exch,0.7145246058289536,0.8235294117647058,0.17647058823529413,0.9,-0.07647058823529418,17,0.08096744328730596,0.6349206349206349,0.8235294117647058,0.7292250233426704,0.5925,40
1,1,"0,3,7",SAFE-MLP,0.1,ACI g=0.005,exch,0.7145246058289536,0.8235294117647058,0.17647058823529413,0.9,-0.07647058823529418,17,0.0935,0.6507936507936508,0.8235294117647058,0.7371615312791784,0.48682926829268286,41
1,1,"0,3,7",SAFE-MLP,0.1,ACI g=0.005 (grow cal),exch,0.7145246058289536,0.8235294117647058,0.17647058823529413,0.9,-0.07647058823529418,17,0.0935,0.6349206349206349,0.8235294117647058,0.7292250233426704,0.567,40
1,1,"0,3,7",SAFE-MLP,0.1,ACI g=0.01,exch,0.7145246058289536,0.8235294117647058,0.17647058823529413,0.9,-0.07647058823529418,17,0.087,0.6507936507936508,0.8235294117647058,0.7371615312791784,0.48682926829268286,41
1,1,"0,3,7",SAFE-MLP,0.1,ACI g=0.01 (grow cal),exch,0.7145246058289536,0.8235294117647058,0.17647058823529413,0.9,-0.07647058823529418,17,0.087,0.6349206349206349,0.8235294117647058,0.7292250233426704,0.5675,40
1,1,"0,3,7",SAFE-MLP,0.1,ACI g=0.05,exch,0.7145246058289536,0.8235294117647058,0.17647058823529413,0.9,-0.07647058823529418,17,0.03500000000000003,0.6349206349206349,0.8235294117647058,0.7292250233426704,0.577,40
1,1,"0,3,7",SAFE-MLP,0.1,ACI g=0.05 (grow cal),exch,0.7145246058289536,0.8235294117647058,0.17647058823529413,0.9,-0.07647058823529418,17,0.03500000000000003,0.6349206349206349,0.8235294117647058,0.7292250233426704,0.62,40
1,1,"0,3,7",SAFE-MLP,0.15,split CP (SAFE),blocked,0.7145246058289536,0.6847826086956521,0.31521739130434784,0.85,-0.16521739130434787,92,0.15,0.6043956043956044,0.6847826086956521,0.6445891065456282,0.44618181818181823,55
1,1,"0,3,7",SAFE-MLP,0.15,split CP (n+1 corr.),blocked,0.7145246058289536,0.7173913043478262,0.2826086956521739,0.85,-0.1326086956521738,92,0.15,0.6043956043956044,0.7173913043478262,0.6608934543717153,0.5058181818181818,55
1,1,"0,3,7",SAFE-MLP,0.15,DtACI,blocked,0.7145246058289536,0.6847826086956521,0.31521739130434784,0.85,-0.16521739130434787,92,0.24377202747432333,0.5934065934065934,0.6847826086956521,0.6390946010511227,0.5848148148148149,54
1,1,"0,3,7",SAFE-MLP,0.15,DtACI (grow cal),blocked,0.7145246058289536,0.8152173913043479,0.18478260869565216,0.85,-0.034782608695652084,92,0.3358138033744876,0.5274725274725275,0.8152173913043479,0.6713449593884377,0.6349999999999999,48
1,1,"0,3,7",SAFE-MLP,0.15,ACI g=0.005,blocked,0.7145246058289536,0.7065217391304348,0.29347826086956524,0.85,-0.14347826086956517,92,0.08399999999999994,0.5934065934065934,0.7065217391304348,0.649964166268514,0.552962962962963,54
1,1,"0,3,7",SAFE-MLP,0.15,ACI g=0.005 (grow cal),blocked,0.7145246058289536,0.8695652173913043,0.13043478260869565,0.85,0.019565217391304346,92,0.159,0.3626373626373626,0.8695652173913043,0.6161012900143334,0.7678787878787878,33
1,1,"0,3,7",SAFE-MLP,0.15,ACI g=0.01,blocked,0.7145246058289536,0.7065217391304348,0.29347826086956524,0.85,-0.14347826086956517,92,0.09250000000000005,0.5714285714285714,0.7065217391304348,0.6389751552795031,0.6292307692307693,52
1,1,"0,3,7",SAFE-MLP,0.15,ACI g=0.01 (grow cal),blocked,0.7145246058289536,0.8804347826086957,0.11956521739130435,0.85,0.0304347826086957,92,0.17800000000000002,0.3626373626373626,0.8804347826086957,0.6215360726230291,0.7757575757575756,33
1,1,"0,3,7",SAFE-MLP,0.15,ACI g=0.05,blocked,0.7145246058289536,0.6847826086956521,0.31521739130434784,0.85,-0.16521739130434787,92,0.3085000000000003,0.5824175824175825,0.6847826086956521,0.6336000955566172,0.6045283018867924,53
1,1,"0,3,7",SAFE-MLP,0.15,ACI g=0.05 (grow cal),blocked,0.7145246058289536,0.8695652173913043,0.13043478260869565,0.85,0.019565217391304346,92,0.36850000000000044,0.4945054945054945,0.8695652173913043,0.6820353559483994,0.6742222222222222,45
1,1,"0,3,7",SAFE-MLP,0.15,split CP (SAFE),shuffled,0.7145246058289536,0.6847826086956521,0.31521739130434784,0.85,-0.16521739130434787,92,0.15,0.6043956043956044,0.6847826086956521,0.6445891065456282,0.44618181818181823,55
1,1,"0,3,7",SAFE-MLP,0.15,split CP (n+1 corr.),shuffled,0.7145246058289536,0.7173913043478262,0.2826086956521739,0.85,-0.1326086956521738,92,0.15,0.6043956043956044,0.7173913043478262,0.6608934543717153,0.5058181818181818,55
1,1,"0,3,7",SAFE-MLP,0.15,DtACI,shuffled,0.7145246058289536,0.7173913043478262,0.2826086956521739,0.85,-0.1326086956521738,92,0.08616594246281258,0.5934065934065934,0.7173913043478262,0.6553989488772098,0.5585185185185185,54
1,1,"0,3,7",SAFE-MLP,0.15,DtACI (grow cal),shuffled,0.7145246058289536,0.7934782608695652,0.20652173913043478,0.85,-0.05652173913043479,92,0.12747776375029818,0.4175824175824176,0.7934782608695652,0.6055303392259914,0.7421052631578947,38
1,1,"0,3,7",SAFE-MLP,0.15,ACI g=0.005,shuffled,0.7145246058289536,0.6956521739130435,0.30434782608695654,0.85,-0.15434782608695652,92,0.07899999999999993,0.6043956043956044,0.6956521739130435,0.650023889154324,0.5243636363636364,55
1,1,"0,3,7",SAFE-MLP,0.15,ACI g=0.005 (grow cal),shuffled,0.7145246058289536,0.782608695652174,0.21739130434782608,0.85,-0.06739130434782603,92,0.11899999999999997,0.4175824175824176,0.782608695652174,0.6000955566172957,0.7352631578947368,38
1,1,"0,3,7",SAFE-MLP,0.15,ACI g=0.01,shuffled,0.7145246058289536,0.7065217391304348,0.29347826086956524,0.85,-0.14347826086956517,92,0.019,0.5824175824175825,0.7065217391304348,0.6444696607740086,0.619622641509434,53
1,1,"0,3,7",SAFE-MLP,0.15,ACI g=0.01 (grow cal),shuffled,0.7145246058289536,0.8152173913043479,0.18478260869565216,0.85,-0.034782608695652084,92,0.11799999999999997,0.3956043956043956,0.8152173913043479,0.6054108934543717,0.745,36
1,1,"0,3,7",SAFE-MLP,0.15,ACI g=0.05,shuffled,0.7145246058289536,0.7173913043478262,0.2826086956521739,0.85,-0.1326086956521738,92,0.09100000000000003,0.5824175824175825,0.7173913043478262,0.6499044433827044,0.670943396226415,53
1,1,"0,3,7",SAFE-MLP,0.15,ACI g=0.05 (grow cal),shuffled,0.7145246058289536,0.8478260869565217,0.15217391304347827,0.85,-0.0021739130434782483,92,0.14100000000000015,0.32967032967032966,0.8478260869565217,0.5887482083134257,0.7980000000000002,30
1,1,"0,3,7",SAFE-MLP,0.15,split CP (SAFE),exch,0.7145246058289536,0.7647058823529411,0.23529411764705882,0.85,-0.08529411764705885,17,0.15,0.7142857142857143,0.7647058823529411,0.7394957983193278,0.5248888888888888,45
1,1,"0,3,7",SAFE-MLP,0.15,split CP (n+1 corr.),exch,0.7145246058289536,0.8235294117647058,0.17647058823529413,0.85,-0.026470588235294135,17,0.15,0.7142857142857143,0.8235294117647058,0.76890756302521,0.5248888888888888,45
1,1,"0,3,7",SAFE-MLP,0.15,DtACI,exch,0.7145246058289536,0.7647058823529411,0.23529411764705882,0.85,-0.08529411764705885,17,0.11451155820601261,0.7142857142857143,0.7647058823529411,0.7394957983193278,0.5248888888888888,45
1,1,"0,3,7",SAFE-MLP,0.15,DtACI (grow cal),exch,0.7145246058289536,0.7647058823529411,0.23529411764705882,0.85,-0.08529411764705885,17,0.1247380671784874,0.7142857142857143,0.7647058823529411,0.7394957983193278,0.564,45
1,1,"0,3,7",SAFE-MLP,0.15,ACI g=0.005,exch,0.7145246058289536,0.7647058823529411,0.23529411764705882,0.85,-0.08529411764705885,17,0.14275,0.7142857142857143,0.7647058823529411,0.7394957983193278,0.5248888888888888,45
1,1,"0,3,7",SAFE-MLP,0.15,ACI g=0.005 (grow cal),exch,0.7145246058289536,0.7647058823529411,0.23529411764705882,0.85,-0.08529411764705885,17,0.14275,0.7142857142857143,0.7647058823529411,0.7394957983193278,0.5248888888888888,45
1,1,"0,3,7",SAFE-MLP,0.15,ACI g=0.01,exch,0.7145246058289536,0.7647058823529411,0.23529411764705882,0.85,-0.08529411764705885,17,0.13549999999999998,0.7142857142857143,0.7647058823529411,0.7394957983193278,0.5248888888888888,45
1,1,"0,3,7",SAFE-MLP,0.15,ACI g=0.01 (grow cal),exch,0.7145246058289536,0.7647058823529411,0.23529411764705882,0.85,-0.08529411764705885,17,0.13549999999999998,0.7142857142857143,0.7647058823529411,0.7394957983193278,0.5248888888888888,45
1,1,"0,3,7",SAFE-MLP,0.15,ACI g=0.05,exch,0.7145246058289536,0.7647058823529411,0.23529411764705882,0.85,-0.08529411764705885,17,0.07750000000000004,0.7142857142857143,0.7647058823529411,0.7394957983193278,0.5564444444444444,45
1,1,"0,3,7",SAFE-MLP,0.15,ACI g=0.05 (grow cal),exch,0.7145246058289536,0.7647058823529411,0.23529411764705882,0.85,-0.08529411764705885,17,0.07750000000000004,0.7142857142857143,0.7647058823529411,0.7394957983193278,0.6035555555555555,45
1,1,"0,3,7",SAFE-MLP,0.2,split CP (SAFE),blocked,0.7145246058289536,0.6521739130434783,0.34782608695652173,0.8,-0.14782608695652177,92,0.2,0.5824175824175825,0.6521739130434783,0.6172957477305303,0.4147169811320754,53
1,1,"0,3,7",SAFE-MLP,0.2,split CP (n+1 corr.),blocked,0.7145246058289536,0.6521739130434783,0.34782608695652173,0.8,-0.14782608695652177,92,0.2,0.5824175824175825,0.6521739130434783,0.6172957477305303,0.42,53
1,1,"0,3,7",SAFE-MLP,0.2,DtACI,blocked,0.7145246058289536,0.6195652173913043,0.3804347826086957,0.8,-0.18043478260869572,92,0.3204016228320416,0.6263736263736264,0.6195652173913043,0.6229694218824653,0.4863157894736842,57
1,1,"0,3,7",SAFE-MLP,0.2,DtACI (grow cal),blocked,0.7145246058289536,0.75,0.25,0.8,-0.050000000000000044,92,0.3809676283600813,0.5164835164835165,0.75,0.6332417582417582,0.5927659574468084,47
1,1,"0,3,7",SAFE-MLP,0.2,ACI g=0.005,blocked,0.7145246058289536,0.6739130434782609,0.32608695652173914,0.8,-0.12608695652173918,92,0.14199999999999996,0.5824175824175825,0.6739130434782609,0.6281653129479217,0.43207547169811317,53
1,1,"0,3,7",SAFE-MLP,0.2,ACI g=0.005 (grow cal),blocked,0.7145246058289536,0.8043478260869565,0.1956521739130435,0.8,0.004347826086956497,92,0.202,0.3956043956043956,0.8043478260869565,0.599976110845676,0.7055555555555555,36
1,1,"0,3,7",SAFE-MLP,0.2,ACI g=0.01,blocked,0.7145246058289536,0.6956521739130435,0.30434782608695654,0.8,-0.10434782608695659,92,0.1130000000000001,0.5494505494505495,0.6956521739130435,0.6225513616817965,0.5075999999999999,50
1,1,"0,3,7",SAFE-MLP,0.2,ACI g=0.01 (grow cal),blocked,0.7145246058289536,0.8478260869565217,0.15217391304347827,0.8,0.047826086956521685,92,0.24400000000000005,0.42857142857142855,0.8478260869565217,0.6381987577639752,0.7189743589743589,39
1,1,"0,3,7",SAFE-MLP,0.2,ACI g=0.05,blocked,0.7145246058289536,0.6521739130434783,0.34782608695652173,0.8,-0.14782608695652177,92,0.3610000000000003,0.5824175824175825,0.6521739130434783,0.6172957477305303,0.5464150943396227,53
1,1,"0,3,7",SAFE-MLP,0.2,ACI g=0.05 (grow cal),blocked,0.7145246058289536,0.8260869565217391,0.17391304347826086,0.8,0.02608695652173909,92,0.41100000000000037,0.4835164835164835,0.8260869565217391,0.6548017200191113,0.6699999999999999,44
1,1,"0,3,7",SAFE-MLP,0.2,split CP (SAFE),shuffled,0.7145246058289536,0.6521739130434783,0.34782608695652173,0.8,-0.14782608695652177,92,0.2,0.5824175824175825,0.6521739130434783,0.6172957477305303,0.4147169811320754,53
1,1,"0,3,7",SAFE-MLP,0.2,split CP (n+1 corr.),shuffled,0.7145246058289536,0.6521739130434783,0.34782608695652173,0.8,-0.14782608695652177,92,0.2,0.5824175824175825,0.6521739130434783,0.6172957477305303,0.42,53
1,1,"0,3,7",SAFE-MLP,0.2,DtACI,shuffled,0.7145246058289536,0.6521739130434783,0.34782608695652173,0.8,-0.14782608695652177,92,0.13952677988394524,0.5824175824175825,0.6521739130434783,0.6172957477305303,0.42981132075471695,53
1,1,"0,3,7",SAFE-MLP,0.2,DtACI (grow cal),shuffled,0.7145246058289536,0.75,0.25,0.8,-0.050000000000000044,92,0.18043008228152171,0.4945054945054945,0.75,0.6222527472527473,0.7031111111111111,45
1,1,"0,3,7",SAFE-MLP,0.2,ACI g=0.005,shuffled,0.7145246058289536,0.6521739130434783,0.34782608695652173,0.8,-0.14782608695652177,92,0.13199999999999995,0.5824175824175825,0.6521739130434783,0.6172957477305303,0.42264150943396217,53
1,1,"0,3,7",SAFE-MLP,0.2,ACI g=0.005 (grow cal),shuffled,0.7145246058289536,0.7391304347826086,0.2608695652173913,0.8,-0.0608695652173914,92,0.172,0.4835164835164835,0.7391304347826086,0.6113234591495461,0.6786363636363636,44
1,1,"0,3,7",SAFE-MLP,0.2,ACI g=0.01,shuffled,0.7145246058289536,0.6630434782608696,0.33695652173913043,0.8,-0.13695652173913042,92,0.07399999999999991,0.5714285714285714,0.6630434782608696,0.6172360248447205,0.46846153846153843,52
1,1,"0,3,7",SAFE-MLP,0.2,ACI g=0.01 (grow cal),shuffled,0.7145246058289536,0.7608695652173914,0.2391304347826087,0.8,-0.03913043478260869,92,0.16399999999999998,0.45054945054945056,0.7608695652173914,0.6057095078834209,0.6848780487804879,41
1,1,"0,3,7",SAFE-MLP,0.2,ACI g=0.05,shuffled,0.7145246058289536,0.7065217391304348,0.29347826086956524,0.8,-0.09347826086956523,92,0.12100000000000005,0.5494505494505495,0.7065217391304348,0.6279861442904922,0.582,50
1,1,"0,3,7",SAFE-MLP,0.2,ACI g=0.05 (grow cal),shuffled,0.7145246058289536,0.8043478260869565,0.1956521739130435,0.8,0.004347826086956497,92,0.2200000000000004,0.4065934065934066,0.8043478260869565,0.6054706163401815,0.745945945945946,37
1,1,"0,3,7",SAFE-MLP,0.2,split CP (SAFE),exch,0.7145246058289536,0.6470588235294117,0.35294117647058826,0.8,-0.15294117647058836,17,0.2,0.7142857142857143,0.6470588235294117,0.680672268907563,0.36577777777777787,45
1,1,"0,3,7",SAFE-MLP,0.2,split CP (n+1 corr.),exch,0.7145246058289536,0.6470588235294117,0.35294117647058826,0.8,-0.15294117647058836,17,0.2,0.6984126984126984,0.6470588235294117,0.672735760971055,0.3572727272727273,44
1,1,"0,3,7",SAFE-MLP,0.2,DtACI,exch,0.7145246058289536,0.6470588235294117,0.35294117647058826,0.8,-0.15294117647058836,17,0.1549824643095003,0.7142857142857143,0.6470588235294117,0.680672268907563,0.3657777777777778,45
1,1,"0,3,7",SAFE-MLP,0.2,DtACI (grow cal),exch,0.7145246058289536,0.7058823529411764,0.29411764705882354,0.8,-0.09411764705882364,17,0.14980422515860406,0.6825396825396826,0.7058823529411764,0.6942110177404295,0.3693023255813954,43
1,1,"0,3,7",SAFE-MLP,0.2,ACI g=0.005,exch,0.7145246058289536,0.6470588235294117,0.35294117647058826,0.8,-0.15294117647058836,17,0.187,0.7142857142857143,0.6470588235294117,0.680672268907563,0.36622222222222234,45
1,1,"0,3,7",SAFE-MLP,0.2,ACI g=0.005 (grow cal),exch,0.7145246058289536,0.6470588235294117,0.35294117647058826,0.8,-0.15294117647058836,17,0.187,0.7142857142857143,0.6470588235294117,0.680672268907563,0.36888888888888893,45
1,1,"0,3,7",SAFE-MLP,0.2,ACI g=0.01,exch,0.7145246058289536,0.6470588235294117,0.35294117647058826,0.8,-0.15294117647058836,17,0.174,0.7142857142857143,0.6470588235294117,0.680672268907563,0.36711111111111117,45
1,1,"0,3,7",SAFE-MLP,0.2,ACI g=0.01 (grow cal),exch,0.7145246058289536,0.6470588235294117,0.35294117647058826,0.8,-0.15294117647058836,17,0.174,0.6984126984126984,0.6470588235294117,0.672735760971055,0.35681818181818187,44
1,1,"0,3,7",SAFE-MLP,0.2,ACI g=0.05,exch,0.7145246058289536,0.6470588235294117,0.35294117647058826,0.8,-0.15294117647058836,17,0.07000000000000003,0.6825396825396826,0.6470588235294117,0.6647992530345471,0.4027906976744186,43
1,1,"0,3,7",SAFE-MLP,0.2,ACI g=0.05 (grow cal),exch,0.7145246058289536,0.7058823529411764,0.29411764705882354,0.8,-0.09411764705882364,17,0.12000000000000008,0.6825396825396826,0.7058823529411764,0.6942110177404295,0.4027906976744186,43
1,1,"0,3,7",SAFE-MLP,0.25,split CP (SAFE),blocked,0.7145246058289536,0.6521739130434783,0.34782608695652173,0.75,-0.09782608695652173,92,0.25,0.6153846153846154,0.6521739130434783,0.6337792642140468,0.3678571428571428,56
1,1,"0,3,7",SAFE-MLP,0.25,split CP (n+1 corr.),blocked,0.7145246058289536,0.6521739130434783,0.34782608695652173,0.75,-0.09782608695652173,92,0.25,0.5824175824175825,0.6521739130434783,0.6172957477305303,0.4120754716981132,53
1,1,"0,3,7",SAFE-MLP,0.25,DtACI,blocked,0.7145246058289536,0.6086956521739131,0.391304347826087,0.75,-0.14130434782608692,92,0.40955129061865314,0.6263736263736264,0.6086956521739131,0.6175346392737697,0.4498245614035088,57
1,1,"0,3,7",SAFE-MLP,0.25,DtACI (grow cal),blocked,0.7145246058289536,0.6847826086956521,0.31521739130434784,0.75,-0.0652173913043479,92,0.42740510917451374,0.5604395604395604,0.6847826086956521,0.6226110845676063,0.516470588235294,51
1,1,"0,3,7",SAFE-MLP,0.25,ACI g=0.005,blocked,0.7145246058289536,0.6521739130434783,0.34782608695652173,0.75,-0.09782608695652173,92,0.20499999999999996,0.5824175824175825,0.6521739130434783,0.6172957477305303,0.4147169811320754,53
1,1,"0,3,7",SAFE-MLP,0.25,ACI g=0.005 (grow cal),blocked,0.7145246058289536,0.782608695652174,0.21739130434782608,0.75,0.03260869565217395,92,0.2649999999999997,0.4725274725274725,0.782608695652174,0.6275680840898232,0.6506976744186046,43
1,1,"0,3,7",SAFE-MLP,0.25,ACI g=0.01,blocked,0.7145246058289536,0.6739130434782609,0.32608695652173914,0.75,-0.07608695652173914,92,0.17999999999999994,0.5824175824175825,0.6739130434782609,0.6281653129479217,0.4532075471698113,53
1,1,"0,3,7",SAFE-MLP,0.25,ACI g=0.01 (grow cal),blocked,0.7145246058289536,0.8043478260869565,0.1956521739130435,0.75,0.05434782608695654,92,0.30000000000000004,0.4725274725274725,0.8043478260869565,0.6384376493072146,0.6613953488372093,43
1,1,"0,3,7",SAFE-MLP,0.25,ACI g=0.05,blocked,0.7145246058289536,0.6304347826086957,0.3695652173913043,0.75,-0.11956521739130432,92,0.4135000000000004,0.5934065934065934,0.6304347826086957,0.6119206880076445,0.5174074074074073,54
1,1,"0,3,7",SAFE-MLP,0.25,ACI g=0.05 (grow cal),blocked,0.7145246058289536,0.782608695652174,0.21739130434782608,0.75,0.03260869565217395,92,0.46350000000000036,0.5054945054945055,0.782608695652174,0.6440516005733397,0.5930434782608696,46
1,1,"0,3,7",SAFE-MLP,0.25,split CP (SAFE),shuffled,0.7145246058289536,0.6521739130434783,0.34782608695652173,0.75,-0.09782608695652173,92,0.25,0.6153846153846154,0.6521739130434783,0.6337792642140468,0.3678571428571429,56
1,1,"0,3,7",SAFE-MLP,0.25,split CP (n+1 corr.),shuffled,0.7145246058289536,0.6521739130434783,0.34782608695652173,0.75,-0.09782608695652173,92,0.25,0.5824175824175825,0.6521739130434783,0.6172957477305303,0.41207547169811315,53
1,1,"0,3,7",SAFE-MLP,0.25,DtACI,shuffled,0.7145246058289536,0.6521739130434783,0.34782608695652173,0.75,-0.09782608695652173,92,0.2046325622823188,0.5824175824175825,0.6521739130434783,0.6172957477305303,0.41320754716981123,53
1,1,"0,3,7",SAFE-MLP,0.25,DtACI (grow cal),shuffled,0.7145246058289536,0.7173913043478262,0.2826086956521739,0.75,-0.032608695652173836,92,0.24477236826155904,0.5604395604395604,0.7173913043478262,0.6389154323936933,0.6396078431372548,51
1,1,"0,3,7",SAFE-MLP,0.25,ACI g=0.005,shuffled,0.7145246058289536,0.6521739130434783,0.34782608695652173,0.75,-0.09782608695652173,92,0.20499999999999996,0.5824175824175825,0.6521739130434783,0.6172957477305303,0.40679245283018867,53
1,1,"0,3,7",SAFE-MLP,0.25,ACI g=0.005 (grow cal),shuffled,0.7145246058289536,0.6956521739130435,0.30434782608695654,0.75,-0.05434782608695654,92,0.22499999999999998,0.5604395604395604,0.6956521739130435,0.628045867176302,0.62,51
1,1,"0,3,7",SAFE-MLP,0.25,ACI g=0.01,shuffled,0.7145246058289536,0.6521739130434783,0.34782608695652173,0.75,-0.09782608695652173,92,0.15999999999999992,0.5824175824175825,0.6521739130434783,0.6172957477305303,0.4150943396226414,53
1,1,"0,3,7",SAFE-MLP,0.25,ACI g=0.01 (grow cal),shuffled,0.7145246058289536,0.7065217391304348,0.29347826086956524,0.75,-0.04347826086956519,92,0.20999999999999996,0.5274725274725275,0.7065217391304348,0.6169971333014812,0.6504166666666666,48
1,1,"0,3,7",SAFE-MLP,0.25,ACI g=0.05,shuffled,0.7145246058289536,0.6956521739130435,0.30434782608695654,0.75,-0.05434782608695654,92,0.15100000000000002,0.5604395604395604,0.6956521739130435,0.628045867176302,0.5423529411764706,51
1,1,"0,3,7",SAFE-MLP,0.25,ACI g=0.05 (grow cal),shuffled,0.7145246058289536,0.75,0.25,0.75,0.0,92,0.2500000000000004,0.4725274725274725,0.75,0.6112637362637363,0.7116279069767443,43
1,1,"0,3,7",SAFE-MLP,0.25,split CP (SAFE),exch,0.7145246058289536,0.6470588235294117,0.35294117647058826,0.75,-0.10294117647058831,17,0.25,0.746031746031746,0.6470588235294117,0.6965452847805789,0.33361702127659576,47
1,1,"0,3,7",SAFE-MLP,0.25,split CP (n+1 corr.),exch,0.7145246058289536,0.6470588235294117,0.35294117647058826,0.75,-0.10294117647058831,17,0.25,0.7142857142857143,0.6470588235294117,0.680672268907563,0.36488888888888893,45
1,1,"0,3,7",SAFE-MLP,0.25,DtACI,exch,0.7145246058289536,0.6470588235294117,0.35294117647058826,0.75,-0.10294117647058831,17,0.21235500212668706,0.7142857142857143,0.6470588235294117,0.680672268907563,0.33733333333333343,45
1,1,"0,3,7",SAFE-MLP,0.25,DtACI (grow cal),exch,0.7145246058289536,0.6470588235294117,0.35294117647058826,0.75,-0.10294117647058831,17,0.20994251467581057,0.6984126984126984,0.6470588235294117,0.672735760971055,0.33590909090909093,44
1,1,"0,3,7",SAFE-MLP,0.25,ACI g=0.005,exch,0.7145246058289536,0.6470588235294117,0.35294117647058826,0.75,-0.10294117647058831,17,0.24124999999999988,0.7301587301587301,0.6470588235294117,0.688608776844071,0.3256521739130435,46
1,1,"0,3,7",SAFE-MLP,0.25,ACI g=0.005 (grow cal),exch,0.7145246058289536,0.6470588235294117,0.35294117647058826,0.75,-0.10294117647058831,17,0.24124999999999988,0.7142857142857143,0.6470588235294117,0.680672268907563,0.3386666666666667,45
1,1,"0,3,7",SAFE-MLP,0.25,ACI g=0.01,exch,0.7145246058289536,0.6470588235294117,0.35294117647058826,0.75,-0.10294117647058831,17,0.23249999999999998,0.7301587301587301,0.6470588235294117,0.688608776844071,0.32652173913043486,46
1,1,"0,3,7",SAFE-MLP,0.25,ACI g=0.01 (grow cal),exch,0.7145246058289536,0.6470588235294117,0.35294117647058826,0.75,-0.10294117647058831,17,0.23249999999999998,0.7142857142857143,0.6470588235294117,0.680672268907563,0.3395555555555556,45
1,1,"0,3,7",SAFE-MLP,0.25,ACI g=0.05,exch,0.7145246058289536,0.6470588235294117,0.35294117647058826,0.75,-0.10294117647058831,17,0.16250000000000003,0.7142857142857143,0.6470588235294117,0.680672268907563,0.3400000000000001,45
1,1,"0,3,7",SAFE-MLP,0.25,ACI g=0.05 (grow cal),exch,0.7145246058289536,0.6470588235294117,0.35294117647058826,0.75,-0.10294117647058831,17,0.16250000000000003,0.6825396825396826,0.6470588235294117,0.6647992530345471,0.3455813953488373,43
1,1,"0,3,7",SAFE-Embed,0.1,split CP (SAFE),blocked,0.6372431915910177,0.0,1.0,0.9,-0.9,92,0.1,1.0,0.0,0.5,0.04263736263736263,91
1,1,"0,3,7",SAFE-Embed,0.1,split CP (n+1 corr.),blocked,0.6372431915910177,0.48913043478260865,0.5108695652173914,0.9,-0.4108695652173914,92,0.1,0.7032967032967034,0.48913043478260865,0.5962135690396559,0.625,64
1,1,"0,3,7",SAFE-Embed,0.1,DtACI,blocked,0.6372431915910177,0.5108695652173914,0.4891304347826087,0.9,-0.38913043478260867,92,0.025408128795314622,0.6923076923076923,0.5108695652173914,0.6015886287625418,0.6082539682539683,63
1,1,"0,3,7",SAFE-Embed,0.1,DtACI (grow cal),blocked,0.6372431915910177,0.8043478260869565,0.1956521739130435,0.9,-0.09565217391304348,92,0.2160589661079302,0.38461538461538464,0.8043478260869565,0.5944816053511706,0.6434285714285716,35
1,1,"0,3,7",SAFE-Embed,0.1,ACI g=0.005,blocked,0.6372431915910177,0.48913043478260865,0.5108695652173914,0.9,-0.4108695652173914,92,0.003,0.7252747252747253,0.48913043478260865,0.6072025800286669,0.5936363636363637,66
1,1,"0,3,7",SAFE-Embed,0.1,ACI g=0.005 (grow cal),blocked,0.6372431915910177,0.7717391304347826,0.22826086956521738,0.9,-0.12826086956521743,92,0.04099999999999996,0.34065934065934067,0.7717391304347826,0.5561992355470616,0.6174193548387097,31
1,1,"0,3,7",SAFE-Embed,0.1,ACI g=0.01,blocked,0.6372431915910177,0.5326086956521738,0.4673913043478261,0.9,-0.3673913043478262,92,0.005,0.7032967032967034,0.5326086956521738,0.6179526994744386,0.6059375,64
1,1,"0,3,7",SAFE-Embed,0.1,ACI g=0.01 (grow cal),blocked,0.6372431915910177,0.8369565217391304,0.16304347826086957,0.9,-0.06304347826086965,92,0.04200000000000003,0.3076923076923077,0.8369565217391304,0.572324414715719,0.6192857142857143,28
1,1,"0,3,7",SAFE-Embed,0.1,ACI g=0.05,blocked,0.6372431915910177,0.5543478260869565,0.44565217391304346,0.9,-0.3456521739130435,92,0.021000000000000005,0.6923076923076923,0.5543478260869565,0.6233277591973244,0.6273015873015872,63
1,1,"0,3,7",SAFE-Embed,0.1,ACI g=0.05 (grow cal),blocked,0.6372431915910177,0.8586956521739131,0.14130434782608695,0.9,-0.04130434782608694,92,0.17600000000000013,0.3076923076923077,0.8586956521739131,0.5831939799331104,0.6614285714285716,28
1,1,"0,3,7",SAFE-Embed,0.1,split CP (SAFE),shuffled,0.6372431915910177,0.0,1.0,0.9,-0.9,92,0.1,1.0,0.0,0.5,0.04263736263736263,91
1,1,"0,3,7",SAFE-Embed,0.1,split CP (n+1 corr.),shuffled,0.6372431915910177,0.48913043478260865,0.5108695652173914,0.9,-0.4108695652173914,92,0.1,0.7032967032967034,0.48913043478260865,0.5962135690396559,0.625,64
1,1,"0,3,7",SAFE-Embed,0.1,DtACI,shuffled,0.6372431915910177,0.5326086956521738,0.4673913043478261,0.9,-0.3673913043478262,92,0.001,0.6703296703296703,0.5326086956521738,0.601469182990922,0.6583606557377049,61
1,1,"0,3,7",SAFE-Embed,0.1,DtACI (grow cal),shuffled,0.6372431915910177,0.8260869565217391,0.17391304347826086,0.9,-0.07391304347826089,92,0.15643624258320393,0.27472527472527475,0.8260869565217391,0.5504061156235069,0.7936,25
1,1,"0,3,7",SAFE-Embed,0.1,ACI g=0.005,shuffled,0.6372431915910177,0.4782608695652174,0.5217391304347826,0.9,-0.4217391304347826,92,0.001,0.6923076923076923,0.4782608695652174,0.5852842809364549,0.6317460317460317,63
1,1,"0,3,7",SAFE-Embed,0.1,ACI g=0.005 (grow cal),shuffled,0.6372431915910177,0.8260869565217391,0.17391304347826086,0.9,-0.07391304347826089,92,0.06599999999999998,0.26373626373626374,0.8260869565217391,0.5449116101290015,0.8316666666666667,24
1,1,"0,3,7",SAFE-Embed,0.1,ACI g=0.01,shuffled,0.6372431915910177,0.5326086956521738,0.4673913043478261,0.9,-0.3673913043478262,92,0.001,0.6813186813186813,0.5326086956521738,0.6069636884854276,0.6506451612903226,62
1,1,"0,3,7",SAFE-Embed,0.1,ACI g=0.01 (grow cal),shuffled,0.6372431915910177,0.8586956521739131,0.14130434782608695,0.9,-0.04130434782608694,92,0.062000000000000034,0.18681318681318682,0.8586956521739131,0.52275441949355,0.8341176470588235,17
1,1,"0,3,7",SAFE-Embed,0.1,ACI g=0.05,shuffled,0.6372431915910177,0.5760869565217391,0.42391304347826086,0.9,-0.3239130434782609,92,0.001,0.6703296703296703,0.5760869565217391,0.6232083134257047,0.66327868852459,61
1,1,"0,3,7",SAFE-Embed,0.1,ACI g=0.05 (grow cal),shuffled,0.6372431915910177,0.8913043478260869,0.10869565217391304,0.9,-0.008695652173913104,92,0.13100000000000014,0.16483516483516483,0.8913043478260869,0.5280697563306259,0.7599999999999999,15
1,1,"0,3,7",SAFE-Embed,0.1,split CP (SAFE),exch,0.6372431915910177,0.7058823529411764,0.29411764705882354,0.9,-0.19411764705882362,17,0.1,0.6349206349206349,0.7058823529411764,0.6704014939309056,0.387,40
1,1,"0,3,7",SAFE-Embed,0.1,split CP (n+1 corr.),exch,0.6372431915910177,1.0,0.0,0.9,0.09999999999999998,17,0.1,0.2857142857142857,1.0,0.6428571428571428,0.548888888888889,18
1,1,"0,3,7",SAFE-Embed,0.1,DtACI,exch,0.6372431915910177,0.7058823529411764,0.29411764705882354,0.9,-0.19411764705882362,17,0.08327053143868324,0.6031746031746031,0.7058823529411764,0.6545284780578897,0.40631578947368413,38
1,1,"0,3,7",SAFE-Embed,0.1,DtACI (grow cal),exch,0.6372431915910177,0.7647058823529411,0.23529411764705882,0.9,-0.1352941176470589,17,0.08765696763517689,0.49206349206349204,0.7647058823529411,0.6283846872082166,0.5593548387096775,31
1,1,"0,3,7",SAFE-Embed,0.1,ACI g=0.005,exch,0.6372431915910177,0.7058823529411764,0.29411764705882354,0.9,-0.19411764705882362,17,0.08349999999999999,0.6349206349206349,0.7058823529411764,0.6704014939309056,0.40800000000000003,40
1,1,"0,3,7",SAFE-Embed,0.1,ACI g=0.005 (grow cal),exch,0.6372431915910177,0.7647058823529411,0.23529411764705882,0.9,-0.1352941176470589,17,0.0885,0.5079365079365079,0.7647058823529411,0.6363211951447245,0.5375,32
1,1,"0,3,7",SAFE-Embed,0.1,ACI g=0.01,exch,0.6372431915910177,0.7647058823529411,0.23529411764705882,0.9,-0.1352941176470589,17,0.07699999999999999,0.5714285714285714,0.7647058823529411,0.6680672268907563,0.4655555555555555,36
1,1,"0,3,7",SAFE-Embed,0.1,ACI g=0.01 (grow cal),exch,0.6372431915910177,0.8235294117647058,0.17647058823529413,0.9,-0.07647058823529418,17,0.087,0.5079365079365079,0.8235294117647058,0.6657329598506069,0.5425,32
1,1,"0,3,7",SAFE-Embed,0.1,ACI g=0.05,exch,0.6372431915910177,0.8823529411764706,0.11764705882352941,0.9,-0.01764705882352946,17,0.08500000000000005,0.4603174603174603,0.8823529411764706,0.6713352007469654,0.5103448275862069,29
1,1,"0,3,7",SAFE-Embed,0.1,ACI g=0.05 (grow cal),exch,0.6372431915910177,0.8823529411764706,0.11764705882352941,0.9,-0.01764705882352946,17,0.08500000000000005,0.4444444444444444,0.8823529411764706,0.6633986928104575,0.5928571428571427,28
1,1,"0,3,7",SAFE-Embed,0.15,split CP (SAFE),blocked,0.6372431915910177,0.0,1.0,0.85,-0.85,92,0.15,1.0,0.0,0.5,0.02175824175824176,91
1,1,"0,3,7",SAFE-Embed,0.15,split CP (n+1 corr.),blocked,0.6372431915910177,0.0,1.0,0.85,-0.85,92,0.15,1.0,0.0,0.5,0.04945054945054945,91
1,1,"0,3,7",SAFE-Embed,0.15,DtACI,blocked,0.6372431915910177,0.3913043478260869,0.6086956521739131,0.85,-0.45869565217391306,92,0.008719921618803134,0.7802197802197802,0.3913043478260869,0.5857620640229335,0.46957746478873225,71
1,1,"0,3,7",SAFE-Embed,0.15,DtACI (grow cal),blocked,0.6372431915910177,0.6739130434782609,0.32608695652173914,0.85,-0.1760869565217391,92,0.27601088614514224,0.4175824175824176,0.6739130434782609,0.5457477305303392,0.5326315789473685,38
1,1,"0,3,7",SAFE-Embed,0.15,ACI g=0.005,blocked,0.6372431915910177,0.2934782608695652,0.7065217391304348,0.85,-0.5565217391304348,92,0.00175,0.8241758241758241,0.2934782608695652,0.5588270425226947,0.39680000000000004,75
1,1,"0,3,7",SAFE-Embed,0.15,ACI g=0.005 (grow cal),blocked,0.6372431915910177,0.6847826086956521,0.31521739130434784,0.85,-0.16521739130434787,92,0.07399999999999993,0.3516483516483517,0.6847826086956521,0.5182154801720019,0.4525,32
1,1,"0,3,7",SAFE-Embed,0.15,ACI g=0.01,blocked,0.6372431915910177,0.3586956521739131,0.6413043478260869,0.85,-0.4913043478260869,92,0.0025,0.7912087912087912,0.3586956521739131,0.5749522216913521,0.45333333333333337,72
1,1,"0,3,7",SAFE-Embed,0.15,ACI g=0.01 (grow cal),blocked,0.6372431915910177,0.7608695652173914,0.2391304347826087,0.85,-0.08913043478260863,92,0.06799999999999998,0.32967032967032966,0.7608695652173914,0.5452699474438605,0.49200000000000005,30
1,1,"0,3,7",SAFE-Embed,0.15,ACI g=0.05,blocked,0.6372431915910177,0.40217391304347827,0.5978260869565217,0.85,-0.4478260869565217,92,0.0085,0.7802197802197802,0.40217391304347827,0.5911968466316293,0.47323943661971835,71
1,1,"0,3,7",SAFE-Embed,0.15,ACI g=0.05 (grow cal),blocked,0.6372431915910177,0.8260869565217391,0.17391304347826086,0.85,-0.023913043478260843,92,0.21350000000000016,0.2967032967032967,0.8260869565217391,0.5613951266125179,0.5577777777777777,27
1,1,"0,3,7",SAFE-Embed,0.15,split CP (SAFE),shuffled,0.6372431915910177,0.0,1.0,0.85,-0.85,92,0.15,1.0,0.0,0.5,0.02175824175824176,91
1,1,"0,3,7",SAFE-Embed,0.15,split CP (n+1 corr.),shuffled,0.6372431915910177,0.0,1.0,0.85,-0.85,92,0.15,1.0,0.0,0.5,0.04945054945054945,91
1,1,"0,3,7",SAFE-Embed,0.15,DtACI,shuffled,0.6372431915910177,0.3913043478260869,0.6086956521739131,0.85,-0.45869565217391306,92,0.001,0.7582417582417582,0.3913043478260869,0.5747730530339226,0.4881159420289855,69
1,1,"0,3,7",SAFE-Embed,0.15,DtACI (grow cal),shuffled,0.6372431915910177,0.7391304347826086,0.2608695652173913,0.85,-0.11086956521739133,92,0.10175195276229755,0.3626373626373626,0.7391304347826086,0.5508838987099857,0.6933333333333334,33
1,1,"0,3,7",SAFE-Embed,0.15,ACI g=0.005,shuffled,0.6372431915910177,0.2934782608695652,0.7065217391304348,0.85,-0.5565217391304348,92,0.001,0.7912087912087912,0.2934782608695652,0.5423435260391782,0.42722222222222217,72
1,1,"0,3,7",SAFE-Embed,0.15,ACI g=0.005 (grow cal),shuffled,0.6372431915910177,0.7608695652173914,0.2391304347826087,0.85,-0.08913043478260863,92,0.10899999999999996,0.2857142857142857,0.7608695652173914,0.5232919254658386,0.5807692307692307,26
1,1,"0,3,7",SAFE-Embed,0.15,ACI g=0.01,shuffled,0.6372431915910177,0.3695652173913043,0.6304347826086957,0.85,-0.48043478260869565,92,0.001,0.7582417582417582,0.3695652173913043,0.5639034878165312,0.4753623188405798,69
1,1,"0,3,7",SAFE-Embed,0.15,ACI g=0.01 (grow cal),shuffled,0.6372431915910177,0.782608695652174,0.21739130434782608,0.85,-0.06739130434782603,92,0.08799999999999997,0.26373626373626374,0.782608695652174,0.5231724796942189,0.6024999999999999,24
1,1,"0,3,7",SAFE-Embed,0.15,ACI g=0.05,shuffled,0.6372431915910177,0.42391304347826086,0.5760869565217391,0.85,-0.4260869565217391,92,0.001,0.7472527472527473,0.42391304347826086,0.585582895365504,0.49264705882352944,68
1,1,"0,3,7",SAFE-Embed,0.15,ACI g=0.05 (grow cal),shuffled,0.6372431915910177,0.8478260869565217,0.15217391304347827,0.85,-0.0021739130434782483,92,0.14600000000000019,0.1978021978021978,0.8478260869565217,0.5228141423793597,0.7866666666666666,18
1,1,"0,3,7",SAFE-Embed,0.15,split CP (SAFE),exch,0.6372431915910177,0.7058823529411764,0.29411764705882354,0.85,-0.14411764705882357,17,0.15,0.7301587301587301,0.7058823529411764,0.7180205415499532,0.3678260869565217,46
1,1,"0,3,7",SAFE-Embed,0.15,split CP (n+1 corr.),exch,0.6372431915910177,0.7058823529411764,0.29411764705882354,0.85,-0.14411764705882357,17,0.15,0.6507936507936508,0.7058823529411764,0.6783380018674137,0.37658536585365854,41
1,1,"0,3,7",SAFE-Embed,0.15,DtACI,exch,0.6372431915910177,0.7058823529411764,0.29411764705882354,0.85,-0.14411764705882357,17,0.1339248006675451,0.6984126984126984,0.7058823529411764,0.7021475256769374,0.37772727272727274,44
1,1,"0,3,7",SAFE-Embed,0.15,DtACI (grow cal),exch,0.6372431915910177,0.7058823529411764,0.29411764705882354,0.85,-0.14411764705882357,17,0.13492940521980148,0.5714285714285714,0.7058823529411764,0.6386554621848739,0.42777777777777776,36
1,1,"0,3,7",SAFE-Embed,0.15,ACI g=0.005,exch,0.6372431915910177,0.7058823529411764,0.29411764705882354,0.85,-0.14411764705882357,17,0.13774999999999998,0.6984126984126984,0.7058823529411764,0.7021475256769374,0.35818181818181816,44
1,1,"0,3,7",SAFE-Embed,0.15,ACI g=0.005 (grow cal),exch,0.6372431915910177,0.7058823529411764,0.29411764705882354,0.85,-0.14411764705882357,17,0.13774999999999998,0.5873015873015873,0.7058823529411764,0.6465919701213818,0.4313513513513514,37
1,1,"0,3,7",SAFE-Embed,0.15,ACI g=0.01,exch,0.6372431915910177,0.7058823529411764,0.29411764705882354,0.85,-0.14411764705882357,17,0.12549999999999997,0.6984126984126984,0.7058823529411764,0.7021475256769374,0.3804545454545455,44
1,1,"0,3,7",SAFE-Embed,0.15,ACI g=0.01 (grow cal),exch,0.6372431915910177,0.7058823529411764,0.29411764705882354,0.85,-0.14411764705882357,17,0.12549999999999997,0.5714285714285714,0.7058823529411764,0.6386554621848739,0.4466666666666666,36
1,1,"0,3,7",SAFE-Embed,0.15,ACI g=0.05,exch,0.6372431915910177,0.7647058823529411,0.23529411764705882,0.85,-0.08529411764705885,17,0.07749999999999999,0.5079365079365079,0.7647058823529411,0.6363211951447245,0.455625,32
1,1,"0,3,7",SAFE-Embed,0.15,ACI g=0.05 (grow cal),exch,0.6372431915910177,0.7647058823529411,0.23529411764705882,0.85,-0.08529411764705885,17,0.07749999999999999,0.47619047619047616,0.7647058823529411,0.6204481792717087,0.4726666666666667,30
1,1,"0,3,7",SAFE-Embed,0.2,split CP (SAFE),blocked,0.6372431915910177,0.0,1.0,0.8,-0.8,92,0.2,1.0,0.0,0.5,0.007472527472527472,91
1,1,"0,3,7",SAFE-Embed,0.2,split CP (n+1 corr.),blocked,0.6372431915910177,0.0,1.0,0.8,-0.8,92,0.2,1.0,0.0,0.5,0.024395604395604398,91
1,1,"0,3,7",SAFE-Embed,0.2,DtACI,blocked,0.6372431915910177,0.13043478260869568,0.8695652173913043,0.8,-0.6695652173913044,92,0.001,0.8681318681318682,0.13043478260869568,0.4992833253702819,0.5172151898734176,79
1,1,"0,3,7",SAFE-Embed,0.2,DtACI (grow cal),blocked,0.6372431915910177,0.5760869565217391,0.42391304347826086,0.8,-0.2239130434782609,92,0.3372477729806916,0.4945054945054945,0.5760869565217391,0.5352962255136169,0.6675555555555556,45
1,1,"0,3,7",SAFE-Embed,0.2,ACI g=0.005,blocked,0.6372431915910177,0.05434782608695654,0.9456521739130435,0.8,-0.7456521739130435,92,0.001,0.8901098901098901,0.05434782608695654,0.4722288580984233,0.31876543209876546,81
1,1,"0,3,7",SAFE-Embed,0.2,ACI g=0.005 (grow cal),blocked,0.6372431915910177,0.6086956521739131,0.391304347826087,0.8,-0.19130434782608696,92,0.11199999999999993,0.43956043956043955,0.6086956521739131,0.5241280458671763,0.625,40
1,1,"0,3,7",SAFE-Embed,0.2,ACI g=0.01,blocked,0.6372431915910177,0.07608695652173914,0.9239130434782609,0.8,-0.7239130434782609,92,0.001,0.8681318681318682,0.07608695652173914,0.47210941232680365,0.44278481012658216,79
1,1,"0,3,7",SAFE-Embed,0.2,ACI g=0.01 (grow cal),blocked,0.6372431915910177,0.6847826086956521,0.31521739130434784,0.8,-0.11521739130434794,92,0.09399999999999997,0.38461538461538464,0.6847826086956521,0.5346989966555183,0.6182857142857143,35
1,1,"0,3,7",SAFE-Embed,0.2,ACI g=0.05,blocked,0.6372431915910177,0.13043478260869568,0.8695652173913043,0.8,-0.6695652173913044,92,0.001,0.8681318681318682,0.13043478260869568,0.4992833253702819,0.5197468354430378,79
1,1,"0,3,7",SAFE-Embed,0.2,ACI g=0.05 (grow cal),blocked,0.6372431915910177,0.782608695652174,0.21739130434782608,0.8,-0.017391304347826098,92,0.3010000000000002,0.3626373626373626,0.782608695652174,0.5726230291447683,0.706060606060606,33
1,1,"0,3,7",SAFE-Embed,0.2,split CP (SAFE),shuffled,0.6372431915910177,0.0,1.0,0.8,-0.8,92,0.2,1.0,0.0,0.5,0.007472527472527474,91
1,1,"0,3,7",SAFE-Embed,0.2,split CP (n+1 corr.),shuffled,0.6372431915910177,0.0,1.0,0.8,-0.8,92,0.2,1.0,0.0,0.5,0.024395604395604398,91
1,1,"0,3,7",SAFE-Embed,0.2,DtACI,shuffled,0.6372431915910177,0.11956521739130432,0.8804347826086957,0.8,-0.6804347826086957,92,0.001,0.8461538461538461,0.11956521739130432,0.48285953177257523,0.531948051948052,77
1,1,"0,3,7",SAFE-Embed,0.2,DtACI (grow cal),shuffled,0.6372431915910177,0.6630434782608696,0.33695652173913043,0.8,-0.13695652173913042,92,0.1385011479066,0.5274725274725275,0.6630434782608696,0.5952580028666985,0.7725,48
1,1,"0,3,7",SAFE-Embed,0.2,ACI g=0.005,shuffled,0.6372431915910177,0.06521739130434778,0.9347826086956522,0.8,-0.7347826086956523,92,0.001,0.9010989010989011,0.06521739130434778,0.48315814620162445,0.37902439024390244,82
1,1,"0,3,7",SAFE-Embed,0.2,ACI g=0.005 (grow cal),shuffled,0.6372431915910177,0.6739130434782609,0.32608695652173914,0.8,-0.12608695652173918,92,0.14199999999999996,0.5274725274725275,0.6739130434782609,0.6006927854753942,0.7841666666666667,48
1,1,"0,3,7",SAFE-Embed,0.2,ACI g=0.01,shuffled,0.6372431915910177,0.11956521739130432,0.8804347826086957,0.8,-0.6804347826086957,92,0.001,0.8461538461538461,0.11956521739130432,0.48285953177257523,0.49584415584415586,77
1,1,"0,3,7",SAFE-Embed,0.2,ACI g=0.01 (grow cal),shuffled,0.6372431915910177,0.7173913043478262,0.2826086956521739,0.8,-0.08260869565217388,92,0.12399999999999994,0.32967032967032966,0.7173913043478262,0.5235308170090779,0.7420000000000001,30
1,1,"0,3,7",SAFE-Embed,0.2,ACI g=0.05,shuffled,0.6372431915910177,0.13043478260869568,0.8695652173913043,0.8,-0.6695652173913044,92,0.001,0.8461538461538461,0.13043478260869568,0.4882943143812709,0.5342857142857143,77
1,1,"0,3,7",SAFE-Embed,0.2,ACI g=0.05 (grow cal),shuffled,0.6372431915910177,0.7934782608695652,0.20652173913043478,0.8,-0.006521739130434856,92,0.17000000000000035,0.3956043956043956,0.7934782608695652,0.5945413282369804,0.8044444444444445,36
1,1,"0,3,7",SAFE-Embed,0.2,split CP (SAFE),exch,0.6372431915910177,0.6470588235294117,0.35294117647058826,0.8,-0.15294117647058836,17,0.2,0.8888888888888888,0.6470588235294117,0.7679738562091503,0.38,56
1,1,"0,3,7",SAFE-Embed,0.2,split CP (n+1 corr.),exch,0.6372431915910177,0.7647058823529411,0.23529411764705882,0.8,-0.03529411764705892,17,0.2,0.7142857142857143,0.7647058823529411,0.7394957983193278,0.4208888888888889,45
1,1,"0,3,7",SAFE-Embed,0.2,DtACI,exch,0.6372431915910177,0.7058823529411764,0.29411764705882354,0.8,-0.09411764705882364,17,0.18492154049165432,0.8253968253968254,0.7058823529411764,0.7656395891690009,0.4407692307692308,52
1,1,"0,3,7",SAFE-Embed,0.2,DtACI (grow cal),exch,0.6372431915910177,0.7058823529411764,0.29411764705882354,0.8,-0.09411764705882364,17,0.18839570988388488,0.746031746031746,0.7058823529411764,0.7259570494864612,0.4319148936170213,47
1,1,"0,3,7",SAFE-Embed,0.2,ACI g=0.005,exch,0.6372431915910177,0.6470588235294117,0.35294117647058826,0.8,-0.15294117647058836,17,0.187,0.8571428571428571,0.6470588235294117,0.7521008403361344,0.4118518518518518,54
1,1,"0,3,7",SAFE-Embed,0.2,ACI g=0.005 (grow cal),exch,0.6372431915910177,0.7058823529411764,0.29411764705882354,0.8,-0.09411764705882364,17,0.192,0.746031746031746,0.7058823529411764,0.7259570494864612,0.4272340425531916,47
1,1,"0,3,7",SAFE-Embed,0.2,ACI g=0.01,exch,0.6372431915910177,0.7058823529411764,0.29411764705882354,0.8,-0.09411764705882364,17,0.184,0.8571428571428571,0.7058823529411764,0.7815126050420167,0.41740740740740745,54
1,1,"0,3,7",SAFE-Embed,0.2,ACI g=0.01 (grow cal),exch,0.6372431915910177,0.7058823529411764,0.29411764705882354,0.8,-0.09411764705882364,17,0.184,0.746031746031746,0.7058823529411764,0.7259570494864612,0.4306382978723405,47
1,1,"0,3,7",SAFE-Embed,0.2,ACI g=0.05,exch,0.6372431915910177,0.7058823529411764,0.29411764705882354,0.8,-0.09411764705882364,17,0.12000000000000008,0.7142857142857143,0.7058823529411764,0.7100840336134453,0.44577777777777783,45
1,1,"0,3,7",SAFE-Embed,0.2,ACI g=0.05 (grow cal),exch,0.6372431915910177,0.7058823529411764,0.29411764705882354,0.8,-0.09411764705882364,17,0.12000000000000008,0.6349206349206349,0.7058823529411764,0.6704014939309056,0.4995,40
1,1,"0,3,7",SAFE-Embed,0.25,split CP (SAFE),blocked,0.6372431915910177,0.0,1.0,0.75,-0.75,92,0.25,1.0,0.0,0.5,0.004175824175824176,91
1,1,"0,3,7",SAFE-Embed,0.25,split CP (n+1 corr.),blocked,0.6372431915910177,0.0,1.0,0.75,-0.75,92,0.25,1.0,0.0,0.5,0.004175824175824176,91
1,1,"0,3,7",SAFE-Embed,0.25,DtACI,blocked,0.6372431915910177,0.11956521739130432,0.8804347826086957,0.75,-0.6304347826086957,92,0.001,0.8681318681318682,0.11956521739130432,0.49384854276158624,0.5103797468354428,79
1,1,"0,3,7",SAFE-Embed,0.25,DtACI (grow cal),blocked,0.6372431915910177,0.5217391304347826,0.4782608695652174,0.75,-0.2282608695652174,92,0.29871225711340843,0.5494505494505495,0.5217391304347826,0.535594839942666,0.6272,50
1,1,"0,3,7",SAFE-Embed,0.25,ACI g=0.005,blocked,0.6372431915910177,0.05434782608695654,0.9456521739130435,0.75,-0.6956521739130435,92,0.001,0.967032967032967,0.05434782608695654,0.5106903965599618,0.24931818181818183,88
1,1,"0,3,7",SAFE-Embed,0.25,ACI g=0.005 (grow cal),blocked,0.6372431915910177,0.5543478260869565,0.44565217391304346,0.75,-0.19565217391304346,92,0.15999999999999992,0.5274725274725275,0.5543478260869565,0.540910176779742,0.6216666666666667,48
1,1,"0,3,7",SAFE-Embed,0.25,ACI g=0.01,blocked,0.6372431915910177,0.06521739130434778,0.9347826086956522,0.75,-0.6847826086956522,92,0.001,0.8681318681318682,0.06521739130434778,0.46667462971810797,0.39316455696202535,79
1,1,"0,3,7",SAFE-Embed,0.25,ACI g=0.01 (grow cal),blocked,0.6372431915910177,0.6195652173913043,0.3804347826086957,0.75,-0.13043478260869568,92,0.1299999999999999,0.4175824175824176,0.6195652173913043,0.5185738174868609,0.5994736842105264,38
1,1,"0,3,7",SAFE-Embed,0.25,ACI g=0.05,blocked,0.6372431915910177,0.13043478260869568,0.8695652173913043,0.75,-0.6195652173913043,92,0.001,0.8681318681318682,0.13043478260869568,0.4992833253702819,0.5141772151898732,79
1,1,"0,3,7",SAFE-Embed,0.25,ACI g=0.05 (grow cal),blocked,0.6372431915910177,0.7391304347826086,0.2608695652173913,0.75,-0.010869565217391353,92,0.30100000000000016,0.3956043956043956,0.7391304347826086,0.5673674151935021,0.6611111111111111,36
1,1,"0,3,7",SAFE-Embed,0.25,split CP (SAFE),shuffled,0.6372431915910177,0.0,1.0,0.75,-0.75,92,0.25,1.0,0.0,0.5,0.004175824175824176,91
1,1,"0,3,7",SAFE-Embed,0.25,split CP (n+1 corr.),shuffled,0.6372431915910177,0.0,1.0,0.75,-0.75,92,0.25,1.0,0.0,0.5,0.004175824175824176,91
1,1,"0,3,7",SAFE-Embed,0.25,DtACI,shuffled,0.6372431915910177,0.11956521739130432,0.8804347826086957,0.75,-0.6304347826086957,92,0.0010000000000000002,0.8461538461538461,0.11956521739130432,0.48285953177257523,0.5264935064935065,77
1,1,"0,3,7",SAFE-Embed,0.25,DtACI (grow cal),shuffled,0.6372431915910177,0.5978260869565217,0.40217391304347827,0.75,-0.15217391304347827,92,0.16383866242697095,0.6153846153846154,0.5978260869565217,0.6066053511705686,0.7428571428571429,56
1,1,"0,3,7",SAFE-Embed,0.25,ACI g=0.005,shuffled,0.6372431915910177,0.03260869565217395,0.967391304347826,0.75,-0.717391304347826,92,0.001,0.9560439560439561,0.03260869565217395,0.494326325848065,0.23816091954022992,87
1,1,"0,3,7",SAFE-Embed,0.25,ACI g=0.005 (grow cal),shuffled,0.6372431915910177,0.5760869565217391,0.42391304347826086,0.75,-0.17391304347826086,92,0.16999999999999993,0.6263736263736264,0.5760869565217391,0.6012302914476828,0.7480701754385966,57
1,1,"0,3,7",SAFE-Embed,0.25,ACI g=0.01,shuffled,0.6372431915910177,0.09782608695652173,0.9021739130434783,0.75,-0.6521739130434783,92,0.001,0.8681318681318682,0.09782608695652173,0.48297897754419494,0.45341772151898724,79
1,1,"0,3,7",SAFE-Embed,0.25,ACI g=0.01 (grow cal),shuffled,0.6372431915910177,0.6413043478260869,0.358695652173913,0.75,-0.10869565217391308,92,0.1499999999999999,0.5714285714285714,0.6413043478260869,0.6063664596273292,0.7846153846153846,52
1,1,"0,3,7",SAFE-Embed,0.25,ACI g=0.05,shuffled,0.6372431915910177,0.13043478260869568,0.8695652173913043,0.75,-0.6195652173913043,92,0.001,0.8461538461538461,0.13043478260869568,0.4882943143812709,0.5298701298701298,77
1,1,"0,3,7",SAFE-Embed,0.25,ACI g=0.05 (grow cal),shuffled,0.6372431915910177,0.7282608695652174,0.2717391304347826,0.75,-0.021739130434782594,92,0.15100000000000016,0.4945054945054945,0.7282608695652174,0.6113831820353559,0.7671111111111111,45
1,1,"0,3,7",SAFE-Embed,0.25,split CP (SAFE),exch,0.6372431915910177,0.6470588235294117,0.35294117647058826,0.75,-0.10294117647058831,17,0.25,0.8888888888888888,0.6470588235294117,0.7679738562091503,0.31428571428571433,56
1,1,"0,3,7",SAFE-Embed,0.25,split CP (n+1 corr.),exch,0.6372431915910177,0.6470588235294117,0.35294117647058826,0.75,-0.10294117647058831,17,0.25,0.8888888888888888,0.6470588235294117,0.7679738562091503,0.315,56
1,1,"0,3,7",SAFE-Embed,0.25,DtACI,exch,0.6372431915910177,0.6470588235294117,0.35294117647058826,0.75,-0.10294117647058831,17,0.23594011612850196,0.8888888888888888,0.6470588235294117,0.7679738562091503,0.3175,56
1,1,"0,3,7",SAFE-Embed,0.25,DtACI (grow cal),exch,0.6372431915910177,0.7058823529411764,0.29411764705882354,0.75,-0.044117647058823595,17,0.2399894235088024,0.8412698412698413,0.7058823529411764,0.7735760971055088,0.42,53
1,1,"0,3,7",SAFE-Embed,0.25,ACI g=0.005,exch,0.6372431915910177,0.6470588235294117,0.35294117647058826,0.75,-0.10294117647058831,17,0.24124999999999996,0.8888888888888888,0.6470588235294117,0.7679738562091503,0.31464285714285717,56
1,1,"0,3,7",SAFE-Embed,0.25,ACI g=0.005 (grow cal),exch,0.6372431915910177,0.6470588235294117,0.35294117647058826,0.75,-0.10294117647058831,17,0.24124999999999996,0.8412698412698413,0.6470588235294117,0.7441643323996265,0.3852830188679245,53
1,1,"0,3,7",SAFE-Embed,0.25,ACI g=0.01,exch,0.6372431915910177,0.6470588235294117,0.35294117647058826,0.75,-0.10294117647058831,17,0.23249999999999998,0.8888888888888888,0.6470588235294117,0.7679738562091503,0.31464285714285717,56
1,1,"0,3,7",SAFE-Embed,0.25,ACI g=0.01 (grow cal),exch,0.6372431915910177,0.7058823529411764,0.29411764705882354,0.75,-0.044117647058823595,17,0.2425,0.8412698412698413,0.7058823529411764,0.7735760971055088,0.38566037735849057,53
1,1,"0,3,7",SAFE-Embed,0.25,ACI g=0.05,exch,0.6372431915910177,0.7058823529411764,0.29411764705882354,0.75,-0.044117647058823595,17,0.21250000000000008,0.8888888888888888,0.7058823529411764,0.7973856209150326,0.33714285714285713,56
1,1,"0,3,7",SAFE-Embed,0.25,ACI g=0.05 (grow cal),exch,0.6372431915910177,0.7058823529411764,0.29411764705882354,0.75,-0.044117647058823595,17,0.21250000000000008,0.7777777777777778,0.7058823529411764,0.7418300653594772,0.40571428571428575,49
1,1,"0,3,7",H&S inter+intra,0.1,split CP (SAFE),blocked,0.6266125179168658,0.5978260869565217,0.40217391304347827,0.9,-0.3021739130434783,92,0.1,0.31868131868131866,0.5978260869565217,0.4582537028189202,0.21655172413793106,29
1,1,"0,3,7",H&S inter+intra,0.1,split CP (n+1 corr.),blocked,0.6266125179168658,0.9021739130434783,0.09782608695652174,0.9,0.0021739130434782483,92,0.1,0.12087912087912088,0.9021739130434783,0.5115265169612996,0.11272727272727275,11
1,1,"0,3,7",H&S inter+intra,0.1,DtACI,blocked,0.6266125179168658,0.7717391304347826,0.22826086956521738,0.9,-0.12826086956521743,92,0.07558000000000005,0.16483516483516483,0.7717391304347826,0.4682871476349737,0.14666666666666667,15
1,1,"0,3,7",H&S inter+intra,0.1,DtACI (grow cal),blocked,0.6266125179168658,0.8695652173913043,0.13043478260869565,0.9,-0.0304347826086957,92,0.15014999999999656,0.12087912087912088,0.8695652173913043,0.4952221691352126,0.09090909090909091,11
1,1,"0,3,7",H&S inter+intra,0.1,ACI g=0.005,blocked,0.6266125179168658,0.7934782608695652,0.20652173913043478,0.9,-0.10652173913043483,92,0.05099999999999996,0.16483516483516483,0.7934782608695652,0.479156712852365,0.1053333333333333,15
1,1,"0,3,7",H&S inter+intra,0.1,ACI g=0.005 (grow cal),blocked,0.6266125179168658,0.8804347826086957,0.11956521739130435,0.9,-0.019565217391304346,92,0.091,0.13186813186813187,0.8804347826086957,0.5061514572384138,0.09333333333333334,12
1,1,"0,3,7",H&S inter+intra,0.1,ACI g=0.01,blocked,0.6266125179168658,0.8369565217391304,0.16304347826086957,0.9,-0.06304347826086965,92,0.04200000000000002,0.14285714285714285,0.8369565217391304,0.4899068322981366,0.09384615384615383,13
1,1,"0,3,7",H&S inter+intra,0.1,ACI g=0.01 (grow cal),blocked,0.6266125179168658,0.8804347826086957,0.11956521739130435,0.9,-0.019565217391304346,92,0.08199999999999999,0.12087912087912088,0.8804347826086957,0.5006569517439082,0.09090909090909091,11
1,1,"0,3,7",H&S inter+intra,0.1,ACI g=0.05,blocked,0.6266125179168658,0.8586956521739131,0.14130434782608695,0.9,-0.04130434782608694,92,0.07600000000000004,0.12087912087912088,0.8586956521739131,0.489787386526517,0.09636363636363637,11
1,1,"0,3,7",H&S inter+intra,0.1,ACI g=0.05 (grow cal),blocked,0.6266125179168658,0.9021739130434783,0.09782608695652174,0.9,0.0021739130434782483,92,0.11000000000000026,0.10989010989010989,0.9021739130434783,0.5060320114667941,0.088,10
1,1,"0,3,7",H&S inter+intra,0.1,split CP (SAFE),shuffled,0.6266125179168658,0.5978260869565217,0.40217391304347827,0.9,-0.3021739130434783,92,0.1,0.31868131868131866,0.5978260869565217,0.4582537028189202,0.216551724137931,29
1,1,"0,3,7",H&S inter+intra,0.1,split CP (n+1 corr.),shuffled,0.6266125179168658,0.9021739130434783,0.09782608695652174,0.9,0.0021739130434782483,92,0.1,0.12087912087912088,0.9021739130434783,0.5115265169612996,0.11272727272727273,11
1,1,"0,3,7",H&S inter+intra,0.1,DtACI,shuffled,0.6266125179168658,0.8369565217391304,0.16304347826086957,0.9,-0.06304347826086965,92,0.05562998950920282,0.15384615384615385,0.8369565217391304,0.4954013377926421,0.12142857142857144,14
1,1,"0,3,7",H&S inter+intra,0.1,DtACI (grow cal),shuffled,0.6266125179168658,0.8695652173913043,0.13043478260869565,0.9,-0.0304347826086957,92,0.1404299445416508,0.12087912087912088,0.8695652173913043,0.4952221691352126,0.1309090909090909,11
1,1,"0,3,7",H&S inter+intra,0.1,ACI g=0.005,shuffled,0.6266125179168658,0.8043478260869565,0.1956521739130435,0.9,-0.09565217391304348,92,0.055999999999999966,0.16483516483516483,0.8043478260869565,0.4845914954610607,0.10666666666666669,15
1,1,"0,3,7",H&S inter+intra,0.1,ACI g=0.005 (grow cal),shuffled,0.6266125179168658,0.8913043478260869,0.10869565217391304,0.9,-0.008695652173913104,92,0.096,0.10989010989010989,0.8913043478260869,0.5005972288580984,0.132,10
1,1,"0,3,7",H&S inter+intra,0.1,ACI g=0.01,shuffled,0.6266125179168658,0.8478260869565217,0.15217391304347827,0.9,-0.05217391304347829,92,0.05200000000000002,0.15384615384615385,0.8478260869565217,0.5008361204013378,0.10857142857142858,14
1,1,"0,3,7",H&S inter+intra,0.1,ACI g=0.01 (grow cal),shuffled,0.6266125179168658,0.8913043478260869,0.10869565217391304,0.9,-0.008695652173913104,92,0.092,0.0989010989010989,0.8913043478260869,0.4951027233635929,0.13555555555555554,9
1,1,"0,3,7",H&S inter+intra,0.1,ACI g=0.05,shuffled,0.6266125179168658,0.8586956521739131,0.14130434782608695,0.9,-0.04130434782608694,92,0.021000000000000088,0.12087912087912088,0.8586956521739131,0.489787386526517,0.12000000000000001,11
1,1,"0,3,7",H&S inter+intra,0.1,ACI g=0.05 (grow cal),shuffled,0.6266125179168658,0.8913043478260869,0.10869565217391304,0.9,-0.008695652173913104,92,0.12100000000000016,0.0989010989010989,0.8913043478260869,0.4951027233635929,0.1377777777777778,9
1,1,"0,3,7",H&S inter+intra,0.1,split CP (SAFE),exch,0.6266125179168658,0.8235294117647058,0.17647058823529413,0.9,-0.07647058823529418,17,0.1,0.4603174603174603,0.8235294117647058,0.641923436041083,0.3544827586206897,29
1,1,"0,3,7",H&S inter+intra,0.1,split CP (n+1 corr.),exch,0.6266125179168658,1.0,0.0,0.9,0.09999999999999998,17,0.1,0.09523809523809523,1.0,0.5476190476190477,0.08666666666666667,6
1,1,"0,3,7",H&S inter+intra,0.1,DtACI,exch,0.6266125179168658,0.8235294117647058,0.17647058823529413,0.9,-0.07647058823529418,17,0.09440577647693796,0.4603174603174603,0.8235294117647058,0.641923436041083,0.3544827586206897,29
1,1,"0,3,7",H&S inter+intra,0.1,DtACI (grow cal),exch,0.6266125179168658,0.8823529411764706,0.11764705882352941,0.9,-0.01764705882352946,17,0.09812898310085008,0.36507936507936506,0.8823529411764706,0.6237161531279178,0.2817391304347826,23
1,1,"0,3,7",H&S inter+intra,0.1,ACI g=0.005,exch,0.6266125179168658,0.8235294117647058,0.17647058823529413,0.9,-0.07647058823529418,17,0.0935,0.4603174603174603,0.8235294117647058,0.641923436041083,0.3544827586206897,29
1,1,"0,3,7",H&S inter+intra,0.1,ACI g=0.005 (grow cal),exch,0.6266125179168658,0.8823529411764706,0.11764705882352941,0.9,-0.01764705882352946,17,0.0985,0.36507936507936506,0.8823529411764706,0.6237161531279178,0.2817391304347826,23
1,1,"0,3,7",H&S inter+intra,0.1,ACI g=0.01,exch,0.6266125179168658,0.8823529411764706,0.11764705882352941,0.9,-0.01764705882352946,17,0.097,0.4603174603174603,0.8823529411764706,0.6713352007469654,0.3544827586206897,29
1,1,"0,3,7",H&S inter+intra,0.1,ACI g=0.01 (grow cal),exch,0.6266125179168658,0.8823529411764706,0.11764705882352941,0.9,-0.01764705882352946,17,0.097,0.36507936507936506,0.8823529411764706,0.6237161531279178,0.2817391304347826,23
1,1,"0,3,7",H&S inter+intra,0.1,ACI g=0.05,exch,0.6266125179168658,0.8823529411764706,0.11764705882352941,0.9,-0.01764705882352946,17,0.08500000000000005,0.36507936507936506,0.8823529411764706,0.6237161531279178,0.3095652173913044,23
1,1,"0,3,7",H&S inter+intra,0.1,ACI g=0.05 (grow cal),exch,0.6266125179168658,0.8823529411764706,0.11764705882352941,0.9,-0.01764705882352946,17,0.08500000000000005,0.31746031746031744,0.8823529411764706,0.599906629318394,0.21199999999999997,20
1,1,"0,3,7",H&S inter+intra,0.15,split CP (SAFE),blocked,0.6266125179168658,0.5434782608695652,0.45652173913043476,0.85,-0.3065217391304348,92,0.15,0.27472527472527475,0.5434782608695652,0.40910176779741997,0.11120000000000001,25
1,1,"0,3,7",H&S inter+intra,0.15,split CP (n+1 corr.),blocked,0.6266125179168658,0.7934782608695652,0.20652173913043478,0.85,-0.05652173913043479,92,0.15,0.17582417582417584,0.7934782608695652,0.4846512183468705,0.10250000000000001,16
1,1,"0,3,7",H&S inter+intra,0.15,DtACI,blocked,0.6266125179168658,0.7173913043478262,0.2826086956521739,0.85,-0.1326086956521738,92,0.11415038693605137,0.18681318681318682,0.7173913043478262,0.4521022455805065,0.1035294117647059,17
1,1,"0,3,7",H&S inter+intra,0.15,DtACI (grow cal),blocked,0.6266125179168658,0.8152173913043479,0.18478260869565216,0.85,-0.034782608695652084,92,0.2245450000000001,0.14285714285714285,0.8152173913043479,0.47903726708074534,0.08923076923076924,13
1,1,"0,3,7",H&S inter+intra,0.15,ACI g=0.005,blocked,0.6266125179168658,0.7065217391304348,0.29347826086956524,0.85,-0.14347826086956517,92,0.08399999999999994,0.2087912087912088,0.7065217391304348,0.4576564739608218,0.10421052631578948,19
1,1,"0,3,7",H&S inter+intra,0.15,ACI g=0.005 (grow cal),blocked,0.6266125179168658,0.8043478260869565,0.1956521739130435,0.85,-0.04565217391304344,92,0.12899999999999998,0.15384615384615385,0.8043478260869565,0.4790969899665552,0.09142857142857141,14
1,1,"0,3,7",H&S inter+intra,0.15,ACI g=0.01,blocked,0.6266125179168658,0.7608695652173914,0.2391304347826087,0.85,-0.08913043478260863,92,0.06799999999999994,0.18681318681318682,0.7608695652173914,0.4738413760152891,0.10117647058823531,17
1,1,"0,3,7",H&S inter+intra,0.15,ACI g=0.01 (grow cal),blocked,0.6266125179168658,0.8152173913043479,0.18478260869565216,0.85,-0.034782608695652084,92,0.11799999999999997,0.15384615384615385,0.8152173913043479,0.4845317725752509,0.09142857142857141,14
1,1,"0,3,7",H&S inter+intra,0.15,ACI g=0.05,blocked,0.6266125179168658,0.8260869565217391,0.17391304347826086,0.85,-0.023913043478260843,92,0.11350000000000005,0.13186813186813187,0.8260869565217391,0.4789775441949355,0.09000000000000001,12
1,1,"0,3,7",H&S inter+intra,0.15,ACI g=0.05 (grow cal),blocked,0.6266125179168658,0.8478260869565217,0.15217391304347827,0.85,-0.0021739130434782483,92,0.14000000000000035,0.10989010989010989,0.8478260869565217,0.47885809842331584,0.078,10
1,1,"0,3,7",H&S inter+intra,0.15,split CP (SAFE),shuffled,0.6266125179168658,0.5434782608695652,0.45652173913043476,0.85,-0.3065217391304348,92,0.15,0.27472527472527475,0.5434782608695652,0.40910176779741997,0.11120000000000001,25
1,1,"0,3,7",H&S inter+intra,0.15,split CP (n+1 corr.),shuffled,0.6266125179168658,0.7934782608695652,0.20652173913043478,0.85,-0.05652173913043479,92,0.15,0.17582417582417584,0.7934782608695652,0.4846512183468705,0.10250000000000001,16
1,1,"0,3,7",H&S inter+intra,0.15,DtACI,shuffled,0.6266125179168658,0.7391304347826086,0.2608695652173913,0.85,-0.11086956521739133,92,0.08356497229735453,0.16483516483516483,0.7391304347826086,0.4519827998088867,0.10266666666666667,15
1,1,"0,3,7",H&S inter+intra,0.15,DtACI (grow cal),shuffled,0.6266125179168658,0.7934782608695652,0.20652173913043478,0.85,-0.05652173913043479,92,0.1365308398223177,0.14285714285714285,0.7934782608695652,0.468167701863354,0.10307692307692307,13
1,1,"0,3,7",H&S inter+intra,0.15,ACI g=0.005,shuffled,0.6266125179168658,0.7065217391304348,0.29347826086956524,0.85,-0.14347826086956517,92,0.08399999999999994,0.1978021978021978,0.7065217391304348,0.4521619684663163,0.10444444444444444,18
1,1,"0,3,7",H&S inter+intra,0.15,ACI g=0.005 (grow cal),shuffled,0.6266125179168658,0.8152173913043479,0.18478260869565216,0.85,-0.034782608695652084,92,0.13399999999999998,0.13186813186813187,0.8152173913043479,0.47354276158623987,0.105,12
1,1,"0,3,7",H&S inter+intra,0.15,ACI g=0.01,shuffled,0.6266125179168658,0.7717391304347826,0.22826086956521738,0.85,-0.07826086956521738,92,0.07799999999999993,0.18681318681318682,0.7717391304347826,0.4792761586239847,0.1035294117647059,17
1,1,"0,3,7",H&S inter+intra,0.15,ACI g=0.01 (grow cal),shuffled,0.6266125179168658,0.8260869565217391,0.17391304347826086,0.85,-0.023913043478260843,92,0.12799999999999997,0.13186813186813187,0.8260869565217391,0.4789775441949355,0.10666666666666667,12
1,1,"0,3,7",H&S inter+intra,0.15,ACI g=0.05,shuffled,0.6266125179168658,0.8260869565217391,0.17391304347826086,0.85,-0.023913043478260843,92,0.056000000000000154,0.13186813186813187,0.8260869565217391,0.4789775441949355,0.105,12
1,1,"0,3,7",H&S inter+intra,0.15,ACI g=0.05 (grow cal),shuffled,0.6266125179168658,0.8478260869565217,0.15217391304347827,0.85,-0.0021739130434782483,92,0.14000000000000032,0.10989010989010989,0.8478260869565217,0.47885809842331584,0.11599999999999999,10
1,1,"0,3,7",H&S inter+intra,0.15,split CP (SAFE),exch,0.6266125179168658,0.8235294117647058,0.17647058823529413,0.85,-0.026470588235294135,17,0.15,0.31746031746031744,0.8235294117647058,0.5704948646125116,0.131,20
1,1,"0,3,7",H&S inter+intra,0.15,split CP (n+1 corr.),exch,0.6266125179168658,0.9411764705882353,0.058823529411764705,0.85,0.0911764705882353,17,0.15,0.14285714285714285,0.9411764705882353,0.542016806722689,0.1,9
1,1,"0,3,7",H&S inter+intra,0.15,DtACI,exch,0.6266125179168658,0.8235294117647058,0.17647058823529413,0.85,-0.026470588235294135,17,0.14708924964028136,0.31746031746031744,0.8235294117647058,0.5704948646125116,0.131,20
1,1,"0,3,7",H&S inter+intra,0.15,DtACI (grow cal),exch,0.6266125179168658,0.8235294117647058,0.17647058823529413,0.85,-0.026470588235294135,17,0.14681810001298468,0.30158730158730157,0.8235294117647058,0.5625583566760037,0.1336842105263158,19
1,1,"0,3,7",H&S inter+intra,0.15,ACI g=0.005,exch,0.6266125179168658,0.8235294117647058,0.17647058823529413,0.85,-0.026470588235294135,17,0.14775,0.31746031746031744,0.8235294117647058,0.5704948646125116,0.131,20
1,1,"0,3,7",H&S inter+intra,0.15,ACI g=0.005 (grow cal),exch,0.6266125179168658,0.8235294117647058,0.17647058823529413,0.85,-0.026470588235294135,17,0.14775,0.30158730158730157,0.8235294117647058,0.5625583566760037,0.1336842105263158,19
1,1,"0,3,7",H&S inter+intra,0.15,ACI g=0.01,exch,0.6266125179168658,0.8235294117647058,0.17647058823529413,0.85,-0.026470588235294135,17,0.1455,0.31746031746031744,0.8235294117647058,0.5704948646125116,0.131,20
1,1,"0,3,7",H&S inter+intra,0.15,ACI g=0.01 (grow cal),exch,0.6266125179168658,0.8235294117647058,0.17647058823529413,0.85,-0.026470588235294135,17,0.1455,0.30158730158730157,0.8235294117647058,0.5625583566760037,0.1336842105263158,19
1,1,"0,3,7",H&S inter+intra,0.15,ACI g=0.05,exch,0.6266125179168658,0.8235294117647058,0.17647058823529413,0.85,-0.026470588235294135,17,0.12750000000000006,0.25396825396825395,0.8235294117647058,0.5387488328664799,0.12125,16
1,1,"0,3,7",H&S inter+intra,0.15,ACI g=0.05 (grow cal),exch,0.6266125179168658,0.8235294117647058,0.17647058823529413,0.85,-0.026470588235294135,17,0.12750000000000006,0.23809523809523808,0.8235294117647058,0.530812324929972,0.12133333333333338,15
1,1,"0,3,7",H&S inter+intra,0.2,split CP (SAFE),blocked,0.6266125179168658,0.5326086956521738,0.4673913043478261,0.8,-0.2673913043478262,92,0.2,0.34065934065934067,0.5326086956521738,0.43663401815575725,0.23870967741935484,31
1,1,"0,3,7",H&S inter+intra,0.2,split CP (n+1 corr.),blocked,0.6266125179168658,0.5326086956521738,0.4673913043478261,0.8,-0.2673913043478262,92,0.2,0.32967032967032966,0.5326086956521738,0.4311395126612517,0.222,30
1,1,"0,3,7",H&S inter+intra,0.2,DtACI,blocked,0.6266125179168658,0.6630434782608696,0.33695652173913043,0.8,-0.13695652173913042,92,0.19956979970948452,0.23076923076923078,0.6630434782608696,0.44690635451505023,0.10285714285714287,21
1,1,"0,3,7",H&S inter+intra,0.2,DtACI (grow cal),blocked,0.6266125179168658,0.7608695652173914,0.2391304347826087,0.8,-0.03913043478260869,92,0.35836499847481995,0.17582417582417584,0.7608695652173914,0.4683468705207836,0.0925,16
1,1,"0,3,7",H&S inter+intra,0.2,ACI g=0.005,blocked,0.6266125179168658,0.6086956521739131,0.391304347826087,0.8,-0.19130434782608696,92,0.11199999999999993,0.24175824175824176,0.6086956521739131,0.42522694696607743,0.10545454545454547,22
1,1,"0,3,7",H&S inter+intra,0.2,ACI g=0.005 (grow cal),blocked,0.6266125179168658,0.7391304347826086,0.2608695652173913,0.8,-0.0608695652173914,92,0.172,0.18681318681318682,0.7391304347826086,0.46297181079789773,0.1023529411764706,17
1,1,"0,3,7",H&S inter+intra,0.2,ACI g=0.01,blocked,0.6266125179168658,0.6739130434782609,0.32608695652173914,0.8,-0.12608695652173918,92,0.08399999999999991,0.23076923076923078,0.6739130434782609,0.4523411371237458,0.10285714285714287,21
1,1,"0,3,7",H&S inter+intra,0.2,ACI g=0.01 (grow cal),blocked,0.6266125179168658,0.7608695652173914,0.2391304347826087,0.8,-0.03913043478260869,92,0.16399999999999998,0.17582417582417584,0.7608695652173914,0.4683468705207836,0.09875,16
1,1,"0,3,7",H&S inter+intra,0.2,ACI g=0.05,blocked,0.6266125179168658,0.782608695652174,0.21739130434782608,0.8,-0.017391304347826098,92,0.12100000000000027,0.16483516483516483,0.782608695652174,0.4737219302436694,0.09466666666666669,15
1,1,"0,3,7",H&S inter+intra,0.2,ACI g=0.05 (grow cal),blocked,0.6266125179168658,0.8043478260869565,0.1956521739130435,0.8,0.004347826086956497,92,0.2200000000000005,0.13186813186813187,0.8043478260869565,0.4681079789775442,0.08166666666666667,12
1,1,"0,3,7",H&S inter+intra,0.2,split CP (SAFE),shuffled,0.6266125179168658,0.5326086956521738,0.4673913043478261,0.8,-0.2673913043478262,92,0.2,0.34065934065934067,0.5326086956521738,0.43663401815575725,0.2387096774193548,31
1,1,"0,3,7",H&S inter+intra,0.2,split CP (n+1 corr.),shuffled,0.6266125179168658,0.5326086956521738,0.4673913043478261,0.8,-0.2673913043478262,92,0.2,0.32967032967032966,0.5326086956521738,0.4311395126612517,0.222,30
1,1,"0,3,7",H&S inter+intra,0.2,DtACI,shuffled,0.6266125179168658,0.6304347826086957,0.3695652173913043,0.8,-0.16956521739130437,92,0.1064249249324396,0.23076923076923078,0.6304347826086957,0.4306020066889632,0.1961904761904762,21
1,1,"0,3,7",H&S inter+intra,0.2,DtACI (grow cal),shuffled,0.6266125179168658,0.7608695652173914,0.2391304347826087,0.8,-0.03913043478260869,92,0.24017786989375195,0.18681318681318682,0.7608695652173914,0.4738413760152891,0.10823529411764708,17
1,1,"0,3,7",H&S inter+intra,0.2,ACI g=0.005,shuffled,0.6266125179168658,0.5978260869565217,0.40217391304347827,0.8,-0.20217391304347831,92,0.10699999999999993,0.25274725274725274,0.5978260869565217,0.42528666985188723,0.18173913043478263,23
1,1,"0,3,7",H&S inter+intra,0.2,ACI g=0.005 (grow cal),shuffled,0.6266125179168658,0.782608695652174,0.21739130434782608,0.8,-0.017391304347826098,92,0.192,0.18681318681318682,0.782608695652174,0.4847109412326804,0.10117647058823531,17
1,1,"0,3,7",H&S inter+intra,0.2,ACI g=0.01,shuffled,0.6266125179168658,0.6847826086956521,0.31521739130434784,0.8,-0.11521739130434794,92,0.09399999999999992,0.1978021978021978,0.6847826086956521,0.44129240324892494,0.1466666666666667,18
1,1,"0,3,7",H&S inter+intra,0.2,ACI g=0.01 (grow cal),shuffled,0.6266125179168658,0.7934782608695652,0.20652173913043478,0.8,-0.006521739130434856,92,0.194,0.15384615384615385,0.7934782608695652,0.4736622073578595,0.09857142857142856,14
1,1,"0,3,7",H&S inter+intra,0.2,ACI g=0.05,shuffled,0.6266125179168658,0.7717391304347826,0.22826086956521738,0.8,-0.02826086956521745,92,0.07100000000000024,0.16483516483516483,0.7717391304347826,0.4682871476349737,0.10400000000000001,15
1,1,"0,3,7",H&S inter+intra,0.2,ACI g=0.05 (grow cal),shuffled,0.6266125179168658,0.8043478260869565,0.1956521739130435,0.8,0.004347826086956497,92,0.22000000000000047,0.13186813186813187,0.8043478260869565,0.4681079789775442,0.11333333333333333,12
1,1,"0,3,7",H&S inter+intra,0.2,split CP (SAFE),exch,0.6266125179168658,0.8235294117647058,0.17647058823529413,0.8,0.0235294117647058,17,0.2,0.49206349206349204,0.8235294117647058,0.657796451914099,0.34838709677419355,31
1,1,"0,3,7",H&S inter+intra,0.2,split CP (n+1 corr.),exch,0.6266125179168658,0.8235294117647058,0.17647058823529413,0.8,0.0235294117647058,17,0.2,0.4603174603174603,0.8235294117647058,0.641923436041083,0.34068965517241384,29
1,1,"0,3,7",H&S inter+intra,0.2,DtACI,exch,0.6266125179168658,0.8235294117647058,0.17647058823529413,0.8,0.0235294117647058,17,0.20676633629059368,0.49206349206349204,0.8235294117647058,0.657796451914099,0.34838709677419355,31
1,1,"0,3,7",H&S inter+intra,0.2,DtACI (grow cal),exch,0.6266125179168658,0.8235294117647058,0.17647058823529413,0.8,0.0235294117647058,17,0.20432745093088844,0.5238095238095238,0.8235294117647058,0.6736694677871149,0.3721212121212121,33
1,1,"0,3,7",H&S inter+intra,0.2,ACI g=0.005,exch,0.6266125179168658,0.8235294117647058,0.17647058823529413,0.8,0.0235294117647058,17,0.202,0.49206349206349204,0.8235294117647058,0.657796451914099,0.34838709677419355,31
1,1,"0,3,7",H&S inter+intra,0.2,ACI g=0.005 (grow cal),exch,0.6266125179168658,0.8235294117647058,0.17647058823529413,0.8,0.0235294117647058,17,0.202,0.5238095238095238,0.8235294117647058,0.6736694677871149,0.3721212121212121,33
1,1,"0,3,7",H&S inter+intra,0.2,ACI g=0.01,exch,0.6266125179168658,0.8235294117647058,0.17647058823529413,0.8,0.0235294117647058,17,0.20400000000000001,0.49206349206349204,0.8235294117647058,0.657796451914099,0.34838709677419355,31
1,1,"0,3,7",H&S inter+intra,0.2,ACI g=0.01 (grow cal),exch,0.6266125179168658,0.8235294117647058,0.17647058823529413,0.8,0.0235294117647058,17,0.20400000000000001,0.5238095238095238,0.8235294117647058,0.6736694677871149,0.3721212121212121,33
1,1,"0,3,7",H&S inter+intra,0.2,ACI g=0.05,exch,0.6266125179168658,0.8235294117647058,0.17647058823529413,0.8,0.0235294117647058,17,0.2200000000000001,0.5238095238095238,0.8235294117647058,0.6736694677871149,0.3709090909090909,33
1,1,"0,3,7",H&S inter+intra,0.2,ACI g=0.05 (grow cal),exch,0.6266125179168658,0.8235294117647058,0.17647058823529413,0.8,0.0235294117647058,17,0.2200000000000001,0.49206349206349204,0.8235294117647058,0.657796451914099,0.3470967741935484,31
1,1,"0,3,7",H&S inter+intra,0.25,split CP (SAFE),blocked,0.6266125179168658,0.48913043478260865,0.5108695652173914,0.75,-0.26086956521739135,92,0.25,0.5054945054945055,0.48913043478260865,0.49731247013855706,0.3295652173913043,46
1,1,"0,3,7",H&S inter+intra,0.25,split CP (n+1 corr.),blocked,0.6266125179168658,0.5326086956521738,0.4673913043478261,0.75,-0.21739130434782616,92,0.25,0.34065934065934067,0.5326086956521738,0.43663401815575725,0.23870967741935484,31
1,1,"0,3,7",H&S inter+intra,0.25,DtACI,blocked,0.6266125179168658,0.5869565217391304,0.41304347826086957,0.75,-0.16304347826086962,92,0.14569840738365286,0.2967032967032967,0.5869565217391304,0.44182990922121357,0.18296296296296294,27
1,1,"0,3,7",H&S inter+intra,0.25,DtACI (grow cal),blocked,0.6266125179168658,0.6847826086956521,0.31521739130434784,0.75,-0.0652173913043479,92,0.34833646137842456,0.1978021978021978,0.6847826086956521,0.44129240324892494,0.0988888888888889,18
1,1,"0,3,7",H&S inter+intra,0.25,ACI g=0.005,blocked,0.6266125179168658,0.5217391304347826,0.4782608695652174,0.75,-0.2282608695652174,92,0.1449999999999999,0.34065934065934067,0.5217391304347826,0.43119923554706163,0.22580645161290322,31
1,1,"0,3,7",H&S inter+intra,0.25,ACI g=0.005 (grow cal),blocked,0.6266125179168658,0.6739130434782609,0.32608695652173914,0.75,-0.07608695652173914,92,0.21499999999999997,0.2087912087912088,0.6739130434782609,0.44135212613473485,0.10421052631578948,19
1,1,"0,3,7",H&S inter+intra,0.25,ACI g=0.01,blocked,0.6266125179168658,0.6086956521739131,0.391304347826087,0.75,-0.14130434782608692,92,0.11999999999999988,0.24175824175824176,0.6086956521739131,0.42522694696607743,0.10181818181818182,22
1,1,"0,3,7",H&S inter+intra,0.25,ACI g=0.01 (grow cal),blocked,0.6266125179168658,0.7065217391304348,0.29347826086956524,0.75,-0.04347826086956519,92,0.20999999999999996,0.2087912087912088,0.7065217391304348,0.4576564739608218,0.10526315789473684,19
1,1,"0,3,7",H&S inter+intra,0.25,ACI g=0.05,blocked,0.6266125179168658,0.7282608695652174,0.2717391304347826,0.75,-0.021739130434782594,92,0.1635,0.18681318681318682,0.7282608695652174,0.4575370281892021,0.09176470588235294,17
1,1,"0,3,7",H&S inter+intra,0.25,ACI g=0.05 (grow cal),blocked,0.6266125179168658,0.7608695652173914,0.2391304347826087,0.75,0.010869565217391353,92,0.30000000000000054,0.15384615384615385,0.7608695652173914,0.4573578595317726,0.0842857142857143,14
1,1,"0,3,7",H&S inter+intra,0.25,split CP (SAFE),shuffled,0.6266125179168658,0.48913043478260865,0.5108695652173914,0.75,-0.26086956521739135,92,0.25,0.5054945054945055,0.48913043478260865,0.49731247013855706,0.32956521739130434,46
1,1,"0,3,7",H&S inter+intra,0.25,split CP (n+1 corr.),shuffled,0.6266125179168658,0.5326086956521738,0.4673913043478261,0.75,-0.21739130434782616,92,0.25,0.34065934065934067,0.5326086956521738,0.43663401815575725,0.2387096774193548,31
1,1,"0,3,7",H&S inter+intra,0.25,DtACI,shuffled,0.6266125179168658,0.5760869565217391,0.42391304347826086,0.75,-0.17391304347826086,92,0.14917996765434594,0.3076923076923077,0.5760869565217391,0.4418896321070234,0.2542857142857143,28
1,1,"0,3,7",H&S inter+intra,0.25,DtACI (grow cal),shuffled,0.6266125179168658,0.6847826086956521,0.31521739130434784,0.75,-0.0652173913043479,92,0.24879544430788567,0.17582417582417584,0.6847826086956521,0.430303392259914,0.10625000000000001,16
1,1,"0,3,7",H&S inter+intra,0.25,ACI g=0.005,shuffled,0.6266125179168658,0.5326086956521738,0.4673913043478261,0.75,-0.21739130434782616,92,0.14999999999999988,0.34065934065934067,0.5326086956521738,0.43663401815575725,0.2387096774193548,31
1,1,"0,3,7",H&S inter+intra,0.25,ACI g=0.005 (grow cal),shuffled,0.6266125179168658,0.6956521739130435,0.30434782608695654,0.75,-0.05434782608695654,92,0.22499999999999995,0.18681318681318682,0.6956521739130435,0.44123268036311514,0.10117647058823531,17
1,1,"0,3,7",H&S inter+intra,0.25,ACI g=0.01,shuffled,0.6266125179168658,0.5978260869565217,0.40217391304347827,0.75,-0.15217391304347827,92,0.10999999999999988,0.26373626373626374,0.5978260869565217,0.4307811753463927,0.1875,24
1,1,"0,3,7",H&S inter+intra,0.25,ACI g=0.01 (grow cal),shuffled,0.6266125179168658,0.7282608695652174,0.2717391304347826,0.75,-0.021739130434782594,92,0.22999999999999998,0.18681318681318682,0.7282608695652174,0.4575370281892021,0.10117647058823531,17
1,1,"0,3,7",H&S inter+intra,0.25,ACI g=0.05,shuffled,0.6266125179168658,0.7173913043478262,0.2826086956521739,0.75,-0.032608695652173836,92,0.09999999999999994,0.17582417582417584,0.7173913043478262,0.446607740086001,0.10500000000000001,16
1,1,"0,3,7",H&S inter+intra,0.25,ACI g=0.05 (grow cal),shuffled,0.6266125179168658,0.75,0.25,0.75,0.0,92,0.2500000000000002,0.15384615384615385,0.75,0.4519230769230769,0.10714285714285714,14
1,1,"0,3,7",H&S inter+intra,0.25,split CP (SAFE),exch,0.6266125179168658,0.7647058823529411,0.23529411764705882,0.75,0.014705882352941124,17,0.25,0.6349206349206349,0.7647058823529411,0.699813258636788,0.41850000000000004,40
1,1,"0,3,7",H&S inter+intra,0.25,split CP (n+1 corr.),exch,0.6266125179168658,0.8235294117647058,0.17647058823529413,0.75,0.07352941176470584,17,0.25,0.49206349206349204,0.8235294117647058,0.657796451914099,0.34838709677419355,31
1,1,"0,3,7",H&S inter+intra,0.25,DtACI,exch,0.6266125179168658,0.7647058823529411,0.23529411764705882,0.75,0.014705882352941124,17,0.252629201117766,0.6190476190476191,0.7647058823529411,0.6918767507002801,0.40205128205128204,39
1,1,"0,3,7",H&S inter+intra,0.25,DtACI (grow cal),exch,0.6266125179168658,0.7647058823529411,0.23529411764705882,0.75,0.014705882352941124,17,0.2525695523562533,0.5873015873015873,0.7647058823529411,0.6760037348272643,0.3805405405405405,37
1,1,"0,3,7",H&S inter+intra,0.25,ACI g=0.005,exch,0.6266125179168658,0.7647058823529411,0.23529411764705882,0.75,0.014705882352941124,17,0.2512499999999999,0.6349206349206349,0.7647058823529411,0.699813258636788,0.41850000000000004,40
1,1,"0,3,7",H&S inter+intra,0.25,ACI g=0.005 (grow cal),exch,0.6266125179168658,0.7647058823529411,0.23529411764705882,0.75,0.014705882352941124,17,0.2512499999999999,0.6031746031746031,0.7647058823529411,0.6839402427637722,0.39526315789473676,38
1,1,"0,3,7",H&S inter+intra,0.25,ACI g=0.01,exch,0.6266125179168658,0.7647058823529411,0.23529411764705882,0.75,0.014705882352941124,17,0.2525,0.6349206349206349,0.7647058823529411,0.699813258636788,0.41050000000000003,40
1,1,"0,3,7",H&S inter+intra,0.25,ACI g=0.01 (grow cal),exch,0.6266125179168658,0.7647058823529411,0.23529411764705882,0.75,0.014705882352941124,17,0.2525,0.6031746031746031,0.7647058823529411,0.6839402427637722,0.39526315789473676,38
1,1,"0,3,7",H&S inter+intra,0.25,ACI g=0.05,exch,0.6266125179168658,0.7647058823529411,0.23529411764705882,0.75,0.014705882352941124,17,0.2625,0.6349206349206349,0.7647058823529411,0.699813258636788,0.388,40
1,1,"0,3,7",H&S inter+intra,0.25,ACI g=0.05 (grow cal),exch,0.6266125179168658,0.7647058823529411,0.23529411764705882,0.75,0.014705882352941124,17,0.2625,0.6031746031746031,0.7647058823529411,0.6839402427637722,0.3826315789473684,38
2,0,"0,4,6",SAFE-MLP,0.1,split CP (SAFE),blocked,0.7993982919254659,0.9021739130434783,0.09782608695652174,0.9,0.0021739130434782483,92,0.1,0.3482142857142857,0.9021739130434783,0.625194099378882,0.5076923076923077,39
2,0,"0,4,6",SAFE-MLP,0.1,split CP (n+1 corr.),blocked,0.7993982919254659,1.0,0.0,0.9,0.09999999999999998,92,0.1,0.21428571428571427,1.0,0.6071428571428571,0.7566666666666668,24
2,0,"0,4,6",SAFE-MLP,0.1,DtACI,blocked,0.7993982919254659,0.9021739130434783,0.09782608695652174,0.9,0.0021739130434782483,92,0.10378763327228432,0.3482142857142857,0.9021739130434783,0.625194099378882,0.5092307692307693,39
2,0,"0,4,6",SAFE-MLP,0.1,DtACI (grow cal),blocked,0.7993982919254659,0.8804347826086957,0.11956521739130435,0.9,-0.019565217391304346,92,0.11155508746922907,0.38392857142857145,0.8804347826086957,0.6321816770186336,0.5041860465116277,43
2,0,"0,4,6",SAFE-MLP,0.1,ACI g=0.005,blocked,0.7993982919254659,0.9021739130434783,0.09782608695652174,0.9,0.0021739130434782483,92,0.1005,0.3482142857142857,0.9021739130434783,0.625194099378882,0.5076923076923077,39
2,0,"0,4,6",SAFE-MLP,0.1,ACI g=0.005 (grow cal),blocked,0.7993982919254659,0.9021739130434783,0.09782608695652174,0.9,0.0021739130434782483,92,0.1005,0.39285714285714285,0.9021739130434783,0.6475155279503105,0.4699999999999999,44
2,0,"0,4,6",SAFE-MLP,0.1,ACI g=0.01,blocked,0.7993982919254659,0.9021739130434783,0.09782608695652174,0.9,0.0021739130434782483,92,0.101,0.35714285714285715,0.9021739130434783,0.6296583850931677,0.5175,40
2,0,"0,4,6",SAFE-MLP,0.1,ACI g=0.01 (grow cal),blocked,0.7993982919254659,0.9021739130434783,0.09782608695652174,0.9,0.0021739130434782483,92,0.101,0.39285714285714285,0.9021739130434783,0.6475155279503105,0.4709090909090909,44
2,0,"0,4,6",SAFE-MLP,0.1,ACI g=0.05,blocked,0.7993982919254659,0.9021739130434783,0.09782608695652174,0.9,0.0021739130434782483,92,0.10500000000000023,0.3125,0.9021739130434783,0.6073369565217391,0.5222857142857142,35
2,0,"0,4,6",SAFE-MLP,0.1,ACI g=0.05 (grow cal),blocked,0.7993982919254659,0.9021739130434783,0.09782608695652174,0.9,0.0021739130434782483,92,0.10500000000000023,0.3392857142857143,0.9021739130434783,0.6207298136645962,0.5147368421052632,38
2,0,"0,4,6",SAFE-MLP,0.1,split CP (SAFE),shuffled,0.7993982919254659,0.9021739130434783,0.09782608695652174,0.9,0.0021739130434782483,92,0.1,0.3482142857142857,0.9021739130434783,0.625194099378882,0.5076923076923076,39
2,0,"0,4,6",SAFE-MLP,0.1,split CP (n+1 corr.),shuffled,0.7993982919254659,1.0,0.0,0.9,0.09999999999999998,92,0.1,0.21428571428571427,1.0,0.6071428571428571,0.7566666666666665,24
2,0,"0,4,6",SAFE-MLP,0.1,DtACI,shuffled,0.7993982919254659,0.9021739130434783,0.09782608695652174,0.9,0.0021739130434782483,92,0.11011307901684868,0.3392857142857143,0.9021739130434783,0.6207298136645962,0.49526315789473674,38
2,0,"0,4,6",SAFE-MLP,0.1,DtACI (grow cal),shuffled,0.7993982919254659,0.9130434782608696,0.08695652173913043,0.9,0.013043478260869601,92,0.11580709119921331,0.3392857142857143,0.9130434782608696,0.626164596273292,0.49947368421052635,38
2,0,"0,4,6",SAFE-MLP,0.1,ACI g=0.005,shuffled,0.7993982919254659,0.9021739130434783,0.09782608695652174,0.9,0.0021739130434782483,92,0.1005,0.3482142857142857,0.9021739130434783,0.625194099378882,0.5076923076923076,39
2,0,"0,4,6",SAFE-MLP,0.1,ACI g=0.005 (grow cal),shuffled,0.7993982919254659,0.9130434782608696,0.08695652173913043,0.9,0.013043478260869601,92,0.10550000000000001,0.3392857142857143,0.9130434782608696,0.626164596273292,0.4984210526315789,38
2,0,"0,4,6",SAFE-MLP,0.1,ACI g=0.01,shuffled,0.7993982919254659,0.9021739130434783,0.09782608695652174,0.9,0.0021739130434782483,92,0.101,0.3482142857142857,0.9021739130434783,0.625194099378882,0.5107692307692306,39
2,0,"0,4,6",SAFE-MLP,0.1,ACI g=0.01 (grow cal),shuffled,0.7993982919254659,0.9130434782608696,0.08695652173913043,0.9,0.013043478260869601,92,0.11100000000000002,0.3392857142857143,0.9130434782608696,0.626164596273292,0.4984210526315789,38
2,0,"0,4,6",SAFE-MLP,0.1,ACI g=0.05,shuffled,0.7993982919254659,0.9130434782608696,0.08695652173913043,0.9,0.013043478260869601,92,0.15500000000000028,0.3392857142857143,0.9130434782608696,0.626164596273292,0.5168421052631578,38
2,0,"0,4,6",SAFE-MLP,0.1,ACI g=0.05 (grow cal),shuffled,0.7993982919254659,0.9130434782608696,0.08695652173913043,0.9,0.013043478260869601,92,0.15500000000000028,0.32142857142857145,0.9130434782608696,0.6172360248447205,0.5349999999999999,36
2,0,"0,4,6",SAFE-MLP,0.1,split CP (SAFE),exch,0.7993982919254659,0.9333333333333333,0.06666666666666667,0.9,0.033333333333333326,15,0.1,0.5081967213114754,0.9333333333333333,0.7207650273224044,0.5187096774193549,31
2,0,"0,4,6",SAFE-MLP,0.1,split CP (n+1 corr.),exch,0.7993982919254659,1.0,0.0,0.9,0.09999999999999998,15,0.1,0.39344262295081966,1.0,0.6967213114754098,0.655,24
2,0,"0,4,6",SAFE-MLP,0.1,DtACI,exch,0.7993982919254659,0.9333333333333333,0.06666666666666667,0.9,0.033333333333333326,15,0.11945795425003485,0.5081967213114754,0.9333333333333333,0.7207650273224044,0.5187096774193549,31
2,0,"0,4,6",SAFE-MLP,0.1,DtACI (grow cal),exch,0.7993982919254659,0.9333333333333333,0.06666666666666667,0.9,0.033333333333333326,15,0.11776990391372487,0.5409836065573771,0.9333333333333333,0.7371584699453553,0.4248484848484848,33
2,0,"0,4,6",SAFE-MLP,0.1,ACI g=0.005,exch,0.7993982919254659,0.9333333333333333,0.06666666666666667,0.9,0.033333333333333326,15,0.10250000000000001,0.5081967213114754,0.9333333333333333,0.7207650273224044,0.5187096774193549,31
2,0,"0,4,6",SAFE-MLP,0.1,ACI g=0.005 (grow cal),exch,0.7993982919254659,0.9333333333333333,0.06666666666666667,0.9,0.033333333333333326,15,0.10250000000000001,0.5081967213114754,0.9333333333333333,0.7207650273224044,0.5187096774193549,31
2,0,"0,4,6",SAFE-MLP,0.1,ACI g=0.01,exch,0.7993982919254659,0.9333333333333333,0.06666666666666667,0.9,0.033333333333333326,15,0.10500000000000001,0.5081967213114754,0.9333333333333333,0.7207650273224044,0.5187096774193549,31
2,0,"0,4,6",SAFE-MLP,0.1,ACI g=0.01 (grow cal),exch,0.7993982919254659,0.9333333333333333,0.06666666666666667,0.9,0.033333333333333326,15,0.10500000000000001,0.5409836065573771,0.9333333333333333,0.7371584699453553,0.48606060606060614,33
2,0,"0,4,6",SAFE-MLP,0.1,ACI g=0.05,exch,0.7993982919254659,0.9333333333333333,0.06666666666666667,0.9,0.033333333333333326,15,0.12500000000000006,0.5081967213114754,0.9333333333333333,0.7207650273224044,0.5187096774193549,31
2,0,"0,4,6",SAFE-MLP,0.1,ACI g=0.05 (grow cal),exch,0.7993982919254659,0.9333333333333333,0.06666666666666667,0.9,0.033333333333333326,15,0.12500000000000006,0.5409836065573771,0.9333333333333333,0.7371584699453553,0.4248484848484848,33
2,0,"0,4,6",SAFE-MLP,0.15,split CP (SAFE),blocked,0.7993982919254659,0.8369565217391304,0.16304347826086957,0.85,-0.013043478260869601,92,0.15,0.5714285714285714,0.8369565217391304,0.7041925465838509,0.72625,64
2,0,"0,4,6",SAFE-MLP,0.15,split CP (n+1 corr.),blocked,0.7993982919254659,0.967391304347826,0.03260869565217391,0.85,0.11739130434782608,92,0.15,0.33035714285714285,0.967391304347826,0.6488742236024845,0.7918918918918918,37
2,0,"0,4,6",SAFE-MLP,0.15,DtACI,blocked,0.7993982919254659,0.8369565217391304,0.16304347826086957,0.85,-0.013043478260869601,92,0.14181801743896372,0.5357142857142857,0.8369565217391304,0.686335403726708,0.738,60
2,0,"0,4,6",SAFE-MLP,0.15,DtACI (grow cal),blocked,0.7993982919254659,0.8478260869565217,0.15217391304347827,0.85,-0.0021739130434782483,92,0.20598974590085964,0.5446428571428571,0.8478260869565217,0.6962344720496894,0.7324590163934426,61
2,0,"0,4,6",SAFE-MLP,0.15,ACI g=0.005,blocked,0.7993982919254659,0.8586956521739131,0.14130434782608695,0.85,0.008695652173913104,92,0.15325,0.5357142857142857,0.8586956521739131,0.6972049689440993,0.735,60
2,0,"0,4,6",SAFE-MLP,0.15,ACI g=0.005 (grow cal),blocked,0.7993982919254659,0.8586956521739131,0.14130434782608695,0.85,0.008695652173913104,92,0.15325,0.5357142857142857,0.8586956521739131,0.6972049689440993,0.7313333333333334,60
2,0,"0,4,6",SAFE-MLP,0.15,ACI g=0.01,blocked,0.7993982919254659,0.8586956521739131,0.14130434782608695,0.85,0.008695652173913104,92,0.1565,0.5178571428571429,0.8586956521739131,0.6882763975155279,0.7527586206896553,58
2,0,"0,4,6",SAFE-MLP,0.15,ACI g=0.01 (grow cal),blocked,0.7993982919254659,0.8586956521739131,0.14130434782608695,0.85,0.008695652173913104,92,0.1565,0.5357142857142857,0.8586956521739131,0.6972049689440993,0.7396666666666667,60
2,0,"0,4,6",SAFE-MLP,0.15,ACI g=0.05,blocked,0.7993982919254659,0.8478260869565217,0.15217391304347827,0.85,-0.0021739130434782483,92,0.13250000000000037,0.5357142857142857,0.8478260869565217,0.6917701863354038,0.7410000000000001,60
2,0,"0,4,6",SAFE-MLP,0.15,ACI g=0.05 (grow cal),blocked,0.7993982919254659,0.8586956521739131,0.14130434782608695,0.85,0.008695652173913104,92,0.18250000000000033,0.5089285714285714,0.8586956521739131,0.6838121118012422,0.7564912280701755,57
2,0,"0,4,6",SAFE-MLP,0.15,split CP (SAFE),shuffled,0.7993982919254659,0.8369565217391304,0.16304347826086957,0.85,-0.013043478260869601,92,0.15,0.5714285714285714,0.8369565217391304,0.7041925465838509,0.7262500000000001,64
2,0,"0,4,6",SAFE-MLP,0.15,split CP (n+1 corr.),shuffled,0.7993982919254659,0.967391304347826,0.03260869565217391,0.85,0.11739130434782608,92,0.15,0.33035714285714285,0.967391304347826,0.6488742236024845,0.791891891891892,37
2,0,"0,4,6",SAFE-MLP,0.15,DtACI,shuffled,0.7993982919254659,0.8369565217391304,0.16304347826086957,0.85,-0.013043478260869601,92,0.15035399951356684,0.5446428571428571,0.8369565217391304,0.6907996894409938,0.7140983606557375,61
2,0,"0,4,6",SAFE-MLP,0.15,DtACI (grow cal),shuffled,0.7993982919254659,0.8478260869565217,0.15217391304347827,0.85,-0.0021739130434782483,92,0.14698810394492015,0.5535714285714286,0.8478260869565217,0.7006987577639752,0.7090322580645159,62
2,0,"0,4,6",SAFE-MLP,0.15,ACI g=0.005,shuffled,0.7993982919254659,0.8478260869565217,0.15217391304347827,0.85,-0.0021739130434782483,92,0.14825,0.5446428571428571,0.8478260869565217,0.6962344720496894,0.7236065573770489,61
2,0,"0,4,6",SAFE-MLP,0.15,ACI g=0.005 (grow cal),shuffled,0.7993982919254659,0.8369565217391304,0.16304347826086957,0.85,-0.013043478260869601,92,0.14325,0.5535714285714286,0.8369565217391304,0.6952639751552795,0.7106451612903224,62
2,0,"0,4,6",SAFE-MLP,0.15,ACI g=0.01,shuffled,0.7993982919254659,0.8586956521739131,0.14130434782608695,0.85,0.008695652173913104,92,0.1565,0.5446428571428571,0.8586956521739131,0.7016692546583851,0.721967213114754,61
2,0,"0,4,6",SAFE-MLP,0.15,ACI g=0.01 (grow cal),shuffled,0.7993982919254659,0.8478260869565217,0.15217391304347827,0.85,-0.0021739130434782483,92,0.1465,0.5535714285714286,0.8478260869565217,0.7006987577639752,0.7119354838709676,62
2,0,"0,4,6",SAFE-MLP,0.15,ACI g=0.05,shuffled,0.7993982919254659,0.8478260869565217,0.15217391304347827,0.85,-0.0021739130434782483,92,0.13250000000000037,0.5267857142857143,0.8478260869565217,0.687305900621118,0.7335593220338982,59
2,0,"0,4,6",SAFE-MLP,0.15,ACI g=0.05 (grow cal),shuffled,0.7993982919254659,0.8586956521739131,0.14130434782608695,0.85,0.008695652173913104,92,0.18250000000000038,0.5357142857142857,0.8586956521739131,0.6972049689440993,0.7093333333333333,60
2,0,"0,4,6",SAFE-MLP,0.15,split CP (SAFE),exch,0.7993982919254659,0.8666666666666667,0.13333333333333333,0.85,0.01666666666666672,15,0.15,0.7213114754098361,0.8666666666666667,0.7939890710382513,0.6631818181818181,44
2,0,"0,4,6",SAFE-MLP,0.15,split CP (n+1 corr.),exch,0.7993982919254659,1.0,0.0,0.85,0.15000000000000002,15,0.15,0.5081967213114754,1.0,0.7540983606557377,0.7451612903225806,31
2,0,"0,4,6",SAFE-MLP,0.15,DtACI,exch,0.7993982919254659,0.8666666666666667,0.13333333333333333,0.85,0.01666666666666672,15,0.16485959680350712,0.7377049180327869,0.8666666666666667,0.8021857923497269,0.5937777777777777,45
2,0,"0,4,6",SAFE-MLP,0.15,DtACI (grow cal),exch,0.7993982919254659,0.8,0.2,0.85,-0.04999999999999993,15,0.13837295089334184,0.7868852459016393,0.8,0.7934426229508197,0.6329166666666667,48
2,0,"0,4,6",SAFE-MLP,0.15,ACI g=0.005,exch,0.7993982919254659,0.8666666666666667,0.13333333333333333,0.85,0.01666666666666672,15,0.15125,0.7213114754098361,0.8666666666666667,0.7939890710382513,0.6531818181818182,44
2,0,"0,4,6",SAFE-MLP,0.15,ACI g=0.005 (grow cal),exch,0.7993982919254659,0.8,0.2,0.85,-0.04999999999999993,15,0.14625,0.7868852459016393,0.8,0.7934426229508197,0.62,48
2,0,"0,4,6",SAFE-MLP,0.15,ACI g=0.01,exch,0.7993982919254659,0.8666666666666667,0.13333333333333333,0.85,0.01666666666666672,15,0.1525,0.7213114754098361,0.8666666666666667,0.7939890710382513,0.6363636363636362,44
2,0,"0,4,6",SAFE-MLP,0.15,ACI g=0.01 (grow cal),exch,0.7993982919254659,0.8,0.2,0.85,-0.04999999999999993,15,0.1425,0.7868852459016393,0.8,0.7934426229508197,0.61625,48
2,0,"0,4,6",SAFE-MLP,0.15,ACI g=0.05,exch,0.7993982919254659,0.8666666666666667,0.13333333333333333,0.85,0.01666666666666672,15,0.16250000000000006,0.7377049180327869,0.8666666666666667,0.8021857923497269,0.5995555555555556,45
2,0,"0,4,6",SAFE-MLP,0.15,ACI g=0.05 (grow cal),exch,0.7993982919254659,0.8,0.2,0.85,-0.04999999999999993,15,0.11250000000000004,0.7868852459016393,0.8,0.7934426229508197,0.6458333333333334,48
2,0,"0,4,6",SAFE-MLP,0.2,split CP (SAFE),blocked,0.7993982919254659,0.5326086956521738,0.4673913043478261,0.8,-0.2673913043478262,92,0.2,0.7142857142857143,0.5326086956521738,0.6234472049689441,0.48925,80
2,0,"0,4,6",SAFE-MLP,0.2,split CP (n+1 corr.),blocked,0.7993982919254659,0.9021739130434783,0.09782608695652174,0.8,0.10217391304347823,92,0.2,0.5089285714285714,0.9021739130434783,0.7055512422360248,0.7421052631578947,57
2,0,"0,4,6",SAFE-MLP,0.2,DtACI,blocked,0.7993982919254659,0.782608695652174,0.21739130434782608,0.8,-0.017391304347826098,92,0.16643722797463606,0.5892857142857143,0.782608695652174,0.6859472049689441,0.67,66
2,0,"0,4,6",SAFE-MLP,0.2,DtACI (grow cal),blocked,0.7993982919254659,0.8043478260869565,0.1956521739130435,0.8,0.004347826086956497,92,0.2956619243514439,0.5982142857142857,0.8043478260869565,0.7012810559006211,0.6743283582089551,67
2,0,"0,4,6",SAFE-MLP,0.2,ACI g=0.005,blocked,0.7993982919254659,0.7282608695652174,0.2717391304347826,0.8,-0.07173913043478264,92,0.16599999999999998,0.625,0.7282608695652174,0.6766304347826086,0.6865714285714286,70
2,0,"0,4,6",SAFE-MLP,0.2,ACI g=0.005 (grow cal),blocked,0.7993982919254659,0.7934782608695652,0.20652173913043478,0.8,-0.006521739130434856,92,0.196,0.6160714285714286,0.7934782608695652,0.7047748447204969,0.7034782608695652,69
2,0,"0,4,6",SAFE-MLP,0.2,ACI g=0.01,blocked,0.7993982919254659,0.7717391304347826,0.22826086956521738,0.8,-0.02826086956521745,92,0.172,0.625,0.7717391304347826,0.6983695652173914,0.7097142857142856,70
2,0,"0,4,6",SAFE-MLP,0.2,ACI g=0.01 (grow cal),blocked,0.7993982919254659,0.8043478260869565,0.1956521739130435,0.8,0.004347826086956497,92,0.202,0.5892857142857143,0.8043478260869565,0.6968167701863355,0.6969696969696969,66
2,0,"0,4,6",SAFE-MLP,0.2,ACI g=0.05,blocked,0.7993982919254659,0.7934782608695652,0.20652173913043478,0.8,-0.006521739130434856,92,0.1600000000000005,0.5892857142857143,0.7934782608695652,0.6913819875776397,0.6769696969696971,66
2,0,"0,4,6",SAFE-MLP,0.2,ACI g=0.05 (grow cal),blocked,0.7993982919254659,0.8152173913043479,0.18478260869565216,0.8,0.01521739130434785,92,0.26000000000000045,0.5535714285714286,0.8152173913043479,0.6843944099378882,0.7067741935483871,62
2,0,"0,4,6",SAFE-MLP,0.2,split CP (SAFE),shuffled,0.7993982919254659,0.5326086956521738,0.4673913043478261,0.8,-0.2673913043478262,92,0.2,0.7142857142857143,0.5326086956521738,0.6234472049689441,0.48925,80
2,0,"0,4,6",SAFE-MLP,0.2,split CP (n+1 corr.),shuffled,0.7993982919254659,0.9021739130434783,0.09782608695652174,0.8,0.10217391304347823,92,0.2,0.5089285714285714,0.9021739130434783,0.7055512422360248,0.7421052631578948,57
2,0,"0,4,6",SAFE-MLP,0.2,DtACI,shuffled,0.7993982919254659,0.7173913043478262,0.2826086956521739,0.8,-0.08260869565217388,92,0.1632131966905283,0.5982142857142857,0.7173913043478262,0.6578027950310559,0.6361194029850747,67
2,0,"0,4,6",SAFE-MLP,0.2,DtACI (grow cal),shuffled,0.7993982919254659,0.782608695652174,0.21739130434782608,0.8,-0.017391304347826098,92,0.19581332669358736,0.5982142857142857,0.782608695652174,0.6904114906832298,0.6391044776119404,67
2,0,"0,4,6",SAFE-MLP,0.2,ACI g=0.005,shuffled,0.7993982919254659,0.7282608695652174,0.2717391304347826,0.8,-0.07173913043478264,92,0.16599999999999998,0.6071428571428571,0.7282608695652174,0.6677018633540373,0.6244117647058822,68
2,0,"0,4,6",SAFE-MLP,0.2,ACI g=0.005 (grow cal),shuffled,0.7993982919254659,0.782608695652174,0.21739130434782608,0.8,-0.017391304347826098,92,0.191,0.5982142857142857,0.782608695652174,0.6904114906832298,0.6349253731343284,67
2,0,"0,4,6",SAFE-MLP,0.2,ACI g=0.01,shuffled,0.7993982919254659,0.7608695652173914,0.2391304347826087,0.8,-0.03913043478260869,92,0.16199999999999998,0.5982142857142857,0.7608695652173914,0.6795419254658386,0.6283582089552238,67
2,0,"0,4,6",SAFE-MLP,0.2,ACI g=0.01 (grow cal),shuffled,0.7993982919254659,0.7934782608695652,0.20652173913043478,0.8,-0.006521739130434856,92,0.192,0.5982142857142857,0.7934782608695652,0.6958462732919255,0.6388059701492538,67
2,0,"0,4,6",SAFE-MLP,0.2,ACI g=0.05,shuffled,0.7993982919254659,0.7934782608695652,0.20652173913043478,0.8,-0.006521739130434856,92,0.1600000000000005,0.5982142857142857,0.7934782608695652,0.6958462732919255,0.6979104477611942,67
2,0,"0,4,6",SAFE-MLP,0.2,ACI g=0.05 (grow cal),shuffled,0.7993982919254659,0.8043478260869565,0.1956521739130435,0.8,0.004347826086956497,92,0.21000000000000052,0.5803571428571429,0.8043478260869565,0.6923524844720497,0.6738461538461538,65
2,0,"0,4,6",SAFE-MLP,0.2,split CP (SAFE),exch,0.7993982919254659,0.8,0.2,0.8,0.0,15,0.2,0.819672131147541,0.8,0.8098360655737705,0.4568,50
2,0,"0,4,6",SAFE-MLP,0.2,split CP (n+1 corr.),exch,0.7993982919254659,1.0,0.0,0.8,0.19999999999999996,15,0.2,0.6885245901639344,1.0,0.8442622950819672,0.6885714285714285,42
2,0,"0,4,6",SAFE-MLP,0.2,DtACI,exch,0.7993982919254659,0.8,0.2,0.8,0.0,15,0.20000000000000004,0.819672131147541,0.8,0.8098360655737705,0.46919999999999995,50
2,0,"0,4,6",SAFE-MLP,0.2,DtACI (grow cal),exch,0.7993982919254659,0.7333333333333334,0.26666666666666666,0.8,-0.06666666666666665,15,0.19620305083580653,0.819672131147541,0.7333333333333334,0.7765027322404372,0.5015999999999999,50
2,0,"0,4,6",SAFE-MLP,0.2,ACI g=0.005,exch,0.7993982919254659,0.8,0.2,0.8,0.0,15,0.2,0.819672131147541,0.8,0.8098360655737705,0.4568,50
2,0,"0,4,6",SAFE-MLP,0.2,ACI g=0.005 (grow cal),exch,0.7993982919254659,0.8,0.2,0.8,0.0,15,0.2,0.819672131147541,0.8,0.8098360655737705,0.4599999999999999,50
2,0,"0,4,6",SAFE-MLP,0.2,ACI g=0.01,exch,0.7993982919254659,0.8,0.2,0.8,0.0,15,0.2,0.819672131147541,0.8,0.8098360655737705,0.4568,50
2,0,"0,4,6",SAFE-MLP,0.2,ACI g=0.01 (grow cal),exch,0.7993982919254659,0.8,0.2,0.8,0.0,15,0.2,0.819672131147541,0.8,0.8098360655737705,0.4599999999999999,50
2,0,"0,4,6",SAFE-MLP,0.2,ACI g=0.05,exch,0.7993982919254659,0.8,0.2,0.8,0.0,15,0.2000000000000001,0.819672131147541,0.8,0.8098360655737705,0.46959999999999985,50
2,0,"0,4,6",SAFE-MLP,0.2,ACI g=0.05 (grow cal),exch,0.7993982919254659,0.7333333333333334,0.26666666666666666,0.8,-0.06666666666666665,15,0.15000000000000008,0.7868852459016393,0.7333333333333334,0.7601092896174864,0.57125,48
2,0,"0,4,6",SAFE-MLP,0.25,split CP (SAFE),blocked,0.7993982919254659,0.6304347826086957,0.3695652173913043,0.75,-0.11956521739130432,92,0.25,0.6517857142857143,0.6304347826086957,0.641110248447205,0.2602739726027397,73
2,0,"0,4,6",SAFE-MLP,0.25,split CP (n+1 corr.),blocked,0.7993982919254659,0.7391304347826086,0.2608695652173913,0.75,-0.010869565217391353,92,0.25,0.5267857142857143,0.7391304347826086,0.6329580745341614,0.2779661016949153,59
2,0,"0,4,6",SAFE-MLP,0.25,DtACI,blocked,0.7993982919254659,0.6956521739130435,0.30434782608695654,0.75,-0.05434782608695654,92,0.21884053526487818,0.5535714285714286,0.6956521739130435,0.624611801242236,0.27354838709677426,62
2,0,"0,4,6",SAFE-MLP,0.25,DtACI (grow cal),blocked,0.7993982919254659,0.7391304347826086,0.2608695652173913,0.75,-0.010869565217391353,92,0.31275350284537273,0.5625,0.7391304347826086,0.6508152173913043,0.2933333333333334,63
2,0,"0,4,6",SAFE-MLP,0.25,ACI g=0.005,blocked,0.7993982919254659,0.6956521739130435,0.30434782608695654,0.75,-0.05434782608695654,92,0.22374999999999967,0.5714285714285714,0.6956521739130435,0.6335403726708074,0.24125,64
2,0,"0,4,6",SAFE-MLP,0.25,ACI g=0.005 (grow cal),blocked,0.7993982919254659,0.7173913043478262,0.2826086956521739,0.75,-0.032608695652173836,92,0.23374999999999962,0.5535714285714286,0.7173913043478262,0.6354813664596274,0.2658064516129032,62
2,0,"0,4,6",SAFE-MLP,0.25,ACI g=0.01,blocked,0.7993982919254659,0.7065217391304348,0.29347826086956524,0.75,-0.04347826086956519,92,0.20749999999999996,0.5714285714285714,0.7065217391304348,0.6389751552795031,0.24093750000000003,64
2,0,"0,4,6",SAFE-MLP,0.25,ACI g=0.01 (grow cal),blocked,0.7993982919254659,0.7173913043478262,0.2826086956521739,0.75,-0.032608695652173836,92,0.21749999999999997,0.5446428571428571,0.7173913043478262,0.6310170807453417,0.27081967213114755,61
2,0,"0,4,6",SAFE-MLP,0.25,ACI g=0.05,blocked,0.7993982919254659,0.75,0.25,0.75,0.0,92,0.23750000000000035,0.5267857142857143,0.75,0.6383928571428572,0.4020338983050848,59
2,0,"0,4,6",SAFE-MLP,0.25,ACI g=0.05 (grow cal),blocked,0.7993982919254659,0.7717391304347826,0.22826086956521738,0.75,0.021739130434782594,92,0.3375000000000004,0.5178571428571429,0.7717391304347826,0.6447981366459627,0.3782758620689656,58
2,0,"0,4,6",SAFE-MLP,0.25,split CP (SAFE),shuffled,0.7993982919254659,0.6304347826086957,0.3695652173913043,0.75,-0.11956521739130432,92,0.25,0.6517857142857143,0.6304347826086957,0.641110248447205,0.26027397260273977,73
2,0,"0,4,6",SAFE-MLP,0.25,split CP (n+1 corr.),shuffled,0.7993982919254659,0.7391304347826086,0.2608695652173913,0.75,-0.010869565217391353,92,0.25,0.5267857142857143,0.7391304347826086,0.6329580745341614,0.27796610169491537,59
2,0,"0,4,6",SAFE-MLP,0.25,DtACI,shuffled,0.7993982919254659,0.6956521739130435,0.30434782608695654,0.75,-0.05434782608695654,92,0.21532593401245015,0.5535714285714286,0.6956521739130435,0.624611801242236,0.2822580645161292,62
2,0,"0,4,6",SAFE-MLP,0.25,DtACI (grow cal),shuffled,0.7993982919254659,0.7282608695652174,0.2717391304347826,0.75,-0.021739130434782594,92,0.25444661870133223,0.5178571428571429,0.7282608695652174,0.6230590062111802,0.26655172413793105,58
2,0,"0,4,6",SAFE-MLP,0.25,ACI g=0.005,shuffled,0.7993982919254659,0.6847826086956521,0.31521739130434784,0.75,-0.0652173913043479,92,0.2187499999999999,0.5714285714285714,0.6847826086956521,0.6281055900621118,0.25750000000000006,64
2,0,"0,4,6",SAFE-MLP,0.25,ACI g=0.005 (grow cal),shuffled,0.7993982919254659,0.7282608695652174,0.2717391304347826,0.75,-0.021739130434782594,92,0.23874999999999982,0.5267857142857143,0.7282608695652174,0.6275232919254659,0.2627118644067797,59
2,0,"0,4,6",SAFE-MLP,0.25,ACI g=0.01,shuffled,0.7993982919254659,0.7065217391304348,0.29347826086956524,0.75,-0.04347826086956519,92,0.20749999999999996,0.5714285714285714,0.7065217391304348,0.6389751552795031,0.286875,64
2,0,"0,4,6",SAFE-MLP,0.25,ACI g=0.01 (grow cal),shuffled,0.7993982919254659,0.7282608695652174,0.2717391304347826,0.75,-0.021739130434782594,92,0.22749999999999998,0.5267857142857143,0.7282608695652174,0.6275232919254659,0.2630508474576272,59
2,0,"0,4,6",SAFE-MLP,0.25,ACI g=0.05,shuffled,0.7993982919254659,0.7391304347826086,0.2608695652173913,0.75,-0.010869565217391353,92,0.18750000000000056,0.48214285714285715,0.7391304347826086,0.6106366459627329,0.3251851851851853,54
2,0,"0,4,6",SAFE-MLP,0.25,ACI g=0.05 (grow cal),shuffled,0.7993982919254659,0.75,0.25,0.75,0.0,92,0.23750000000000066,0.4732142857142857,0.75,0.6116071428571428,0.3158490566037736,53
2,0,"0,4,6",SAFE-MLP,0.25,split CP (SAFE),exch,0.7993982919254659,0.8,0.2,0.75,0.050000000000000044,15,0.25,0.6721311475409836,0.8,0.7360655737704918,0.3931707317073171,41
2,0,"0,4,6",SAFE-MLP,0.25,split CP (n+1 corr.),exch,0.7993982919254659,0.8,0.2,0.75,0.050000000000000044,15,0.25,0.5901639344262295,0.8,0.6950819672131148,0.40055555555555555,36
2,0,"0,4,6",SAFE-MLP,0.25,DtACI,exch,0.7993982919254659,0.8,0.2,0.75,0.050000000000000044,15,0.2689231355540309,0.7049180327868853,0.8,0.7524590163934426,0.4060465116279069,43
2,0,"0,4,6",SAFE-MLP,0.25,DtACI (grow cal),exch,0.7993982919254659,0.7333333333333334,0.26666666666666666,0.75,-0.016666666666666607,15,0.2485924008438375,0.6721311475409836,0.7333333333333334,0.7027322404371585,0.3785365853658537,41
2,0,"0,4,6",SAFE-MLP,0.25,ACI g=0.005,exch,0.7993982919254659,0.8,0.2,0.75,0.050000000000000044,15,0.25374999999999975,0.6885245901639344,0.8,0.7442622950819673,0.4028571428571429,42
2,0,"0,4,6",SAFE-MLP,0.25,ACI g=0.005 (grow cal),exch,0.7993982919254659,0.8,0.2,0.75,0.050000000000000044,15,0.25374999999999975,0.7213114754098361,0.8,0.7606557377049181,0.3904545454545454,44
2,0,"0,4,6",SAFE-MLP,0.25,ACI g=0.01,exch,0.7993982919254659,0.8,0.2,0.75,0.050000000000000044,15,0.2575,0.6885245901639344,0.8,0.7442622950819673,0.3990476190476191,42
2,0,"0,4,6",SAFE-MLP,0.25,ACI g=0.01 (grow cal),exch,0.7993982919254659,0.7333333333333334,0.26666666666666666,0.75,-0.016666666666666607,15,0.2475,0.6885245901639344,0.7333333333333334,0.7109289617486338,0.39666666666666667,42
2,0,"0,4,6",SAFE-MLP,0.25,ACI g=0.05,exch,0.7993982919254659,0.8,0.2,0.75,0.050000000000000044,15,0.28750000000000003,0.7540983606557377,0.8,0.7770491803278688,0.3934782608695651,46
2,0,"0,4,6",SAFE-MLP,0.25,ACI g=0.05 (grow cal),exch,0.7993982919254659,0.7333333333333334,0.26666666666666666,0.75,-0.016666666666666607,15,0.23750000000000004,0.6721311475409836,0.7333333333333334,0.7027322404371585,0.38195121951219513,41
2,0,"0,4,6",SAFE-Embed,0.1,split CP (SAFE),blocked,0.7860054347826086,0.07608695652173914,0.9239130434782609,0.9,-0.8239130434782609,92,0.1,0.8571428571428571,0.07608695652173914,0.4666149068322981,0.15208333333333335,96
2,0,"0,4,6",SAFE-Embed,0.1,split CP (n+1 corr.),blocked,0.7860054347826086,0.07608695652173914,0.9239130434782609,0.9,-0.8239130434782609,92,0.1,0.8482142857142857,0.07608695652173914,0.4621506211180124,0.1642105263157895,95
2,0,"0,4,6",SAFE-Embed,0.1,DtACI,blocked,0.7860054347826086,0.14130434782608692,0.8586956521739131,0.9,-0.7586956521739131,92,0.001,0.8125,0.14130434782608692,0.47690217391304346,0.2167032967032967,91
2,0,"0,4,6",SAFE-Embed,0.1,DtACI (grow cal),blocked,0.7860054347826086,0.8152173913043479,0.18478260869565216,0.9,-0.08478260869565213,92,0.0589643749635728,0.16964285714285715,0.8152173913043479,0.49243012422360255,0.30631578947368426,19
2,0,"0,4,6",SAFE-Embed,0.1,ACI g=0.005,blocked,0.7860054347826086,0.14130434782608692,0.8586956521739131,0.9,-0.7586956521739131,92,0.001,0.8125,0.14130434782608692,0.47690217391304346,0.2101098901098901,91
2,0,"0,4,6",SAFE-Embed,0.1,ACI g=0.005 (grow cal),blocked,0.7860054347826086,0.8260869565217391,0.17391304347826086,0.9,-0.07391304347826089,92,0.06549999999999997,0.15178571428571427,0.8260869565217391,0.4889363354037267,0.2788235294117647,17
2,0,"0,4,6",SAFE-Embed,0.1,ACI g=0.01,blocked,0.7860054347826086,0.14130434782608692,0.8586956521739131,0.9,-0.7586956521739131,92,0.001,0.8125,0.14130434782608692,0.47690217391304346,0.2169230769230769,91
2,0,"0,4,6",SAFE-Embed,0.1,ACI g=0.01 (grow cal),blocked,0.7860054347826086,0.8478260869565217,0.15217391304347827,0.9,-0.05217391304347829,92,0.05100000000000003,0.14285714285714285,0.8478260869565217,0.49534161490683226,0.28625,16
2,0,"0,4,6",SAFE-Embed,0.1,ACI g=0.05,blocked,0.7860054347826086,0.14130434782608692,0.8586956521739131,0.9,-0.7586956521739131,92,0.001,0.8035714285714286,0.14130434782608692,0.47243788819875776,0.22244444444444444,90
2,0,"0,4,6",SAFE-Embed,0.1,ACI g=0.05 (grow cal),blocked,0.7860054347826086,0.8260869565217391,0.17391304347826086,0.9,-0.07391304347826089,92,0.046000000000000194,0.13392857142857142,0.8260869565217391,0.48000776397515527,0.3106666666666667,15
2,0,"0,4,6",SAFE-Embed,0.1,split CP (SAFE),shuffled,0.7860054347826086,0.07608695652173914,0.9239130434782609,0.9,-0.8239130434782609,92,0.1,0.8571428571428571,0.07608695652173914,0.4666149068322981,0.15208333333333335,96
2,0,"0,4,6",SAFE-Embed,0.1,split CP (n+1 corr.),shuffled,0.7860054347826086,0.07608695652173914,0.9239130434782609,0.9,-0.8239130434782609,92,0.1,0.8482142857142857,0.07608695652173914,0.4621506211180124,0.1642105263157895,95
2,0,"0,4,6",SAFE-Embed,0.1,DtACI,shuffled,0.7860054347826086,0.11956521739130432,0.8804347826086957,0.9,-0.7804347826086957,92,0.005213828022522705,0.7946428571428571,0.11956521739130432,0.4571040372670807,0.22179775280898875,89
2,0,"0,4,6",SAFE-Embed,0.1,DtACI (grow cal),shuffled,0.7860054347826086,0.782608695652174,0.21739130434782608,0.9,-0.11739130434782608,92,0.11341253856753161,0.17857142857142858,0.782608695652174,0.4805900621118013,0.32500000000000007,20
2,0,"0,4,6",SAFE-Embed,0.1,ACI g=0.005,shuffled,0.7860054347826086,0.11956521739130432,0.8804347826086957,0.9,-0.7804347826086957,92,0.0015,0.7946428571428571,0.11956521739130432,0.4571040372670807,0.21550561797752812,89
2,0,"0,4,6",SAFE-Embed,0.1,ACI g=0.005 (grow cal),shuffled,0.7860054347826086,0.7717391304347826,0.22826086956521738,0.9,-0.12826086956521743,92,0.04049999999999995,0.19642857142857142,0.7717391304347826,0.484083850931677,0.3272727272727273,22
2,0,"0,4,6",SAFE-Embed,0.1,ACI g=0.01,shuffled,0.7860054347826086,0.13043478260869568,0.8695652173913043,0.9,-0.7695652173913043,92,0.002,0.7946428571428571,0.13043478260869568,0.4625388198757764,0.21685393258426966,89
2,0,"0,4,6",SAFE-Embed,0.1,ACI g=0.01 (grow cal),shuffled,0.7860054347826086,0.8260869565217391,0.17391304347826086,0.9,-0.07391304347826089,92,0.04200000000000003,0.15178571428571427,0.8260869565217391,0.4889363354037267,0.31882352941176473,17
2,0,"0,4,6",SAFE-Embed,0.1,ACI g=0.05,shuffled,0.7860054347826086,0.13043478260869568,0.8695652173913043,0.9,-0.7695652173913043,92,0.006000000000000001,0.7946428571428571,0.13043478260869568,0.4625388198757764,0.2244943820224719,89
2,0,"0,4,6",SAFE-Embed,0.1,ACI g=0.05 (grow cal),shuffled,0.7860054347826086,0.8478260869565217,0.15217391304347827,0.9,-0.05217391304347829,92,0.061000000000000054,0.125,0.8478260869565217,0.48641304347826086,0.32142857142857145,14
2,0,"0,4,6",SAFE-Embed,0.1,split CP (SAFE),exch,0.7860054347826086,0.8666666666666667,0.13333333333333333,0.9,-0.033333333333333326,15,0.1,0.19672131147540983,0.8666666666666667,0.5316939890710383,0.235,12
2,0,"0,4,6",SAFE-Embed,0.1,split CP (n+1 corr.),exch,0.7860054347826086,0.8666666666666667,0.13333333333333333,0.9,-0.033333333333333326,15,0.1,0.19672131147540983,0.8666666666666667,0.5316939890710383,0.2383333333333333,12
2,0,"0,4,6",SAFE-Embed,0.1,DtACI,exch,0.7860054347826086,0.8666666666666667,0.13333333333333333,0.9,-0.033333333333333326,15,0.08520317065782759,0.19672131147540983,0.8666666666666667,0.5316939890710383,0.235,12
2,0,"0,4,6",SAFE-Embed,0.1,DtACI (grow cal),exch,0.7860054347826086,0.8666666666666667,0.13333333333333333,0.9,-0.033333333333333326,15,0.09336644762551193,0.19672131147540983,0.8666666666666667,0.5316939890710383,0.23666666666666666,12
2,0,"0,4,6",SAFE-Embed,0.1,ACI g=0.005,exch,0.7860054347826086,0.8666666666666667,0.13333333333333333,0.9,-0.033333333333333326,15,0.0975,0.19672131147540983,0.8666666666666667,0.5316939890710383,0.235,12
2,0,"0,4,6",SAFE-Embed,0.1,ACI g=0.005 (grow cal),exch,0.7860054347826086,0.8666666666666667,0.13333333333333333,0.9,-0.033333333333333326,15,0.0975,0.19672131147540983,0.8666666666666667,0.5316939890710383,0.235,12
2,0,"0,4,6",SAFE-Embed,0.1,ACI g=0.01,exch,0.7860054347826086,0.8666666666666667,0.13333333333333333,0.9,-0.033333333333333326,15,0.095,0.19672131147540983,0.8666666666666667,0.5316939890710383,0.235,12
2,0,"0,4,6",SAFE-Embed,0.1,ACI g=0.01 (grow cal),exch,0.7860054347826086,0.8666666666666667,0.13333333333333333,0.9,-0.033333333333333326,15,0.095,0.19672131147540983,0.8666666666666667,0.5316939890710383,0.235,12
2,0,"0,4,6",SAFE-Embed,0.1,ACI g=0.05,exch,0.7860054347826086,0.8666666666666667,0.13333333333333333,0.9,-0.033333333333333326,15,0.07500000000000004,0.19672131147540983,0.8666666666666667,0.5316939890710383,0.235,12
2,0,"0,4,6",SAFE-Embed,0.1,ACI g=0.05 (grow cal),exch,0.7860054347826086,0.8666666666666667,0.13333333333333333,0.9,-0.033333333333333326,15,0.07500000000000004,0.16393442622950818,0.8666666666666667,0.5153005464480874,0.15,10
2,0,"0,4,6",SAFE-Embed,0.15,split CP (SAFE),blocked,0.7860054347826086,0.0,1.0,0.85,-0.85,92,0.15,0.9732142857142857,0.0,0.48660714285714285,0.2229357798165137,109
2,0,"0,4,6",SAFE-Embed,0.15,split CP (n+1 corr.),blocked,0.7860054347826086,0.0,1.0,0.85,-0.85,92,0.15,0.9642857142857143,0.0,0.48214285714285715,0.23518518518518516,108
2,0,"0,4,6",SAFE-Embed,0.15,DtACI,blocked,0.7860054347826086,0.0,1.0,0.85,-0.85,92,0.001,0.9553571428571429,0.0,0.47767857142857145,0.30186915887850463,107
2,0,"0,4,6",SAFE-Embed,0.15,DtACI (grow cal),blocked,0.7860054347826086,0.7717391304347826,0.22826086956521738,0.85,-0.07826086956521738,92,0.09917834729298024,0.5803571428571429,0.7717391304347826,0.6760481366459627,0.702153846153846,65
2,0,"0,4,6",SAFE-Embed,0.15,ACI g=0.005,blocked,0.7860054347826086,0.0,1.0,0.85,-0.85,92,0.001,0.9553571428571429,0.0,0.47767857142857145,0.28672897196261676,107
2,0,"0,4,6",SAFE-Embed,0.15,ACI g=0.005 (grow cal),blocked,0.7860054347826086,0.75,0.25,0.85,-0.09999999999999998,92,0.10324999999999995,0.5,0.75,0.625,0.6785714285714286,56
2,0,"0,4,6",SAFE-Embed,0.15,ACI g=0.01,blocked,0.7860054347826086,0.0,1.0,0.85,-0.85,92,0.001,0.9553571428571429,0.0,0.47767857142857145,0.299626168224299,107
2,0,"0,4,6",SAFE-Embed,0.15,ACI g=0.01 (grow cal),blocked,0.7860054347826086,0.7934782608695652,0.20652173913043478,0.85,-0.05652173913043479,92,0.09649999999999995,0.4642857142857143,0.7934782608695652,0.6288819875776397,0.6776923076923076,52
2,0,"0,4,6",SAFE-Embed,0.15,ACI g=0.05,blocked,0.7860054347826086,0.0,1.0,0.85,-0.85,92,0.001,0.9553571428571429,0.0,0.47767857142857145,0.3039252336448598,107
2,0,"0,4,6",SAFE-Embed,0.15,ACI g=0.05 (grow cal),blocked,0.7860054347826086,0.8043478260869565,0.1956521739130435,0.85,-0.04565217391304344,92,0.09350000000000022,0.5535714285714286,0.8043478260869565,0.6789596273291926,0.716774193548387,62
2,0,"0,4,6",SAFE-Embed,0.15,split CP (SAFE),shuffled,0.7860054347826086,0.0,1.0,0.85,-0.85,92,0.15,0.9732142857142857,0.0,0.48660714285714285,0.22293577981651375,109
2,0,"0,4,6",SAFE-Embed,0.15,split CP (n+1 corr.),shuffled,0.7860054347826086,0.0,1.0,0.85,-0.85,92,0.15,0.9642857142857143,0.0,0.48214285714285715,0.23518518518518516,108
2,0,"0,4,6",SAFE-Embed,0.15,DtACI,shuffled,0.7860054347826086,0.0,1.0,0.85,-0.85,92,0.001,0.9375,0.0,0.46875,0.30552380952380953,105
2,0,"0,4,6",SAFE-Embed,0.15,DtACI (grow cal),shuffled,0.7860054347826086,0.7065217391304348,0.29347826086956524,0.85,-0.14347826086956517,92,0.11395442406684007,0.5,0.7065217391304348,0.6032608695652174,0.6285714285714287,56
2,0,"0,4,6",SAFE-Embed,0.15,ACI g=0.005,shuffled,0.7860054347826086,0.0,1.0,0.85,-0.85,92,0.001,0.9375,0.0,0.46875,0.2944761904761905,105
2,0,"0,4,6",SAFE-Embed,0.15,ACI g=0.005 (grow cal),shuffled,0.7860054347826086,0.6739130434782609,0.32608695652173914,0.85,-0.1760869565217391,92,0.06824999999999992,0.4642857142857143,0.6739130434782609,0.5690993788819876,0.5903846153846154,52
2,0,"0,4,6",SAFE-Embed,0.15,ACI g=0.01,shuffled,0.7860054347826086,0.0,1.0,0.85,-0.85,92,0.001,0.9375,0.0,0.46875,0.29828571428571427,105
2,0,"0,4,6",SAFE-Embed,0.15,ACI g=0.01 (grow cal),shuffled,0.7860054347826086,0.7608695652173914,0.2391304347826087,0.85,-0.08913043478260863,92,0.0665,0.4107142857142857,0.7608695652173914,0.5857919254658386,0.6439130434782608,46
2,0,"0,4,6",SAFE-Embed,0.15,ACI g=0.05,shuffled,0.7860054347826086,0.0,1.0,0.85,-0.85,92,0.001,0.9375,0.0,0.46875,0.3083809523809523,105
2,0,"0,4,6",SAFE-Embed,0.15,ACI g=0.05 (grow cal),shuffled,0.7860054347826086,0.8043478260869565,0.1956521739130435,0.85,-0.04565217391304344,92,0.12350000000000017,0.42857142857142855,0.8043478260869565,0.6164596273291926,0.6795833333333333,48
2,0,"0,4,6",SAFE-Embed,0.15,split CP (SAFE),exch,0.7860054347826086,0.8666666666666667,0.13333333333333333,0.85,0.01666666666666672,15,0.15,0.39344262295081966,0.8666666666666667,0.6300546448087432,0.5083333333333333,24
2,0,"0,4,6",SAFE-Embed,0.15,split CP (n+1 corr.),exch,0.7860054347826086,0.8666666666666667,0.13333333333333333,0.85,0.01666666666666672,15,0.15,0.3770491803278688,0.8666666666666667,0.6218579234972678,0.5008695652173913,23
2,0,"0,4,6",SAFE-Embed,0.15,DtACI,exch,0.7860054347826086,0.8666666666666667,0.13333333333333333,0.85,0.01666666666666672,15,0.16003549102312042,0.39344262295081966,0.8666666666666667,0.6300546448087432,0.5091666666666667,24
2,0,"0,4,6",SAFE-Embed,0.15,DtACI (grow cal),exch,0.7860054347826086,0.8666666666666667,0.13333333333333333,0.85,0.01666666666666672,15,0.15433690649384857,0.39344262295081966,0.8666666666666667,0.6300546448087432,0.5116666666666667,24
2,0,"0,4,6",SAFE-Embed,0.15,ACI g=0.005,exch,0.7860054347826086,0.8666666666666667,0.13333333333333333,0.85,0.01666666666666672,15,0.15125,0.39344262295081966,0.8666666666666667,0.6300546448087432,0.5083333333333333,24
2,0,"0,4,6",SAFE-Embed,0.15,ACI g=0.005 (grow cal),exch,0.7860054347826086,0.8666666666666667,0.13333333333333333,0.85,0.01666666666666672,15,0.15125,0.39344262295081966,0.8666666666666667,0.6300546448087432,0.5091666666666667,24
2,0,"0,4,6",SAFE-Embed,0.15,ACI g=0.01,exch,0.7860054347826086,0.8666666666666667,0.13333333333333333,0.85,0.01666666666666672,15,0.1525,0.39344262295081966,0.8666666666666667,0.6300546448087432,0.5083333333333333,24
2,0,"0,4,6",SAFE-Embed,0.15,ACI g=0.01 (grow cal),exch,0.7860054347826086,0.8666666666666667,0.13333333333333333,0.85,0.01666666666666672,15,0.1525,0.39344262295081966,0.8666666666666667,0.6300546448087432,0.5091666666666667,24
2,0,"0,4,6",SAFE-Embed,0.15,ACI g=0.05,exch,0.7860054347826086,0.8666666666666667,0.13333333333333333,0.85,0.01666666666666672,15,0.16250000000000006,0.39344262295081966,0.8666666666666667,0.6300546448087432,0.5091666666666667,24
2,0,"0,4,6",SAFE-Embed,0.15,ACI g=0.05 (grow cal),exch,0.7860054347826086,0.8666666666666667,0.13333333333333333,0.85,0.01666666666666672,15,0.16250000000000006,0.39344262295081966,0.8666666666666667,0.6300546448087432,0.5108333333333334,24
2,0,"0,4,6",SAFE-Embed,0.2,split CP (SAFE),blocked,0.7860054347826086,0.0,1.0,0.8,-0.8,92,0.2,0.9910714285714286,0.0,0.4955357142857143,0.13027027027027027,111
2,0,"0,4,6",SAFE-Embed,0.2,split CP (n+1 corr.),blocked,0.7860054347826086,0.0,1.0,0.8,-0.8,92,0.2,0.9642857142857143,0.0,0.48214285714285715,0.22759259259259257,108
2,0,"0,4,6",SAFE-Embed,0.2,DtACI,blocked,0.7860054347826086,0.0,1.0,0.8,-0.8,92,0.001,0.9553571428571429,0.0,0.47767857142857145,0.2992523364485981,107
2,0,"0,4,6",SAFE-Embed,0.2,DtACI (grow cal),blocked,0.7860054347826086,0.6847826086956521,0.31521739130434784,0.8,-0.11521739130434794,92,0.1458920350754383,0.6160714285714286,0.6847826086956521,0.6504270186335404,0.6698550724637681,69
2,0,"0,4,6",SAFE-Embed,0.2,ACI g=0.005,blocked,0.7860054347826086,0.0,1.0,0.8,-0.8,92,0.001,0.9553571428571429,0.0,0.47767857142857145,0.2781308411214953,107
2,0,"0,4,6",SAFE-Embed,0.2,ACI g=0.005 (grow cal),blocked,0.7860054347826086,0.6847826086956521,0.31521739130434784,0.8,-0.11521739130434794,92,0.15099999999999997,0.6071428571428571,0.6847826086956521,0.6459627329192545,0.6411764705882353,68
2,0,"0,4,6",SAFE-Embed,0.2,ACI g=0.01,blocked,0.7860054347826086,0.0,1.0,0.8,-0.8,92,0.001,0.9553571428571429,0.0,0.47767857142857145,0.29457943925233643,107
2,0,"0,4,6",SAFE-Embed,0.2,ACI g=0.01 (grow cal),blocked,0.7860054347826086,0.7173913043478262,0.2826086956521739,0.8,-0.08260869565217388,92,0.12199999999999994,0.5803571428571429,0.7173913043478262,0.6488742236024845,0.6713846153846152,65
2,0,"0,4,6",SAFE-Embed,0.2,ACI g=0.05,blocked,0.7860054347826086,0.0,1.0,0.8,-0.8,92,0.001,0.9553571428571429,0.0,0.47767857142857145,0.3026168224299065,107
2,0,"0,4,6",SAFE-Embed,0.2,ACI g=0.05 (grow cal),blocked,0.7860054347826086,0.7717391304347826,0.22826086956521738,0.8,-0.02826086956521745,92,0.14100000000000035,0.6071428571428571,0.7717391304347826,0.6894409937888198,0.6955882352941175,68
2,0,"0,4,6",SAFE-Embed,0.2,split CP (SAFE),shuffled,0.7860054347826086,0.0,1.0,0.8,-0.8,92,0.2,0.9910714285714286,0.0,0.4955357142857143,0.13027027027027027,111
2,0,"0,4,6",SAFE-Embed,0.2,split CP (n+1 corr.),shuffled,0.7860054347826086,0.0,1.0,0.8,-0.8,92,0.2,0.9642857142857143,0.0,0.48214285714285715,0.22759259259259257,108
2,0,"0,4,6",SAFE-Embed,0.2,DtACI,shuffled,0.7860054347826086,0.0,1.0,0.8,-0.8,92,0.0010000000000000002,0.9375,0.0,0.46875,0.3047619047619048,105
2,0,"0,4,6",SAFE-Embed,0.2,DtACI (grow cal),shuffled,0.7860054347826086,0.6304347826086957,0.3695652173913043,0.8,-0.16956521739130437,92,0.20531973983918644,0.5535714285714286,0.6304347826086957,0.5920031055900621,0.6264516129032257,62
2,0,"0,4,6",SAFE-Embed,0.2,ACI g=0.005,shuffled,0.7860054347826086,0.0,1.0,0.8,-0.8,92,0.001,0.9464285714285714,0.0,0.4732142857142857,0.26811320754716983,106
2,0,"0,4,6",SAFE-Embed,0.2,ACI g=0.005 (grow cal),shuffled,0.7860054347826086,0.6086956521739131,0.391304347826087,0.8,-0.19130434782608696,92,0.11599999999999994,0.5625,0.6086956521739131,0.5855978260869565,0.6082539682539683,63
2,0,"0,4,6",SAFE-Embed,0.2,ACI g=0.01,shuffled,0.7860054347826086,0.0,1.0,0.8,-0.8,92,0.001,0.9375,0.0,0.46875,0.2965714285714286,105
2,0,"0,4,6",SAFE-Embed,0.2,ACI g=0.01 (grow cal),shuffled,0.7860054347826086,0.6739130434782609,0.32608695652173914,0.8,-0.12608695652173918,92,0.08199999999999996,0.45535714285714285,0.6739130434782609,0.5646350931677019,0.5905882352941176,51
2,0,"0,4,6",SAFE-Embed,0.2,ACI g=0.05,shuffled,0.7860054347826086,0.0,1.0,0.8,-0.8,92,0.001,0.9375,0.0,0.46875,0.30685714285714283,105
2,0,"0,4,6",SAFE-Embed,0.2,ACI g=0.05 (grow cal),shuffled,0.7860054347826086,0.782608695652174,0.21739130434782608,0.8,-0.017391304347826098,92,0.17100000000000024,0.5178571428571429,0.782608695652174,0.6502329192546584,0.6644827586206895,58
2,0,"0,4,6",SAFE-Embed,0.2,split CP (SAFE),exch,0.7860054347826086,0.7333333333333334,0.26666666666666666,0.8,-0.06666666666666665,15,0.2,0.5245901639344263,0.7333333333333334,0.6289617486338799,0.46124999999999994,32
2,0,"0,4,6",SAFE-Embed,0.2,split CP (n+1 corr.),exch,0.7860054347826086,0.8666666666666667,0.13333333333333333,0.8,0.06666666666666665,15,0.2,0.3770491803278688,0.8666666666666667,0.6218579234972678,0.49391304347826087,23
2,0,"0,4,6",SAFE-Embed,0.2,DtACI,exch,0.7860054347826086,0.8,0.2,0.8,0.0,15,0.1975267106356256,0.4098360655737705,0.8,0.6049180327868853,0.472,25
2,0,"0,4,6",SAFE-Embed,0.2,DtACI (grow cal),exch,0.7860054347826086,0.8,0.2,0.8,0.0,15,0.20000000000000007,0.4098360655737705,0.8,0.6049180327868853,0.496,25
2,0,"0,4,6",SAFE-Embed,0.2,ACI g=0.005,exch,0.7860054347826086,0.7333333333333334,0.26666666666666666,0.8,-0.06666666666666665,15,0.195,0.5081967213114754,0.7333333333333334,0.6207650273224044,0.48774193548387096,31
2,0,"0,4,6",SAFE-Embed,0.2,ACI g=0.005 (grow cal),exch,0.7860054347826086,0.8,0.2,0.8,0.0,15,0.2,0.4098360655737705,0.8,0.6049180327868853,0.49839999999999995,25
2,0,"0,4,6",SAFE-Embed,0.2,ACI g=0.01,exch,0.7860054347826086,0.8,0.2,0.8,0.0,15,0.2,0.47540983606557374,0.8,0.637704918032787,0.5,29
2,0,"0,4,6",SAFE-Embed,0.2,ACI g=0.01 (grow cal),exch,0.7860054347826086,0.8,0.2,0.8,0.0,15,0.2,0.4098360655737705,0.8,0.6049180327868853,0.4976,25
2,0,"0,4,6",SAFE-Embed,0.2,ACI g=0.05,exch,0.7860054347826086,0.8,0.2,0.8,0.0,15,0.2000000000000001,0.4098360655737705,0.8,0.6049180327868853,0.48800000000000004,25
2,0,"0,4,6",SAFE-Embed,0.2,ACI g=0.05 (grow cal),exch,0.7860054347826086,0.8,0.2,0.8,0.0,15,0.2000000000000001,0.4098360655737705,0.8,0.6049180327868853,0.4976,25
2,0,"0,4,6",SAFE-Embed,0.25,split CP (SAFE),blocked,0.7860054347826086,0.0,1.0,0.75,-0.75,92,0.25,1.0,0.0,0.5,0.02125,112
2,0,"0,4,6",SAFE-Embed,0.25,split CP (n+1 corr.),blocked,0.7860054347826086,0.0,1.0,0.75,-0.75,92,0.25,0.9910714285714286,0.0,0.4955357142857143,0.03441441441441442,111
2,0,"0,4,6",SAFE-Embed,0.25,DtACI,blocked,0.7860054347826086,0.0,1.0,0.75,-0.75,92,0.0010000000000000002,0.9553571428571429,0.0,0.47767857142857145,0.29999999999999993,107
2,0,"0,4,6",SAFE-Embed,0.25,DtACI (grow cal),blocked,0.7860054347826086,0.6630434782608696,0.33695652173913043,0.75,-0.08695652173913038,92,0.1826046520835112,0.6607142857142857,0.6630434782608696,0.6618788819875776,0.6264864864864865,74
2,0,"0,4,6",SAFE-Embed,0.25,ACI g=0.005,blocked,0.7860054347826086,0.0,1.0,0.75,-0.75,92,0.001,0.9642857142857143,0.0,0.48214285714285715,0.26037037037037036,108
2,0,"0,4,6",SAFE-Embed,0.25,ACI g=0.005 (grow cal),blocked,0.7860054347826086,0.6086956521739131,0.391304347826087,0.75,-0.14130434782608692,92,0.18874999999999995,0.6875,0.6086956521739131,0.6480978260869565,0.5945454545454546,77
2,0,"0,4,6",SAFE-Embed,0.25,ACI g=0.01,blocked,0.7860054347826086,0.0,1.0,0.75,-0.75,92,0.001,0.9553571428571429,0.0,0.47767857142857145,0.27999999999999997,107
2,0,"0,4,6",SAFE-Embed,0.25,ACI g=0.01 (grow cal),blocked,0.7860054347826086,0.6521739130434783,0.34782608695652173,0.75,-0.09782608695652173,92,0.16749999999999993,0.6517857142857143,0.6521739130434783,0.6519798136645962,0.6276712328767123,73
2,0,"0,4,6",SAFE-Embed,0.25,ACI g=0.05,blocked,0.7860054347826086,0.0,1.0,0.75,-0.75,92,0.001,0.9553571428571429,0.0,0.47767857142857145,0.30149532710280375,107
2,0,"0,4,6",SAFE-Embed,0.25,ACI g=0.05 (grow cal),blocked,0.7860054347826086,0.7173913043478262,0.2826086956521739,0.75,-0.032608695652173836,92,0.1510000000000004,0.6339285714285714,0.7173913043478262,0.6756599378881988,0.6459154929577463,71
2,0,"0,4,6",SAFE-Embed,0.25,split CP (SAFE),shuffled,0.7860054347826086,0.0,1.0,0.75,-0.75,92,0.25,1.0,0.0,0.5,0.02125,112
2,0,"0,4,6",SAFE-Embed,0.25,split CP (n+1 corr.),shuffled,0.7860054347826086,0.0,1.0,0.75,-0.75,92,0.25,0.9910714285714286,0.0,0.4955357142857143,0.034414414414414424,111
2,0,"0,4,6",SAFE-Embed,0.25,DtACI,shuffled,0.7860054347826086,0.0,1.0,0.75,-0.75,92,0.0010000000000000002,0.9375,0.0,0.46875,0.30514285714285716,105
2,0,"0,4,6",SAFE-Embed,0.25,DtACI (grow cal),shuffled,0.7860054347826086,0.5978260869565217,0.40217391304347827,0.75,-0.15217391304347827,92,0.21949230993504817,0.5803571428571429,0.5978260869565217,0.5890916149068324,0.6089230769230768,65
2,0,"0,4,6",SAFE-Embed,0.25,ACI g=0.005,shuffled,0.7860054347826086,0.0,1.0,0.75,-0.75,92,0.001,0.9642857142857143,0.0,0.48214285714285715,0.2261111111111111,108
2,0,"0,4,6",SAFE-Embed,0.25,ACI g=0.005 (grow cal),shuffled,0.7860054347826086,0.5543478260869565,0.44565217391304346,0.75,-0.19565217391304346,92,0.16374999999999992,0.6160714285714286,0.5543478260869565,0.5852096273291926,0.5933333333333332,69
2,0,"0,4,6",SAFE-Embed,0.25,ACI g=0.01,shuffled,0.7860054347826086,0.0,1.0,0.75,-0.75,92,0.001,0.9375,0.0,0.46875,0.26780952380952383,105
2,0,"0,4,6",SAFE-Embed,0.25,ACI g=0.01 (grow cal),shuffled,0.7860054347826086,0.6195652173913043,0.3804347826086957,0.75,-0.13043478260869568,92,0.1374999999999999,0.5535714285714286,0.6195652173913043,0.5865683229813665,0.5996774193548388,62
2,0,"0,4,6",SAFE-Embed,0.25,ACI g=0.05,shuffled,0.7860054347826086,0.0,1.0,0.75,-0.75,92,0.001,0.9375,0.0,0.46875,0.30323809523809525,105
2,0,"0,4,6",SAFE-Embed,0.25,ACI g=0.05 (grow cal),shuffled,0.7860054347826086,0.7391304347826086,0.2608695652173913,0.75,-0.010869565217391353,92,0.2635000000000001,0.5357142857142857,0.7391304347826086,0.6374223602484472,0.6003333333333334,60
2,0,"0,4,6",SAFE-Embed,0.25,split CP (SAFE),exch,0.7860054347826086,0.5333333333333333,0.4666666666666667,0.75,-0.21666666666666667,15,0.25,0.7540983606557377,0.5333333333333333,0.6437158469945354,0.4,46
2,0,"0,4,6",SAFE-Embed,0.25,split CP (n+1 corr.),exch,0.7860054347826086,0.7333333333333334,0.26666666666666666,0.75,-0.016666666666666607,15,0.25,0.7377049180327869,0.7333333333333334,0.7355191256830602,0.4435555555555556,45
2,0,"0,4,6",SAFE-Embed,0.25,DtACI,exch,0.7860054347826086,0.7333333333333334,0.26666666666666666,0.75,-0.016666666666666607,15,0.23797677101073517,0.7213114754098361,0.7333333333333334,0.7273224043715847,0.40545454545454546,44
2,0,"0,4,6",SAFE-Embed,0.25,DtACI (grow cal),exch,0.7860054347826086,0.7333333333333334,0.26666666666666666,0.75,-0.016666666666666607,15,0.24733980594821098,0.6557377049180327,0.7333333333333334,0.694535519125683,0.457,40
2,0,"0,4,6",SAFE-Embed,0.25,ACI g=0.005,exch,0.7860054347826086,0.6,0.4,0.75,-0.15000000000000002,15,0.23874999999999993,0.7540983606557377,0.6,0.6770491803278689,0.41130434782608694,46
2,0,"0,4,6",SAFE-Embed,0.25,ACI g=0.005 (grow cal),exch,0.7860054347826086,0.7333333333333334,0.26666666666666666,0.75,-0.016666666666666607,15,0.2487499999999999,0.7049180327868853,0.7333333333333334,0.7191256830601094,0.43302325581395346,43
2,0,"0,4,6",SAFE-Embed,0.25,ACI g=0.01,exch,0.7860054347826086,0.6666666666666667,0.3333333333333333,0.75,-0.08333333333333326,15,0.2375,0.7377049180327869,0.6666666666666667,0.7021857923497268,0.4088888888888889,45
2,0,"0,4,6",SAFE-Embed,0.25,ACI g=0.01 (grow cal),exch,0.7860054347826086,0.7333333333333334,0.26666666666666666,0.75,-0.016666666666666607,15,0.2475,0.6721311475409836,0.7333333333333334,0.7027322404371585,0.43414634146341463,41
2,0,"0,4,6",SAFE-Embed,0.25,ACI g=0.05,exch,0.7860054347826086,0.7333333333333334,0.26666666666666666,0.75,-0.016666666666666607,15,0.2375000000000001,0.7049180327868853,0.7333333333333334,0.7191256830601094,0.407906976744186,43
2,0,"0,4,6",SAFE-Embed,0.25,ACI g=0.05 (grow cal),exch,0.7860054347826086,0.7333333333333334,0.26666666666666666,0.75,-0.016666666666666607,15,0.2375000000000001,0.5245901639344263,0.7333333333333334,0.6289617486338799,0.395625,32
2,0,"0,4,6",H&S inter+intra,0.1,split CP (SAFE),blocked,0.8339479813664596,0.7391304347826086,0.2608695652173913,0.9,-0.16086956521739137,92,0.1,0.3482142857142857,0.7391304347826086,0.5436723602484472,0.15435897435897436,39
2,0,"0,4,6",H&S inter+intra,0.1,split CP (n+1 corr.),blocked,0.8339479813664596,0.782608695652174,0.21739130434782608,0.9,-0.11739130434782608,92,0.1,0.2767857142857143,0.782608695652174,0.5296972049689441,0.13935483870967746,31
2,0,"0,4,6",H&S inter+intra,0.1,DtACI,blocked,0.8339479813664596,0.782608695652174,0.21739130434782608,0.9,-0.11739130434782608,92,0.0012225,0.2767857142857143,0.782608695652174,0.5296972049689441,0.13870967741935486,31
2,0,"0,4,6",H&S inter+intra,0.1,DtACI (grow cal),blocked,0.8339479813664596,0.8695652173913043,0.13043478260869565,0.9,-0.0304347826086957,92,0.07962500000000011,0.14285714285714285,0.8695652173913043,0.5062111801242236,0.1575,16
2,0,"0,4,6",H&S inter+intra,0.1,ACI g=0.005,blocked,0.8339479813664596,0.782608695652174,0.21739130434782608,0.9,-0.11739130434782608,92,0.04549999999999996,0.2857142857142857,0.782608695652174,0.5341614906832298,0.14187500000000003,32
2,0,"0,4,6",H&S inter+intra,0.1,ACI g=0.005 (grow cal),blocked,0.8339479813664596,0.8478260869565217,0.15217391304347827,0.9,-0.05217391304347829,92,0.07549999999999998,0.14285714285714285,0.8478260869565217,0.49534161490683226,0.16625,16
2,0,"0,4,6",H&S inter+intra,0.1,ACI g=0.01,blocked,0.8339479813664596,0.7934782608695652,0.20652173913043478,0.9,-0.10652173913043483,92,0.0010000000000000217,0.24107142857142858,0.7934782608695652,0.5172748447204969,0.14592592592592593,27
2,0,"0,4,6",H&S inter+intra,0.1,ACI g=0.01 (grow cal),blocked,0.8339479813664596,0.8695652173913043,0.13043478260869565,0.9,-0.0304347826086957,92,0.07100000000000004,0.10714285714285714,0.8695652173913043,0.4883540372670807,0.165,12
2,0,"0,4,6",H&S inter+intra,0.1,ACI g=0.05,blocked,0.8339479813664596,0.8043478260869565,0.1956521739130435,0.9,-0.09565217391304348,92,0.001,0.25892857142857145,0.8043478260869565,0.531638198757764,0.14344827586206896,29
2,0,"0,4,6",H&S inter+intra,0.1,ACI g=0.05 (grow cal),blocked,0.8339479813664596,0.8913043478260869,0.10869565217391304,0.9,-0.008695652173913104,92,0.09100000000000016,0.125,0.8913043478260869,0.5081521739130435,0.15857142857142856,14
2,0,"0,4,6",H&S inter+intra,0.1,split CP (SAFE),shuffled,0.8339479813664596,0.7391304347826086,0.2608695652173913,0.9,-0.16086956521739137,92,0.1,0.3482142857142857,0.7391304347826086,0.5436723602484472,0.15435897435897436,39
2,0,"0,4,6",H&S inter+intra,0.1,split CP (n+1 corr.),shuffled,0.8339479813664596,0.782608695652174,0.21739130434782608,0.9,-0.11739130434782608,92,0.1,0.2767857142857143,0.782608695652174,0.5296972049689441,0.13935483870967744,31
2,0,"0,4,6",H&S inter+intra,0.1,DtACI,shuffled,0.8339479813664596,0.782608695652174,0.21739130434782608,0.9,-0.11739130434782608,92,0.024624999999999987,0.29464285714285715,0.782608695652174,0.5386257763975155,0.14424242424242426,33
2,0,"0,4,6",H&S inter+intra,0.1,DtACI (grow cal),shuffled,0.8339479813664596,0.8804347826086957,0.11956521739130435,0.9,-0.019565217391304346,92,0.08312500000000006,0.20535714285714285,0.8804347826086957,0.5428959627329193,0.15565217391304353,23
2,0,"0,4,6",H&S inter+intra,0.1,ACI g=0.005,shuffled,0.8339479813664596,0.7717391304347826,0.22826086956521738,0.9,-0.12826086956521743,92,0.04049999999999995,0.3125,0.7717391304347826,0.5421195652173914,0.14685714285714285,35
2,0,"0,4,6",H&S inter+intra,0.1,ACI g=0.005 (grow cal),shuffled,0.8339479813664596,0.8695652173913043,0.13043478260869565,0.9,-0.0304347826086957,92,0.08549999999999999,0.19642857142857142,0.8695652173913043,0.5329968944099379,0.15363636363636368,22
2,0,"0,4,6",H&S inter+intra,0.1,ACI g=0.01,shuffled,0.8339479813664596,0.8043478260869565,0.1956521739130435,0.9,-0.09565217391304348,92,0.010999999999999992,0.25892857142857145,0.8043478260869565,0.531638198757764,0.14896551724137932,29
2,0,"0,4,6",H&S inter+intra,0.1,ACI g=0.01 (grow cal),shuffled,0.8339479813664596,0.8695652173913043,0.13043478260869565,0.9,-0.0304347826086957,92,0.07099999999999998,0.1875,0.8695652173913043,0.5285326086956521,0.15523809523809529,21
2,0,"0,4,6",H&S inter+intra,0.1,ACI g=0.05,shuffled,0.8339479813664596,0.8043478260869565,0.1956521739130435,0.9,-0.09565217391304348,92,0.016000000000000004,0.23214285714285715,0.8043478260869565,0.5182453416149069,0.14538461538461542,26
2,0,"0,4,6",H&S inter+intra,0.1,ACI g=0.05 (grow cal),shuffled,0.8339479813664596,0.9021739130434783,0.09782608695652174,0.9,0.0021739130434782483,92,0.10500000000000023,0.17857142857142858,0.9021739130434783,0.5403726708074534,0.15500000000000005,20
2,0,"0,4,6",H&S inter+intra,0.1,split CP (SAFE),exch,0.8339479813664596,0.6,0.4,0.9,-0.30000000000000004,15,0.1,0.32786885245901637,0.6,0.4639344262295082,0.12000000000000002,20
2,0,"0,4,6",H&S inter+intra,0.1,split CP (n+1 corr.),exch,0.8339479813664596,0.6666666666666667,0.3333333333333333,0.9,-0.23333333333333328,15,0.1,0.32786885245901637,0.6666666666666667,0.4972677595628415,0.13000000000000003,20
2,0,"0,4,6",H&S inter+intra,0.1,DtACI,exch,0.8339479813664596,0.7333333333333334,0.26666666666666666,0.9,-0.16666666666666663,15,0.07704749999999999,0.32786885245901637,0.7333333333333334,0.5306010928961749,0.12000000000000002,20
2,0,"0,4,6",H&S inter+intra,0.1,DtACI (grow cal),exch,0.8339479813664596,0.8,0.2,0.9,-0.09999999999999998,15,0.071125,0.26229508196721313,0.8,0.5311475409836066,0.14875000000000002,16
2,0,"0,4,6",H&S inter+intra,0.1,ACI g=0.005,exch,0.8339479813664596,0.6,0.4,0.9,-0.30000000000000004,15,0.07749999999999999,0.32786885245901637,0.6,0.4639344262295082,0.12000000000000002,20
2,0,"0,4,6",H&S inter+intra,0.1,ACI g=0.005 (grow cal),exch,0.8339479813664596,0.7333333333333334,0.26666666666666666,0.9,-0.16666666666666663,15,0.0875,0.3114754098360656,0.7333333333333334,0.5224043715846995,0.14210526315789476,19
2,0,"0,4,6",H&S inter+intra,0.1,ACI g=0.01,exch,0.8339479813664596,0.6666666666666667,0.3333333333333333,0.9,-0.23333333333333328,15,0.06499999999999997,0.32786885245901637,0.6666666666666667,0.4972677595628415,0.12000000000000002,20
2,0,"0,4,6",H&S inter+intra,0.1,ACI g=0.01 (grow cal),exch,0.8339479813664596,0.7333333333333334,0.26666666666666666,0.9,-0.16666666666666663,15,0.07499999999999998,0.3114754098360656,0.7333333333333334,0.5224043715846995,0.14210526315789476,19
2,0,"0,4,6",H&S inter+intra,0.1,ACI g=0.05,exch,0.8339479813664596,0.7333333333333334,0.26666666666666666,0.9,-0.16666666666666663,15,0.026000000000000006,0.3114754098360656,0.7333333333333334,0.5224043715846995,0.14210526315789476,19
2,0,"0,4,6",H&S inter+intra,0.1,ACI g=0.05 (grow cal),exch,0.8339479813664596,0.8,0.2,0.9,-0.09999999999999998,15,0.04100000000000001,0.21311475409836064,0.8,0.5065573770491804,0.14153846153846159,13
2,0,"0,4,6",H&S inter+intra,0.15,split CP (SAFE),blocked,0.8339479813664596,0.6956521739130435,0.30434782608695654,0.85,-0.15434782608695652,92,0.15,0.36607142857142855,0.6956521739130435,0.530861801242236,0.14682926829268295,41
2,0,"0,4,6",H&S inter+intra,0.15,split CP (n+1 corr.),blocked,0.8339479813664596,0.7391304347826086,0.2608695652173913,0.85,-0.11086956521739133,92,0.15,0.3392857142857143,0.7391304347826086,0.5392080745341614,0.1505263157894737,38
2,0,"0,4,6",H&S inter+intra,0.15,DtACI,blocked,0.8339479813664596,0.75,0.25,0.85,-0.09999999999999998,92,0.0018137499999999994,0.3482142857142857,0.75,0.5491071428571428,0.17846153846153845,39
2,0,"0,4,6",H&S inter+intra,0.15,DtACI (grow cal),blocked,0.8339479813664596,0.8043478260869565,0.1956521739130435,0.85,-0.04565217391304344,92,0.1165115214439801,0.26785714285714285,0.8043478260869565,0.5361024844720497,0.1953333333333333,30
2,0,"0,4,6",H&S inter+intra,0.15,ACI g=0.005,blocked,0.8339479813664596,0.7282608695652174,0.2717391304347826,0.85,-0.12173913043478257,92,0.09824999999999995,0.3482142857142857,0.7282608695652174,0.5382375776397516,0.15282051282051282,39
2,0,"0,4,6",H&S inter+intra,0.15,ACI g=0.005 (grow cal),blocked,0.8339479813664596,0.8152173913043479,0.18478260869565216,0.85,-0.034782608695652084,92,0.13324999999999998,0.20535714285714285,0.8152173913043479,0.5102872670807453,0.14608695652173917,23
2,0,"0,4,6",H&S inter+intra,0.15,ACI g=0.01,blocked,0.8339479813664596,0.7608695652173914,0.2391304347826087,0.85,-0.08913043478260863,92,0.06649999999999992,0.32142857142857145,0.7608695652173914,0.5411490683229814,0.1438888888888889,36
2,0,"0,4,6",H&S inter+intra,0.15,ACI g=0.01 (grow cal),blocked,0.8339479813664596,0.8152173913043479,0.18478260869565216,0.85,-0.034782608695652084,92,0.11649999999999996,0.17857142857142858,0.8152173913043479,0.49689440993788825,0.15100000000000002,20
2,0,"0,4,6",H&S inter+intra,0.15,ACI g=0.05,blocked,0.8339479813664596,0.7717391304347826,0.22826086956521738,0.85,-0.07826086956521738,92,0.001,0.26785714285714285,0.7717391304347826,0.5197981366459627,0.14,30
2,0,"0,4,6",H&S inter+intra,0.15,ACI g=0.05 (grow cal),blocked,0.8339479813664596,0.8478260869565217,0.15217391304347827,0.85,-0.0021739130434782483,92,0.13250000000000026,0.1875,0.8478260869565217,0.5176630434782609,0.13333333333333336,21
2,0,"0,4,6",H&S inter+intra,0.15,split CP (SAFE),shuffled,0.8339479813664596,0.6956521739130435,0.30434782608695654,0.85,-0.15434782608695652,92,0.15,0.36607142857142855,0.6956521739130435,0.530861801242236,0.14682926829268295,41
2,0,"0,4,6",H&S inter+intra,0.15,split CP (n+1 corr.),shuffled,0.8339479813664596,0.7391304347826086,0.2608695652173913,0.85,-0.11086956521739133,92,0.15,0.3392857142857143,0.7391304347826086,0.5392080745341614,0.15052631578947367,38
2,0,"0,4,6",H&S inter+intra,0.15,DtACI,shuffled,0.8339479813664596,0.7282608695652174,0.2717391304347826,0.85,-0.12173913043478257,92,0.08758124999999994,0.33035714285714285,0.7282608695652174,0.5293090062111802,0.15027027027027026,37
2,0,"0,4,6",H&S inter+intra,0.15,DtACI (grow cal),shuffled,0.8339479813664596,0.8369565217391304,0.16304347826086957,0.85,-0.013043478260869601,92,0.1370625000000001,0.21428571428571427,0.8369565217391304,0.5256211180124223,0.14916666666666667,24
2,0,"0,4,6",H&S inter+intra,0.15,ACI g=0.005,shuffled,0.8339479813664596,0.7173913043478262,0.2826086956521739,0.85,-0.1326086956521738,92,0.08824999999999994,0.36607142857142855,0.7173913043478262,0.5417313664596274,0.14829268292682926,41
2,0,"0,4,6",H&S inter+intra,0.15,ACI g=0.005 (grow cal),shuffled,0.8339479813664596,0.8152173913043479,0.18478260869565216,0.85,-0.034782608695652084,92,0.13324999999999998,0.24107142857142858,0.8152173913043479,0.5281444099378882,0.15259259259259264,27
2,0,"0,4,6",H&S inter+intra,0.15,ACI g=0.01,shuffled,0.8339479813664596,0.7391304347826086,0.2608695652173913,0.85,-0.11086956521739133,92,0.046499999999999944,0.3482142857142857,0.7391304347826086,0.5436723602484472,0.15589743589743588,39
2,0,"0,4,6",H&S inter+intra,0.15,ACI g=0.01 (grow cal),shuffled,0.8339479813664596,0.8260869565217391,0.17391304347826086,0.85,-0.023913043478260843,92,0.12649999999999997,0.23214285714285715,0.8260869565217391,0.5291149068322981,0.15000000000000002,26
2,0,"0,4,6",H&S inter+intra,0.15,ACI g=0.05,shuffled,0.8339479813664596,0.782608695652174,0.21739130434782608,0.85,-0.06739130434782603,92,0.02849999999999999,0.25892857142857145,0.782608695652174,0.5207686335403727,0.14620689655172414,29
2,0,"0,4,6",H&S inter+intra,0.15,ACI g=0.05 (grow cal),shuffled,0.8339479813664596,0.8478260869565217,0.15217391304347827,0.85,-0.0021739130434782483,92,0.13250000000000023,0.19642857142857142,0.8478260869565217,0.5221273291925466,0.15363636363636368,22
2,0,"0,4,6",H&S inter+intra,0.15,split CP (SAFE),exch,0.8339479813664596,0.6,0.4,0.85,-0.25,15,0.15,0.36065573770491804,0.6,0.48032786885245904,0.13636363636363638,22
2,0,"0,4,6",H&S inter+intra,0.15,split CP (n+1 corr.),exch,0.8339479813664596,0.6,0.4,0.85,-0.25,15,0.15,0.32786885245901637,0.6,0.4639344262295082,0.12000000000000002,20
2,0,"0,4,6",H&S inter+intra,0.15,DtACI,exch,0.8339479813664596,0.6666666666666667,0.3333333333333333,0.85,-0.18333333333333324,15,0.13053624999669483,0.3442622950819672,0.6666666666666667,0.505464480874317,0.1285714285714286,21
2,0,"0,4,6",H&S inter+intra,0.15,DtACI (grow cal),exch,0.8339479813664596,0.7333333333333334,0.26666666666666666,0.85,-0.11666666666666659,15,0.1268125,0.32786885245901637,0.7333333333333334,0.5306010928961749,0.13100000000000003,20
2,0,"0,4,6",H&S inter+intra,0.15,ACI g=0.005,exch,0.8339479813664596,0.6,0.4,0.85,-0.25,15,0.13124999999999998,0.3442622950819672,0.6,0.4721311475409836,0.1285714285714286,21
2,0,"0,4,6",H&S inter+intra,0.15,ACI g=0.005 (grow cal),exch,0.8339479813664596,0.7333333333333334,0.26666666666666666,0.85,-0.11666666666666659,15,0.14125,0.3442622950819672,0.7333333333333334,0.5387978142076503,0.13523809523809524,21
2,0,"0,4,6",H&S inter+intra,0.15,ACI g=0.01,exch,0.8339479813664596,0.6,0.4,0.85,-0.25,15,0.11249999999999996,0.3442622950819672,0.6,0.4721311475409836,0.1285714285714286,21
2,0,"0,4,6",H&S inter+intra,0.15,ACI g=0.01 (grow cal),exch,0.8339479813664596,0.7333333333333334,0.26666666666666666,0.85,-0.11666666666666659,15,0.13249999999999998,0.3442622950819672,0.7333333333333334,0.5387978142076503,0.14285714285714288,21
2,0,"0,4,6",H&S inter+intra,0.15,ACI g=0.05,exch,0.8339479813664596,0.7333333333333334,0.26666666666666666,0.85,-0.11666666666666659,15,0.0625,0.3442622950819672,0.7333333333333334,0.5387978142076503,0.13523809523809524,21
2,0,"0,4,6",H&S inter+intra,0.15,ACI g=0.05 (grow cal),exch,0.8339479813664596,0.8,0.2,0.85,-0.04999999999999993,15,0.11250000000000004,0.32786885245901637,0.8,0.5639344262295082,0.15600000000000003,20
2,0,"0,4,6",H&S inter+intra,0.2,split CP (SAFE),blocked,0.8339479813664596,0.6630434782608696,0.33695652173913043,0.8,-0.13695652173913042,92,0.2,0.5,0.6630434782608696,0.5815217391304348,0.33178571428571424,56
2,0,"0,4,6",H&S inter+intra,0.2,split CP (n+1 corr.),blocked,0.8339479813664596,0.7173913043478262,0.2826086956521739,0.8,-0.08260869565217388,92,0.2,0.36607142857142855,0.7173913043478262,0.5417313664596274,0.15365853658536585,41
2,0,"0,4,6",H&S inter+intra,0.2,DtACI,blocked,0.8339479813664596,0.6847826086956521,0.31521739130434784,0.8,-0.11521739130434794,92,0.061965199882188904,0.38392857142857145,0.6847826086956521,0.5343555900621118,0.21302325581395348,43
2,0,"0,4,6",H&S inter+intra,0.2,DtACI (grow cal),blocked,0.8339479813664596,0.75,0.25,0.8,-0.050000000000000044,92,0.18361999999999995,0.2857142857142857,0.75,0.5178571428571428,0.18874999999999997,32
2,0,"0,4,6",H&S inter+intra,0.2,ACI g=0.005,blocked,0.8339479813664596,0.6630434782608696,0.33695652173913043,0.8,-0.13695652173913042,92,0.14099999999999996,0.36607142857142855,0.6630434782608696,0.5145574534161491,0.14682926829268295,41
2,0,"0,4,6",H&S inter+intra,0.2,ACI g=0.005 (grow cal),blocked,0.8339479813664596,0.7717391304347826,0.22826086956521738,0.8,-0.02826086956521745,92,0.186,0.26785714285714285,0.7717391304347826,0.5197981366459627,0.13466666666666666,30
2,0,"0,4,6",H&S inter+intra,0.2,ACI g=0.01,blocked,0.8339479813664596,0.7065217391304348,0.29347826086956524,0.8,-0.09347826086956523,92,0.12199999999999994,0.35714285714285715,0.7065217391304348,0.531832298136646,0.14950000000000002,40
2,0,"0,4,6",H&S inter+intra,0.2,ACI g=0.01 (grow cal),blocked,0.8339479813664596,0.782608695652174,0.21739130434782608,0.8,-0.017391304347826098,92,0.182,0.25892857142857145,0.782608695652174,0.5207686335403727,0.13793103448275862,29
2,0,"0,4,6",H&S inter+intra,0.2,ACI g=0.05,blocked,0.8339479813664596,0.7391304347826086,0.2608695652173913,0.8,-0.0608695652173914,92,0.061000000000000304,0.32142857142857145,0.7391304347826086,0.53027950310559,0.1627777777777778,36
2,0,"0,4,6",H&S inter+intra,0.2,ACI g=0.05 (grow cal),blocked,0.8339479813664596,0.7934782608695652,0.20652173913043478,0.8,-0.006521739130434856,92,0.17100000000000037,0.24107142857142858,0.7934782608695652,0.5172748447204969,0.13555555555555557,27
2,0,"0,4,6",H&S inter+intra,0.2,split CP (SAFE),shuffled,0.8339479813664596,0.6630434782608696,0.33695652173913043,0.8,-0.13695652173913042,92,0.2,0.5,0.6630434782608696,0.5815217391304348,0.3317857142857143,56
2,0,"0,4,6",H&S inter+intra,0.2,split CP (n+1 corr.),shuffled,0.8339479813664596,0.7173913043478262,0.2826086956521739,0.8,-0.08260869565217388,92,0.2,0.36607142857142855,0.7173913043478262,0.5417313664596274,0.15365853658536585,41
2,0,"0,4,6",H&S inter+intra,0.2,DtACI,shuffled,0.8339479813664596,0.6847826086956521,0.31521739130434784,0.8,-0.11521739130434794,92,0.14040499999999995,0.33035714285714285,0.6847826086956521,0.5075698757763975,0.17405405405405405,37
2,0,"0,4,6",H&S inter+intra,0.2,DtACI (grow cal),shuffled,0.8339479813664596,0.7717391304347826,0.22826086956521738,0.8,-0.02826086956521745,92,0.22046933333636498,0.30357142857142855,0.7717391304347826,0.5376552795031055,0.14352941176470585,34
2,0,"0,4,6",H&S inter+intra,0.2,ACI g=0.005,shuffled,0.8339479813664596,0.6739130434782609,0.32608695652173914,0.8,-0.12608695652173918,92,0.14099999999999996,0.4017857142857143,0.6739130434782609,0.5378493788819876,0.20355555555555555,45
2,0,"0,4,6",H&S inter+intra,0.2,ACI g=0.005 (grow cal),shuffled,0.8339479813664596,0.75,0.25,0.8,-0.050000000000000044,92,0.176,0.30357142857142855,0.75,0.5267857142857143,0.1452941176470588,34
2,0,"0,4,6",H&S inter+intra,0.2,ACI g=0.01,shuffled,0.8339479813664596,0.6956521739130435,0.30434782608695654,0.8,-0.10434782608695659,92,0.10199999999999992,0.375,0.6956521739130435,0.5353260869565217,0.16666666666666666,42
2,0,"0,4,6",H&S inter+intra,0.2,ACI g=0.01 (grow cal),shuffled,0.8339479813664596,0.7717391304347826,0.22826086956521738,0.8,-0.02826086956521745,92,0.172,0.2857142857142857,0.7717391304347826,0.5287267080745341,0.145,32
2,0,"0,4,6",H&S inter+intra,0.2,ACI g=0.05,shuffled,0.8339479813664596,0.75,0.25,0.8,-0.050000000000000044,92,0.061000000000000006,0.2857142857142857,0.75,0.5178571428571428,0.146875,32
2,0,"0,4,6",H&S inter+intra,0.2,ACI g=0.05 (grow cal),shuffled,0.8339479813664596,0.8043478260869565,0.1956521739130435,0.8,0.004347826086956497,92,0.21000000000000052,0.2767857142857143,0.8043478260869565,0.5405667701863355,0.15161290322580642,31
2,0,"0,4,6",H&S inter+intra,0.2,split CP (SAFE),exch,0.8339479813664596,0.6,0.4,0.8,-0.20000000000000007,15,0.2,0.4426229508196721,0.6,0.521311475409836,0.2925925925925926,27
2,0,"0,4,6",H&S inter+intra,0.2,split CP (n+1 corr.),exch,0.8339479813664596,0.6,0.4,0.8,-0.20000000000000007,15,0.2,0.32786885245901637,0.6,0.4639344262295082,0.12000000000000002,20
2,0,"0,4,6",H&S inter+intra,0.2,DtACI,exch,0.8339479813664596,0.6666666666666667,0.3333333333333333,0.8,-0.1333333333333333,15,0.18382999999991456,0.39344262295081966,0.6666666666666667,0.5300546448087432,0.24833333333333338,24
2,0,"0,4,6",H&S inter+intra,0.2,DtACI (grow cal),exch,0.8339479813664596,0.7333333333333334,0.26666666666666666,0.8,-0.06666666666666665,15,0.18433,0.36065573770491804,0.7333333333333334,0.5469945355191257,0.17272727272727276,22
2,0,"0,4,6",H&S inter+intra,0.2,ACI g=0.005,exch,0.8339479813664596,0.6,0.4,0.8,-0.20000000000000007,15,0.185,0.4426229508196721,0.6,0.521311475409836,0.2925925925925926,27
2,0,"0,4,6",H&S inter+intra,0.2,ACI g=0.005 (grow cal),exch,0.8339479813664596,0.6,0.4,0.8,-0.20000000000000007,15,0.185,0.3442622950819672,0.6,0.4721311475409836,0.1285714285714286,21
2,0,"0,4,6",H&S inter+intra,0.2,ACI g=0.01,exch,0.8339479813664596,0.6,0.4,0.8,-0.20000000000000007,15,0.16999999999999998,0.39344262295081966,0.6,0.4967213114754098,0.2066666666666667,24
2,0,"0,4,6",H&S inter+intra,0.2,ACI g=0.01 (grow cal),exch,0.8339479813664596,0.6,0.4,0.8,-0.20000000000000007,15,0.16999999999999998,0.3442622950819672,0.6,0.4721311475409836,0.13523809523809524,21
2,0,"0,4,6",H&S inter+intra,0.2,ACI g=0.05,exch,0.8339479813664596,0.6,0.4,0.8,-0.20000000000000007,15,0.05000000000000002,0.3442622950819672,0.6,0.4721311475409836,0.14476190476190479,21
2,0,"0,4,6",H&S inter+intra,0.2,ACI g=0.05 (grow cal),exch,0.8339479813664596,0.7333333333333334,0.26666666666666666,0.8,-0.06666666666666665,15,0.15000000000000008,0.32786885245901637,0.7333333333333334,0.5306010928961749,0.14100000000000004,20
2,0,"0,4,6",H&S inter+intra,0.25,split CP (SAFE),blocked,0.8339479813664596,0.5543478260869565,0.44565217391304346,0.75,-0.19565217391304346,92,0.25,0.4732142857142857,0.5543478260869565,0.5137810559006211,0.1577358490566038,53
2,0,"0,4,6",H&S inter+intra,0.25,split CP (n+1 corr.),blocked,0.8339479813664596,0.5869565217391304,0.41304347826086957,0.75,-0.16304347826086962,92,0.25,0.4642857142857143,0.5869565217391304,0.5256211180124224,0.16153846153846152,52
2,0,"0,4,6",H&S inter+intra,0.25,DtACI,blocked,0.8339479813664596,0.6304347826086957,0.3695652173913043,0.75,-0.11956521739130432,92,0.10164625000000016,0.41964285714285715,0.6304347826086957,0.5250388198757764,0.1761702127659574,47
2,0,"0,4,6",H&S inter+intra,0.25,DtACI (grow cal),blocked,0.8339479813664596,0.6956521739130435,0.30434782608695654,0.75,-0.05434782608695654,92,0.24862374999999987,0.36607142857142855,0.6956521739130435,0.530861801242236,0.21902439024390244,41
2,0,"0,4,6",H&S inter+intra,0.25,ACI g=0.005,blocked,0.8339479813664596,0.5978260869565217,0.40217391304347827,0.75,-0.15217391304347827,92,0.18374999999999994,0.44642857142857145,0.5978260869565217,0.5221273291925466,0.1612,50
2,0,"0,4,6",H&S inter+intra,0.25,ACI g=0.005 (grow cal),blocked,0.8339479813664596,0.7391304347826086,0.2608695652173913,0.75,-0.010869565217391353,92,0.24874999999999983,0.26785714285714285,0.7391304347826086,0.5034937888198757,0.154,30
2,0,"0,4,6",H&S inter+intra,0.25,ACI g=0.01,blocked,0.8339479813664596,0.6304347826086957,0.3695652173913043,0.75,-0.11956521739130432,92,0.1474999999999999,0.38392857142857145,0.6304347826086957,0.5071816770186336,0.1544186046511628,43
2,0,"0,4,6",H&S inter+intra,0.25,ACI g=0.01 (grow cal),blocked,0.8339479813664596,0.75,0.25,0.75,0.0,92,0.2575,0.25892857142857145,0.75,0.5044642857142857,0.1531034482758621,29
2,0,"0,4,6",H&S inter+intra,0.25,ACI g=0.05,blocked,0.8339479813664596,0.6847826086956521,0.31521739130434784,0.75,-0.0652173913043479,92,0.10100000000000017,0.33035714285714285,0.6847826086956521,0.5075698757763975,0.1535135135135135,37
2,0,"0,4,6",H&S inter+intra,0.25,ACI g=0.05 (grow cal),blocked,0.8339479813664596,0.7391304347826086,0.2608695652173913,0.75,-0.010869565217391353,92,0.2385000000000004,0.26785714285714285,0.7391304347826086,0.5034937888198757,0.164,30
2,0,"0,4,6",H&S inter+intra,0.25,split CP (SAFE),shuffled,0.8339479813664596,0.5543478260869565,0.44565217391304346,0.75,-0.19565217391304346,92,0.25,0.4732142857142857,0.5543478260869565,0.5137810559006211,0.1577358490566038,53
2,0,"0,4,6",H&S inter+intra,0.25,split CP (n+1 corr.),shuffled,0.8339479813664596,0.5869565217391304,0.41304347826086957,0.75,-0.16304347826086962,92,0.25,0.4642857142857143,0.5869565217391304,0.5256211180124224,0.16153846153846155,52
2,0,"0,4,6",H&S inter+intra,0.25,DtACI,shuffled,0.8339479813664596,0.6413043478260869,0.358695652173913,0.75,-0.10869565217391308,92,0.16784874999999988,0.4107142857142857,0.6413043478260869,0.5260093167701863,0.15434782608695652,46
2,0,"0,4,6",H&S inter+intra,0.25,DtACI (grow cal),shuffled,0.8339479813664596,0.7282608695652174,0.2717391304347826,0.75,-0.021739130434782594,92,0.22343749999999998,0.32142857142857145,0.7282608695652174,0.5248447204968945,0.16444444444444445,36
2,0,"0,4,6",H&S inter+intra,0.25,ACI g=0.005,shuffled,0.8339479813664596,0.5760869565217391,0.42391304347826086,0.75,-0.17391304347826086,92,0.1687499999999999,0.4642857142857143,0.5760869565217391,0.5201863354037267,0.15615384615384614,52
2,0,"0,4,6",H&S inter+intra,0.25,ACI g=0.005 (grow cal),shuffled,0.8339479813664596,0.6956521739130435,0.30434782608695654,0.75,-0.05434782608695654,92,0.22374999999999995,0.3482142857142857,0.6956521739130435,0.5219332298136645,0.16615384615384615,39
2,0,"0,4,6",H&S inter+intra,0.25,ACI g=0.01,shuffled,0.8339479813664596,0.6304347826086957,0.3695652173913043,0.75,-0.11956521739130432,92,0.1374999999999999,0.44642857142857145,0.6304347826086957,0.5384316770186336,0.15799999999999997,50
2,0,"0,4,6",H&S inter+intra,0.25,ACI g=0.01 (grow cal),shuffled,0.8339479813664596,0.7065217391304348,0.29347826086956524,0.75,-0.04347826086956519,92,0.20749999999999996,0.3392857142857143,0.7065217391304348,0.5229037267080745,0.16736842105263156,38
2,0,"0,4,6",H&S inter+intra,0.25,ACI g=0.05,shuffled,0.8339479813664596,0.7173913043478262,0.2826086956521739,0.75,-0.032608695652173836,92,0.08749999999999994,0.29464285714285715,0.7173913043478262,0.5060170807453417,0.15575757575757576,33
2,0,"0,4,6",H&S inter+intra,0.25,ACI g=0.05 (grow cal),shuffled,0.8339479813664596,0.75,0.25,0.75,0.0,92,0.23750000000000054,0.2767857142857143,0.75,0.5133928571428572,0.1632258064516129,31
2,0,"0,4,6",H&S inter+intra,0.25,split CP (SAFE),exch,0.8339479813664596,0.5333333333333333,0.4666666666666667,0.75,-0.21666666666666667,15,0.25,0.45901639344262296,0.5333333333333333,0.4961748633879781,0.14500000000000002,28
2,0,"0,4,6",H&S inter+intra,0.25,split CP (n+1 corr.),exch,0.8339479813664596,0.5333333333333333,0.4666666666666667,0.75,-0.21666666666666667,15,0.25,0.4262295081967213,0.5333333333333333,0.4797814207650273,0.1330769230769231,26
2,0,"0,4,6",H&S inter+intra,0.25,DtACI,exch,0.8339479813664596,0.6,0.4,0.75,-0.15000000000000002,15,0.23264874999276244,0.4426229508196721,0.6,0.521311475409836,0.13703703703703707,27
2,0,"0,4,6",H&S inter+intra,0.25,DtACI (grow cal),exch,0.8339479813664596,0.6,0.4,0.75,-0.15000000000000002,15,0.19493749999999999,0.36065573770491804,0.6,0.48032786885245904,0.1563636363636364,22
2,0,"0,4,6",H&S inter+intra,0.25,ACI g=0.005,exch,0.8339479813664596,0.5333333333333333,0.4666666666666667,0.75,-0.21666666666666667,15,0.23374999999999996,0.45901639344262296,0.5333333333333333,0.4961748633879781,0.14500000000000002,28
2,0,"0,4,6",H&S inter+intra,0.25,ACI g=0.005 (grow cal),exch,0.8339479813664596,0.6,0.4,0.75,-0.15000000000000002,15,0.23874999999999996,0.3770491803278688,0.6,0.4885245901639344,0.14086956521739136,23
2,0,"0,4,6",H&S inter+intra,0.25,ACI g=0.01,exch,0.8339479813664596,0.5333333333333333,0.4666666666666667,0.75,-0.21666666666666667,15,0.21749999999999997,0.4262295081967213,0.5333333333333333,0.4797814207650273,0.14153846153846156,26
2,0,"0,4,6",H&S inter+intra,0.25,ACI g=0.01 (grow cal),exch,0.8339479813664596,0.6,0.4,0.75,-0.15000000000000002,15,0.22749999999999998,0.3770491803278688,0.6,0.4885245901639344,0.1504347826086957,23
2,0,"0,4,6",H&S inter+intra,0.25,ACI g=0.05,exch,0.8339479813664596,0.6,0.4,0.75,-0.15000000000000002,15,0.13749999999999998,0.3770491803278688,0.6,0.4885245901639344,0.14260869565217396,23
2,0,"0,4,6",H&S inter+intra,0.25,ACI g=0.05 (grow cal),exch,0.8339479813664596,0.6666666666666667,0.3333333333333333,0.75,-0.08333333333333326,15,0.18750000000000008,0.3442622950819672,0.6666666666666667,0.505464480874317,0.16095238095238096,21
2,1,"0,4,6",SAFE-MLP,0.1,split CP (SAFE),blocked,0.7961956521739131,0.5978260869565217,0.40217391304347827,0.9,-0.3021739130434783,92,0.1,0.5892857142857143,0.5978260869565217,0.593555900621118,0.22121212121212122,66
2,1,"0,4,6",SAFE-MLP,0.1,split CP (n+1 corr.),blocked,0.7961956521739131,0.6086956521739131,0.391304347826087,0.9,-0.29130434782608694,92,0.1,0.5892857142857143,0.6086956521739131,0.5989906832298137,0.22181818181818183,66
2,1,"0,4,6",SAFE-MLP,0.1,DtACI,blocked,0.7961956521739131,0.6195652173913043,0.3804347826086957,0.9,-0.2804347826086957,92,0.07193720410028381,0.5892857142857143,0.6195652173913043,0.6044254658385093,0.22606060606060607,66
2,1,"0,4,6",SAFE-MLP,0.1,DtACI (grow cal),blocked,0.7961956521739131,0.8478260869565217,0.15217391304347827,0.9,-0.05217391304347829,92,0.3722365088771635,0.44642857142857145,0.8478260869565217,0.6471273291925466,0.6971999999999998,50
2,1,"0,4,6",SAFE-MLP,0.1,ACI g=0.005,blocked,0.7961956521739131,0.6195652173913043,0.3804347826086957,0.9,-0.2804347826086957,92,0.009500000000000005,0.5803571428571429,0.6195652173913043,0.5999611801242236,0.22984615384615384,65
2,1,"0,4,6",SAFE-MLP,0.1,ACI g=0.005 (grow cal),blocked,0.7961956521739131,0.8260869565217391,0.17391304347826086,0.9,-0.07391304347826089,92,0.06549999999999997,0.4107142857142857,0.8260869565217391,0.6184006211180124,0.6995652173913044,46
2,1,"0,4,6",SAFE-MLP,0.1,ACI g=0.01,blocked,0.7961956521739131,0.6195652173913043,0.3804347826086957,0.9,-0.2804347826086957,92,0.01800000000000001,0.5892857142857143,0.6195652173913043,0.6044254658385093,0.22666666666666668,66
2,1,"0,4,6",SAFE-MLP,0.1,ACI g=0.01 (grow cal),blocked,0.7961956521739131,0.8695652173913043,0.13043478260869565,0.9,-0.0304347826086957,92,0.07100000000000001,0.4107142857142857,0.8695652173913043,0.640139751552795,0.7582608695652173,46
2,1,"0,4,6",SAFE-MLP,0.1,ACI g=0.05,blocked,0.7961956521739131,0.6195652173913043,0.3804347826086957,0.9,-0.2804347826086957,92,0.08600000000000005,0.5892857142857143,0.6195652173913043,0.6044254658385093,0.22606060606060607,66
2,1,"0,4,6",SAFE-MLP,0.1,ACI g=0.05 (grow cal),blocked,0.7961956521739131,0.9130434782608696,0.08695652173913043,0.9,0.013043478260869601,92,0.2210000000000002,0.42857142857142855,0.9130434782608696,0.6708074534161491,0.6841666666666667,48
2,1,"0,4,6",SAFE-MLP,0.1,split CP (SAFE),shuffled,0.7961956521739131,0.5978260869565217,0.40217391304347827,0.9,-0.3021739130434783,92,0.1,0.5892857142857143,0.5978260869565217,0.593555900621118,0.2212121212121212,66
2,1,"0,4,6",SAFE-MLP,0.1,split CP (n+1 corr.),shuffled,0.7961956521739131,0.6086956521739131,0.391304347826087,0.9,-0.29130434782608694,92,0.1,0.5892857142857143,0.6086956521739131,0.5989906832298137,0.22181818181818183,66
2,1,"0,4,6",SAFE-MLP,0.1,DtACI,shuffled,0.7961956521739131,0.6195652173913043,0.3804347826086957,0.9,-0.2804347826086957,92,0.017503498297723817,0.5892857142857143,0.6195652173913043,0.6044254658385093,0.22727272727272727,66
2,1,"0,4,6",SAFE-MLP,0.1,DtACI (grow cal),shuffled,0.7961956521739131,0.8369565217391304,0.16304347826086957,0.9,-0.06304347826086965,92,0.04234116315983116,0.42857142857142855,0.8369565217391304,0.6327639751552795,0.5129166666666666,48
2,1,"0,4,6",SAFE-MLP,0.1,ACI g=0.005,shuffled,0.7961956521739131,0.6086956521739131,0.391304347826087,0.9,-0.29130434782608694,92,0.003,0.5892857142857143,0.6086956521739131,0.5989906832298137,0.22666666666666668,66
2,1,"0,4,6",SAFE-MLP,0.1,ACI g=0.005 (grow cal),shuffled,0.7961956521739131,0.8260869565217391,0.17391304347826086,0.9,-0.07391304347826089,92,0.06599999999999998,0.41964285714285715,0.8260869565217391,0.6228649068322981,0.5429787234042553,47
2,1,"0,4,6",SAFE-MLP,0.1,ACI g=0.01,shuffled,0.7961956521739131,0.6086956521739131,0.391304347826087,0.9,-0.29130434782608694,92,0.005,0.5892857142857143,0.6086956521739131,0.5989906832298137,0.22727272727272727,66
2,1,"0,4,6",SAFE-MLP,0.1,ACI g=0.01 (grow cal),shuffled,0.7961956521739131,0.8478260869565217,0.15217391304347827,0.9,-0.05217391304347829,92,0.05200000000000002,0.4107142857142857,0.8478260869565217,0.6292701863354038,0.6,46
2,1,"0,4,6",SAFE-MLP,0.1,ACI g=0.05,shuffled,0.7961956521739131,0.6195652173913043,0.3804347826086957,0.9,-0.2804347826086957,92,0.021000000000000005,0.5803571428571429,0.6195652173913043,0.5999611801242236,0.2304615384615385,65
2,1,"0,4,6",SAFE-MLP,0.1,ACI g=0.05 (grow cal),shuffled,0.7961956521739131,0.8804347826086957,0.11956521739130435,0.9,-0.019565217391304346,92,0.021000000000000005,0.38392857142857145,0.8804347826086957,0.6321816770186336,0.6469767441860466,43
2,1,"0,4,6",SAFE-MLP,0.1,split CP (SAFE),exch,0.7961956521739131,0.75,0.25,0.9,-0.15000000000000002,16,0.1,0.576271186440678,0.75,0.663135593220339,0.2441176470588235,34
2,1,"0,4,6",SAFE-MLP,0.1,split CP (n+1 corr.),exch,0.7961956521739131,0.75,0.25,0.9,-0.15000000000000002,16,0.1,0.576271186440678,0.75,0.663135593220339,0.2441176470588235,34
2,1,"0,4,6",SAFE-MLP,0.1,DtACI,exch,0.7961956521739131,0.75,0.25,0.9,-0.15000000000000002,16,0.04148203695417905,0.576271186440678,0.75,0.663135593220339,0.2441176470588235,34
2,1,"0,4,6",SAFE-MLP,0.1,DtACI (grow cal),exch,0.7961956521739131,0.75,0.25,0.9,-0.15000000000000002,16,0.04127541914460459,0.559322033898305,0.75,0.6546610169491525,0.2545454545454546,33
2,1,"0,4,6",SAFE-MLP,0.1,ACI g=0.005,exch,0.7961956521739131,0.75,0.25,0.9,-0.15000000000000002,16,0.088,0.576271186440678,0.75,0.663135593220339,0.2441176470588235,34
2,1,"0,4,6",SAFE-MLP,0.1,ACI g=0.005 (grow cal),exch,0.7961956521739131,0.75,0.25,0.9,-0.15000000000000002,16,0.088,0.559322033898305,0.75,0.6546610169491525,0.2509090909090909,33
2,1,"0,4,6",SAFE-MLP,0.1,ACI g=0.01,exch,0.7961956521739131,0.75,0.25,0.9,-0.15000000000000002,16,0.07599999999999998,0.576271186440678,0.75,0.663135593220339,0.2441176470588235,34
2,1,"0,4,6",SAFE-MLP,0.1,ACI g=0.01 (grow cal),exch,0.7961956521739131,0.75,0.25,0.9,-0.15000000000000002,16,0.07599999999999998,0.559322033898305,0.75,0.6546610169491525,0.2533333333333333,33
2,1,"0,4,6",SAFE-MLP,0.1,ACI g=0.05,exch,0.7961956521739131,0.75,0.25,0.9,-0.15000000000000002,16,0.001,0.559322033898305,0.75,0.6546610169491525,0.2509090909090909,33
2,1,"0,4,6",SAFE-MLP,0.1,ACI g=0.05 (grow cal),exch,0.7961956521739131,0.75,0.25,0.9,-0.15000000000000002,16,0.001,0.5423728813559322,0.75,0.646186440677966,0.318125,32
2,1,"0,4,6",SAFE-MLP,0.15,split CP (SAFE),blocked,0.7961956521739131,0.46739130434782605,0.532608695652174,0.85,-0.3826086956521739,92,0.15,0.7142857142857143,0.46739130434782605,0.5908385093167702,0.16075,80
2,1,"0,4,6",SAFE-MLP,0.15,split CP (n+1 corr.),blocked,0.7961956521739131,0.5978260869565217,0.40217391304347827,0.85,-0.25217391304347825,92,0.15,0.6160714285714286,0.5978260869565217,0.6069487577639752,0.22173913043478258,69
2,1,"0,4,6",SAFE-MLP,0.15,DtACI,blocked,0.7961956521739131,0.6195652173913043,0.3804347826086957,0.85,-0.23043478260869565,92,0.06252652740684111,0.6071428571428571,0.6195652173913043,0.6133540372670807,0.22970588235294115,68
2,1,"0,4,6",SAFE-MLP,0.15,DtACI (grow cal),blocked,0.7961956521739131,0.8260869565217391,0.17391304347826086,0.85,-0.023913043478260843,92,0.40498015674971827,0.48214285714285715,0.8260869565217391,0.6541149068322981,0.5640740740740741,54
2,1,"0,4,6",SAFE-MLP,0.15,ACI g=0.005,blocked,0.7961956521739131,0.5978260869565217,0.40217391304347827,0.85,-0.25217391304347825,92,0.033249999999999905,0.6160714285714286,0.5978260869565217,0.6069487577639752,0.22144927536231881,69
2,1,"0,4,6",SAFE-MLP,0.15,ACI g=0.005 (grow cal),blocked,0.7961956521739131,0.782608695652174,0.21739130434782608,0.85,-0.06739130434782603,92,0.11824999999999997,0.4732142857142857,0.782608695652174,0.6279114906832298,0.549433962264151,53
2,1,"0,4,6",SAFE-MLP,0.15,ACI g=0.01,blocked,0.7961956521739131,0.6195652173913043,0.3804347826086957,0.85,-0.23043478260869565,92,0.027000000000000007,0.6071428571428571,0.6195652173913043,0.6133540372670807,0.22823529411764706,68
2,1,"0,4,6",SAFE-MLP,0.15,ACI g=0.01 (grow cal),blocked,0.7961956521739131,0.8043478260869565,0.1956521739130435,0.85,-0.04565217391304344,92,0.10649999999999997,0.45535714285714285,0.8043478260869565,0.6298524844720497,0.5992156862745098,51
2,1,"0,4,6",SAFE-MLP,0.15,ACI g=0.05,blocked,0.7961956521739131,0.6195652173913043,0.3804347826086957,0.85,-0.23043478260869565,92,0.13100000000000006,0.6071428571428571,0.6195652173913043,0.6133540372670807,0.23205882352941173,68
2,1,"0,4,6",SAFE-MLP,0.15,ACI g=0.05 (grow cal),blocked,0.7961956521739131,0.8695652173913043,0.13043478260869565,0.85,0.019565217391304346,92,0.3110000000000002,0.42857142857142855,0.8695652173913043,0.6490683229813664,0.6175,48
2,1,"0,4,6",SAFE-MLP,0.15,split CP (SAFE),shuffled,0.7961956521739131,0.46739130434782605,0.532608695652174,0.85,-0.3826086956521739,92,0.15,0.7142857142857143,0.46739130434782605,0.5908385093167702,0.16075000000000003,80
2,1,"0,4,6",SAFE-MLP,0.15,split CP (n+1 corr.),shuffled,0.7961956521739131,0.5978260869565217,0.40217391304347827,0.85,-0.25217391304347825,92,0.15,0.6160714285714286,0.5978260869565217,0.6069487577639752,0.2217391304347826,69
2,1,"0,4,6",SAFE-MLP,0.15,DtACI,shuffled,0.7961956521739131,0.5978260869565217,0.40217391304347827,0.85,-0.25217391304347825,92,0.03075743827526697,0.5982142857142857,0.5978260869565217,0.5980201863354038,0.22776119402985073,67
2,1,"0,4,6",SAFE-MLP,0.15,DtACI (grow cal),shuffled,0.7961956521739131,0.782608695652174,0.21739130434782608,0.85,-0.06739130434782603,92,0.10087169061203238,0.4732142857142857,0.782608695652174,0.6279114906832298,0.5079245283018867,53
2,1,"0,4,6",SAFE-MLP,0.15,ACI g=0.005,shuffled,0.7961956521739131,0.5760869565217391,0.42391304347826086,0.85,-0.27391304347826084,92,0.023999999999999893,0.6160714285714286,0.5760869565217391,0.5960791925465838,0.2182608695652174,69
2,1,"0,4,6",SAFE-MLP,0.15,ACI g=0.005 (grow cal),shuffled,0.7961956521739131,0.7717391304347826,0.22826086956521738,0.85,-0.07826086956521738,92,0.11399999999999996,0.45535714285714285,0.7717391304347826,0.6135481366459627,0.47215686274509805,51
2,1,"0,4,6",SAFE-MLP,0.15,ACI g=0.01,shuffled,0.7961956521739131,0.5869565217391304,0.41304347826086957,0.85,-0.2630434782608696,92,0.006999999999999999,0.5892857142857143,0.5869565217391304,0.5881211180124224,0.2312121212121212,66
2,1,"0,4,6",SAFE-MLP,0.15,ACI g=0.01 (grow cal),shuffled,0.7961956521739131,0.782608695652174,0.21739130434782608,0.85,-0.06739130434782603,92,0.08799999999999994,0.4375,0.782608695652174,0.6100543478260869,0.5004081632653061,49
2,1,"0,4,6",SAFE-MLP,0.15,ACI g=0.05,shuffled,0.7961956521739131,0.6195652173913043,0.3804347826086957,0.85,-0.23043478260869565,92,0.031,0.5892857142857143,0.6195652173913043,0.6044254658385093,0.23484848484848486,66
2,1,"0,4,6",SAFE-MLP,0.15,ACI g=0.05 (grow cal),shuffled,0.7961956521739131,0.8260869565217391,0.17391304347826086,0.85,-0.023913043478260843,92,0.08100000000000016,0.39285714285714285,0.8260869565217391,0.609472049689441,0.5377272727272728,44
2,1,"0,4,6",SAFE-MLP,0.15,split CP (SAFE),exch,0.7961956521739131,0.625,0.375,0.85,-0.22499999999999998,16,0.15,0.6949152542372882,0.625,0.659957627118644,0.25414634146341464,41
2,1,"0,4,6",SAFE-MLP,0.15,split CP (n+1 corr.),exch,0.7961956521739131,0.6875,0.3125,0.85,-0.16249999999999998,16,0.15,0.6440677966101694,0.6875,0.6657838983050848,0.2852631578947367,38
2,1,"0,4,6",SAFE-MLP,0.15,DtACI,exch,0.7961956521739131,0.6875,0.3125,0.85,-0.16249999999999998,16,0.0806253049194628,0.6610169491525424,0.6875,0.6742584745762712,0.28358974358974354,39
2,1,"0,4,6",SAFE-MLP,0.15,DtACI (grow cal),exch,0.7961956521739131,0.6875,0.3125,0.85,-0.16249999999999998,16,0.0735964519540175,0.6271186440677966,0.6875,0.6573093220338984,0.3108108108108107,37
2,1,"0,4,6",SAFE-MLP,0.15,ACI g=0.005,exch,0.7961956521739131,0.625,0.375,0.85,-0.22499999999999998,16,0.13199999999999998,0.6949152542372882,0.625,0.659957627118644,0.255609756097561,41
2,1,"0,4,6",SAFE-MLP,0.15,ACI g=0.005 (grow cal),exch,0.7961956521739131,0.6875,0.3125,0.85,-0.16249999999999998,16,0.13699999999999998,0.6440677966101694,0.6875,0.6657838983050848,0.29684210526315785,38
2,1,"0,4,6",SAFE-MLP,0.15,ACI g=0.01,exch,0.7961956521739131,0.625,0.375,0.85,-0.22499999999999998,16,0.11399999999999996,0.6949152542372882,0.625,0.659957627118644,0.2619512195121951,41
2,1,"0,4,6",SAFE-MLP,0.15,ACI g=0.01 (grow cal),exch,0.7961956521739131,0.6875,0.3125,0.85,-0.16249999999999998,16,0.12399999999999997,0.6440677966101694,0.6875,0.6657838983050848,0.29684210526315785,38
2,1,"0,4,6",SAFE-MLP,0.15,ACI g=0.05,exch,0.7961956521739131,0.6875,0.3125,0.85,-0.16249999999999998,16,0.020000000000000025,0.6440677966101694,0.6875,0.6657838983050848,0.29684210526315785,38
2,1,"0,4,6",SAFE-MLP,0.15,ACI g=0.05 (grow cal),exch,0.7961956521739131,0.6875,0.3125,0.85,-0.16249999999999998,16,0.020000000000000025,0.6101694915254238,0.6875,0.6488347457627119,0.3122222222222221,36
2,1,"0,4,6",SAFE-MLP,0.2,split CP (SAFE),blocked,0.7961956521739131,0.3913043478260869,0.6086956521739131,0.8,-0.4086956521739131,92,0.2,0.7410714285714286,0.3913043478260869,0.5661878881987578,0.14289156626506022,83
2,1,"0,4,6",SAFE-MLP,0.2,split CP (n+1 corr.),blocked,0.7961956521739131,0.3913043478260869,0.6086956521739131,0.8,-0.4086956521739131,92,0.2,0.7410714285714286,0.3913043478260869,0.5661878881987578,0.14289156626506022,83
2,1,"0,4,6",SAFE-MLP,0.2,DtACI,blocked,0.7961956521739131,0.5760869565217391,0.42391304347826086,0.8,-0.2239130434782609,92,0.08590251920067199,0.6160714285714286,0.5760869565217391,0.5960791925465838,0.2017391304347826,69
2,1,"0,4,6",SAFE-MLP,0.2,DtACI (grow cal),blocked,0.7961956521739131,0.7391304347826086,0.2608695652173913,0.8,-0.0608695652173914,92,0.35589269817847924,0.5535714285714286,0.7391304347826086,0.6463509316770186,0.48645161290322586,62
2,1,"0,4,6",SAFE-MLP,0.2,ACI g=0.005,blocked,0.7961956521739131,0.5760869565217391,0.42391304347826086,0.8,-0.2239130434782609,92,0.09599999999999992,0.6428571428571429,0.5760869565217391,0.609472049689441,0.18472222222222223,72
2,1,"0,4,6",SAFE-MLP,0.2,ACI g=0.005 (grow cal),blocked,0.7961956521739131,0.7391304347826086,0.2608695652173913,0.8,-0.0608695652173914,92,0.17099999999999999,0.5,0.7391304347826086,0.6195652173913043,0.445,56
2,1,"0,4,6",SAFE-MLP,0.2,ACI g=0.01,blocked,0.7961956521739131,0.5978260869565217,0.40217391304347827,0.8,-0.20217391304347831,92,0.03900000000000002,0.6160714285714286,0.5978260869565217,0.6069487577639752,0.2115942028985507,69
2,1,"0,4,6",SAFE-MLP,0.2,ACI g=0.01 (grow cal),blocked,0.7961956521739131,0.7717391304347826,0.22826086956521738,0.8,-0.02826086956521745,92,0.172,0.4732142857142857,0.7717391304347826,0.6224767080745341,0.5256603773584906,53
2,1,"0,4,6",SAFE-MLP,0.2,ACI g=0.05,blocked,0.7961956521739131,0.5978260869565217,0.40217391304347827,0.8,-0.20217391304347831,92,0.1410000000000001,0.6071428571428571,0.5978260869565217,0.6024844720496894,0.2314705882352941,68
2,1,"0,4,6",SAFE-MLP,0.2,ACI g=0.05 (grow cal),blocked,0.7961956521739131,0.8369565217391304,0.16304347826086957,0.8,0.03695652173913033,92,0.38100000000000034,0.4642857142857143,0.8369565217391304,0.6506211180124224,0.5434615384615384,52
2,1,"0,4,6",SAFE-MLP,0.2,split CP (SAFE),shuffled,0.7961956521739131,0.3913043478260869,0.6086956521739131,0.8,-0.4086956521739131,92,0.2,0.7410714285714286,0.3913043478260869,0.5661878881987578,0.14289156626506022,83
2,1,"0,4,6",SAFE-MLP,0.2,split CP (n+1 corr.),shuffled,0.7961956521739131,0.3913043478260869,0.6086956521739131,0.8,-0.4086956521739131,92,0.2,0.7410714285714286,0.3913043478260869,0.5661878881987578,0.14289156626506022,83
2,1,"0,4,6",SAFE-MLP,0.2,DtACI,shuffled,0.7961956521739131,0.5760869565217391,0.42391304347826086,0.8,-0.2239130434782609,92,0.05227234169107923,0.6160714285714286,0.5760869565217391,0.5960791925465838,0.2182608695652174,69
2,1,"0,4,6",SAFE-MLP,0.2,DtACI (grow cal),shuffled,0.7961956521739131,0.7173913043478262,0.2826086956521739,0.8,-0.08260869565217388,92,0.140268489945408,0.49107142857142855,0.7173913043478262,0.6042313664596274,0.4312727272727273,55
2,1,"0,4,6",SAFE-MLP,0.2,ACI g=0.005,shuffled,0.7961956521739131,0.5217391304347826,0.4782608695652174,0.8,-0.27826086956521745,92,0.0719999999999999,0.6607142857142857,0.5217391304347826,0.5912267080745341,0.21486486486486486,74
2,1,"0,4,6",SAFE-MLP,0.2,ACI g=0.005 (grow cal),shuffled,0.7961956521739131,0.6956521739130435,0.30434782608695654,0.8,-0.10434782608695659,92,0.15199999999999997,0.5,0.6956521739130435,0.5978260869565217,0.38642857142857145,56
2,1,"0,4,6",SAFE-MLP,0.2,ACI g=0.01,shuffled,0.7961956521739131,0.5760869565217391,0.42391304347826086,0.8,-0.2239130434782609,92,0.009000000000000001,0.625,0.5760869565217391,0.6005434782608696,0.21371428571428575,70
2,1,"0,4,6",SAFE-MLP,0.2,ACI g=0.01 (grow cal),shuffled,0.7961956521739131,0.7282608695652174,0.2717391304347826,0.8,-0.07173913043478264,92,0.13399999999999995,0.4732142857142857,0.7282608695652174,0.6007375776397516,0.4362264150943396,53
2,1,"0,4,6",SAFE-MLP,0.2,ACI g=0.05,shuffled,0.7961956521739131,0.6086956521739131,0.391304347826087,0.8,-0.19130434782608696,92,0.04100000000000001,0.5892857142857143,0.6086956521739131,0.5989906832298137,0.22727272727272727,66
2,1,"0,4,6",SAFE-MLP,0.2,ACI g=0.05 (grow cal),shuffled,0.7961956521739131,0.782608695652174,0.21739130434782608,0.8,-0.017391304347826098,92,0.12000000000000041,0.4732142857142857,0.782608695652174,0.6279114906832298,0.47018867924528307,53
2,1,"0,4,6",SAFE-MLP,0.2,split CP (SAFE),exch,0.7961956521739131,0.5625,0.4375,0.8,-0.23750000000000004,16,0.2,0.711864406779661,0.5625,0.6371822033898304,0.23476190476190475,42
2,1,"0,4,6",SAFE-MLP,0.2,split CP (n+1 corr.),exch,0.7961956521739131,0.5625,0.4375,0.8,-0.23750000000000004,16,0.2,0.711864406779661,0.5625,0.6371822033898304,0.23476190476190475,42
2,1,"0,4,6",SAFE-MLP,0.2,DtACI,exch,0.7961956521739131,0.5625,0.4375,0.8,-0.23750000000000004,16,0.12034717074970662,0.6949152542372882,0.5625,0.628707627118644,0.24536585365853655,41
2,1,"0,4,6",SAFE-MLP,0.2,DtACI (grow cal),exch,0.7961956521739131,0.625,0.375,0.8,-0.17500000000000004,16,0.12666810736199105,0.6610169491525424,0.625,0.6430084745762712,0.26666666666666655,39
2,1,"0,4,6",SAFE-MLP,0.2,ACI g=0.005,exch,0.7961956521739131,0.5625,0.4375,0.8,-0.23750000000000004,16,0.181,0.711864406779661,0.5625,0.6371822033898304,0.23476190476190475,42
2,1,"0,4,6",SAFE-MLP,0.2,ACI g=0.005 (grow cal),exch,0.7961956521739131,0.5625,0.4375,0.8,-0.23750000000000004,16,0.181,0.6949152542372882,0.5625,0.628707627118644,0.24634146341463414,41
2,1,"0,4,6",SAFE-MLP,0.2,ACI g=0.01,exch,0.7961956521739131,0.5625,0.4375,0.8,-0.23750000000000004,16,0.16199999999999998,0.711864406779661,0.5625,0.6371822033898304,0.2395238095238095,42
2,1,"0,4,6",SAFE-MLP,0.2,ACI g=0.01 (grow cal),exch,0.7961956521739131,0.5625,0.4375,0.8,-0.23750000000000004,16,0.16199999999999998,0.6949152542372882,0.5625,0.628707627118644,0.2468292682926829,41
2,1,"0,4,6",SAFE-MLP,0.2,ACI g=0.05,exch,0.7961956521739131,0.625,0.375,0.8,-0.17500000000000004,16,0.06000000000000005,0.6949152542372882,0.625,0.659957627118644,0.24634146341463414,41
2,1,"0,4,6",SAFE-MLP,0.2,ACI g=0.05 (grow cal),exch,0.7961956521739131,0.625,0.375,0.8,-0.17500000000000004,16,0.06000000000000005,0.6440677966101694,0.625,0.6345338983050848,0.28684210526315784,38
2,1,"0,4,6",SAFE-MLP,0.25,split CP (SAFE),blocked,0.7961956521739131,0.19565217391304346,0.8043478260869565,0.75,-0.5543478260869565,92,0.25,0.8660714285714286,0.19565217391304346,0.530861801242236,0.15525773195876288,97
2,1,"0,4,6",SAFE-MLP,0.25,split CP (n+1 corr.),blocked,0.7961956521739131,0.2065217391304348,0.7934782608695652,0.75,-0.5434782608695652,92,0.25,0.8660714285714286,0.2065217391304348,0.5362965838509317,0.1977319587628866,97
2,1,"0,4,6",SAFE-MLP,0.25,DtACI,blocked,0.7961956521739131,0.5108695652173914,0.4891304347826087,0.75,-0.23913043478260865,92,0.10099782524949918,0.6696428571428571,0.5108695652173914,0.5902562111801242,0.2664,75
2,1,"0,4,6",SAFE-MLP,0.25,DtACI (grow cal),blocked,0.7961956521739131,0.7391304347826086,0.2608695652173913,0.75,-0.010869565217391353,92,0.3046915093359611,0.5535714285714286,0.7391304347826086,0.6463509316770186,0.4754838709677419,62
2,1,"0,4,6",SAFE-MLP,0.25,ACI g=0.005,blocked,0.7961956521739131,0.4782608695652174,0.5217391304347826,0.75,-0.2717391304347826,92,0.12374999999999989,0.6696428571428571,0.4782608695652174,0.5739518633540373,0.25146666666666667,75
2,1,"0,4,6",SAFE-MLP,0.25,ACI g=0.005 (grow cal),blocked,0.7961956521739131,0.6847826086956521,0.31521739130434784,0.75,-0.0652173913043479,92,0.21874999999999997,0.5535714285714286,0.6847826086956521,0.6191770186335404,0.4322580645161291,62
2,1,"0,4,6",SAFE-MLP,0.25,ACI g=0.01,blocked,0.7961956521739131,0.5434782608695652,0.45652173913043476,0.75,-0.2065217391304348,92,0.05749999999999986,0.6607142857142857,0.5434782608695652,0.6020962732919255,0.25864864864864867,74
2,1,"0,4,6",SAFE-MLP,0.25,ACI g=0.01 (grow cal),blocked,0.7961956521739131,0.7282608695652174,0.2717391304347826,0.75,-0.021739130434782594,92,0.22749999999999998,0.5446428571428571,0.7282608695652174,0.6364518633540373,0.43836065573770494,61
2,1,"0,4,6",SAFE-MLP,0.25,ACI g=0.05,blocked,0.7961956521739131,0.5869565217391304,0.41304347826086957,0.75,-0.16304347826086962,92,0.11350000000000005,0.625,0.5869565217391304,0.6059782608695652,0.2977142857142857,70
2,1,"0,4,6",SAFE-MLP,0.25,ACI g=0.05 (grow cal),blocked,0.7961956521739131,0.782608695652174,0.21739130434782608,0.75,0.03260869565217395,92,0.3875000000000004,0.5267857142857143,0.782608695652174,0.6546972049689441,0.5027118644067796,59
2,1,"0,4,6",SAFE-MLP,0.25,split CP (SAFE),shuffled,0.7961956521739131,0.19565217391304346,0.8043478260869565,0.75,-0.5543478260869565,92,0.25,0.8660714285714286,0.19565217391304346,0.530861801242236,0.15525773195876288,97
2,1,"0,4,6",SAFE-MLP,0.25,split CP (n+1 corr.),shuffled,0.7961956521739131,0.2065217391304348,0.7934782608695652,0.75,-0.5434782608695652,92,0.25,0.8660714285714286,0.2065217391304348,0.5362965838509317,0.1977319587628866,97
2,1,"0,4,6",SAFE-MLP,0.25,DtACI,shuffled,0.7961956521739131,0.5217391304347826,0.4782608695652174,0.75,-0.2282608695652174,92,0.08696015005115927,0.6428571428571429,0.5217391304347826,0.5822981366459627,0.2644444444444444,72
2,1,"0,4,6",SAFE-MLP,0.25,DtACI (grow cal),shuffled,0.7961956521739131,0.6847826086956521,0.31521739130434784,0.75,-0.0652173913043479,92,0.1695020764040414,0.5357142857142857,0.6847826086956521,0.610248447204969,0.39933333333333343,60
2,1,"0,4,6",SAFE-MLP,0.25,ACI g=0.005,shuffled,0.7961956521739131,0.44565217391304346,0.5543478260869565,0.75,-0.30434782608695654,92,0.10999999999999988,0.6875,0.44565217391304346,0.5665760869565217,0.2727272727272727,77
2,1,"0,4,6",SAFE-MLP,0.25,ACI g=0.005 (grow cal),shuffled,0.7961956521739131,0.6086956521739131,0.391304347826087,0.75,-0.14130434782608692,92,0.18499999999999994,0.5535714285714286,0.6086956521739131,0.5811335403726708,0.3132258064516129,62
2,1,"0,4,6",SAFE-MLP,0.25,ACI g=0.01,shuffled,0.7961956521739131,0.5326086956521738,0.4673913043478261,0.75,-0.21739130434782616,92,0.04999999999999985,0.6607142857142857,0.5326086956521738,0.5966614906832297,0.26648648648648654,74
2,1,"0,4,6",SAFE-MLP,0.25,ACI g=0.01 (grow cal),shuffled,0.7961956521739131,0.6630434782608696,0.33695652173913043,0.75,-0.08695652173913038,92,0.16999999999999993,0.5535714285714286,0.6630434782608696,0.6083074534161491,0.38451612903225807,62
2,1,"0,4,6",SAFE-MLP,0.25,ACI g=0.05,shuffled,0.7961956521739131,0.6086956521739131,0.391304347826087,0.75,-0.14130434782608692,92,0.051000000000000004,0.5803571428571429,0.6086956521739131,0.5945263975155279,0.27538461538461534,65
2,1,"0,4,6",SAFE-MLP,0.25,ACI g=0.05 (grow cal),shuffled,0.7961956521739131,0.7282608695652174,0.2717391304347826,0.75,-0.021739130434782594,92,0.1500000000000003,0.5267857142857143,0.7282608695652174,0.6275232919254659,0.4576271186440678,59
2,1,"0,4,6",SAFE-MLP,0.25,split CP (SAFE),exch,0.7961956521739131,0.4375,0.5625,0.75,-0.3125,16,0.25,0.8135593220338984,0.4375,0.6255296610169492,0.21124999999999997,48
2,1,"0,4,6",SAFE-MLP,0.25,split CP (n+1 corr.),exch,0.7961956521739131,0.4375,0.5625,0.75,-0.3125,16,0.25,0.7966101694915254,0.4375,0.6170550847457628,0.23957446808510638,47
2,1,"0,4,6",SAFE-MLP,0.25,DtACI,exch,0.7961956521739131,0.5,0.5,0.75,-0.25,16,0.16437745364182216,0.7457627118644068,0.5,0.6228813559322034,0.1990909090909091,44
2,1,"0,4,6",SAFE-MLP,0.25,DtACI (grow cal),exch,0.7961956521739131,0.5,0.5,0.75,-0.25,16,0.17485092986150624,0.7288135593220338,0.5,0.6144067796610169,0.26186046511627903,43
2,1,"0,4,6",SAFE-MLP,0.25,ACI g=0.005,exch,0.7961956521739131,0.4375,0.5625,0.75,-0.3125,16,0.22499999999999992,0.8135593220338984,0.4375,0.6255296610169492,0.21166666666666664,48
2,1,"0,4,6",SAFE-MLP,0.25,ACI g=0.005 (grow cal),exch,0.7961956521739131,0.5,0.5,0.75,-0.25,16,0.22999999999999993,0.7288135593220338,0.5,0.6144067796610169,0.21209302325581394,43
2,1,"0,4,6",SAFE-MLP,0.25,ACI g=0.01,exch,0.7961956521739131,0.4375,0.5625,0.75,-0.3125,16,0.19999999999999996,0.7966101694915254,0.4375,0.6170550847457628,0.2285106382978723,47
2,1,"0,4,6",SAFE-MLP,0.25,ACI g=0.01 (grow cal),exch,0.7961956521739131,0.5,0.5,0.75,-0.25,16,0.20999999999999996,0.7288135593220338,0.5,0.6144067796610169,0.21906976744186044,43
2,1,"0,4,6",SAFE-MLP,0.25,ACI g=0.05,exch,0.7961956521739131,0.5,0.5,0.75,-0.25,16,0.04999999999999996,0.7288135593220338,0.5,0.6144067796610169,0.23162790697674412,43
2,1,"0,4,6",SAFE-MLP,0.25,ACI g=0.05 (grow cal),exch,0.7961956521739131,0.5625,0.4375,0.75,-0.1875,16,0.09999999999999998,0.6949152542372882,0.5625,0.628707627118644,0.2541463414634147,41
2,1,"0,4,6",SAFE-Embed,0.1,split CP (SAFE),blocked,0.7926048136645962,0.010869565217391353,0.9891304347826086,0.9,-0.8891304347826087,92,0.1,0.9910714285714286,0.010869565217391353,0.50097049689441,0.2389189189189189,111
2,1,"0,4,6",SAFE-Embed,0.1,split CP (n+1 corr.),blocked,0.7926048136645962,0.10869565217391308,0.8913043478260869,0.9,-0.7913043478260869,92,0.1,0.9196428571428571,0.10869565217391308,0.5141692546583851,0.44330097087378645,103
2,1,"0,4,6",SAFE-Embed,0.1,DtACI,blocked,0.7926048136645962,0.4130434782608695,0.5869565217391305,0.9,-0.4869565217391305,92,0.009466769603084116,0.8482142857142857,0.4130434782608695,0.6306288819875776,0.628842105263158,95
2,1,"0,4,6",SAFE-Embed,0.1,DtACI (grow cal),blocked,0.7926048136645962,0.782608695652174,0.21739130434782608,0.9,-0.11739130434782608,92,0.049507412330109246,0.6160714285714286,0.782608695652174,0.6993400621118013,0.7988405797101449,69
2,1,"0,4,6",SAFE-Embed,0.1,ACI g=0.005,blocked,0.7926048136645962,0.40217391304347827,0.5978260869565217,0.9,-0.49782608695652175,92,0.002,0.8839285714285714,0.40217391304347827,0.6430512422360248,0.6228282828282828,99
2,1,"0,4,6",SAFE-Embed,0.1,ACI g=0.005 (grow cal),blocked,0.7926048136645962,0.7934782608695652,0.20652173913043478,0.9,-0.10652173913043483,92,0.05049999999999996,0.6160714285714286,0.7934782608695652,0.7047748447204969,0.7814492753623188,69
2,1,"0,4,6",SAFE-Embed,0.1,ACI g=0.01,blocked,0.7926048136645962,0.46739130434782605,0.532608695652174,0.9,-0.43260869565217397,92,0.003,0.8303571428571429,0.46739130434782605,0.6488742236024845,0.6296774193548388,93
2,1,"0,4,6",SAFE-Embed,0.1,ACI g=0.01 (grow cal),blocked,0.7926048136645962,0.8369565217391304,0.16304347826086957,0.9,-0.06304347826086965,92,0.04100000000000003,0.5535714285714286,0.8369565217391304,0.6952639751552795,0.7893548387096775,62
2,1,"0,4,6",SAFE-Embed,0.1,ACI g=0.05,blocked,0.7926048136645962,0.44565217391304346,0.5543478260869565,0.9,-0.45434782608695656,92,0.011000000000000003,0.8214285714285714,0.44565217391304346,0.6335403726708074,0.6510869565217391,92
2,1,"0,4,6",SAFE-Embed,0.1,ACI g=0.05 (grow cal),blocked,0.7926048136645962,0.8478260869565217,0.15217391304347827,0.9,-0.05217391304347829,92,0.031000000000000007,0.5,0.8478260869565217,0.6739130434782609,0.8082142857142857,56
2,1,"0,4,6",SAFE-Embed,0.1,split CP (SAFE),shuffled,0.7926048136645962,0.010869565217391353,0.9891304347826086,0.9,-0.8891304347826087,92,0.1,0.9910714285714286,0.010869565217391353,0.50097049689441,0.23891891891891895,111
2,1,"0,4,6",SAFE-Embed,0.1,split CP (n+1 corr.),shuffled,0.7926048136645962,0.10869565217391308,0.8913043478260869,0.9,-0.7913043478260869,92,0.1,0.9196428571428571,0.10869565217391308,0.5141692546583851,0.4433009708737865,103
2,1,"0,4,6",SAFE-Embed,0.1,DtACI,shuffled,0.7926048136645962,0.44565217391304346,0.5543478260869565,0.9,-0.45434782608695656,92,0.001,0.7946428571428571,0.44565217391304346,0.6201475155279503,0.6307865168539326,89
2,1,"0,4,6",SAFE-Embed,0.1,DtACI (grow cal),shuffled,0.7926048136645962,0.8586956521739131,0.14130434782608695,0.9,-0.04130434782608694,92,0.050644936785506064,0.5357142857142857,0.8586956521739131,0.6972049689440993,0.8066666666666666,60
2,1,"0,4,6",SAFE-Embed,0.1,ACI g=0.005,shuffled,0.7926048136645962,0.4130434782608695,0.5869565217391305,0.9,-0.4869565217391305,92,0.001,0.7946428571428571,0.4130434782608695,0.6038431677018633,0.631685393258427,89
2,1,"0,4,6",SAFE-Embed,0.1,ACI g=0.005 (grow cal),shuffled,0.7926048136645962,0.8369565217391304,0.16304347826086957,0.9,-0.06304347826086965,92,0.07099999999999998,0.5625,0.8369565217391304,0.6997282608695652,0.8107936507936507,63
2,1,"0,4,6",SAFE-Embed,0.1,ACI g=0.01,shuffled,0.7926048136645962,0.4782608695652174,0.5217391304347826,0.9,-0.4217391304347826,92,0.001,0.7946428571428571,0.4782608695652174,0.6364518633540373,0.6447191011235955,89
2,1,"0,4,6",SAFE-Embed,0.1,ACI g=0.01 (grow cal),shuffled,0.7926048136645962,0.8478260869565217,0.15217391304347827,0.9,-0.05217391304347829,92,0.05200000000000003,0.5446428571428571,0.8478260869565217,0.6962344720496894,0.819344262295082,61
2,1,"0,4,6",SAFE-Embed,0.1,ACI g=0.05,shuffled,0.7926048136645962,0.48913043478260865,0.5108695652173914,0.9,-0.4108695652173914,92,0.001,0.7857142857142857,0.48913043478260865,0.6374223602484472,0.6379545454545454,88
2,1,"0,4,6",SAFE-Embed,0.1,ACI g=0.05 (grow cal),shuffled,0.7926048136645962,0.8695652173913043,0.13043478260869565,0.9,-0.0304347826086957,92,0.031000000000000087,0.5089285714285714,0.8695652173913043,0.6892468944099379,0.8452631578947368,57
2,1,"0,4,6",SAFE-Embed,0.1,split CP (SAFE),exch,0.7926048136645962,0.875,0.125,0.9,-0.025000000000000022,16,0.1,0.3559322033898305,0.875,0.6154661016949152,0.4371428571428572,21
2,1,"0,4,6",SAFE-Embed,0.1,split CP (n+1 corr.),exch,0.7926048136645962,0.9375,0.0625,0.9,0.03749999999999998,16,0.1,0.23728813559322035,0.9375,0.5873940677966102,0.5342857142857143,14
2,1,"0,4,6",SAFE-Embed,0.1,DtACI,exch,0.7926048136645962,0.8125,0.1875,0.9,-0.08750000000000002,16,0.09542056221947531,0.3559322033898305,0.8125,0.5842161016949152,0.4914285714285714,21
2,1,"0,4,6",SAFE-Embed,0.1,DtACI (grow cal),exch,0.7926048136645962,0.8125,0.1875,0.9,-0.08750000000000002,16,0.08893192826637118,0.3559322033898305,0.8125,0.5842161016949152,0.45047619047619053,21
2,1,"0,4,6",SAFE-Embed,0.1,ACI g=0.005,exch,0.7926048136645962,0.875,0.125,0.9,-0.025000000000000022,16,0.098,0.3389830508474576,0.875,0.6069915254237288,0.4670000000000001,20
2,1,"0,4,6",SAFE-Embed,0.1,ACI g=0.005 (grow cal),exch,0.7926048136645962,0.8125,0.1875,0.9,-0.08750000000000002,16,0.093,0.3559322033898305,0.8125,0.5842161016949152,0.49523809523809514,21
2,1,"0,4,6",SAFE-Embed,0.1,ACI g=0.01,exch,0.7926048136645962,0.875,0.125,0.9,-0.025000000000000022,16,0.096,0.3389830508474576,0.875,0.6069915254237288,0.4680000000000001,20
2,1,"0,4,6",SAFE-Embed,0.1,ACI g=0.01 (grow cal),exch,0.7926048136645962,0.8125,0.1875,0.9,-0.08750000000000002,16,0.086,0.3559322033898305,0.8125,0.5842161016949152,0.4961904761904763,21
2,1,"0,4,6",SAFE-Embed,0.1,ACI g=0.05,exch,0.7926048136645962,0.8125,0.1875,0.9,-0.08750000000000002,16,0.030000000000000016,0.288135593220339,0.8125,0.5503177966101696,0.52,17
2,1,"0,4,6",SAFE-Embed,0.1,ACI g=0.05 (grow cal),exch,0.7926048136645962,0.8125,0.1875,0.9,-0.08750000000000002,16,0.030000000000000016,0.2711864406779661,0.8125,0.541843220338983,0.495,16
2,1,"0,4,6",SAFE-Embed,0.15,split CP (SAFE),blocked,0.7926048136645962,0.0,1.0,0.85,-0.85,92,0.15,0.9910714285714286,0.0,0.4955357142857143,0.1504504504504504,111
2,1,"0,4,6",SAFE-Embed,0.15,split CP (n+1 corr.),blocked,0.7926048136645962,0.021739130434782594,0.9782608695652174,0.85,-0.8282608695652174,92,0.15,0.9821428571428571,0.021739130434782594,0.5019409937888198,0.2563636363636363,110
2,1,"0,4,6",SAFE-Embed,0.15,DtACI,blocked,0.7926048136645962,0.4130434782608695,0.5869565217391305,0.85,-0.43695652173913047,92,0.013914886763272108,0.8660714285714286,0.4130434782608695,0.639557453416149,0.5748453608247421,97
2,1,"0,4,6",SAFE-Embed,0.15,DtACI (grow cal),blocked,0.7926048136645962,0.6739130434782609,0.32608695652173914,0.85,-0.1760869565217391,92,0.060798009696962405,0.6160714285714286,0.6739130434782609,0.6449922360248448,0.7217391304347827,69
2,1,"0,4,6",SAFE-Embed,0.15,ACI g=0.005,blocked,0.7926048136645962,0.3695652173913043,0.6304347826086957,0.85,-0.48043478260869565,92,0.0025,0.8482142857142857,0.3695652173913043,0.608889751552795,0.5164210526315789,95
2,1,"0,4,6",SAFE-Embed,0.15,ACI g=0.005 (grow cal),blocked,0.7926048136645962,0.6630434782608696,0.33695652173913043,0.85,-0.18695652173913035,92,0.06324999999999992,0.625,0.6630434782608696,0.6440217391304348,0.7080000000000001,70
2,1,"0,4,6",SAFE-Embed,0.15,ACI g=0.01,blocked,0.7926048136645962,0.46739130434782605,0.532608695652174,0.85,-0.3826086956521739,92,0.004,0.7767857142857143,0.46739130434782605,0.6220885093167702,0.5682758620689655,87
2,1,"0,4,6",SAFE-Embed,0.15,ACI g=0.01 (grow cal),blocked,0.7926048136645962,0.7173913043478262,0.2826086956521739,0.85,-0.1326086956521738,92,0.026499999999999933,0.5446428571428571,0.7173913043478262,0.6310170807453417,0.7285245901639343,61
2,1,"0,4,6",SAFE-Embed,0.15,ACI g=0.05,blocked,0.7926048136645962,0.48913043478260865,0.5108695652173914,0.85,-0.36086956521739133,92,0.016,0.8125,0.48913043478260865,0.6508152173913043,0.5925274725274725,91
2,1,"0,4,6",SAFE-Embed,0.15,ACI g=0.05 (grow cal),blocked,0.7926048136645962,0.7934782608695652,0.20652173913043478,0.85,-0.05652173913043479,92,0.048499999999999995,0.44642857142857145,0.7934782608695652,0.6199534161490683,0.7424,50
2,1,"0,4,6",SAFE-Embed,0.15,split CP (SAFE),shuffled,0.7926048136645962,0.0,1.0,0.85,-0.85,92,0.15,0.9910714285714286,0.0,0.4955357142857143,0.15045045045045044,111
2,1,"0,4,6",SAFE-Embed,0.15,split CP (n+1 corr.),shuffled,0.7926048136645962,0.021739130434782594,0.9782608695652174,0.85,-0.8282608695652174,92,0.15,0.9821428571428571,0.021739130434782594,0.5019409937888198,0.25636363636363635,110
2,1,"0,4,6",SAFE-Embed,0.15,DtACI,shuffled,0.7926048136645962,0.40217391304347827,0.5978260869565217,0.85,-0.4478260869565217,92,0.001,0.7589285714285714,0.40217391304347827,0.5805512422360248,0.5863529411764706,85
2,1,"0,4,6",SAFE-Embed,0.15,DtACI (grow cal),shuffled,0.7926048136645962,0.75,0.25,0.85,-0.09999999999999998,92,0.08237079046715809,0.5357142857142857,0.75,0.6428571428571428,0.7626666666666666,60
2,1,"0,4,6",SAFE-Embed,0.15,ACI g=0.005,shuffled,0.7926048136645962,0.3695652173913043,0.6304347826086957,0.85,-0.48043478260869565,92,0.001,0.75,0.3695652173913043,0.5597826086956521,0.5404761904761906,84
2,1,"0,4,6",SAFE-Embed,0.15,ACI g=0.005 (grow cal),shuffled,0.7926048136645962,0.7282608695652174,0.2717391304347826,0.85,-0.12173913043478257,92,0.09399999999999994,0.5535714285714286,0.7282608695652174,0.6409161490683231,0.7209677419354837,62
2,1,"0,4,6",SAFE-Embed,0.15,ACI g=0.01,shuffled,0.7926048136645962,0.46739130434782605,0.532608695652174,0.85,-0.3826086956521739,92,0.001,0.7410714285714286,0.46739130434782605,0.6042313664596273,0.579277108433735,83
2,1,"0,4,6",SAFE-Embed,0.15,ACI g=0.01 (grow cal),shuffled,0.7926048136645962,0.7717391304347826,0.22826086956521738,0.85,-0.07826086956521738,92,0.07799999999999993,0.5178571428571429,0.7717391304347826,0.6447981366459627,0.7437931034482758,58
2,1,"0,4,6",SAFE-Embed,0.15,ACI g=0.05,shuffled,0.7926048136645962,0.46739130434782605,0.532608695652174,0.85,-0.3826086956521739,92,0.001,0.7410714285714286,0.46739130434782605,0.6042313664596273,0.6137349397590363,83
2,1,"0,4,6",SAFE-Embed,0.15,ACI g=0.05 (grow cal),shuffled,0.7926048136645962,0.8260869565217391,0.17391304347826086,0.85,-0.023913043478260843,92,0.04000000000000011,0.45535714285714285,0.8260869565217391,0.640722049689441,0.7968627450980391,51
2,1,"0,4,6",SAFE-Embed,0.15,split CP (SAFE),exch,0.7926048136645962,0.8125,0.1875,0.85,-0.03749999999999998,16,0.15,0.423728813559322,0.8125,0.618114406779661,0.3863999999999999,25
2,1,"0,4,6",SAFE-Embed,0.15,split CP (n+1 corr.),exch,0.7926048136645962,0.875,0.125,0.85,0.025000000000000022,16,0.15,0.3389830508474576,0.875,0.6069915254237288,0.44699999999999995,20
2,1,"0,4,6",SAFE-Embed,0.15,DtACI,exch,0.7926048136645962,0.8125,0.1875,0.85,-0.03749999999999998,16,0.14129446200247903,0.4067796610169492,0.8125,0.6096398305084746,0.3541666666666667,24
2,1,"0,4,6",SAFE-Embed,0.15,DtACI (grow cal),exch,0.7926048136645962,0.8125,0.1875,0.85,-0.03749999999999998,16,0.1413472993828496,0.3898305084745763,0.8125,0.6011652542372882,0.3713043478260869,23
2,1,"0,4,6",SAFE-Embed,0.15,ACI g=0.005,exch,0.7926048136645962,0.8125,0.1875,0.85,-0.03749999999999998,16,0.147,0.423728813559322,0.8125,0.618114406779661,0.38559999999999994,25
2,1,"0,4,6",SAFE-Embed,0.15,ACI g=0.005 (grow cal),exch,0.7926048136645962,0.8125,0.1875,0.85,-0.03749999999999998,16,0.147,0.4067796610169492,0.8125,0.6096398305084746,0.395,24
2,1,"0,4,6",SAFE-Embed,0.15,ACI g=0.01,exch,0.7926048136645962,0.8125,0.1875,0.85,-0.03749999999999998,16,0.144,0.423728813559322,0.8125,0.618114406779661,0.3863999999999999,25
2,1,"0,4,6",SAFE-Embed,0.15,ACI g=0.01 (grow cal),exch,0.7926048136645962,0.8125,0.1875,0.85,-0.03749999999999998,16,0.144,0.4067796610169492,0.8125,0.6096398305084746,0.395,24
2,1,"0,4,6",SAFE-Embed,0.15,ACI g=0.05,exch,0.7926048136645962,0.8125,0.1875,0.85,-0.03749999999999998,16,0.12000000000000005,0.4067796610169492,0.8125,0.6096398305084746,0.3925,24
2,1,"0,4,6",SAFE-Embed,0.15,ACI g=0.05 (grow cal),exch,0.7926048136645962,0.8125,0.1875,0.85,-0.03749999999999998,16,0.12000000000000005,0.3898305084745763,0.8125,0.6011652542372882,0.3739130434782609,23
2,1,"0,4,6",SAFE-Embed,0.2,split CP (SAFE),blocked,0.7926048136645962,0.0,1.0,0.8,-0.8,92,0.2,0.9910714285714286,0.0,0.4955357142857143,0.06396396396396395,111
2,1,"0,4,6",SAFE-Embed,0.2,split CP (n+1 corr.),blocked,0.7926048136645962,0.0,1.0,0.8,-0.8,92,0.2,0.9910714285714286,0.0,0.4955357142857143,0.14882882882882878,111
2,1,"0,4,6",SAFE-Embed,0.2,DtACI,blocked,0.7926048136645962,0.3695652173913043,0.6304347826086957,0.8,-0.4304347826086957,92,0.008182707452432703,0.8392857142857143,0.3695652173913043,0.6044254658385093,0.5685106382978723,94
2,1,"0,4,6",SAFE-Embed,0.2,DtACI (grow cal),blocked,0.7926048136645962,0.6304347826086957,0.3695652173913043,0.8,-0.16956521739130437,92,0.09490474409532125,0.6339285714285714,0.6304347826086957,0.6321816770186335,0.6825352112676055,71
2,1,"0,4,6",SAFE-Embed,0.2,ACI g=0.005,blocked,0.7926048136645962,0.26086956521739135,0.7391304347826086,0.8,-0.5391304347826087,92,0.003,0.8928571428571429,0.26086956521739135,0.5768633540372672,0.4498,100
2,1,"0,4,6",SAFE-Embed,0.2,ACI g=0.005 (grow cal),blocked,0.7926048136645962,0.5869565217391304,0.41304347826086957,0.8,-0.21304347826086967,92,0.10599999999999993,0.6607142857142857,0.5869565217391304,0.623835403726708,0.6475675675675675,74
2,1,"0,4,6",SAFE-Embed,0.2,ACI g=0.01,blocked,0.7926048136645962,0.4130434782608695,0.5869565217391305,0.8,-0.38695652173913053,92,0.005,0.8303571428571429,0.4130434782608695,0.6217003105590062,0.5189247311827958,93
2,1,"0,4,6",SAFE-Embed,0.2,ACI g=0.01 (grow cal),blocked,0.7926048136645962,0.6521739130434783,0.34782608695652173,0.8,-0.14782608695652177,92,0.061999999999999895,0.6428571428571429,0.6521739130434783,0.6475155279503106,0.6802777777777779,72
2,1,"0,4,6",SAFE-Embed,0.2,ACI g=0.05,blocked,0.7926048136645962,0.4565217391304348,0.5434782608695652,0.8,-0.34347826086956523,92,0.021000000000000005,0.7946428571428571,0.4565217391304348,0.6255822981366459,0.5826966292134831,89
2,1,"0,4,6",SAFE-Embed,0.2,ACI g=0.05 (grow cal),blocked,0.7926048136645962,0.7391304347826086,0.2608695652173913,0.8,-0.0608695652173914,92,0.031000000000000007,0.5267857142857143,0.7391304347826086,0.6329580745341614,0.7240677966101695,59
2,1,"0,4,6",SAFE-Embed,0.2,split CP (SAFE),shuffled,0.7926048136645962,0.0,1.0,0.8,-0.8,92,0.2,0.9910714285714286,0.0,0.4955357142857143,0.06396396396396396,111
2,1,"0,4,6",SAFE-Embed,0.2,split CP (n+1 corr.),shuffled,0.7926048136645962,0.0,1.0,0.8,-0.8,92,0.2,0.9910714285714286,0.0,0.4955357142857143,0.14882882882882886,111
2,1,"0,4,6",SAFE-Embed,0.2,DtACI,shuffled,0.7926048136645962,0.3369565217391305,0.6630434782608695,0.8,-0.46304347826086956,92,0.001,0.7767857142857143,0.3369565217391305,0.5568711180124224,0.5560919540229885,87
2,1,"0,4,6",SAFE-Embed,0.2,DtACI (grow cal),shuffled,0.7926048136645962,0.6847826086956521,0.31521739130434784,0.8,-0.11521739130434794,92,0.10799320237595443,0.5803571428571429,0.6847826086956521,0.6325698757763976,0.6923076923076923,65
2,1,"0,4,6",SAFE-Embed,0.2,ACI g=0.005,shuffled,0.7926048136645962,0.26086956521739135,0.7391304347826086,0.8,-0.5391304347826087,92,0.001,0.7946428571428571,0.26086956521739135,0.5277562111801242,0.4613483146067416,89
2,1,"0,4,6",SAFE-Embed,0.2,ACI g=0.005 (grow cal),shuffled,0.7926048136645962,0.6413043478260869,0.358695652173913,0.8,-0.15869565217391313,92,0.12699999999999995,0.5892857142857143,0.6413043478260869,0.6152950310559007,0.6663636363636364,66
2,1,"0,4,6",SAFE-Embed,0.2,ACI g=0.01,shuffled,0.7926048136645962,0.3804347826086957,0.6195652173913043,0.8,-0.41956521739130437,92,0.001,0.75,0.3804347826086957,0.5652173913043479,0.5645238095238096,84
2,1,"0,4,6",SAFE-Embed,0.2,ACI g=0.01 (grow cal),shuffled,0.7926048136645962,0.6956521739130435,0.30434782608695654,0.8,-0.10434782608695659,92,0.10399999999999993,0.5625,0.6956521739130435,0.6290760869565217,0.714920634920635,63
2,1,"0,4,6",SAFE-Embed,0.2,ACI g=0.05,shuffled,0.7926048136645962,0.44565217391304346,0.5543478260869565,0.8,-0.3543478260869566,92,0.001,0.75,0.44565217391304346,0.5978260869565217,0.5942857142857144,84
2,1,"0,4,6",SAFE-Embed,0.2,ACI g=0.05 (grow cal),shuffled,0.7926048136645962,0.7717391304347826,0.22826086956521738,0.8,-0.02826086956521745,92,0.07000000000000037,0.5267857142857143,0.7717391304347826,0.6492624223602484,0.7383050847457628,59
2,1,"0,4,6",SAFE-Embed,0.2,split CP (SAFE),exch,0.7926048136645962,0.6875,0.3125,0.8,-0.11250000000000004,16,0.2,0.5932203389830508,0.6875,0.6403601694915254,0.416,35
2,1,"0,4,6",SAFE-Embed,0.2,split CP (n+1 corr.),exch,0.7926048136645962,0.8125,0.1875,0.8,0.012499999999999956,16,0.2,0.423728813559322,0.8125,0.618114406779661,0.384,25
2,1,"0,4,6",SAFE-Embed,0.2,DtACI,exch,0.7926048136645962,0.75,0.25,0.8,-0.050000000000000044,16,0.1890988662593357,0.576271186440678,0.75,0.663135593220339,0.45705882352941174,34
2,1,"0,4,6",SAFE-Embed,0.2,DtACI (grow cal),exch,0.7926048136645962,0.75,0.25,0.8,-0.050000000000000044,16,0.19075627146499066,0.5423728813559322,0.75,0.646186440677966,0.43,32
2,1,"0,4,6",SAFE-Embed,0.2,ACI g=0.005,exch,0.7926048136645962,0.6875,0.3125,0.8,-0.11250000000000004,16,0.191,0.576271186440678,0.6875,0.631885593220339,0.45,34
2,1,"0,4,6",SAFE-Embed,0.2,ACI g=0.005 (grow cal),exch,0.7926048136645962,0.75,0.25,0.8,-0.050000000000000044,16,0.196,0.559322033898305,0.75,0.6546610169491525,0.44606060606060605,33
2,1,"0,4,6",SAFE-Embed,0.2,ACI g=0.01,exch,0.7926048136645962,0.75,0.25,0.8,-0.050000000000000044,16,0.192,0.576271186440678,0.75,0.663135593220339,0.45294117647058824,34
2,1,"0,4,6",SAFE-Embed,0.2,ACI g=0.01 (grow cal),exch,0.7926048136645962,0.75,0.25,0.8,-0.050000000000000044,16,0.192,0.5254237288135594,0.75,0.6377118644067796,0.4148387096774193,31
2,1,"0,4,6",SAFE-Embed,0.2,ACI g=0.05,exch,0.7926048136645962,0.75,0.25,0.8,-0.050000000000000044,16,0.1600000000000001,0.5423728813559322,0.75,0.646186440677966,0.435625,32
2,1,"0,4,6",SAFE-Embed,0.2,ACI g=0.05 (grow cal),exch,0.7926048136645962,0.75,0.25,0.8,-0.050000000000000044,16,0.1600000000000001,0.5423728813559322,0.75,0.646186440677966,0.4375,32
2,1,"0,4,6",SAFE-Embed,0.25,split CP (SAFE),blocked,0.7926048136645962,0.0,1.0,0.75,-0.75,92,0.25,1.0,0.0,0.5,0.014821428571428572,112
2,1,"0,4,6",SAFE-Embed,0.25,split CP (n+1 corr.),blocked,0.7926048136645962,0.0,1.0,0.75,-0.75,92,0.25,1.0,0.0,0.5,0.03535714285714286,112
2,1,"0,4,6",SAFE-Embed,0.25,DtACI,blocked,0.7926048136645962,0.4565217391304348,0.5434782608695652,0.75,-0.2934782608695652,92,0.01749881173040498,0.7767857142857143,0.4565217391304348,0.6166537267080745,0.5340229885057471,87
2,1,"0,4,6",SAFE-Embed,0.25,DtACI (grow cal),blocked,0.7926048136645962,0.5760869565217391,0.42391304347826086,0.75,-0.17391304347826086,92,0.14919617472582394,0.7142857142857143,0.5760869565217391,0.6451863354037267,0.55975,80
2,1,"0,4,6",SAFE-Embed,0.25,ACI g=0.005,blocked,0.7926048136645962,0.1630434782608695,0.8369565217391305,0.75,-0.5869565217391305,92,0.0035000000000000005,0.9285714285714286,0.1630434782608695,0.545807453416149,0.3555769230769231,104
2,1,"0,4,6",SAFE-Embed,0.25,ACI g=0.005 (grow cal),blocked,0.7926048136645962,0.5434782608695652,0.45652173913043476,0.75,-0.2065217391304348,92,0.15874999999999992,0.7142857142857143,0.5434782608695652,0.6288819875776397,0.52325,80
2,1,"0,4,6",SAFE-Embed,0.25,ACI g=0.01,blocked,0.7926048136645962,0.4130434782608695,0.5869565217391305,0.75,-0.3369565217391305,92,0.006,0.7857142857142857,0.4130434782608695,0.5993788819875776,0.47022727272727277,88
2,1,"0,4,6",SAFE-Embed,0.25,ACI g=0.01 (grow cal),blocked,0.7926048136645962,0.5869565217391304,0.41304347826086957,0.75,-0.16304347826086962,92,0.10749999999999987,0.625,0.5869565217391304,0.6059782608695652,0.5554285714285715,70
2,1,"0,4,6",SAFE-Embed,0.25,ACI g=0.05,blocked,0.7926048136645962,0.5326086956521738,0.4673913043478261,0.75,-0.21739130434782616,92,0.026000000000000002,0.75,0.5326086956521738,0.6413043478260869,0.5335714285714286,84
2,1,"0,4,6",SAFE-Embed,0.25,ACI g=0.05 (grow cal),blocked,0.7926048136645962,0.6956521739130435,0.30434782608695654,0.75,-0.05434782608695654,92,0.0510000000000001,0.5803571428571429,0.6956521739130435,0.6380046583850931,0.6043076923076923,65
2,1,"0,4,6",SAFE-Embed,0.25,split CP (SAFE),shuffled,0.7926048136645962,0.0,1.0,0.75,-0.75,92,0.25,1.0,0.0,0.5,0.01482142857142857,112
2,1,"0,4,6",SAFE-Embed,0.25,split CP (n+1 corr.),shuffled,0.7926048136645962,0.0,1.0,0.75,-0.75,92,0.25,1.0,0.0,0.5,0.035357142857142865,112
2,1,"0,4,6",SAFE-Embed,0.25,DtACI,shuffled,0.7926048136645962,0.4130434782608695,0.5869565217391305,0.75,-0.3369565217391305,92,0.001,0.75,0.4130434782608695,0.5815217391304348,0.5038095238095238,84
2,1,"0,4,6",SAFE-Embed,0.25,DtACI (grow cal),shuffled,0.7926048136645962,0.6304347826086957,0.3695652173913043,0.75,-0.11956521739130432,92,0.11427834205058043,0.5892857142857143,0.6304347826086957,0.609860248447205,0.6415151515151515,66
2,1,"0,4,6",SAFE-Embed,0.25,ACI g=0.005,shuffled,0.7926048136645962,0.2065217391304348,0.7934782608695652,0.75,-0.5434782608695652,92,0.001,0.8571428571428571,0.2065217391304348,0.5318322981366459,0.33479166666666665,96
2,1,"0,4,6",SAFE-Embed,0.25,ACI g=0.005 (grow cal),shuffled,0.7926048136645962,0.5978260869565217,0.40217391304347827,0.75,-0.15217391304347827,92,0.17999999999999994,0.6071428571428571,0.5978260869565217,0.6024844720496894,0.5976470588235294,68
2,1,"0,4,6",SAFE-Embed,0.25,ACI g=0.01,shuffled,0.7926048136645962,0.4347826086956522,0.5652173913043478,0.75,-0.3152173913043478,92,0.001,0.7053571428571429,0.4347826086956522,0.5700698757763976,0.5078481012658228,79
2,1,"0,4,6",SAFE-Embed,0.25,ACI g=0.01 (grow cal),shuffled,0.7926048136645962,0.6304347826086957,0.3695652173913043,0.75,-0.11956521739130432,92,0.1399999999999999,0.5625,0.6304347826086957,0.5964673913043479,0.6219047619047618,63
2,1,"0,4,6",SAFE-Embed,0.25,ACI g=0.05,shuffled,0.7926048136645962,0.5217391304347826,0.4782608695652174,0.75,-0.2282608695652174,92,0.001,0.7232142857142857,0.5217391304347826,0.6224767080745341,0.5493827160493826,81
2,1,"0,4,6",SAFE-Embed,0.25,ACI g=0.05 (grow cal),shuffled,0.7926048136645962,0.7173913043478262,0.2826086956521739,0.75,-0.032608695652173836,92,0.10000000000000006,0.5535714285714286,0.7173913043478262,0.6354813664596274,0.6629032258064516,62
2,1,"0,4,6",SAFE-Embed,0.25,split CP (SAFE),exch,0.7926048136645962,0.4375,0.5625,0.75,-0.3125,16,0.25,0.711864406779661,0.4375,0.5746822033898304,0.34952380952380946,42
2,1,"0,4,6",SAFE-Embed,0.25,split CP (n+1 corr.),exch,0.7926048136645962,0.5625,0.4375,0.75,-0.1875,16,0.25,0.6440677966101694,0.5625,0.6032838983050848,0.34842105263157896,38
2,1,"0,4,6",SAFE-Embed,0.25,DtACI,exch,0.7926048136645962,0.5625,0.4375,0.75,-0.1875,16,0.22550591083427354,0.6949152542372882,0.5625,0.628707627118644,0.3658536585365853,41
2,1,"0,4,6",SAFE-Embed,0.25,DtACI (grow cal),exch,0.7926048136645962,0.625,0.375,0.75,-0.125,16,0.23577974938596347,0.5932203389830508,0.625,0.6091101694915254,0.428,35
2,1,"0,4,6",SAFE-Embed,0.25,ACI g=0.005,exch,0.7926048136645962,0.5,0.5,0.75,-0.25,16,0.22999999999999998,0.6949152542372882,0.5,0.597457627118644,0.3439024390243902,41
2,1,"0,4,6",SAFE-Embed,0.25,ACI g=0.005 (grow cal),exch,0.7926048136645962,0.625,0.375,0.75,-0.125,16,0.24,0.6271186440677966,0.625,0.6260593220338984,0.3827027027027027,37
2,1,"0,4,6",SAFE-Embed,0.25,ACI g=0.01,exch,0.7926048136645962,0.5625,0.4375,0.75,-0.1875,16,0.21999999999999997,0.6949152542372882,0.5625,0.628707627118644,0.351219512195122,41
2,1,"0,4,6",SAFE-Embed,0.25,ACI g=0.01 (grow cal),exch,0.7926048136645962,0.625,0.375,0.75,-0.125,16,0.22999999999999998,0.6271186440677966,0.625,0.6260593220338984,0.41621621621621624,37
2,1,"0,4,6",SAFE-Embed,0.25,ACI g=0.05,exch,0.7926048136645962,0.6875,0.3125,0.75,-0.0625,16,0.2000000000000001,0.5932203389830508,0.6875,0.6403601694915254,0.392,35
2,1,"0,4,6",SAFE-Embed,0.25,ACI g=0.05 (grow cal),exch,0.7926048136645962,0.6875,0.3125,0.75,-0.0625,16,0.2000000000000001,0.5423728813559322,0.6875,0.614936440677966,0.40625,32
2,1,"0,4,6",H&S inter+intra,0.1,split CP (SAFE),blocked,0.7792119565217391,0.8260869565217391,0.17391304347826086,0.9,-0.07391304347826089,92,0.1,0.375,0.8260869565217391,0.6005434782608696,0.32095238095238093,42
2,1,"0,4,6",H&S inter+intra,0.1,split CP (n+1 corr.),blocked,0.7792119565217391,0.8695652173913043,0.13043478260869565,0.9,-0.0304347826086957,92,0.1,0.15178571428571427,0.8695652173913043,0.5106754658385093,0.07647058823529412,17
2,1,"0,4,6",H&S inter+intra,0.1,DtACI,blocked,0.7792119565217391,0.8043478260869565,0.1956521739130435,0.9,-0.09565217391304348,92,0.12522248943898512,0.30357142857142855,0.8043478260869565,0.5539596273291926,0.2876470588235294,34
2,1,"0,4,6",H&S inter+intra,0.1,DtACI (grow cal),blocked,0.7792119565217391,0.8369565217391304,0.16304347826086957,0.9,-0.06304347826086965,92,0.1542838709110715,0.16071428571428573,0.8369565217391304,0.49883540372670804,0.16222222222222224,18
2,1,"0,4,6",H&S inter+intra,0.1,ACI g=0.005,blocked,0.7792119565217391,0.8369565217391304,0.16304347826086957,0.9,-0.06304347826086965,92,0.07049999999999998,0.19642857142857142,0.8369565217391304,0.5166925465838509,0.1109090909090909,22
2,1,"0,4,6",H&S inter+intra,0.1,ACI g=0.005 (grow cal),blocked,0.7792119565217391,0.8804347826086957,0.11956521739130435,0.9,-0.019565217391304346,92,0.0905,0.125,0.8804347826086957,0.5027173913043479,0.07142857142857142,14
2,1,"0,4,6",H&S inter+intra,0.1,ACI g=0.01,blocked,0.7792119565217391,0.8478260869565217,0.15217391304347827,0.9,-0.05217391304347829,92,0.05100000000000001,0.16071428571428573,0.8478260869565217,0.5042701863354038,0.07555555555555556,18
2,1,"0,4,6",H&S inter+intra,0.1,ACI g=0.01 (grow cal),blocked,0.7792119565217391,0.8804347826086957,0.11956521739130435,0.9,-0.019565217391304346,92,0.08100000000000002,0.10714285714285714,0.8804347826086957,0.4937888198757764,0.07666666666666667,12
2,1,"0,4,6",H&S inter+intra,0.1,ACI g=0.05,blocked,0.7792119565217391,0.8478260869565217,0.15217391304347827,0.9,-0.05217391304347829,92,0.12600000000000014,0.23214285714285715,0.8478260869565217,0.5399844720496895,0.2276923076923077,26
2,1,"0,4,6",H&S inter+intra,0.1,ACI g=0.05 (grow cal),blocked,0.7792119565217391,0.9130434782608696,0.08695652173913043,0.9,0.013043478260869601,92,0.15500000000000025,0.10714285714285714,0.9130434782608696,0.5100931677018634,0.10666666666666665,12
2,1,"0,4,6",H&S inter+intra,0.1,split CP (SAFE),shuffled,0.7792119565217391,0.8260869565217391,0.17391304347826086,0.9,-0.07391304347826089,92,0.1,0.375,0.8260869565217391,0.6005434782608696,0.320952380952381,42
2,1,"0,4,6",H&S inter+intra,0.1,split CP (n+1 corr.),shuffled,0.7792119565217391,0.8695652173913043,0.13043478260869565,0.9,-0.0304347826086957,92,0.1,0.15178571428571427,0.8695652173913043,0.5106754658385093,0.07647058823529411,17
2,1,"0,4,6",H&S inter+intra,0.1,DtACI,shuffled,0.7792119565217391,0.8152173913043479,0.18478260869565216,0.9,-0.08478260869565213,92,0.0904547363188427,0.2857142857142857,0.8152173913043479,0.5504658385093169,0.239375,32
2,1,"0,4,6",H&S inter+intra,0.1,DtACI (grow cal),shuffled,0.7792119565217391,0.8586956521739131,0.14130434782608695,0.9,-0.04130434782608694,92,0.08349891627326998,0.1875,0.8586956521739131,0.5230978260869565,0.2142857142857142,21
2,1,"0,4,6",H&S inter+intra,0.1,ACI g=0.005,shuffled,0.7792119565217391,0.8260869565217391,0.17391304347826086,0.9,-0.07391304347826089,92,0.06599999999999998,0.26785714285714285,0.8260869565217391,0.546972049689441,0.2286666666666666,30
2,1,"0,4,6",H&S inter+intra,0.1,ACI g=0.005 (grow cal),shuffled,0.7792119565217391,0.8586956521739131,0.14130434782608695,0.9,-0.04130434782608694,92,0.08099999999999999,0.16071428571428573,0.8586956521739131,0.5097049689440994,0.13777777777777778,18
2,1,"0,4,6",H&S inter+intra,0.1,ACI g=0.01,shuffled,0.7792119565217391,0.8478260869565217,0.15217391304347827,0.9,-0.05217391304347829,92,0.052,0.21428571428571427,0.8478260869565217,0.531055900621118,0.19499999999999998,24
2,1,"0,4,6",H&S inter+intra,0.1,ACI g=0.01 (grow cal),shuffled,0.7792119565217391,0.8695652173913043,0.13043478260869565,0.9,-0.0304347826086957,92,0.07199999999999998,0.16071428571428573,0.8695652173913043,0.515139751552795,0.13777777777777778,18
2,1,"0,4,6",H&S inter+intra,0.1,ACI g=0.05,shuffled,0.7792119565217391,0.8586956521739131,0.14130434782608695,0.9,-0.04130434782608694,92,0.04600000000000003,0.19642857142857142,0.8586956521739131,0.5275621118012422,0.18181818181818182,22
2,1,"0,4,6",H&S inter+intra,0.1,ACI g=0.05 (grow cal),shuffled,0.7792119565217391,0.8913043478260869,0.10869565217391304,0.9,-0.008695652173913104,92,0.09600000000000006,0.11607142857142858,0.8913043478260869,0.5036878881987578,0.08615384615384616,13
2,1,"0,4,6",H&S inter+intra,0.1,split CP (SAFE),exch,0.7792119565217391,0.875,0.125,0.9,-0.025000000000000022,16,0.1,0.288135593220339,0.875,0.5815677966101696,0.23999999999999996,17
2,1,"0,4,6",H&S inter+intra,0.1,split CP (n+1 corr.),exch,0.7792119565217391,1.0,0.0,0.9,0.09999999999999998,16,0.1,0.1694915254237288,1.0,0.5847457627118644,0.028000000000000004,10
2,1,"0,4,6",H&S inter+intra,0.1,DtACI,exch,0.7792119565217391,0.875,0.125,0.9,-0.025000000000000022,16,0.06150591245504516,0.3559322033898305,0.875,0.6154661016949152,0.3352380952380952,21
2,1,"0,4,6",H&S inter+intra,0.1,DtACI (grow cal),exch,0.7792119565217391,0.875,0.125,0.9,-0.025000000000000022,16,0.06145065523170263,0.3728813559322034,0.875,0.6239406779661016,0.3627272727272726,22
2,1,"0,4,6",H&S inter+intra,0.1,ACI g=0.005,exch,0.7792119565217391,0.875,0.125,0.9,-0.025000000000000022,16,0.098,0.3050847457627119,0.875,0.590042372881356,0.26111111111111107,18
2,1,"0,4,6",H&S inter+intra,0.1,ACI g=0.005 (grow cal),exch,0.7792119565217391,0.875,0.125,0.9,-0.025000000000000022,16,0.098,0.3389830508474576,0.875,0.6069915254237288,0.32399999999999995,20
2,1,"0,4,6",H&S inter+intra,0.1,ACI g=0.01,exch,0.7792119565217391,0.875,0.125,0.9,-0.025000000000000022,16,0.096,0.3389830508474576,0.875,0.6069915254237288,0.297,20
2,1,"0,4,6",H&S inter+intra,0.1,ACI g=0.01 (grow cal),exch,0.7792119565217391,0.875,0.125,0.9,-0.025000000000000022,16,0.096,0.3559322033898305,0.875,0.6154661016949152,0.33809523809523806,21
2,1,"0,4,6",H&S inter+intra,0.1,ACI g=0.05,exch,0.7792119565217391,0.875,0.125,0.9,-0.025000000000000022,16,0.08000000000000004,0.3389830508474576,0.875,0.6069915254237288,0.32399999999999995,20
2,1,"0,4,6",H&S inter+intra,0.1,ACI g=0.05 (grow cal),exch,0.7792119565217391,0.875,0.125,0.9,-0.025000000000000022,16,0.08000000000000004,0.3559322033898305,0.875,0.6154661016949152,0.3352380952380952,21
2,1,"0,4,6",H&S inter+intra,0.15,split CP (SAFE),blocked,0.7792119565217391,0.6847826086956521,0.31521739130434784,0.85,-0.16521739130434787,92,0.15,0.5625,0.6847826086956521,0.623641304347826,0.4190476190476191,63
2,1,"0,4,6",H&S inter+intra,0.15,split CP (n+1 corr.),blocked,0.7792119565217391,0.7391304347826086,0.2608695652173913,0.85,-0.11086956521739133,92,0.15,0.5089285714285714,0.7391304347826086,0.62402950310559,0.443859649122807,57
2,1,"0,4,6",H&S inter+intra,0.15,DtACI,blocked,0.7792119565217391,0.75,0.25,0.85,-0.09999999999999998,92,0.07776874999999926,0.5178571428571429,0.75,0.6339285714285714,0.42275862068965525,58
2,1,"0,4,6",H&S inter+intra,0.15,DtACI (grow cal),blocked,0.7792119565217391,0.8152173913043479,0.18478260869565216,0.85,-0.034782608695652084,92,0.14614231868727126,0.4375,0.8152173913043479,0.626358695652174,0.45510204081632655,49
2,1,"0,4,6",H&S inter+intra,0.15,ACI g=0.005,blocked,0.7792119565217391,0.6956521739130435,0.30434782608695654,0.85,-0.15434782608695652,92,0.07824999999999993,0.5089285714285714,0.6956521739130435,0.6022903726708074,0.42561403508771933,57
2,1,"0,4,6",H&S inter+intra,0.15,ACI g=0.005 (grow cal),blocked,0.7792119565217391,0.8369565217391304,0.16304347826086957,0.85,-0.013043478260869601,92,0.14325,0.4107142857142857,0.8369565217391304,0.623835403726708,0.4443478260869567,46
2,1,"0,4,6",H&S inter+intra,0.15,ACI g=0.01,blocked,0.7792119565217391,0.75,0.25,0.85,-0.09999999999999998,92,0.05649999999999997,0.4375,0.75,0.59375,0.43877551020408173,49
2,1,"0,4,6",H&S inter+intra,0.15,ACI g=0.01 (grow cal),blocked,0.7792119565217391,0.8478260869565217,0.15217391304347827,0.85,-0.0021739130434782483,92,0.1465,0.4107142857142857,0.8478260869565217,0.6292701863354038,0.4460869565217393,46
2,1,"0,4,6",H&S inter+intra,0.15,ACI g=0.05,blocked,0.7792119565217391,0.8260869565217391,0.17391304347826086,0.85,-0.023913043478260843,92,0.05100000000000015,0.4375,0.8260869565217391,0.6317934782608696,0.44204081632653064,49
2,1,"0,4,6",H&S inter+intra,0.15,ACI g=0.05 (grow cal),blocked,0.7792119565217391,0.8478260869565217,0.15217391304347827,0.85,-0.0021739130434782483,92,0.13250000000000034,0.4017857142857143,0.8478260869565217,0.624805900621118,0.4502222222222224,45
2,1,"0,4,6",H&S inter+intra,0.15,split CP (SAFE),shuffled,0.7792119565217391,0.6847826086956521,0.31521739130434784,0.85,-0.16521739130434787,92,0.15,0.5625,0.6847826086956521,0.623641304347826,0.41904761904761906,63
2,1,"0,4,6",H&S inter+intra,0.15,split CP (n+1 corr.),shuffled,0.7792119565217391,0.7391304347826086,0.2608695652173913,0.85,-0.11086956521739133,92,0.15,0.5089285714285714,0.7391304347826086,0.62402950310559,0.443859649122807,57
2,1,"0,4,6",H&S inter+intra,0.15,DtACI,shuffled,0.7792119565217391,0.7282608695652174,0.2717391304347826,0.85,-0.12173913043478257,92,0.12504999993067073,0.4732142857142857,0.7282608695652174,0.6007375776397516,0.42905660377358495,53
2,1,"0,4,6",H&S inter+intra,0.15,DtACI (grow cal),shuffled,0.7792119565217391,0.8043478260869565,0.1956521739130435,0.85,-0.04565217391304344,92,0.20959999999995554,0.41964285714285715,0.8043478260869565,0.6119953416149069,0.4293617021276596,47
2,1,"0,4,6",H&S inter+intra,0.15,ACI g=0.005,shuffled,0.7792119565217391,0.7065217391304348,0.29347826086956524,0.85,-0.14347826086956517,92,0.08399999999999994,0.5267857142857143,0.7065217391304348,0.6166537267080745,0.43830508474576274,59
2,1,"0,4,6",H&S inter+intra,0.15,ACI g=0.005 (grow cal),shuffled,0.7792119565217391,0.8043478260869565,0.1956521739130435,0.85,-0.04565217391304344,92,0.12899999999999998,0.41964285714285715,0.8043478260869565,0.6119953416149069,0.44212765957446826,47
2,1,"0,4,6",H&S inter+intra,0.15,ACI g=0.01,shuffled,0.7792119565217391,0.7391304347826086,0.2608695652173913,0.85,-0.11086956521739133,92,0.04799999999999996,0.4375,0.7391304347826086,0.5883152173913043,0.4493877551020408,49
2,1,"0,4,6",H&S inter+intra,0.15,ACI g=0.01 (grow cal),shuffled,0.7792119565217391,0.8152173913043479,0.18478260869565216,0.85,-0.034782608695652084,92,0.11799999999999997,0.4107142857142857,0.8152173913043479,0.6129658385093169,0.43826086956521754,46
2,1,"0,4,6",H&S inter+intra,0.15,ACI g=0.05,shuffled,0.7792119565217391,0.8260869565217391,0.17391304347826086,0.85,-0.023913043478260843,92,0.05600000000000005,0.4375,0.8260869565217391,0.6317934782608696,0.4493877551020409,49
2,1,"0,4,6",H&S inter+intra,0.15,ACI g=0.05 (grow cal),shuffled,0.7792119565217391,0.8369565217391304,0.16304347826086957,0.85,-0.013043478260869601,92,0.1060000000000001,0.3482142857142857,0.8369565217391304,0.592585403726708,0.4399999999999999,39
2,1,"0,4,6",H&S inter+intra,0.15,split CP (SAFE),exch,0.7792119565217391,0.75,0.25,0.85,-0.09999999999999998,16,0.15,0.4576271186440678,0.75,0.603813559322034,0.3711111111111111,27
2,1,"0,4,6",H&S inter+intra,0.15,split CP (n+1 corr.),exch,0.7792119565217391,0.75,0.25,0.85,-0.09999999999999998,16,0.15,0.4406779661016949,0.75,0.5953389830508474,0.3846153846153845,26
2,1,"0,4,6",H&S inter+intra,0.15,DtACI,exch,0.7792119565217391,0.75,0.25,0.85,-0.09999999999999998,16,0.03996324766588598,0.4576271186440678,0.75,0.603813559322034,0.3711111111111111,27
2,1,"0,4,6",H&S inter+intra,0.15,DtACI (grow cal),exch,0.7792119565217391,0.75,0.25,0.85,-0.09999999999999998,16,0.12973278982828856,0.4745762711864407,0.75,0.6122881355932204,0.38071428571428567,28
2,1,"0,4,6",H&S inter+intra,0.15,ACI g=0.005,exch,0.7792119565217391,0.75,0.25,0.85,-0.09999999999999998,16,0.142,0.4576271186440678,0.75,0.603813559322034,0.3711111111111111,27
2,1,"0,4,6",H&S inter+intra,0.15,ACI g=0.005 (grow cal),exch,0.7792119565217391,0.75,0.25,0.85,-0.09999999999999998,16,0.142,0.4576271186440678,0.75,0.603813559322034,0.3718518518518518,27
2,1,"0,4,6",H&S inter+intra,0.15,ACI g=0.01,exch,0.7792119565217391,0.75,0.25,0.85,-0.09999999999999998,16,0.13399999999999998,0.4576271186440678,0.75,0.603813559322034,0.3711111111111111,27
2,1,"0,4,6",H&S inter+intra,0.15,ACI g=0.01 (grow cal),exch,0.7792119565217391,0.75,0.25,0.85,-0.09999999999999998,16,0.13399999999999998,0.4576271186440678,0.75,0.603813559322034,0.3718518518518518,27
2,1,"0,4,6",H&S inter+intra,0.15,ACI g=0.05,exch,0.7792119565217391,0.75,0.25,0.85,-0.09999999999999998,16,0.07000000000000003,0.4576271186440678,0.75,0.603813559322034,0.3718518518518518,27
2,1,"0,4,6",H&S inter+intra,0.15,ACI g=0.05 (grow cal),exch,0.7792119565217391,0.75,0.25,0.85,-0.09999999999999998,16,0.07000000000000003,0.4745762711864407,0.75,0.6122881355932204,0.38071428571428567,28
2,1,"0,4,6",H&S inter+intra,0.2,split CP (SAFE),blocked,0.7792119565217391,0.6521739130434783,0.34782608695652173,0.8,-0.14782608695652177,92,0.2,0.6071428571428571,0.6521739130434783,0.6296583850931676,0.3841176470588236,68
2,1,"0,4,6",H&S inter+intra,0.2,split CP (n+1 corr.),blocked,0.7792119565217391,0.6847826086956521,0.31521739130434784,0.8,-0.11521739130434794,92,0.2,0.5625,0.6847826086956521,0.623641304347826,0.4190476190476191,63
2,1,"0,4,6",H&S inter+intra,0.2,DtACI,blocked,0.7792119565217391,0.7282608695652174,0.2717391304347826,0.8,-0.07173913043478264,92,0.1453299998601555,0.5357142857142857,0.7282608695652174,0.6319875776397516,0.4090000000000001,60
2,1,"0,4,6",H&S inter+intra,0.2,DtACI (grow cal),blocked,0.7792119565217391,0.75,0.25,0.8,-0.050000000000000044,92,0.2189974002699676,0.45535714285714285,0.75,0.6026785714285714,0.43882352941176483,51
2,1,"0,4,6",H&S inter+intra,0.2,ACI g=0.005,blocked,0.7792119565217391,0.6847826086956521,0.31521739130434784,0.8,-0.11521739130434794,92,0.14599999999999996,0.5625,0.6847826086956521,0.623641304347826,0.4101587301587303,63
2,1,"0,4,6",H&S inter+intra,0.2,ACI g=0.005 (grow cal),blocked,0.7792119565217391,0.7608695652173914,0.2391304347826087,0.8,-0.03913043478260869,92,0.181,0.4375,0.7608695652173914,0.5991847826086957,0.43877551020408173,49
2,1,"0,4,6",H&S inter+intra,0.2,ACI g=0.01,blocked,0.7792119565217391,0.6847826086956521,0.31521739130434784,0.8,-0.11521739130434794,92,0.09199999999999992,0.5178571428571429,0.6847826086956521,0.6013198757763976,0.42827586206896556,58
2,1,"0,4,6",H&S inter+intra,0.2,ACI g=0.01 (grow cal),blocked,0.7792119565217391,0.7717391304347826,0.22826086956521738,0.8,-0.02826086956521745,92,0.172,0.42857142857142855,0.7717391304347826,0.6001552795031055,0.44416666666666665,48
2,1,"0,4,6",H&S inter+intra,0.2,ACI g=0.05,blocked,0.7792119565217391,0.782608695652174,0.21739130434782608,0.8,-0.017391304347826098,92,0.11100000000000015,0.4107142857142857,0.782608695652174,0.5966614906832298,0.4260869565217392,46
2,1,"0,4,6",H&S inter+intra,0.2,ACI g=0.05 (grow cal),blocked,0.7792119565217391,0.8043478260869565,0.1956521739130435,0.8,0.004347826086956497,92,0.21000000000000052,0.41964285714285715,0.8043478260869565,0.6119953416149069,0.44978723404255333,47
2,1,"0,4,6",H&S inter+intra,0.2,split CP (SAFE),shuffled,0.7792119565217391,0.6521739130434783,0.34782608695652173,0.8,-0.14782608695652177,92,0.2,0.6071428571428571,0.6521739130434783,0.6296583850931676,0.3841176470588236,68
2,1,"0,4,6",H&S inter+intra,0.2,split CP (n+1 corr.),shuffled,0.7792119565217391,0.6847826086956521,0.31521739130434784,0.8,-0.11521739130434794,92,0.2,0.5625,0.6847826086956521,0.623641304347826,0.41904761904761906,63
2,1,"0,4,6",H&S inter+intra,0.2,DtACI,shuffled,0.7792119565217391,0.6956521739130435,0.30434782608695654,0.8,-0.10434782608695659,92,0.1462749997394682,0.5178571428571429,0.6956521739130435,0.6067546583850931,0.42344827586206907,58
2,1,"0,4,6",H&S inter+intra,0.2,DtACI (grow cal),shuffled,0.7792119565217391,0.75,0.25,0.8,-0.050000000000000044,92,0.17696064418872107,0.49107142857142855,0.75,0.6205357142857143,0.4505454545454547,55
2,1,"0,4,6",H&S inter+intra,0.2,ACI g=0.005,shuffled,0.7792119565217391,0.6847826086956521,0.31521739130434784,0.8,-0.11521739130434794,92,0.14699999999999996,0.5803571428571429,0.6847826086956521,0.6325698757763976,0.4190769230769232,65
2,1,"0,4,6",H&S inter+intra,0.2,ACI g=0.005 (grow cal),shuffled,0.7792119565217391,0.75,0.25,0.8,-0.050000000000000044,92,0.177,0.4642857142857143,0.75,0.6071428571428572,0.4515384615384616,52
2,1,"0,4,6",H&S inter+intra,0.2,ACI g=0.01,shuffled,0.7792119565217391,0.6956521739130435,0.30434782608695654,0.8,-0.10434782608695659,92,0.10399999999999993,0.5625,0.6956521739130435,0.6290760869565217,0.43365079365079373,63
2,1,"0,4,6",H&S inter+intra,0.2,ACI g=0.01 (grow cal),shuffled,0.7792119565217391,0.7717391304347826,0.22826086956521738,0.8,-0.02826086956521745,92,0.174,0.45535714285714285,0.7717391304347826,0.6135481366459627,0.4482352941176471,51
2,1,"0,4,6",H&S inter+intra,0.2,ACI g=0.05,shuffled,0.7792119565217391,0.7717391304347826,0.22826086956521738,0.8,-0.02826086956521745,92,0.09100000000000016,0.4732142857142857,0.7717391304347826,0.6224767080745341,0.4233962264150944,53
2,1,"0,4,6",H&S inter+intra,0.2,ACI g=0.05 (grow cal),shuffled,0.7792119565217391,0.7934782608695652,0.20652173913043478,0.8,-0.006521739130434856,92,0.17000000000000048,0.44642857142857145,0.7934782608695652,0.6199534161490683,0.4448000000000001,50
2,1,"0,4,6",H&S inter+intra,0.2,split CP (SAFE),exch,0.7792119565217391,0.75,0.25,0.8,-0.050000000000000044,16,0.2,0.4915254237288136,0.75,0.6207627118644068,0.38827586206896547,29
2,1,"0,4,6",H&S inter+intra,0.2,split CP (n+1 corr.),exch,0.7792119565217391,0.75,0.25,0.8,-0.050000000000000044,16,0.2,0.4576271186440678,0.75,0.603813559322034,0.3711111111111111,27
2,1,"0,4,6",H&S inter+intra,0.2,DtACI,exch,0.7792119565217391,0.75,0.25,0.8,-0.050000000000000044,16,0.19480795175135293,0.4915254237288136,0.75,0.6207627118644068,0.38827586206896547,29
2,1,"0,4,6",H&S inter+intra,0.2,DtACI (grow cal),exch,0.7792119565217391,0.75,0.25,0.8,-0.050000000000000044,16,0.1947370471024602,0.4915254237288136,0.75,0.6207627118644068,0.38827586206896547,29
2,1,"0,4,6",H&S inter+intra,0.2,ACI g=0.005,exch,0.7792119565217391,0.75,0.25,0.8,-0.050000000000000044,16,0.196,0.4915254237288136,0.75,0.6207627118644068,0.38827586206896547,29
2,1,"0,4,6",H&S inter+intra,0.2,ACI g=0.005 (grow cal),exch,0.7792119565217391,0.75,0.25,0.8,-0.050000000000000044,16,0.196,0.4915254237288136,0.75,0.6207627118644068,0.38827586206896547,29
2,1,"0,4,6",H&S inter+intra,0.2,ACI g=0.01,exch,0.7792119565217391,0.75,0.25,0.8,-0.050000000000000044,16,0.192,0.4915254237288136,0.75,0.6207627118644068,0.38827586206896547,29
2,1,"0,4,6",H&S inter+intra,0.2,ACI g=0.01 (grow cal),exch,0.7792119565217391,0.75,0.25,0.8,-0.050000000000000044,16,0.192,0.4915254237288136,0.75,0.6207627118644068,0.38827586206896547,29
2,1,"0,4,6",H&S inter+intra,0.2,ACI g=0.05,exch,0.7792119565217391,0.75,0.25,0.8,-0.050000000000000044,16,0.16000000000000006,0.4915254237288136,0.75,0.6207627118644068,0.38827586206896547,29
2,1,"0,4,6",H&S inter+intra,0.2,ACI g=0.05 (grow cal),exch,0.7792119565217391,0.75,0.25,0.8,-0.050000000000000044,16,0.16000000000000006,0.4915254237288136,0.75,0.6207627118644068,0.38827586206896547,29
2,1,"0,4,6",H&S inter+intra,0.25,split CP (SAFE),blocked,0.7792119565217391,0.5978260869565217,0.40217391304347827,0.75,-0.15217391304347827,92,0.25,0.7767857142857143,0.5978260869565217,0.687305900621118,0.437471264367816,87
2,1,"0,4,6",H&S inter+intra,0.25,split CP (n+1 corr.),blocked,0.7792119565217391,0.6413043478260869,0.358695652173913,0.75,-0.10869565217391308,92,0.25,0.6696428571428571,0.6413043478260869,0.6554736024844721,0.47039999999999993,75
2,1,"0,4,6",H&S inter+intra,0.25,DtACI,blocked,0.7792119565217391,0.6847826086956521,0.31521739130434784,0.75,-0.0652173913043479,92,0.1984834028540619,0.6785714285714286,0.6847826086956521,0.6816770186335404,0.47131578947368413,76
2,1,"0,4,6",H&S inter+intra,0.25,DtACI (grow cal),blocked,0.7792119565217391,0.7065217391304348,0.29347826086956524,0.75,-0.04347826086956519,92,0.3363413828414475,0.5446428571428571,0.7065217391304348,0.6255822981366459,0.4777049180327869,61
2,1,"0,4,6",H&S inter+intra,0.25,ACI g=0.005,blocked,0.7792119565217391,0.6413043478260869,0.358695652173913,0.75,-0.10869565217391308,92,0.19874999999999993,0.6785714285714286,0.6413043478260869,0.6599378881987578,0.47026315789473677,76
2,1,"0,4,6",H&S inter+intra,0.25,ACI g=0.005 (grow cal),blocked,0.7792119565217391,0.7065217391304348,0.29347826086956524,0.75,-0.04347826086956519,92,0.22874999999999995,0.5,0.7065217391304348,0.6032608695652174,0.47714285714285715,56
2,1,"0,4,6",H&S inter+intra,0.25,ACI g=0.01,blocked,0.7792119565217391,0.6521739130434783,0.34782608695652173,0.75,-0.09782608695652173,92,0.15749999999999992,0.6339285714285714,0.6521739130434783,0.6430512422360248,0.4921126760563379,71
2,1,"0,4,6",H&S inter+intra,0.25,ACI g=0.01 (grow cal),blocked,0.7792119565217391,0.7282608695652174,0.2717391304347826,0.75,-0.021739130434782594,92,0.22749999999999998,0.48214285714285715,0.7282608695652174,0.6052018633540373,0.47703703703703715,54
2,1,"0,4,6",H&S inter+intra,0.25,ACI g=0.05,blocked,0.7792119565217391,0.7391304347826086,0.2608695652173913,0.75,-0.010869565217391353,92,0.18850000000000014,0.5,0.7391304347826086,0.6195652173913043,0.47785714285714287,56
2,1,"0,4,6",H&S inter+intra,0.25,ACI g=0.05 (grow cal),blocked,0.7792119565217391,0.7717391304347826,0.22826086956521738,0.75,0.021739130434782594,92,0.3375000000000006,0.5089285714285714,0.7717391304347826,0.6403338509316769,0.48807017543859654,57
2,1,"0,4,6",H&S inter+intra,0.25,split CP (SAFE),shuffled,0.7792119565217391,0.5978260869565217,0.40217391304347827,0.75,-0.15217391304347827,92,0.25,0.7767857142857143,0.5978260869565217,0.687305900621118,0.437471264367816,87
2,1,"0,4,6",H&S inter+intra,0.25,split CP (n+1 corr.),shuffled,0.7792119565217391,0.6413043478260869,0.358695652173913,0.75,-0.10869565217391308,92,0.25,0.6696428571428571,0.6413043478260869,0.6554736024844721,0.47040000000000004,75
2,1,"0,4,6",H&S inter+intra,0.25,DtACI,shuffled,0.7792119565217391,0.6413043478260869,0.358695652173913,0.75,-0.10869565217391308,92,0.19437992246291194,0.5892857142857143,0.6413043478260869,0.6152950310559007,0.4651515151515152,66
2,1,"0,4,6",H&S inter+intra,0.25,DtACI (grow cal),shuffled,0.7792119565217391,0.6956521739130435,0.30434782608695654,0.75,-0.05434782608695654,92,0.24948745945301146,0.5803571428571429,0.6956521739130435,0.6380046583850931,0.47569230769230775,65
2,1,"0,4,6",H&S inter+intra,0.25,ACI g=0.005,shuffled,0.7792119565217391,0.6304347826086957,0.3695652173913043,0.75,-0.11956521739130432,92,0.19499999999999987,0.6785714285714286,0.6304347826086957,0.6545031055900621,0.4655263157894736,76
2,1,"0,4,6",H&S inter+intra,0.25,ACI g=0.005 (grow cal),shuffled,0.7792119565217391,0.7065217391304348,0.29347826086956524,0.75,-0.04347826086956519,92,0.2299999999999999,0.5714285714285714,0.7065217391304348,0.6389751552795031,0.47687500000000005,64
2,1,"0,4,6",H&S inter+intra,0.25,ACI g=0.01,shuffled,0.7792119565217391,0.6521739130434783,0.34782608695652173,0.75,-0.09782608695652173,92,0.15999999999999992,0.6607142857142857,0.6521739130434783,0.656444099378882,0.49324324324324326,74
2,1,"0,4,6",H&S inter+intra,0.25,ACI g=0.01 (grow cal),shuffled,0.7792119565217391,0.7282608695652174,0.2717391304347826,0.75,-0.021739130434782594,92,0.22999999999999998,0.5267857142857143,0.7282608695652174,0.6275232919254659,0.47898305084745774,59
2,1,"0,4,6",H&S inter+intra,0.25,ACI g=0.05,shuffled,0.7792119565217391,0.7282608695652174,0.2717391304347826,0.75,-0.021739130434782594,92,0.15000000000000022,0.5357142857142857,0.7282608695652174,0.6319875776397516,0.47066666666666673,60
2,1,"0,4,6",H&S inter+intra,0.25,ACI g=0.05 (grow cal),shuffled,0.7792119565217391,0.75,0.25,0.75,0.0,92,0.2500000000000004,0.5089285714285714,0.75,0.6294642857142857,0.4621052631578948,57
2,1,"0,4,6",H&S inter+intra,0.25,split CP (SAFE),exch,0.7792119565217391,0.75,0.25,0.75,0.0,16,0.25,0.5932203389830508,0.75,0.6716101694915254,0.46571428571428575,35
2,1,"0,4,6",H&S inter+intra,0.25,split CP (n+1 corr.),exch,0.7792119565217391,0.75,0.25,0.75,0.0,16,0.25,0.576271186440678,0.75,0.663135593220339,0.47882352941176476,34
2,1,"0,4,6",H&S inter+intra,0.25,DtACI,exch,0.7792119565217391,0.75,0.25,0.75,0.0,16,0.25000000000000017,0.5932203389830508,0.75,0.6716101694915254,0.4645714285714285,35
2,1,"0,4,6",H&S inter+intra,0.25,DtACI (grow cal),exch,0.7792119565217391,0.75,0.25,0.75,0.0,16,0.25000000000000017,0.5932203389830508,0.75,0.6716101694915254,0.4645714285714285,35
2,1,"0,4,6",H&S inter+intra,0.25,ACI g=0.005,exch,0.7792119565217391,0.75,0.25,0.75,0.0,16,0.24999999999999975,0.5932203389830508,0.75,0.6716101694915254,0.4634285714285714,35
2,1,"0,4,6",H&S inter+intra,0.25,ACI g=0.005 (grow cal),exch,0.7792119565217391,0.75,0.25,0.75,0.0,16,0.24999999999999975,0.5932203389830508,0.75,0.6716101694915254,0.46571428571428564,35
2,1,"0,4,6",H&S inter+intra,0.25,ACI g=0.01,exch,0.7792119565217391,0.75,0.25,0.75,0.0,16,0.25,0.5932203389830508,0.75,0.6716101694915254,0.46571428571428564,35
2,1,"0,4,6",H&S inter+intra,0.25,ACI g=0.01 (grow cal),exch,0.7792119565217391,0.75,0.25,0.75,0.0,16,0.25,0.5932203389830508,0.75,0.6716101694915254,0.46571428571428564,35
2,1,"0,4,6",H&S inter+intra,0.25,ACI g=0.05,exch,0.7792119565217391,0.75,0.25,0.75,0.0,16,0.2500000000000001,0.5932203389830508,0.75,0.6716101694915254,0.46571428571428564,35
2,1,"0,4,6",H&S inter+intra,0.25,ACI g=0.05 (grow cal),exch,0.7792119565217391,0.75,0.25,0.75,0.0,16,0.2500000000000001,0.5932203389830508,0.75,0.6716101694915254,0.4622857142857143,35
3,0,"1,3,5",SAFE-MLP,0.1,split CP (SAFE),blocked,0.8488063660477454,0.9120879120879121,0.08791208791208792,0.9,0.012087912087912045,91,0.1,0.21551724137931033,0.9120879120879121,0.5638025767336112,0.7112,25
3,0,"1,3,5",SAFE-MLP,0.1,split CP (n+1 corr.),blocked,0.8488063660477454,0.989010989010989,0.01098901098901099,0.9,0.08901098901098903,91,0.1,0.1206896551724138,0.989010989010989,0.5548503220917014,0.8285714285714286,14
3,0,"1,3,5",SAFE-MLP,0.1,DtACI,blocked,0.8488063660477454,0.8571428571428572,0.14285714285714285,0.9,-0.042857142857142816,91,0.0683121046783508,0.2413793103448276,0.8571428571428572,0.5492610837438424,0.5635714285714286,28
3,0,"1,3,5",SAFE-MLP,0.1,DtACI (grow cal),blocked,0.8488063660477454,0.8461538461538461,0.15384615384615385,0.9,-0.05384615384615388,91,0.05807723065042393,0.2672413793103448,0.8461538461538461,0.5566976127320955,0.5341935483870969,31
3,0,"1,3,5",SAFE-MLP,0.1,ACI g=0.005,blocked,0.8488063660477454,0.9120879120879121,0.08791208791208792,0.9,0.012087912087912045,91,0.10500000000000001,0.22413793103448276,0.9120879120879121,0.5681129215611974,0.713076923076923,26
3,0,"1,3,5",SAFE-MLP,0.1,ACI g=0.005 (grow cal),blocked,0.8488063660477454,0.8461538461538461,0.15384615384615385,0.9,-0.05384615384615388,91,0.07499999999999998,0.27586206896551724,0.8461538461538461,0.5610079575596817,0.566875,32
3,0,"1,3,5",SAFE-MLP,0.1,ACI g=0.01,blocked,0.8488063660477454,0.9010989010989011,0.0989010989010989,0.9,0.001098901098901095,91,0.1,0.23275862068965517,0.9010989010989011,0.5669287608942781,0.6799999999999999,27
3,0,"1,3,5",SAFE-MLP,0.1,ACI g=0.01 (grow cal),blocked,0.8488063660477454,0.8461538461538461,0.15384615384615385,0.9,-0.05384615384615388,91,0.049999999999999975,0.2672413793103448,0.8461538461538461,0.5566976127320955,0.527741935483871,31
3,0,"1,3,5",SAFE-MLP,0.1,ACI g=0.05,blocked,0.8488063660477454,0.8901098901098901,0.10989010989010989,0.9,-0.009890109890109966,91,0.0500000000000003,0.2413793103448276,0.8901098901098901,0.5657446002273588,0.5707142857142857,28
3,0,"1,3,5",SAFE-MLP,0.1,ACI g=0.05 (grow cal),blocked,0.8488063660477454,0.8791208791208791,0.12087912087912088,0.9,-0.020879120879120916,91,0.011000000000000017,0.2413793103448276,0.8791208791208791,0.5602500947328534,0.5657142857142857,28
3,0,"1,3,5",SAFE-MLP,0.1,split CP (SAFE),shuffled,0.8488063660477454,0.9120879120879121,0.08791208791208792,0.9,0.012087912087912045,91,0.1,0.21551724137931033,0.9120879120879121,0.5638025767336112,0.7112,25
3,0,"1,3,5",SAFE-MLP,0.1,split CP (n+1 corr.),shuffled,0.8488063660477454,0.989010989010989,0.01098901098901099,0.9,0.08901098901098903,91,0.1,0.1206896551724138,0.989010989010989,0.5548503220917014,0.8285714285714285,14
3,0,"1,3,5",SAFE-MLP,0.1,DtACI,shuffled,0.8488063660477454,0.9230769230769231,0.07692307692307693,0.9,0.023076923076923106,91,0.10848007897165601,0.23275862068965517,0.9230769230769231,0.5779177718832892,0.6977777777777777,27
3,0,"1,3,5",SAFE-MLP,0.1,DtACI (grow cal),shuffled,0.8488063660477454,0.9010989010989011,0.0989010989010989,0.9,0.001098901098901095,91,0.10257495733223815,0.22413793103448276,0.9010989010989011,0.5626184160666919,0.6892307692307693,26
3,0,"1,3,5",SAFE-MLP,0.1,ACI g=0.005,shuffled,0.8488063660477454,0.9120879120879121,0.08791208791208792,0.9,0.012087912087912045,91,0.10550000000000001,0.21551724137931033,0.9120879120879121,0.5638025767336112,0.7112,25
3,0,"1,3,5",SAFE-MLP,0.1,ACI g=0.005 (grow cal),shuffled,0.8488063660477454,0.9120879120879121,0.08791208791208792,0.9,0.012087912087912045,91,0.10550000000000001,0.2413793103448276,0.9120879120879121,0.5767336112163698,0.6764285714285715,28
3,0,"1,3,5",SAFE-MLP,0.1,ACI g=0.01,shuffled,0.8488063660477454,0.9120879120879121,0.08791208791208792,0.9,0.012087912087912045,91,0.11100000000000002,0.21551724137931033,0.9120879120879121,0.5638025767336112,0.7096000000000001,25
3,0,"1,3,5",SAFE-MLP,0.1,ACI g=0.01 (grow cal),shuffled,0.8488063660477454,0.9120879120879121,0.08791208791208792,0.9,0.012087912087912045,91,0.11100000000000002,0.2413793103448276,0.9120879120879121,0.5767336112163698,0.6664285714285715,28
3,0,"1,3,5",SAFE-MLP,0.1,ACI g=0.05,shuffled,0.8488063660477454,0.9010989010989011,0.0989010989010989,0.9,0.001098901098901095,91,0.10500000000000026,0.23275862068965517,0.9010989010989011,0.5669287608942781,0.702962962962963,27
3,0,"1,3,5",SAFE-MLP,0.1,ACI g=0.05 (grow cal),shuffled,0.8488063660477454,0.8901098901098901,0.10989010989010989,0.9,-0.009890109890109966,91,0.05500000000000024,0.23275862068965517,0.8901098901098901,0.5614342553997727,0.6940740740740741,27
3,0,"1,3,5",SAFE-MLP,0.1,split CP (SAFE),exch,0.8488063660477454,0.9375,0.0625,0.9,0.03749999999999998,16,0.1,0.22413793103448276,0.9375,0.5808189655172413,0.5784615384615385,13
3,0,"1,3,5",SAFE-MLP,0.1,split CP (n+1 corr.),exch,0.8488063660477454,1.0,0.0,0.9,0.09999999999999998,16,0.1,0.13793103448275862,1.0,0.5689655172413793,0.7,8
3,0,"1,3,5",SAFE-MLP,0.1,DtACI,exch,0.8488063660477454,0.9375,0.0625,0.9,0.03749999999999998,16,0.12732307977265672,0.20689655172413793,0.9375,0.572198275862069,0.5383333333333334,12
3,0,"1,3,5",SAFE-MLP,0.1,DtACI (grow cal),exch,0.8488063660477454,0.9375,0.0625,0.9,0.03749999999999998,16,0.11200974796523196,0.20689655172413793,0.9375,0.572198275862069,0.545,12
3,0,"1,3,5",SAFE-MLP,0.1,ACI g=0.005,exch,0.8488063660477454,0.9375,0.0625,0.9,0.03749999999999998,16,0.10300000000000001,0.22413793103448276,0.9375,0.5808189655172413,0.5784615384615385,13
3,0,"1,3,5",SAFE-MLP,0.1,ACI g=0.005 (grow cal),exch,0.8488063660477454,0.9375,0.0625,0.9,0.03749999999999998,16,0.10300000000000001,0.20689655172413793,0.9375,0.572198275862069,0.5383333333333334,12
3,0,"1,3,5",SAFE-MLP,0.1,ACI g=0.01,exch,0.8488063660477454,0.9375,0.0625,0.9,0.03749999999999998,16,0.10600000000000001,0.22413793103448276,0.9375,0.5808189655172413,0.5784615384615385,13
3,0,"1,3,5",SAFE-MLP,0.1,ACI g=0.01 (grow cal),exch,0.8488063660477454,0.9375,0.0625,0.9,0.03749999999999998,16,0.10600000000000001,0.20689655172413793,0.9375,0.572198275862069,0.5383333333333334,12
3,0,"1,3,5",SAFE-MLP,0.1,ACI g=0.05,exch,0.8488063660477454,0.9375,0.0625,0.9,0.03749999999999998,16,0.13000000000000006,0.20689655172413793,0.9375,0.572198275862069,0.5383333333333334,12
3,0,"1,3,5",SAFE-MLP,0.1,ACI g=0.05 (grow cal),exch,0.8488063660477454,0.9375,0.0625,0.9,0.03749999999999998,16,0.13000000000000006,0.22413793103448276,0.9375,0.5808189655172413,0.5661538461538461,13
3,0,"1,3,5",SAFE-MLP,0.15,split CP (SAFE),blocked,0.8488063660477454,0.989010989010989,0.01098901098901099,0.85,0.13901098901098907,91,0.15,0.3275862068965517,0.989010989010989,0.6582985979537703,0.8431578947368421,38
3,0,"1,3,5",SAFE-MLP,0.15,split CP (n+1 corr.),blocked,0.8488063660477454,1.0,0.0,0.85,0.15000000000000002,91,0.15,0.19827586206896552,1.0,0.5991379310344828,0.9373913043478261,23
3,0,"1,3,5",SAFE-MLP,0.15,DtACI,blocked,0.8488063660477454,0.8241758241758241,0.17582417582417584,0.85,-0.025824175824175843,91,0.1659150156911763,0.5258620689655172,0.8241758241758241,0.6750189465706706,0.6291803278688525,61
3,0,"1,3,5",SAFE-MLP,0.15,DtACI (grow cal),blocked,0.8488063660477454,0.8021978021978022,0.1978021978021978,0.85,-0.04780219780219774,91,0.1139078580065084,0.5517241379310345,0.8021978021978022,0.6769609700644184,0.5525,64
3,0,"1,3,5",SAFE-MLP,0.15,ACI g=0.005,blocked,0.8488063660477454,0.9010989010989011,0.0989010989010989,0.85,0.05109890109890114,91,0.17250000000000001,0.43103448275862066,0.9010989010989011,0.6660666919287609,0.7527999999999999,50
3,0,"1,3,5",SAFE-MLP,0.15,ACI g=0.005 (grow cal),blocked,0.8488063660477454,0.8021978021978022,0.1978021978021978,0.85,-0.04780219780219774,91,0.12749999999999997,0.5172413793103449,0.8021978021978022,0.6597195907540736,0.5316666666666667,60
3,0,"1,3,5",SAFE-MLP,0.15,ACI g=0.01,blocked,0.8488063660477454,0.8681318681318682,0.13186813186813187,0.85,0.01813186813186818,91,0.165,0.4482758620689655,0.8681318681318682,0.6582038651004168,0.7230769230769231,52
3,0,"1,3,5",SAFE-MLP,0.15,ACI g=0.01 (grow cal),blocked,0.8488063660477454,0.8021978021978022,0.1978021978021978,0.85,-0.04780219780219774,91,0.10499999999999995,0.5172413793103449,0.8021978021978022,0.6597195907540736,0.567,60
3,0,"1,3,5",SAFE-MLP,0.15,ACI g=0.05,blocked,0.8488063660477454,0.8571428571428572,0.14285714285714285,0.85,0.0071428571428572285,91,0.17500000000000054,0.49137931034482757,0.8571428571428572,0.6742610837438424,0.7175438596491228,57
3,0,"1,3,5",SAFE-MLP,0.15,ACI g=0.05 (grow cal),blocked,0.8488063660477454,0.8241758241758241,0.17582417582417584,0.85,-0.025824175824175843,91,0.025000000000000307,0.5258620689655172,0.8241758241758241,0.6750189465706706,0.6416393442622951,61
3,0,"1,3,5",SAFE-MLP,0.15,split CP (SAFE),shuffled,0.8488063660477454,0.989010989010989,0.01098901098901099,0.85,0.13901098901098907,91,0.15,0.3275862068965517,0.989010989010989,0.6582985979537703,0.8431578947368422,38
3,0,"1,3,5",SAFE-MLP,0.15,split CP (n+1 corr.),shuffled,0.8488063660477454,1.0,0.0,0.85,0.15000000000000002,91,0.15,0.19827586206896552,1.0,0.5991379310344828,0.9373913043478261,23
3,0,"1,3,5",SAFE-MLP,0.15,DtACI,shuffled,0.8488063660477454,0.8461538461538461,0.15384615384615385,0.85,-0.0038461538461538325,91,0.2005414268538676,0.4482758620689655,0.8461538461538461,0.6472148541114058,0.7038461538461539,52
3,0,"1,3,5",SAFE-MLP,0.15,DtACI (grow cal),shuffled,0.8488063660477454,0.8351648351648352,0.16483516483516483,0.85,-0.014835164835164782,91,0.14426155928182471,0.47413793103448276,0.8351648351648352,0.654651383099659,0.6883636363636364,55
3,0,"1,3,5",SAFE-MLP,0.15,ACI g=0.005,shuffled,0.8488063660477454,0.9230769230769231,0.07692307692307693,0.85,0.07307692307692315,91,0.18325000000000002,0.4051724137931034,0.9230769230769231,0.6641246684350133,0.7927659574468084,47
3,0,"1,3,5",SAFE-MLP,0.15,ACI g=0.005 (grow cal),shuffled,0.8488063660477454,0.8681318681318682,0.13186813186813187,0.85,0.01813186813186818,91,0.15825,0.46551724137931033,0.8681318681318682,0.6668245547555892,0.7440740740740739,54
3,0,"1,3,5",SAFE-MLP,0.15,ACI g=0.01,shuffled,0.8488063660477454,0.9120879120879121,0.08791208791208792,0.85,0.06208791208791209,91,0.20650000000000004,0.4482758620689655,0.9120879120879121,0.6801818870784389,0.76,52
3,0,"1,3,5",SAFE-MLP,0.15,ACI g=0.01 (grow cal),shuffled,0.8488063660477454,0.8571428571428572,0.14285714285714285,0.85,0.0071428571428572285,91,0.1565,0.47413793103448276,0.8571428571428572,0.6656403940886699,0.7294545454545454,55
3,0,"1,3,5",SAFE-MLP,0.15,ACI g=0.05,shuffled,0.8488063660477454,0.8571428571428572,0.14285714285714285,0.85,0.0071428571428572285,91,0.18250000000000033,0.4482758620689655,0.8571428571428572,0.6527093596059114,0.7276923076923077,52
3,0,"1,3,5",SAFE-MLP,0.15,ACI g=0.05 (grow cal),shuffled,0.8488063660477454,0.8461538461538461,0.15384615384615385,0.85,-0.0038461538461538325,91,0.13250000000000037,0.45689655172413796,0.8461538461538461,0.6515251989389921,0.7011320754716981,53
3,0,"1,3,5",SAFE-MLP,0.15,split CP (SAFE),exch,0.8488063660477454,1.0,0.0,0.85,0.15000000000000002,16,0.15,0.5517241379310345,1.0,0.7758620689655172,0.87375,32
3,0,"1,3,5",SAFE-MLP,0.15,split CP (n+1 corr.),exch,0.8488063660477454,1.0,0.0,0.85,0.15000000000000002,16,0.15,0.20689655172413793,1.0,0.603448275862069,0.9183333333333333,12
3,0,"1,3,5",SAFE-MLP,0.15,DtACI,exch,0.8488063660477454,0.875,0.125,0.85,0.025000000000000022,16,0.17705264354907735,0.6379310344827587,0.875,0.7564655172413793,0.8135135135135134,37
3,0,"1,3,5",SAFE-MLP,0.15,DtACI (grow cal),exch,0.8488063660477454,0.875,0.125,0.85,0.025000000000000022,16,0.17707870135231146,0.6896551724137931,0.875,0.7823275862068966,0.7675,40
3,0,"1,3,5",SAFE-MLP,0.15,ACI g=0.005,exch,0.8488063660477454,1.0,0.0,0.85,0.15000000000000002,16,0.162,0.5517241379310345,1.0,0.7758620689655172,0.8625,32
3,0,"1,3,5",SAFE-MLP,0.15,ACI g=0.005 (grow cal),exch,0.8488063660477454,0.875,0.125,0.85,0.025000000000000022,16,0.152,0.6551724137931034,0.875,0.7650862068965517,0.8057894736842105,38
3,0,"1,3,5",SAFE-MLP,0.15,ACI g=0.01,exch,0.8488063660477454,1.0,0.0,0.85,0.15000000000000002,16,0.17400000000000002,0.5689655172413793,1.0,0.7844827586206897,0.8406060606060607,33
3,0,"1,3,5",SAFE-MLP,0.15,ACI g=0.01 (grow cal),exch,0.8488063660477454,0.875,0.125,0.85,0.025000000000000022,16,0.154,0.6724137931034483,0.875,0.7737068965517242,0.8082051282051282,39
3,0,"1,3,5",SAFE-MLP,0.15,ACI g=0.05,exch,0.8488063660477454,0.875,0.125,0.85,0.025000000000000022,16,0.17000000000000007,0.6896551724137931,0.875,0.7823275862068966,0.805,40
3,0,"1,3,5",SAFE-MLP,0.15,ACI g=0.05 (grow cal),exch,0.8488063660477454,0.875,0.125,0.85,0.025000000000000022,16,0.17000000000000007,0.6896551724137931,0.875,0.7823275862068966,0.7845000000000001,40
3,0,"1,3,5",SAFE-MLP,0.2,split CP (SAFE),blocked,0.8488063660477454,0.8681318681318682,0.13186813186813187,0.8,0.06813186813186811,91,0.2,0.46551724137931033,0.8681318681318682,0.6668245547555892,0.7077777777777778,54
3,0,"1,3,5",SAFE-MLP,0.2,split CP (n+1 corr.),blocked,0.8488063660477454,0.9010989010989011,0.0989010989010989,0.8,0.10109890109890107,91,0.2,0.41379310344827586,0.9010989010989011,0.6574460022735885,0.7616666666666667,48
3,0,"1,3,5",SAFE-MLP,0.2,DtACI,blocked,0.8488063660477454,0.7582417582417582,0.24175824175824176,0.8,-0.04175824175824183,91,0.19890902862153945,0.5431034482758621,0.7582417582417582,0.6506726032588102,0.5076190476190474,63
3,0,"1,3,5",SAFE-MLP,0.2,DtACI (grow cal),blocked,0.8488063660477454,0.7362637362637363,0.26373626373626374,0.8,-0.06373626373626373,91,0.14674395610357632,0.5689655172413793,0.7362637362637363,0.6526146267525579,0.42818181818181816,66
3,0,"1,3,5",SAFE-MLP,0.2,ACI g=0.005,blocked,0.8488063660477454,0.8131868131868132,0.18681318681318682,0.8,0.01318681318681314,91,0.20500000000000002,0.47413793103448276,0.8131868131868132,0.643662372110648,0.5749090909090907,55
3,0,"1,3,5",SAFE-MLP,0.2,ACI g=0.005 (grow cal),blocked,0.8488063660477454,0.7252747252747253,0.27472527472527475,0.8,-0.07472527472527479,91,0.16499999999999998,0.5603448275862069,0.7252747252747253,0.6428097764304661,0.41384615384615375,65
3,0,"1,3,5",SAFE-MLP,0.2,ACI g=0.01,blocked,0.8488063660477454,0.8021978021978022,0.1978021978021978,0.8,0.00219780219780219,91,0.2,0.5258620689655172,0.8021978021978022,0.6640299355816597,0.5039344262295081,61
3,0,"1,3,5",SAFE-MLP,0.2,ACI g=0.01 (grow cal),blocked,0.8488063660477454,0.7362637362637363,0.26373626373626374,0.8,-0.06373626373626373,91,0.13999999999999996,0.5603448275862069,0.7362637362637363,0.6483042819249716,0.42030769230769227,65
3,0,"1,3,5",SAFE-MLP,0.2,ACI g=0.05,blocked,0.8488063660477454,0.7912087912087912,0.2087912087912088,0.8,-0.008791208791208871,91,0.15000000000000022,0.5344827586206896,0.7912087912087912,0.6628457749147404,0.599032258064516,62
3,0,"1,3,5",SAFE-MLP,0.2,ACI g=0.05 (grow cal),blocked,0.8488063660477454,0.7692307692307692,0.23076923076923078,0.8,-0.030769230769230882,91,0.050000000000000155,0.5689655172413793,0.7692307692307692,0.6690981432360743,0.48333333333333334,66
3,0,"1,3,5",SAFE-MLP,0.2,split CP (SAFE),shuffled,0.8488063660477454,0.8681318681318682,0.13186813186813187,0.8,0.06813186813186811,91,0.2,0.46551724137931033,0.8681318681318682,0.6668245547555892,0.7077777777777777,54
3,0,"1,3,5",SAFE-MLP,0.2,split CP (n+1 corr.),shuffled,0.8488063660477454,0.9010989010989011,0.0989010989010989,0.8,0.10109890109890107,91,0.2,0.41379310344827586,0.9010989010989011,0.6574460022735885,0.7616666666666667,48
3,0,"1,3,5",SAFE-MLP,0.2,DtACI,shuffled,0.8488063660477454,0.8021978021978022,0.1978021978021978,0.8,0.00219780219780219,91,0.21207722658389452,0.5172413793103449,0.8021978021978022,0.6597195907540736,0.5313333333333333,60
3,0,"1,3,5",SAFE-MLP,0.2,DtACI (grow cal),shuffled,0.8488063660477454,0.7692307692307692,0.23076923076923078,0.8,-0.030769230769230882,91,0.14325682884468166,0.5086206896551724,0.7692307692307692,0.6389257294429708,0.5406779661016949,59
3,0,"1,3,5",SAFE-MLP,0.2,ACI g=0.005,shuffled,0.8488063660477454,0.8351648351648352,0.16483516483516483,0.8,0.03516483516483515,91,0.21600000000000003,0.49137931034482757,0.8351648351648352,0.6632720727548314,0.6866666666666665,57
3,0,"1,3,5",SAFE-MLP,0.2,ACI g=0.005 (grow cal),shuffled,0.8488063660477454,0.7912087912087912,0.2087912087912088,0.8,-0.008791208791208871,91,0.196,0.49137931034482757,0.7912087912087912,0.6412940507768093,0.6368421052631579,57
3,0,"1,3,5",SAFE-MLP,0.2,ACI g=0.01,shuffled,0.8488063660477454,0.8131868131868132,0.18681318681318682,0.8,0.01318681318681314,91,0.21200000000000002,0.4827586206896552,0.8131868131868132,0.6479727169382342,0.7021428571428573,56
3,0,"1,3,5",SAFE-MLP,0.2,ACI g=0.01 (grow cal),shuffled,0.8488063660477454,0.7912087912087912,0.2087912087912088,0.8,-0.008791208791208871,91,0.192,0.5,0.7912087912087912,0.6456043956043955,0.6282758620689654,58
3,0,"1,3,5",SAFE-MLP,0.2,ACI g=0.05,shuffled,0.8488063660477454,0.8021978021978022,0.1978021978021978,0.8,0.00219780219780219,91,0.21000000000000021,0.5086206896551724,0.8021978021978022,0.6554092459264873,0.48949152542372887,59
3,0,"1,3,5",SAFE-MLP,0.2,ACI g=0.05 (grow cal),shuffled,0.8488063660477454,0.8021978021978022,0.1978021978021978,0.8,0.00219780219780219,91,0.21000000000000044,0.5,0.8021978021978022,0.6510989010989011,0.5965517241379309,58
3,0,"1,3,5",SAFE-MLP,0.2,split CP (SAFE),exch,0.8488063660477454,0.75,0.25,0.8,-0.050000000000000044,16,0.2,0.6896551724137931,0.75,0.7198275862068966,0.728,40
3,0,"1,3,5",SAFE-MLP,0.2,split CP (n+1 corr.),exch,0.8488063660477454,0.9375,0.0625,0.8,0.13749999999999996,16,0.2,0.6551724137931034,0.9375,0.7963362068965517,0.7615789473684211,38
3,0,"1,3,5",SAFE-MLP,0.2,DtACI,exch,0.8488063660477454,0.8125,0.1875,0.8,0.012499999999999956,16,0.20255099915099994,0.6896551724137931,0.8125,0.7510775862068966,0.718,40
3,0,"1,3,5",SAFE-MLP,0.2,DtACI (grow cal),exch,0.8488063660477454,0.8125,0.1875,0.8,0.012499999999999956,16,0.20827300197881382,0.6896551724137931,0.8125,0.7510775862068966,0.701,40
3,0,"1,3,5",SAFE-MLP,0.2,ACI g=0.005,exch,0.8488063660477454,0.75,0.25,0.8,-0.050000000000000044,16,0.196,0.6896551724137931,0.75,0.7198275862068966,0.7235,40
3,0,"1,3,5",SAFE-MLP,0.2,ACI g=0.005 (grow cal),exch,0.8488063660477454,0.8125,0.1875,0.8,0.012499999999999956,16,0.201,0.6896551724137931,0.8125,0.7510775862068966,0.727,40
3,0,"1,3,5",SAFE-MLP,0.2,ACI g=0.01,exch,0.8488063660477454,0.75,0.25,0.8,-0.050000000000000044,16,0.192,0.6896551724137931,0.75,0.7198275862068966,0.726,40
3,0,"1,3,5",SAFE-MLP,0.2,ACI g=0.01 (grow cal),exch,0.8488063660477454,0.8125,0.1875,0.8,0.012499999999999956,16,0.202,0.6896551724137931,0.8125,0.7510775862068966,0.7245,40
3,0,"1,3,5",SAFE-MLP,0.2,ACI g=0.05,exch,0.8488063660477454,0.8125,0.1875,0.8,0.012499999999999956,16,0.2100000000000001,0.6896551724137931,0.8125,0.7510775862068966,0.713,40
3,0,"1,3,5",SAFE-MLP,0.2,ACI g=0.05 (grow cal),exch,0.8488063660477454,0.8125,0.1875,0.8,0.012499999999999956,16,0.2100000000000001,0.6896551724137931,0.8125,0.7510775862068966,0.6980000000000001,40
3,0,"1,3,5",SAFE-MLP,0.25,split CP (SAFE),blocked,0.8488063660477454,0.8131868131868132,0.18681318681318682,0.75,0.06318681318681318,91,0.25,0.4827586206896552,0.8131868131868132,0.6479727169382342,0.6403571428571428,56
3,0,"1,3,5",SAFE-MLP,0.25,split CP (n+1 corr.),blocked,0.8488063660477454,0.8571428571428572,0.14285714285714285,0.75,0.1071428571428572,91,0.25,0.46551724137931033,0.8571428571428572,0.6613300492610837,0.6670370370370371,54
3,0,"1,3,5",SAFE-MLP,0.25,DtACI,blocked,0.8488063660477454,0.7032967032967032,0.2967032967032967,0.75,-0.04670329670329676,91,0.24583924152520484,0.603448275862069,0.7032967032967032,0.6533724895793861,0.4288571428571428,70
3,0,"1,3,5",SAFE-MLP,0.25,DtACI (grow cal),blocked,0.8488063660477454,0.6703296703296704,0.32967032967032966,0.75,-0.07967032967032961,91,0.2100775064560232,0.6293103448275862,0.6703296703296704,0.6498200075786282,0.3504109589041096,73
3,0,"1,3,5",SAFE-MLP,0.25,ACI g=0.005,blocked,0.8488063660477454,0.8021978021978022,0.1978021978021978,0.75,0.052197802197802234,91,0.2724999999999985,0.5172413793103449,0.8021978021978022,0.6597195907540736,0.6009999999999999,60
3,0,"1,3,5",SAFE-MLP,0.25,ACI g=0.005 (grow cal),blocked,0.8488063660477454,0.7142857142857143,0.2857142857142857,0.75,-0.0357142857142857,91,0.23249999999999885,0.603448275862069,0.7142857142857143,0.6588669950738917,0.3705714285714286,70
3,0,"1,3,5",SAFE-MLP,0.25,ACI g=0.01,blocked,0.8488063660477454,0.7912087912087912,0.2087912087912088,0.75,0.04120879120879117,91,0.28500000000000003,0.5344827586206896,0.7912087912087912,0.6628457749147404,0.5851612903225806,62
3,0,"1,3,5",SAFE-MLP,0.25,ACI g=0.01 (grow cal),blocked,0.8488063660477454,0.7032967032967032,0.2967032967032967,0.75,-0.04670329670329676,91,0.20499999999999996,0.603448275862069,0.7032967032967032,0.6533724895793861,0.3817142857142857,70
3,0,"1,3,5",SAFE-MLP,0.25,ACI g=0.05,blocked,0.8488063660477454,0.7252747252747253,0.27472527472527475,0.75,-0.02472527472527475,91,0.12499999999999958,0.5775862068965517,0.7252747252747253,0.6514304660856385,0.48000000000000004,67
3,0,"1,3,5",SAFE-MLP,0.25,ACI g=0.05 (grow cal),blocked,0.8488063660477454,0.7142857142857143,0.2857142857142857,0.75,-0.0357142857142857,91,0.07500000000000016,0.6293103448275862,0.7142857142857143,0.6717980295566502,0.4117808219178082,73
3,0,"1,3,5",SAFE-MLP,0.25,split CP (SAFE),shuffled,0.8488063660477454,0.8131868131868132,0.18681318681318682,0.75,0.06318681318681318,91,0.25,0.4827586206896552,0.8131868131868132,0.6479727169382342,0.6403571428571428,56
3,0,"1,3,5",SAFE-MLP,0.25,split CP (n+1 corr.),shuffled,0.8488063660477454,0.8571428571428572,0.14285714285714285,0.75,0.1071428571428572,91,0.25,0.46551724137931033,0.8571428571428572,0.6613300492610837,0.6670370370370372,54
3,0,"1,3,5",SAFE-MLP,0.25,DtACI,shuffled,0.8488063660477454,0.7912087912087912,0.2087912087912088,0.75,0.04120879120879117,91,0.34807247856162815,0.5344827586206896,0.7912087912087912,0.6628457749147404,0.5158064516129033,62
3,0,"1,3,5",SAFE-MLP,0.25,DtACI (grow cal),shuffled,0.8488063660477454,0.7362637362637363,0.26373626373626374,0.75,-0.013736263736263687,91,0.21926514561465837,0.5689655172413793,0.7362637362637363,0.6526146267525579,0.5081818181818182,66
3,0,"1,3,5",SAFE-MLP,0.25,ACI g=0.005,shuffled,0.8488063660477454,0.8131868131868132,0.18681318681318682,0.75,0.06318681318681318,91,0.2787499999999988,0.49137931034482757,0.8131868131868132,0.6522830617658204,0.6361403508771929,57
3,0,"1,3,5",SAFE-MLP,0.25,ACI g=0.005 (grow cal),shuffled,0.8488063660477454,0.7912087912087912,0.2087912087912088,0.75,0.04120879120879117,91,0.2687499999999989,0.5172413793103449,0.7912087912087912,0.654225085259568,0.5296666666666667,60
3,0,"1,3,5",SAFE-MLP,0.25,ACI g=0.01,shuffled,0.8488063660477454,0.8131868131868132,0.18681318681318682,0.75,0.06318681318681318,91,0.30750000000000005,0.5,0.8131868131868132,0.6565934065934066,0.6258620689655172,58
3,0,"1,3,5",SAFE-MLP,0.25,ACI g=0.01 (grow cal),shuffled,0.8488063660477454,0.7802197802197802,0.21978021978021978,0.75,0.030219780219780223,91,0.2775,0.5172413793103449,0.7802197802197802,0.6487305797650625,0.5203333333333334,60
3,0,"1,3,5",SAFE-MLP,0.25,ACI g=0.05,shuffled,0.8488063660477454,0.7802197802197802,0.21978021978021978,0.75,0.030219780219780223,91,0.3875000000000006,0.5431034482758621,0.7802197802197802,0.6616616142478211,0.5161904761904762,63
3,0,"1,3,5",SAFE-MLP,0.25,ACI g=0.05 (grow cal),shuffled,0.8488063660477454,0.7472527472527473,0.25274725274725274,0.75,-0.0027472527472527375,91,0.23750000000000057,0.5689655172413793,0.7472527472527473,0.6581091322470634,0.47909090909090907,66
3,0,"1,3,5",SAFE-MLP,0.25,split CP (SAFE),exch,0.8488063660477454,0.75,0.25,0.75,0.0,16,0.25,0.7241379310344828,0.75,0.7370689655172413,0.6595238095238096,42
3,0,"1,3,5",SAFE-MLP,0.25,split CP (n+1 corr.),exch,0.8488063660477454,0.8125,0.1875,0.75,0.0625,16,0.25,0.6896551724137931,0.8125,0.7510775862068966,0.6759999999999999,40
3,0,"1,3,5",SAFE-MLP,0.25,DtACI,exch,0.8488063660477454,0.8125,0.1875,0.75,0.0625,16,0.26691796875542556,0.7241379310344828,0.8125,0.7683189655172413,0.651904761904762,42
3,0,"1,3,5",SAFE-MLP,0.25,DtACI (grow cal),exch,0.8488063660477454,0.8125,0.1875,0.75,0.0625,16,0.26725103618228174,0.7241379310344828,0.8125,0.7683189655172413,0.6457142857142857,42
3,0,"1,3,5",SAFE-MLP,0.25,ACI g=0.005,exch,0.8488063660477454,0.75,0.25,0.75,0.0,16,0.24999999999999992,0.7241379310344828,0.75,0.7370689655172413,0.6599999999999999,42
3,0,"1,3,5",SAFE-MLP,0.25,ACI g=0.005 (grow cal),exch,0.8488063660477454,0.8125,0.1875,0.75,0.0625,16,0.2549999999999998,0.7241379310344828,0.8125,0.7683189655172413,0.6547619047619049,42
3,0,"1,3,5",SAFE-MLP,0.25,ACI g=0.01,exch,0.8488063660477454,0.8125,0.1875,0.75,0.0625,16,0.26,0.7241379310344828,0.8125,0.7683189655172413,0.6561904761904762,42
3,0,"1,3,5",SAFE-MLP,0.25,ACI g=0.01 (grow cal),exch,0.8488063660477454,0.8125,0.1875,0.75,0.0625,16,0.26,0.7241379310344828,0.8125,0.7683189655172413,0.6528571428571429,42
3,0,"1,3,5",SAFE-MLP,0.25,ACI g=0.05,exch,0.8488063660477454,0.8125,0.1875,0.75,0.0625,16,0.30000000000000004,0.7241379310344828,0.8125,0.7683189655172413,0.6447619047619048,42
3,0,"1,3,5",SAFE-MLP,0.25,ACI g=0.05 (grow cal),exch,0.8488063660477454,0.8125,0.1875,0.75,0.0625,16,0.30000000000000004,0.7241379310344828,0.8125,0.7683189655172413,0.6423809523809525,42
3,0,"1,3,5",SAFE-Embed,0.1,split CP (SAFE),blocked,0.5875331564986738,0.1648351648351648,0.8351648351648352,0.9,-0.7351648351648352,91,0.1,0.896551724137931,0.1648351648351648,0.5306934444865479,0.15057692307692308,104
3,0,"1,3,5",SAFE-Embed,0.1,split CP (n+1 corr.),blocked,0.5875331564986738,0.21978021978021978,0.7802197802197802,0.9,-0.6802197802197802,91,0.1,0.8706896551724138,0.21978021978021978,0.5452349374763168,0.1805940594059406,101
3,0,"1,3,5",SAFE-Embed,0.1,DtACI,blocked,0.5875331564986738,0.2857142857142857,0.7142857142857143,0.9,-0.6142857142857143,91,0.001,0.7241379310344828,0.2857142857142857,0.5049261083743842,0.32880952380952383,84
3,0,"1,3,5",SAFE-Embed,0.1,DtACI (grow cal),blocked,0.5875331564986738,0.7362637362637363,0.26373626373626374,0.9,-0.1637362637362637,91,0.04832618440996949,0.2672413793103448,0.7362637362637363,0.5017525577870405,0.5645161290322579,31
3,0,"1,3,5",SAFE-Embed,0.1,ACI g=0.005,blocked,0.5875331564986738,0.2857142857142857,0.7142857142857143,0.9,-0.6142857142857143,91,0.001,0.7413793103448276,0.2857142857142857,0.5135467980295567,0.3213953488372093,86
3,0,"1,3,5",SAFE-Embed,0.1,ACI g=0.005 (grow cal),blocked,0.5875331564986738,0.7252747252747253,0.27472527472527475,0.9,-0.17472527472527477,91,0.019999999999999962,0.27586206896551724,0.7252747252747253,0.5005683971201212,0.568125,32
3,0,"1,3,5",SAFE-Embed,0.1,ACI g=0.01,blocked,0.5875331564986738,0.3296703296703297,0.6703296703296703,0.9,-0.5703296703296703,91,0.001,0.6810344827586207,0.3296703296703297,0.5053524062144752,0.3549367088607595,79
3,0,"1,3,5",SAFE-Embed,0.1,ACI g=0.01 (grow cal),blocked,0.5875331564986738,0.8131868131868132,0.18681318681318682,0.9,-0.08681318681318684,91,0.02000000000000001,0.2413793103448276,0.8131868131868132,0.5272830617658204,0.5514285714285714,28
3,0,"1,3,5",SAFE-Embed,0.1,ACI g=0.05,blocked,0.5875331564986738,0.3846153846153846,0.6153846153846154,0.9,-0.5153846153846154,91,0.001,0.6551724137931034,0.3846153846153846,0.519893899204244,0.3405263157894737,76
3,0,"1,3,5",SAFE-Embed,0.1,ACI g=0.05 (grow cal),blocked,0.5875331564986738,0.8241758241758241,0.17582417582417584,0.9,-0.07582417582417589,91,0.061000000000000026,0.20689655172413793,0.8241758241758241,0.515536187949981,0.5425,24
3,0,"1,3,5",SAFE-Embed,0.1,split CP (SAFE),shuffled,0.5875331564986738,0.1648351648351648,0.8351648351648352,0.9,-0.7351648351648352,91,0.1,0.896551724137931,0.1648351648351648,0.5306934444865479,0.1505769230769231,104
3,0,"1,3,5",SAFE-Embed,0.1,split CP (n+1 corr.),shuffled,0.5875331564986738,0.21978021978021978,0.7802197802197802,0.9,-0.6802197802197802,91,0.1,0.8706896551724138,0.21978021978021978,0.5452349374763168,0.18059405940594053,101
3,0,"1,3,5",SAFE-Embed,0.1,DtACI,shuffled,0.5875331564986738,0.3846153846153846,0.6153846153846154,0.9,-0.5153846153846154,91,0.001,0.646551724137931,0.3846153846153846,0.5155835543766578,0.28506666666666663,75
3,0,"1,3,5",SAFE-Embed,0.1,DtACI (grow cal),shuffled,0.5875331564986738,0.8241758241758241,0.17582417582417584,0.9,-0.07582417582417589,91,0.060876856775506166,0.21551724137931033,0.8241758241758241,0.5198465327775672,0.4592,25
3,0,"1,3,5",SAFE-Embed,0.1,ACI g=0.005,shuffled,0.5875331564986738,0.3846153846153846,0.6153846153846154,0.9,-0.5153846153846154,91,0.001,0.6379310344827587,0.3846153846153846,0.5112732095490716,0.26054054054054054,74
3,0,"1,3,5",SAFE-Embed,0.1,ACI g=0.005 (grow cal),shuffled,0.5875331564986738,0.8131868131868132,0.18681318681318682,0.9,-0.08681318681318684,91,0.06049999999999997,0.21551724137931033,0.8131868131868132,0.5143520272830617,0.44239999999999996,25
3,0,"1,3,5",SAFE-Embed,0.1,ACI g=0.01,shuffled,0.5875331564986738,0.4065934065934066,0.5934065934065934,0.9,-0.49340659340659343,91,0.001,0.6206896551724138,0.4065934065934066,0.5136415308829102,0.28444444444444444,72
3,0,"1,3,5",SAFE-Embed,0.1,ACI g=0.01 (grow cal),shuffled,0.5875331564986738,0.8461538461538461,0.15384615384615385,0.9,-0.05384615384615388,91,0.051000000000000024,0.20689655172413793,0.8461538461538461,0.5265251989389921,0.45583333333333337,24
3,0,"1,3,5",SAFE-Embed,0.1,ACI g=0.05,shuffled,0.5875331564986738,0.4065934065934066,0.5934065934065934,0.9,-0.49340659340659343,91,0.001,0.6120689655172413,0.4065934065934066,0.509331186055324,0.29380281690140847,71
3,0,"1,3,5",SAFE-Embed,0.1,ACI g=0.05 (grow cal),shuffled,0.5875331564986738,0.8791208791208791,0.12087912087912088,0.9,-0.020879120879120916,91,0.07100000000000005,0.16379310344827586,0.8791208791208791,0.5214569912845775,0.45894736842105266,19
3,0,"1,3,5",SAFE-Embed,0.1,split CP (SAFE),exch,0.5875331564986738,0.9375,0.0625,0.9,0.03749999999999998,16,0.1,0.2413793103448276,0.9375,0.5894396551724138,0.38,14
3,0,"1,3,5",SAFE-Embed,0.1,split CP (n+1 corr.),exch,0.5875331564986738,0.9375,0.0625,0.9,0.03749999999999998,16,0.1,0.20689655172413793,0.9375,0.572198275862069,0.43333333333333335,12
3,0,"1,3,5",SAFE-Embed,0.1,DtACI,exch,0.5875331564986738,0.9375,0.0625,0.9,0.03749999999999998,16,0.1438490348986327,0.2413793103448276,0.9375,0.5894396551724138,0.3457142857142857,14
3,0,"1,3,5",SAFE-Embed,0.1,DtACI (grow cal),exch,0.5875331564986738,0.875,0.125,0.9,-0.025000000000000022,16,0.07249279803480645,0.2413793103448276,0.875,0.5581896551724138,0.32857142857142857,14
3,0,"1,3,5",SAFE-Embed,0.1,ACI g=0.005,exch,0.5875331564986738,0.9375,0.0625,0.9,0.03749999999999998,16,0.10300000000000001,0.2413793103448276,0.9375,0.5894396551724138,0.38,14
3,0,"1,3,5",SAFE-Embed,0.1,ACI g=0.005 (grow cal),exch,0.5875331564986738,0.9375,0.0625,0.9,0.03749999999999998,16,0.10300000000000001,0.2413793103448276,0.9375,0.5894396551724138,0.3457142857142857,14
3,0,"1,3,5",SAFE-Embed,0.1,ACI g=0.01,exch,0.5875331564986738,0.9375,0.0625,0.9,0.03749999999999998,16,0.10600000000000001,0.2413793103448276,0.9375,0.5894396551724138,0.37714285714285717,14
3,0,"1,3,5",SAFE-Embed,0.1,ACI g=0.01 (grow cal),exch,0.5875331564986738,0.9375,0.0625,0.9,0.03749999999999998,16,0.10600000000000001,0.2413793103448276,0.9375,0.5894396551724138,0.3457142857142857,14
3,0,"1,3,5",SAFE-Embed,0.1,ACI g=0.05,exch,0.5875331564986738,0.9375,0.0625,0.9,0.03749999999999998,16,0.13000000000000006,0.2413793103448276,0.9375,0.5894396551724138,0.3457142857142857,14
3,0,"1,3,5",SAFE-Embed,0.1,ACI g=0.05 (grow cal),exch,0.5875331564986738,0.875,0.125,0.9,-0.025000000000000022,16,0.08000000000000004,0.2413793103448276,0.875,0.5581896551724138,0.3271428571428571,14
3,0,"1,3,5",SAFE-Embed,0.15,split CP (SAFE),blocked,0.5875331564986738,0.04395604395604391,0.9560439560439561,0.85,-0.8060439560439561,91,0.15,1.0,0.04395604395604391,0.5219780219780219,0.19689655172413792,116
3,0,"1,3,5",SAFE-Embed,0.15,split CP (n+1 corr.),blocked,0.5875331564986738,0.04395604395604391,0.9560439560439561,0.85,-0.8060439560439561,91,0.15,1.0,0.04395604395604391,0.5219780219780219,0.22568965517241377,116
3,0,"1,3,5",SAFE-Embed,0.15,DtACI,blocked,0.5875331564986738,0.2417582417582418,0.7582417582417582,0.85,-0.6082417582417582,91,0.001,0.7758620689655172,0.2417582417582418,0.5088101553618796,0.6942222222222223,90
3,0,"1,3,5",SAFE-Embed,0.15,DtACI (grow cal),blocked,0.5875331564986738,0.6703296703296704,0.32967032967032966,0.85,-0.1796703296703296,91,0.08001063996100674,0.5086206896551724,0.6703296703296704,0.5894751799924214,0.7715254237288136,59
3,0,"1,3,5",SAFE-Embed,0.15,ACI g=0.005,blocked,0.5875331564986738,0.21978021978021978,0.7802197802197802,0.85,-0.6302197802197802,91,0.001,0.7844827586206896,0.21978021978021978,0.5021314892004547,0.696923076923077,91
3,0,"1,3,5",SAFE-Embed,0.15,ACI g=0.005 (grow cal),blocked,0.5875331564986738,0.6593406593406593,0.34065934065934067,0.85,-0.19065934065934065,91,0.06249999999999992,0.5,0.6593406593406593,0.5796703296703296,0.7662068965517241,58
3,0,"1,3,5",SAFE-Embed,0.15,ACI g=0.01,blocked,0.5875331564986738,0.2857142857142857,0.7142857142857143,0.85,-0.5642857142857143,91,0.001,0.6982758620689655,0.2857142857142857,0.4919950738916256,0.7004938271604938,81
3,0,"1,3,5",SAFE-Embed,0.15,ACI g=0.01 (grow cal),blocked,0.5875331564986738,0.7362637362637363,0.26373626373626374,0.85,-0.11373626373626367,91,0.04499999999999995,0.4051724137931034,0.7362637362637363,0.5707180750284199,0.7578723404255319,47
3,0,"1,3,5",SAFE-Embed,0.15,ACI g=0.05,blocked,0.5875331564986738,0.39560439560439564,0.6043956043956044,0.85,-0.45439560439560434,91,0.001,0.6724137931034483,0.39560439560439564,0.534009094353922,0.6846153846153847,78
3,0,"1,3,5",SAFE-Embed,0.15,ACI g=0.05 (grow cal),blocked,0.5875331564986738,0.8021978021978022,0.1978021978021978,0.85,-0.04780219780219774,91,0.1060000000000001,0.47413793103448276,0.8021978021978022,0.6381678666161426,0.7683636363636364,55
3,0,"1,3,5",SAFE-Embed,0.15,split CP (SAFE),shuffled,0.5875331564986738,0.04395604395604391,0.9560439560439561,0.85,-0.8060439560439561,91,0.15,1.0,0.04395604395604391,0.5219780219780219,0.19689655172413792,116
3,0,"1,3,5",SAFE-Embed,0.15,split CP (n+1 corr.),shuffled,0.5875331564986738,0.04395604395604391,0.9560439560439561,0.85,-0.8060439560439561,91,0.15,1.0,0.04395604395604391,0.5219780219780219,0.22568965517241377,116
3,0,"1,3,5",SAFE-Embed,0.15,DtACI,shuffled,0.5875331564986738,0.31868131868131866,0.6813186813186813,0.85,-0.5313186813186813,91,0.001,0.7155172413793104,0.31868131868131866,0.5170992800303145,0.5901204819277108,83
3,0,"1,3,5",SAFE-Embed,0.15,DtACI (grow cal),shuffled,0.5875331564986738,0.7802197802197802,0.21978021978021978,0.85,-0.06978021978021975,91,0.13176676838852702,0.4224137931034483,0.7802197802197802,0.6013167866616143,0.7546938775510204,49
3,0,"1,3,5",SAFE-Embed,0.15,ACI g=0.005,shuffled,0.5875331564986738,0.2857142857142857,0.7142857142857143,0.85,-0.5642857142857143,91,0.001,0.75,0.2857142857142857,0.5178571428571428,0.47057471264367823,87
3,0,"1,3,5",SAFE-Embed,0.15,ACI g=0.005 (grow cal),shuffled,0.5875331564986738,0.7802197802197802,0.21978021978021978,0.85,-0.06978021978021975,91,0.11824999999999997,0.41379310344827586,0.7802197802197802,0.5970064418340281,0.71625,48
3,0,"1,3,5",SAFE-Embed,0.15,ACI g=0.01,shuffled,0.5875331564986738,0.37362637362637363,0.6263736263736264,0.85,-0.47637362637362635,91,0.001,0.6724137931034483,0.37362637362637363,0.523020083364911,0.5597435897435898,78
3,0,"1,3,5",SAFE-Embed,0.15,ACI g=0.01 (grow cal),shuffled,0.5875331564986738,0.7912087912087912,0.2087912087912088,0.85,-0.058791208791208804,91,0.09649999999999995,0.39655172413793105,0.7912087912087912,0.5938802576733611,0.722608695652174,46
3,0,"1,3,5",SAFE-Embed,0.15,ACI g=0.05,shuffled,0.5875331564986738,0.4285714285714286,0.5714285714285714,0.85,-0.4214285714285714,91,0.001,0.6637931034482759,0.4285714285714286,0.5461822660098523,0.6836363636363636,77
3,0,"1,3,5",SAFE-Embed,0.15,ACI g=0.05 (grow cal),shuffled,0.5875331564986738,0.8461538461538461,0.15384615384615385,0.85,-0.0038461538461538325,91,0.14600000000000032,0.3879310344827586,0.8461538461538461,0.6170424403183024,0.7586666666666668,45
3,0,"1,3,5",SAFE-Embed,0.15,split CP (SAFE),exch,0.5875331564986738,0.875,0.125,0.85,0.025000000000000022,16,0.15,0.41379310344827586,0.875,0.6443965517241379,0.5458333333333333,24
3,0,"1,3,5",SAFE-Embed,0.15,split CP (n+1 corr.),exch,0.5875331564986738,0.875,0.125,0.85,0.025000000000000022,16,0.15,0.3793103448275862,0.875,0.6271551724137931,0.5763636363636364,22
3,0,"1,3,5",SAFE-Embed,0.15,DtACI,exch,0.5875331564986738,0.8125,0.1875,0.85,-0.03749999999999998,16,0.09713013477741006,0.41379310344827586,0.8125,0.6131465517241379,0.5241666666666667,24
3,0,"1,3,5",SAFE-Embed,0.15,DtACI (grow cal),exch,0.5875331564986738,0.75,0.25,0.85,-0.09999999999999998,16,0.04686172888917041,0.43103448275862066,0.75,0.5905172413793103,0.5071999999999999,25
3,0,"1,3,5",SAFE-Embed,0.15,ACI g=0.005,exch,0.5875331564986738,0.875,0.125,0.85,0.025000000000000022,16,0.152,0.41379310344827586,0.875,0.6443965517241379,0.5458333333333333,24
3,0,"1,3,5",SAFE-Embed,0.15,ACI g=0.005 (grow cal),exch,0.5875331564986738,0.8125,0.1875,0.85,-0.03749999999999998,16,0.147,0.41379310344827586,0.8125,0.6131465517241379,0.51,24
3,0,"1,3,5",SAFE-Embed,0.15,ACI g=0.01,exch,0.5875331564986738,0.875,0.125,0.85,0.025000000000000022,16,0.154,0.41379310344827586,0.875,0.6443965517241379,0.5458333333333333,24
3,0,"1,3,5",SAFE-Embed,0.15,ACI g=0.01 (grow cal),exch,0.5875331564986738,0.8125,0.1875,0.85,-0.03749999999999998,16,0.144,0.41379310344827586,0.8125,0.6131465517241379,0.5083333333333333,24
3,0,"1,3,5",SAFE-Embed,0.15,ACI g=0.05,exch,0.5875331564986738,0.8125,0.1875,0.85,-0.03749999999999998,16,0.12000000000000005,0.41379310344827586,0.8125,0.6131465517241379,0.5258333333333334,24
3,0,"1,3,5",SAFE-Embed,0.15,ACI g=0.05 (grow cal),exch,0.5875331564986738,0.8125,0.1875,0.85,-0.03749999999999998,16,0.12000000000000005,0.4482758620689655,0.8125,0.6303879310344828,0.5023076923076923,26
3,0,"1,3,5",SAFE-Embed,0.2,split CP (SAFE),blocked,0.5875331564986738,0.01098901098901095,0.989010989010989,0.8,-0.7890109890109891,91,0.2,1.0,0.01098901098901095,0.5054945054945055,0.1524137931034483,116
3,0,"1,3,5",SAFE-Embed,0.2,split CP (n+1 corr.),blocked,0.5875331564986738,0.04395604395604391,0.9560439560439561,0.8,-0.7560439560439561,91,0.2,1.0,0.04395604395604391,0.5219780219780219,0.19000000000000003,116
3,0,"1,3,5",SAFE-Embed,0.2,DtACI,blocked,0.5875331564986738,0.21978021978021978,0.7802197802197802,0.8,-0.5802197802197803,91,0.001,0.7672413793103449,0.21978021978021978,0.4935107995452823,0.669438202247191,89
3,0,"1,3,5",SAFE-Embed,0.2,DtACI (grow cal),blocked,0.5875331564986738,0.5714285714285714,0.42857142857142855,0.8,-0.22857142857142865,91,0.10909356582581592,0.5603448275862069,0.5714285714285714,0.5658866995073891,0.7664615384615384,65
3,0,"1,3,5",SAFE-Embed,0.2,ACI g=0.005,blocked,0.5875331564986738,0.1648351648351648,0.8351648351648352,0.8,-0.6351648351648352,91,0.001,0.853448275862069,0.1648351648351648,0.5091417203486168,0.5991919191919193,99
3,0,"1,3,5",SAFE-Embed,0.2,ACI g=0.005 (grow cal),blocked,0.5875331564986738,0.5714285714285714,0.42857142857142855,0.8,-0.22857142857142865,91,0.09499999999999992,0.5689655172413793,0.5714285714285714,0.5701970443349753,0.7718181818181817,66
3,0,"1,3,5",SAFE-Embed,0.2,ACI g=0.01,blocked,0.5875331564986738,0.23076923076923073,0.7692307692307693,0.8,-0.5692307692307693,91,0.001,0.7413793103448276,0.23076923076923073,0.4860742705570292,0.6883720930232557,86
3,0,"1,3,5",SAFE-Embed,0.2,ACI g=0.01 (grow cal),blocked,0.5875331564986738,0.6593406593406593,0.34065934065934067,0.8,-0.14065934065934071,91,0.06999999999999997,0.47413793103448276,0.6593406593406593,0.566739295187571,0.7639999999999999,55
3,0,"1,3,5",SAFE-Embed,0.2,ACI g=0.05,blocked,0.5875331564986738,0.37362637362637363,0.6263736263736264,0.8,-0.4263736263736264,91,0.001,0.6724137931034483,0.37362637362637363,0.523020083364911,0.6717948717948717,78
3,0,"1,3,5",SAFE-Embed,0.2,ACI g=0.05 (grow cal),blocked,0.5875331564986738,0.7582417582417582,0.24175824175824176,0.8,-0.04175824175824183,91,0.11100000000000015,0.5086206896551724,0.7582417582417582,0.6334312239484653,0.764406779661017,59
3,0,"1,3,5",SAFE-Embed,0.2,split CP (SAFE),shuffled,0.5875331564986738,0.01098901098901095,0.989010989010989,0.8,-0.7890109890109891,91,0.2,1.0,0.01098901098901095,0.5054945054945055,0.15241379310344827,116
3,0,"1,3,5",SAFE-Embed,0.2,split CP (n+1 corr.),shuffled,0.5875331564986738,0.04395604395604391,0.9560439560439561,0.8,-0.7560439560439561,91,0.2,1.0,0.04395604395604391,0.5219780219780219,0.18999999999999997,116
3,0,"1,3,5",SAFE-Embed,0.2,DtACI,shuffled,0.5875331564986738,0.2857142857142857,0.7142857142857143,0.8,-0.5142857142857143,91,0.001,0.75,0.2857142857142857,0.5178571428571428,0.5142528735632184,87
3,0,"1,3,5",SAFE-Embed,0.2,DtACI (grow cal),shuffled,0.5875331564986738,0.7032967032967032,0.2967032967032967,0.8,-0.0967032967032968,91,0.14346393622097076,0.46551724137931033,0.7032967032967032,0.5844069723380068,0.7166666666666667,54
3,0,"1,3,5",SAFE-Embed,0.2,ACI g=0.005,shuffled,0.5875331564986738,0.19780219780219777,0.8021978021978022,0.8,-0.6021978021978023,91,0.001,0.7844827586206896,0.19780219780219777,0.4911424782114437,0.3560439560439561,91
3,0,"1,3,5",SAFE-Embed,0.2,ACI g=0.005 (grow cal),shuffled,0.5875331564986738,0.6923076923076923,0.3076923076923077,0.8,-0.10769230769230775,91,0.15099999999999997,0.5086206896551724,0.6923076923076923,0.6004641909814323,0.6799999999999999,59
3,0,"1,3,5",SAFE-Embed,0.2,ACI g=0.01,shuffled,0.5875331564986738,0.34065934065934067,0.6593406593406593,0.8,-0.4593406593406594,91,0.001,0.7327586206896551,0.34065934065934067,0.5367089806744979,0.4934117647058825,85
3,0,"1,3,5",SAFE-Embed,0.2,ACI g=0.01 (grow cal),shuffled,0.5875331564986738,0.7362637362637363,0.26373626373626374,0.8,-0.06373626373626373,91,0.14199999999999996,0.4827586206896552,0.7362637362637363,0.6095111784766958,0.6903571428571428,56
3,0,"1,3,5",SAFE-Embed,0.2,ACI g=0.05,shuffled,0.5875331564986738,0.41758241758241754,0.5824175824175825,0.8,-0.3824175824175825,91,0.001,0.6810344827586207,0.41758241758241754,0.5493084501705191,0.6443037974683544,79
3,0,"1,3,5",SAFE-Embed,0.2,ACI g=0.05 (grow cal),shuffled,0.5875331564986738,0.7802197802197802,0.21978021978021978,0.8,-0.01978021978021982,91,0.1100000000000004,0.43103448275862066,0.7802197802197802,0.6056271314892004,0.7524000000000001,50
3,0,"1,3,5",SAFE-Embed,0.2,split CP (SAFE),exch,0.5875331564986738,0.875,0.125,0.8,0.07499999999999996,16,0.2,0.46551724137931033,0.875,0.6702586206896551,0.522962962962963,27
3,0,"1,3,5",SAFE-Embed,0.2,split CP (n+1 corr.),exch,0.5875331564986738,0.875,0.125,0.8,0.07499999999999996,16,0.2,0.43103448275862066,0.875,0.6530172413793103,0.5616,25
3,0,"1,3,5",SAFE-Embed,0.2,DtACI,exch,0.5875331564986738,0.8125,0.1875,0.8,0.012499999999999956,16,0.16670532075155922,0.46551724137931033,0.8125,0.6390086206896551,0.5051851851851852,27
3,0,"1,3,5",SAFE-Embed,0.2,DtACI (grow cal),exch,0.5875331564986738,0.6875,0.3125,0.8,-0.11250000000000004,16,0.10991481286782077,0.5,0.6875,0.59375,0.5413793103448276,29
3,0,"1,3,5",SAFE-Embed,0.2,ACI g=0.005,exch,0.5875331564986738,0.875,0.125,0.8,0.07499999999999996,16,0.20600000000000002,0.46551724137931033,0.875,0.6702586206896551,0.5103703703703704,27
3,0,"1,3,5",SAFE-Embed,0.2,ACI g=0.005 (grow cal),exch,0.5875331564986738,0.8125,0.1875,0.8,0.012499999999999956,16,0.201,0.46551724137931033,0.8125,0.6390086206896551,0.5014814814814815,27
3,0,"1,3,5",SAFE-Embed,0.2,ACI g=0.01,exch,0.5875331564986738,0.8125,0.1875,0.8,0.012499999999999956,16,0.202,0.46551724137931033,0.8125,0.6390086206896551,0.508888888888889,27
3,0,"1,3,5",SAFE-Embed,0.2,ACI g=0.01 (grow cal),exch,0.5875331564986738,0.8125,0.1875,0.8,0.012499999999999956,16,0.202,0.46551724137931033,0.8125,0.6390086206896551,0.5014814814814815,27
3,0,"1,3,5",SAFE-Embed,0.2,ACI g=0.05,exch,0.5875331564986738,0.8125,0.1875,0.8,0.012499999999999956,16,0.2100000000000001,0.46551724137931033,0.8125,0.6390086206896551,0.5007407407407407,27
3,0,"1,3,5",SAFE-Embed,0.2,ACI g=0.05 (grow cal),exch,0.5875331564986738,0.75,0.25,0.8,-0.050000000000000044,16,0.16000000000000011,0.5,0.75,0.625,0.5262068965517241,29
3,0,"1,3,5",SAFE-Embed,0.25,split CP (SAFE),blocked,0.5875331564986738,0.0,1.0,0.75,-0.75,91,0.25,1.0,0.0,0.5,0.1403448275862069,116
3,0,"1,3,5",SAFE-Embed,0.25,split CP (n+1 corr.),blocked,0.5875331564986738,0.0,1.0,0.75,-0.75,91,0.25,1.0,0.0,0.5,0.1803448275862069,116
3,0,"1,3,5",SAFE-Embed,0.25,DtACI,blocked,0.5875331564986738,0.18681318681318682,0.8131868131868132,0.75,-0.5631868131868132,91,0.001,0.7931034482758621,0.18681318681318682,0.48995831754452446,0.7365217391304347,92
3,0,"1,3,5",SAFE-Embed,0.25,DtACI (grow cal),blocked,0.5875331564986738,0.4945054945054945,0.5054945054945055,0.75,-0.2554945054945055,91,0.12210000592604509,0.6120689655172413,0.4945054945054945,0.5532872300113679,0.8112676056338027,71
3,0,"1,3,5",SAFE-Embed,0.25,ACI g=0.005,blocked,0.5875331564986738,0.1208791208791209,0.8791208791208791,0.75,-0.6291208791208791,91,0.001,0.9051724137931034,0.1208791208791209,0.5130257673361122,0.5820952380952381,105
3,0,"1,3,5",SAFE-Embed,0.25,ACI g=0.005 (grow cal),blocked,0.5875331564986738,0.5054945054945055,0.4945054945054945,0.75,-0.24450549450549453,91,0.1374999999999999,0.603448275862069,0.5054945054945055,0.5544713906782872,0.8051428571428572,70
3,0,"1,3,5",SAFE-Embed,0.25,ACI g=0.01,blocked,0.5875331564986738,0.17582417582417587,0.8241758241758241,0.75,-0.5741758241758241,91,0.001,0.7844827586206896,0.17582417582417587,0.48015346722243274,0.7384615384615385,91
3,0,"1,3,5",SAFE-Embed,0.25,ACI g=0.01 (grow cal),blocked,0.5875331564986738,0.5934065934065934,0.4065934065934066,0.75,-0.1565934065934066,91,0.1049999999999999,0.5689655172413793,0.5934065934065934,0.5811860553239864,0.8087878787878787,66
3,0,"1,3,5",SAFE-Embed,0.25,ACI g=0.05,blocked,0.5875331564986738,0.34065934065934067,0.6593406593406593,0.75,-0.40934065934065933,91,0.001,0.7068965517241379,0.34065934065934067,0.5237779461917393,0.7531707317073172,82
3,0,"1,3,5",SAFE-Embed,0.25,ACI g=0.05 (grow cal),blocked,0.5875331564986738,0.7142857142857143,0.2857142857142857,0.75,-0.0357142857142857,91,0.1385000000000001,0.5086206896551724,0.7142857142857143,0.6114532019704433,0.8044067796610169,59
3,0,"1,3,5",SAFE-Embed,0.25,split CP (SAFE),shuffled,0.5875331564986738,0.0,1.0,0.75,-0.75,91,0.25,1.0,0.0,0.5,0.14034482758620687,116
3,0,"1,3,5",SAFE-Embed,0.25,split CP (n+1 corr.),shuffled,0.5875331564986738,0.0,1.0,0.75,-0.75,91,0.25,1.0,0.0,0.5,0.18034482758620687,116
3,0,"1,3,5",SAFE-Embed,0.25,DtACI,shuffled,0.5875331564986738,0.27472527472527475,0.7252747252747253,0.75,-0.47527472527472525,91,0.0010000000000000002,0.7413793103448276,0.27472527472527475,0.5080522925350512,0.6486046511627906,86
3,0,"1,3,5",SAFE-Embed,0.25,DtACI (grow cal),shuffled,0.5875331564986738,0.6483516483516483,0.3516483516483517,0.75,-0.10164835164835173,91,0.18731768091979337,0.5344827586206896,0.6483516483516483,0.5914172034861689,0.7809677419354838,62
3,0,"1,3,5",SAFE-Embed,0.25,ACI g=0.005,shuffled,0.5875331564986738,0.1428571428571429,0.8571428571428571,0.75,-0.6071428571428571,91,0.001,0.8448275862068966,0.1428571428571429,0.49384236453201974,0.35693877551020403,98
3,0,"1,3,5",SAFE-Embed,0.25,ACI g=0.005 (grow cal),shuffled,0.5875331564986738,0.6263736263736264,0.37362637362637363,0.75,-0.12362637362637363,91,0.19374999999999995,0.5603448275862069,0.6263736263736264,0.5933592269799166,0.7252307692307693,65
3,0,"1,3,5",SAFE-Embed,0.25,ACI g=0.01,shuffled,0.5875331564986738,0.27472527472527475,0.7252747252747253,0.75,-0.47527472527472525,91,0.001,0.7758620689655172,0.27472527472527475,0.525293671845396,0.49511111111111106,90
3,0,"1,3,5",SAFE-Embed,0.25,ACI g=0.01 (grow cal),shuffled,0.5875331564986738,0.6703296703296704,0.32967032967032966,0.75,-0.07967032967032961,91,0.17749999999999994,0.5172413793103449,0.6703296703296704,0.5937855248200077,0.7313333333333333,60
3,0,"1,3,5",SAFE-Embed,0.25,ACI g=0.05,shuffled,0.5875331564986738,0.37362637362637363,0.6263736263736264,0.75,-0.37637362637362637,91,0.001,0.6896551724137931,0.37362637362637363,0.5316407730200834,0.688,80
3,0,"1,3,5",SAFE-Embed,0.25,ACI g=0.05 (grow cal),shuffled,0.5875331564986738,0.7252747252747253,0.27472527472527475,0.75,-0.02472527472527475,91,0.13750000000000037,0.45689655172413796,0.7252747252747253,0.5910856384994316,0.7781132075471696,53
3,0,"1,3,5",SAFE-Embed,0.25,split CP (SAFE),exch,0.5875331564986738,0.875,0.125,0.75,0.125,16,0.25,0.5517241379310345,0.875,0.7133620689655172,0.5525,32
3,0,"1,3,5",SAFE-Embed,0.25,split CP (n+1 corr.),exch,0.5875331564986738,0.875,0.125,0.75,0.125,16,0.25,0.5172413793103449,0.875,0.6961206896551724,0.604,30
3,0,"1,3,5",SAFE-Embed,0.25,DtACI,exch,0.5875331564986738,0.6875,0.3125,0.75,-0.0625,16,0.17078001069352483,0.5517241379310345,0.6875,0.6196120689655172,0.55625,32
3,0,"1,3,5",SAFE-Embed,0.25,DtACI (grow cal),exch,0.5875331564986738,0.6875,0.3125,0.75,-0.0625,16,0.1690548760166931,0.5517241379310345,0.6875,0.6196120689655172,0.54125,32
3,0,"1,3,5",SAFE-Embed,0.25,ACI g=0.005,exch,0.5875331564986738,0.875,0.125,0.75,0.125,16,0.2599999999999997,0.5517241379310345,0.875,0.7133620689655172,0.55,32
3,0,"1,3,5",SAFE-Embed,0.25,ACI g=0.005 (grow cal),exch,0.5875331564986738,0.8125,0.1875,0.75,0.0625,16,0.2549999999999997,0.5689655172413793,0.8125,0.6907327586206897,0.5569696969696968,33
3,0,"1,3,5",SAFE-Embed,0.25,ACI g=0.01,exch,0.5875331564986738,0.875,0.125,0.75,0.125,16,0.27,0.5517241379310345,0.875,0.7133620689655172,0.5493750000000001,32
3,0,"1,3,5",SAFE-Embed,0.25,ACI g=0.01 (grow cal),exch,0.5875331564986738,0.8125,0.1875,0.75,0.0625,16,0.26,0.5689655172413793,0.8125,0.6907327586206897,0.5557575757575757,33
3,0,"1,3,5",SAFE-Embed,0.25,ACI g=0.05,exch,0.5875331564986738,0.75,0.25,0.75,0.0,16,0.2500000000000001,0.5517241379310345,0.75,0.6508620689655172,0.5462499999999999,32
3,0,"1,3,5",SAFE-Embed,0.25,ACI g=0.05 (grow cal),exch,0.5875331564986738,0.6875,0.3125,0.75,-0.0625,16,0.20000000000000018,0.5517241379310345,0.6875,0.6196120689655172,0.54375,32
3,0,"1,3,5",H&S inter+intra,0.1,split CP (SAFE),blocked,0.6720348616900341,0.9230769230769231,0.07692307692307693,0.9,0.023076923076923106,91,0.1,0.27586206896551724,0.9230769230769231,0.5994694960212201,0.71125,32
3,0,"1,3,5",H&S inter+intra,0.1,split CP (n+1 corr.),blocked,0.6720348616900341,0.9340659340659341,0.06593406593406594,0.9,0.034065934065934056,91,0.1,0.20689655172413793,0.9340659340659341,0.570481242895036,0.7266666666666666,24
3,0,"1,3,5",H&S inter+intra,0.1,DtACI,blocked,0.6720348616900341,0.8901098901098901,0.10989010989010989,0.9,-0.009890109890109966,91,0.16007667678771684,0.3793103448275862,0.8901098901098901,0.6347101174687382,0.6940909090909091,44
3,0,"1,3,5",H&S inter+intra,0.1,DtACI (grow cal),blocked,0.6720348616900341,0.9010989010989011,0.0989010989010989,0.9,0.001098901098901095,91,0.11965499999982974,0.3448275862068966,0.9010989010989011,0.6229632436528989,0.679,40
3,0,"1,3,5",H&S inter+intra,0.1,ACI g=0.005,blocked,0.6720348616900341,0.9230769230769231,0.07692307692307693,0.9,0.023076923076923106,91,0.11000000000000001,0.29310344827586204,0.9230769230769231,0.6080901856763926,0.7023529411764706,34
3,0,"1,3,5",H&S inter+intra,0.1,ACI g=0.005 (grow cal),blocked,0.6720348616900341,0.9230769230769231,0.07692307692307693,0.9,0.023076923076923106,91,0.11000000000000001,0.3103448275862069,0.9230769230769231,0.616710875331565,0.6933333333333335,36
3,0,"1,3,5",H&S inter+intra,0.1,ACI g=0.01,blocked,0.6720348616900341,0.9230769230769231,0.07692307692307693,0.9,0.023076923076923106,91,0.12000000000000002,0.31896551724137934,0.9230769230769231,0.6210212201591512,0.724864864864865,37
3,0,"1,3,5",H&S inter+intra,0.1,ACI g=0.01 (grow cal),blocked,0.6720348616900341,0.9230769230769231,0.07692307692307693,0.9,0.023076923076923106,91,0.12000000000000002,0.33620689655172414,0.9230769230769231,0.6296419098143237,0.6938461538461539,39
3,0,"1,3,5",H&S inter+intra,0.1,ACI g=0.05,blocked,0.6720348616900341,0.9120879120879121,0.08791208791208792,0.9,0.012087912087912045,91,0.15000000000000027,0.35344827586206895,0.9120879120879121,0.6327680939749905,0.6731707317073171,41
3,0,"1,3,5",H&S inter+intra,0.1,ACI g=0.05 (grow cal),blocked,0.6720348616900341,0.9010989010989011,0.0989010989010989,0.9,0.001098901098901095,91,0.10000000000000026,0.3103448275862069,0.9010989010989011,0.605721864342554,0.6861111111111111,36
3,0,"1,3,5",H&S inter+intra,0.1,split CP (SAFE),shuffled,0.6720348616900341,0.9230769230769231,0.07692307692307693,0.9,0.023076923076923106,91,0.1,0.27586206896551724,0.9230769230769231,0.5994694960212201,0.7112499999999999,32
3,0,"1,3,5",H&S inter+intra,0.1,split CP (n+1 corr.),shuffled,0.6720348616900341,0.9340659340659341,0.06593406593406594,0.9,0.034065934065934056,91,0.1,0.20689655172413793,0.9340659340659341,0.570481242895036,0.7266666666666666,24
3,0,"1,3,5",H&S inter+intra,0.1,DtACI,shuffled,0.6720348616900341,0.9120879120879121,0.08791208791208792,0.9,0.012087912087912045,91,0.11437500000000009,0.33620689655172414,0.9120879120879121,0.6241474043198181,0.6523076923076924,39
3,0,"1,3,5",H&S inter+intra,0.1,DtACI (grow cal),shuffled,0.6720348616900341,0.8681318681318682,0.13186813186813187,0.9,-0.031868131868131866,91,0.11181742330262995,0.3793103448275862,0.8681318681318682,0.6237211064797272,0.6763636363636364,44
3,0,"1,3,5",H&S inter+intra,0.1,ACI g=0.005,shuffled,0.6720348616900341,0.9230769230769231,0.07692307692307693,0.9,0.023076923076923106,91,0.11050000000000001,0.29310344827586204,0.9230769230769231,0.6080901856763926,0.7023529411764706,34
3,0,"1,3,5",H&S inter+intra,0.1,ACI g=0.005 (grow cal),shuffled,0.6720348616900341,0.9120879120879121,0.08791208791208792,0.9,0.012087912087912045,91,0.10550000000000001,0.35344827586206895,0.9120879120879121,0.6327680939749905,0.7014634146341464,41
3,0,"1,3,5",H&S inter+intra,0.1,ACI g=0.01,shuffled,0.6720348616900341,0.9230769230769231,0.07692307692307693,0.9,0.023076923076923106,91,0.12100000000000002,0.31896551724137934,0.9230769230769231,0.6210212201591512,0.724864864864865,37
3,0,"1,3,5",H&S inter+intra,0.1,ACI g=0.01 (grow cal),shuffled,0.6720348616900341,0.9120879120879121,0.08791208791208792,0.9,0.012087912087912045,91,0.11100000000000002,0.3879310344827586,0.9120879120879121,0.6500094732853353,0.6964444444444445,45
3,0,"1,3,5",H&S inter+intra,0.1,ACI g=0.05,shuffled,0.6720348616900341,0.9010989010989011,0.0989010989010989,0.9,0.001098901098901095,91,0.10500000000000026,0.3620689655172414,0.9010989010989011,0.6315839333080713,0.6876190476190477,42
3,0,"1,3,5",H&S inter+intra,0.1,ACI g=0.05 (grow cal),shuffled,0.6720348616900341,0.9010989010989011,0.0989010989010989,0.9,0.001098901098901095,91,0.10500000000000026,0.35344827586206895,0.9010989010989011,0.627273588480485,0.673170731707317,41
3,0,"1,3,5",H&S inter+intra,0.1,split CP (SAFE),exch,0.6720348616900341,0.875,0.125,0.9,-0.025000000000000022,16,0.1,0.3620689655172414,0.875,0.6185344827586207,0.8933333333333332,21
3,0,"1,3,5",H&S inter+intra,0.1,split CP (n+1 corr.),exch,0.6720348616900341,0.875,0.125,0.9,-0.025000000000000022,16,0.1,0.27586206896551724,0.875,0.5754310344827587,0.86625,16
3,0,"1,3,5",H&S inter+intra,0.1,DtACI,exch,0.6720348616900341,0.8125,0.1875,0.9,-0.08750000000000002,16,0.05625000000000001,0.3620689655172414,0.8125,0.5872844827586207,0.8933333333333332,21
3,0,"1,3,5",H&S inter+intra,0.1,DtACI (grow cal),exch,0.6720348616900341,0.8125,0.1875,0.9,-0.08750000000000002,16,0.052500000000000005,0.3620689655172414,0.8125,0.5872844827586207,0.8704761904761904,21
3,0,"1,3,5",H&S inter+intra,0.1,ACI g=0.005,exch,0.6720348616900341,0.875,0.125,0.9,-0.025000000000000022,16,0.098,0.3620689655172414,0.875,0.6185344827586207,0.8933333333333332,21
3,0,"1,3,5",H&S inter+intra,0.1,ACI g=0.005 (grow cal),exch,0.6720348616900341,0.8125,0.1875,0.9,-0.08750000000000002,16,0.093,0.3620689655172414,0.8125,0.5872844827586207,0.8933333333333332,21
3,0,"1,3,5",H&S inter+intra,0.1,ACI g=0.01,exch,0.6720348616900341,0.875,0.125,0.9,-0.025000000000000022,16,0.096,0.3620689655172414,0.875,0.6185344827586207,0.8933333333333332,21
3,0,"1,3,5",H&S inter+intra,0.1,ACI g=0.01 (grow cal),exch,0.6720348616900341,0.8125,0.1875,0.9,-0.08750000000000002,16,0.086,0.3620689655172414,0.8125,0.5872844827586207,0.8933333333333332,21
3,0,"1,3,5",H&S inter+intra,0.1,ACI g=0.05,exch,0.6720348616900341,0.8125,0.1875,0.9,-0.08750000000000002,16,0.030000000000000034,0.3620689655172414,0.8125,0.5872844827586207,0.8933333333333332,21
3,0,"1,3,5",H&S inter+intra,0.1,ACI g=0.05 (grow cal),exch,0.6720348616900341,0.8125,0.1875,0.9,-0.08750000000000002,16,0.030000000000000034,0.3620689655172414,0.8125,0.5872844827586207,0.8933333333333332,21
3,0,"1,3,5",H&S inter+intra,0.15,split CP (SAFE),blocked,0.6720348616900341,0.9120879120879121,0.08791208791208792,0.85,0.06208791208791209,91,0.15,0.35344827586206895,0.9120879120879121,0.6327680939749905,0.7019512195121952,41
3,0,"1,3,5",H&S inter+intra,0.15,split CP (n+1 corr.),blocked,0.6720348616900341,0.9230769230769231,0.07692307692307693,0.85,0.07307692307692315,91,0.15,0.25862068965517243,0.9230769230769231,0.5908488063660478,0.6933333333333335,30
3,0,"1,3,5",H&S inter+intra,0.15,DtACI,blocked,0.6720348616900341,0.8461538461538461,0.15384615384615385,0.85,-0.0038461538461538325,91,0.19959278190509638,0.39655172413793105,0.8461538461538461,0.6213527851458887,0.6647826086956522,46
3,0,"1,3,5",H&S inter+intra,0.15,DtACI (grow cal),blocked,0.6720348616900341,0.8461538461538461,0.15384615384615385,0.85,-0.0038461538461538325,91,0.1995625000000005,0.41379310344827586,0.8461538461538461,0.629973474801061,0.6675000000000001,48
3,0,"1,3,5",H&S inter+intra,0.15,ACI g=0.005,blocked,0.6720348616900341,0.8901098901098901,0.10989010989010989,0.85,0.04010989010989008,91,0.1675,0.3793103448275862,0.8901098901098901,0.6347101174687382,0.705909090909091,44
3,0,"1,3,5",H&S inter+intra,0.15,ACI g=0.005 (grow cal),blocked,0.6720348616900341,0.8791208791208791,0.12087912087912088,0.85,0.02912087912087913,91,0.1625,0.4051724137931034,0.8791208791208791,0.6421466464569913,0.6859574468085107,47
3,0,"1,3,5",H&S inter+intra,0.15,ACI g=0.01,blocked,0.6720348616900341,0.8901098901098901,0.10989010989010989,0.85,0.04010989010989008,91,0.18500000000000003,0.3879310344827586,0.8901098901098901,0.6390204622963244,0.692888888888889,45
3,0,"1,3,5",H&S inter+intra,0.15,ACI g=0.01 (grow cal),blocked,0.6720348616900341,0.8791208791208791,0.12087912087912088,0.85,0.02912087912087913,91,0.17500000000000002,0.4051724137931034,0.8791208791208791,0.6421466464569913,0.6787234042553191,47
3,0,"1,3,5",H&S inter+intra,0.15,ACI g=0.05,blocked,0.6720348616900341,0.8571428571428572,0.14285714285714285,0.85,0.0071428571428572285,91,0.17500000000000038,0.3793103448275862,0.8571428571428572,0.6182266009852218,0.6877272727272727,44
3,0,"1,3,5",H&S inter+intra,0.15,ACI g=0.05 (grow cal),blocked,0.6720348616900341,0.8571428571428572,0.14285714285714285,0.85,0.0071428571428572285,91,0.17500000000000035,0.35344827586206895,0.8571428571428572,0.6052955665024631,0.6731707317073171,41
3,0,"1,3,5",H&S inter+intra,0.15,split CP (SAFE),shuffled,0.6720348616900341,0.9120879120879121,0.08791208791208792,0.85,0.06208791208791209,91,0.15,0.35344827586206895,0.9120879120879121,0.6327680939749905,0.7019512195121951,41
3,0,"1,3,5",H&S inter+intra,0.15,split CP (n+1 corr.),shuffled,0.6720348616900341,0.9230769230769231,0.07692307692307693,0.85,0.07307692307692315,91,0.15,0.25862068965517243,0.9230769230769231,0.5908488063660478,0.6933333333333334,30
3,0,"1,3,5",H&S inter+intra,0.15,DtACI,shuffled,0.6720348616900341,0.8351648351648352,0.16483516483516483,0.85,-0.014835164835164782,91,0.2144862500000004,0.43103448275862066,0.8351648351648352,0.6330996589617279,0.6492,50
3,0,"1,3,5",H&S inter+intra,0.15,DtACI (grow cal),shuffled,0.6720348616900341,0.8021978021978022,0.1978021978021978,0.85,-0.04780219780219774,91,0.21391125000000036,0.4482758620689655,0.8021978021978022,0.6252368321333839,0.6230769230769231,52
3,0,"1,3,5",H&S inter+intra,0.15,ACI g=0.005,shuffled,0.6720348616900341,0.9010989010989011,0.0989010989010989,0.85,0.05109890109890114,91,0.17325000000000002,0.3879310344827586,0.9010989010989011,0.6445149677908298,0.7022222222222223,45
3,0,"1,3,5",H&S inter+intra,0.15,ACI g=0.005 (grow cal),shuffled,0.6720348616900341,0.8461538461538461,0.15384615384615385,0.85,-0.0038461538461538325,91,0.14825,0.4396551724137931,0.8461538461538461,0.6429045092838196,0.6752941176470586,51
3,0,"1,3,5",H&S inter+intra,0.15,ACI g=0.01,shuffled,0.6720348616900341,0.8901098901098901,0.10989010989010989,0.85,0.04010989010989008,91,0.18650000000000003,0.3879310344827586,0.8901098901098901,0.6390204622963244,0.7008888888888889,45
3,0,"1,3,5",H&S inter+intra,0.15,ACI g=0.01 (grow cal),shuffled,0.6720348616900341,0.8461538461538461,0.15384615384615385,0.85,-0.0038461538461538325,91,0.1465,0.4396551724137931,0.8461538461538461,0.6429045092838196,0.6749019607843135,51
3,0,"1,3,5",H&S inter+intra,0.15,ACI g=0.05,shuffled,0.6720348616900341,0.8571428571428572,0.14285714285714285,0.85,0.0071428571428572285,91,0.18250000000000036,0.39655172413793105,0.8571428571428572,0.6268472906403941,0.6504347826086957,46
3,0,"1,3,5",H&S inter+intra,0.15,ACI g=0.05 (grow cal),shuffled,0.6720348616900341,0.8461538461538461,0.15384615384615385,0.85,-0.0038461538461538325,91,0.13250000000000034,0.3879310344827586,0.8461538461538461,0.6170424403183024,0.652,45
3,0,"1,3,5",H&S inter+intra,0.15,split CP (SAFE),exch,0.6720348616900341,0.875,0.125,0.85,0.025000000000000022,16,0.15,0.4482758620689655,0.875,0.6616379310344828,0.8084615384615385,26
3,0,"1,3,5",H&S inter+intra,0.15,split CP (n+1 corr.),exch,0.6720348616900341,0.875,0.125,0.85,0.025000000000000022,16,0.15,0.3448275862068966,0.875,0.6099137931034483,0.8889999999999999,20
3,0,"1,3,5",H&S inter+intra,0.15,DtACI,exch,0.6720348616900341,0.8125,0.1875,0.85,-0.03749999999999998,16,0.12650000000000003,0.4827586206896552,0.8125,0.6476293103448276,0.7821428571428574,28
3,0,"1,3,5",H&S inter+intra,0.15,DtACI (grow cal),exch,0.6720348616900341,0.8125,0.1875,0.85,-0.03749999999999998,16,0.12525000000000003,0.5,0.8125,0.65625,0.770344827586207,29
3,0,"1,3,5",H&S inter+intra,0.15,ACI g=0.005,exch,0.6720348616900341,0.875,0.125,0.85,0.025000000000000022,16,0.152,0.4482758620689655,0.875,0.6616379310344828,0.8084615384615385,26
3,0,"1,3,5",H&S inter+intra,0.15,ACI g=0.005 (grow cal),exch,0.6720348616900341,0.8125,0.1875,0.85,-0.03749999999999998,16,0.147,0.4482758620689655,0.8125,0.6303879310344828,0.8,26
3,0,"1,3,5",H&S inter+intra,0.15,ACI g=0.01,exch,0.6720348616900341,0.8125,0.1875,0.85,-0.03749999999999998,16,0.144,0.4482758620689655,0.8125,0.6303879310344828,0.8,26
3,0,"1,3,5",H&S inter+intra,0.15,ACI g=0.01 (grow cal),exch,0.6720348616900341,0.8125,0.1875,0.85,-0.03749999999999998,16,0.144,0.4482758620689655,0.8125,0.6303879310344828,0.8,26
3,0,"1,3,5",H&S inter+intra,0.15,ACI g=0.05,exch,0.6720348616900341,0.8125,0.1875,0.85,-0.03749999999999998,16,0.12000000000000005,0.4482758620689655,0.8125,0.6303879310344828,0.8,26
3,0,"1,3,5",H&S inter+intra,0.15,ACI g=0.05 (grow cal),exch,0.6720348616900341,0.8125,0.1875,0.85,-0.03749999999999998,16,0.12000000000000005,0.5,0.8125,0.65625,0.7724137931034484,29
3,0,"1,3,5",H&S inter+intra,0.2,split CP (SAFE),blocked,0.6720348616900341,0.8351648351648352,0.16483516483516483,0.8,0.03516483516483515,91,0.2,0.43103448275862066,0.8351648351648352,0.6330996589617279,0.6512,50
3,0,"1,3,5",H&S inter+intra,0.2,split CP (n+1 corr.),blocked,0.6720348616900341,0.8901098901098901,0.10989010989010989,0.8,0.09010989010989001,91,0.2,0.3879310344827586,0.8901098901098901,0.6390204622963244,0.6880000000000001,45
3,0,"1,3,5",H&S inter+intra,0.2,DtACI,blocked,0.6720348616900341,0.8021978021978022,0.1978021978021978,0.8,0.00219780219780219,91,0.24945500000000026,0.47413793103448276,0.8021978021978022,0.6381678666161426,0.5730909090909091,55
3,0,"1,3,5",H&S inter+intra,0.2,DtACI (grow cal),blocked,0.6720348616900341,0.8021978021978022,0.1978021978021978,0.8,0.00219780219780219,91,0.29875000000000096,0.45689655172413796,0.8021978021978022,0.6295471769609701,0.5901886792452831,53
3,0,"1,3,5",H&S inter+intra,0.2,ACI g=0.005,blocked,0.6720348616900341,0.8241758241758241,0.17582417582417584,0.8,0.02417582417582409,91,0.21000000000000002,0.43103448275862066,0.8241758241758241,0.6276051534672225,0.6324000000000001,50
3,0,"1,3,5",H&S inter+intra,0.2,ACI g=0.005 (grow cal),blocked,0.6720348616900341,0.8021978021978022,0.1978021978021978,0.8,0.00219780219780219,91,0.2,0.4396551724137931,0.8021978021978022,0.6209264873057977,0.6352941176470589,51
3,0,"1,3,5",H&S inter+intra,0.2,ACI g=0.01,blocked,0.6720348616900341,0.8131868131868132,0.18681318681318682,0.8,0.01318681318681314,91,0.21000000000000002,0.4482758620689655,0.8131868131868132,0.6307313376278894,0.6334615384615385,52
3,0,"1,3,5",H&S inter+intra,0.2,ACI g=0.01 (grow cal),blocked,0.6720348616900341,0.8021978021978022,0.1978021978021978,0.8,0.00219780219780219,91,0.2,0.4396551724137931,0.8021978021978022,0.6209264873057977,0.6341176470588236,51
3,0,"1,3,5",H&S inter+intra,0.2,ACI g=0.05,blocked,0.6720348616900341,0.8131868131868132,0.18681318681318682,0.8,0.01318681318681314,91,0.2500000000000003,0.47413793103448276,0.8131868131868132,0.643662372110648,0.5665454545454546,55
3,0,"1,3,5",H&S inter+intra,0.2,ACI g=0.05 (grow cal),blocked,0.6720348616900341,0.8131868131868132,0.18681318681318682,0.8,0.01318681318681314,91,0.2500000000000003,0.4482758620689655,0.8131868131868132,0.6307313376278894,0.6119230769230769,52
3,0,"1,3,5",H&S inter+intra,0.2,split CP (SAFE),shuffled,0.6720348616900341,0.8351648351648352,0.16483516483516483,0.8,0.03516483516483515,91,0.2,0.43103448275862066,0.8351648351648352,0.6330996589617279,0.6512,50
3,0,"1,3,5",H&S inter+intra,0.2,split CP (n+1 corr.),shuffled,0.6720348616900341,0.8901098901098901,0.10989010989010989,0.8,0.09010989010989001,91,0.2,0.3879310344827586,0.8901098901098901,0.6390204622963244,0.6880000000000001,45
3,0,"1,3,5",H&S inter+intra,0.2,DtACI,shuffled,0.6720348616900341,0.7692307692307692,0.23076923076923078,0.8,-0.030769230769230882,91,0.3194750000000002,0.4827586206896552,0.7692307692307692,0.6259946949602122,0.5864285714285715,56
3,0,"1,3,5",H&S inter+intra,0.2,DtACI (grow cal),shuffled,0.6720348616900341,0.7582417582417582,0.24175824175824176,0.8,-0.04175824175824183,91,0.24022440319922034,0.5086206896551724,0.7582417582417582,0.6334312239484653,0.5779661016949152,59
3,0,"1,3,5",H&S inter+intra,0.2,ACI g=0.005,shuffled,0.6720348616900341,0.8131868131868132,0.18681318681318682,0.8,0.01318681318681314,91,0.20600000000000002,0.45689655172413796,0.8131868131868132,0.6350416824554755,0.6343396226415093,53
3,0,"1,3,5",H&S inter+intra,0.2,ACI g=0.005 (grow cal),shuffled,0.6720348616900341,0.7692307692307692,0.23076923076923078,0.8,-0.030769230769230882,91,0.186,0.46551724137931033,0.7692307692307692,0.6173740053050397,0.6296296296296297,54
3,0,"1,3,5",H&S inter+intra,0.2,ACI g=0.01,shuffled,0.6720348616900341,0.7912087912087912,0.2087912087912088,0.8,-0.008791208791208871,91,0.192,0.45689655172413796,0.7912087912087912,0.6240526714664646,0.6471698113207547,53
3,0,"1,3,5",H&S inter+intra,0.2,ACI g=0.01 (grow cal),shuffled,0.6720348616900341,0.7692307692307692,0.23076923076923078,0.8,-0.030769230769230882,91,0.172,0.46551724137931033,0.7692307692307692,0.6173740053050397,0.6488888888888888,54
3,0,"1,3,5",H&S inter+intra,0.2,ACI g=0.05,shuffled,0.6720348616900341,0.8131868131868132,0.18681318681318682,0.8,0.01318681318681314,91,0.26000000000000034,0.4482758620689655,0.8131868131868132,0.6307313376278894,0.6653846153846155,52
3,0,"1,3,5",H&S inter+intra,0.2,ACI g=0.05 (grow cal),shuffled,0.6720348616900341,0.8021978021978022,0.1978021978021978,0.8,0.00219780219780219,91,0.21000000000000038,0.45689655172413796,0.8021978021978022,0.6295471769609701,0.6226415094339621,53
3,0,"1,3,5",H&S inter+intra,0.2,split CP (SAFE),exch,0.6720348616900341,0.8125,0.1875,0.8,0.012499999999999956,16,0.2,0.5344827586206896,0.8125,0.6734913793103448,0.7580645161290323,31
3,0,"1,3,5",H&S inter+intra,0.2,split CP (n+1 corr.),exch,0.6720348616900341,0.8125,0.1875,0.8,0.012499999999999956,16,0.2,0.4482758620689655,0.8125,0.6303879310344828,0.8,26
3,0,"1,3,5",H&S inter+intra,0.2,DtACI,exch,0.6720348616900341,0.75,0.25,0.8,-0.050000000000000044,16,0.17075000000000007,0.5862068965517241,0.75,0.6681034482758621,0.71,34
3,0,"1,3,5",H&S inter+intra,0.2,DtACI (grow cal),exch,0.6720348616900341,0.75,0.25,0.8,-0.050000000000000044,16,0.16700000000000007,0.6206896551724138,0.75,0.6853448275862069,0.6766666666666666,36
3,0,"1,3,5",H&S inter+intra,0.2,ACI g=0.005,exch,0.6720348616900341,0.8125,0.1875,0.8,0.012499999999999956,16,0.201,0.5344827586206896,0.8125,0.6734913793103448,0.7561290322580646,31
3,0,"1,3,5",H&S inter+intra,0.2,ACI g=0.005 (grow cal),exch,0.6720348616900341,0.75,0.25,0.8,-0.050000000000000044,16,0.196,0.603448275862069,0.75,0.6767241379310345,0.7291428571428571,35
3,0,"1,3,5",H&S inter+intra,0.2,ACI g=0.01,exch,0.6720348616900341,0.8125,0.1875,0.8,0.012499999999999956,16,0.202,0.5344827586206896,0.8125,0.6734913793103448,0.7554838709677419,31
3,0,"1,3,5",H&S inter+intra,0.2,ACI g=0.01 (grow cal),exch,0.6720348616900341,0.75,0.25,0.8,-0.050000000000000044,16,0.192,0.603448275862069,0.75,0.6767241379310345,0.724,35
3,0,"1,3,5",H&S inter+intra,0.2,ACI g=0.05,exch,0.6720348616900341,0.75,0.25,0.8,-0.050000000000000044,16,0.16000000000000011,0.5862068965517241,0.75,0.6681034482758621,0.73,34
3,0,"1,3,5",H&S inter+intra,0.2,ACI g=0.05 (grow cal),exch,0.6720348616900341,0.75,0.25,0.8,-0.050000000000000044,16,0.16000000000000011,0.603448275862069,0.75,0.6767241379310345,0.704,35
3,0,"1,3,5",H&S inter+intra,0.25,split CP (SAFE),blocked,0.6720348616900341,0.7032967032967032,0.2967032967032967,0.75,-0.04670329670329676,91,0.25,0.5775862068965517,0.7032967032967032,0.6404414550966275,0.564179104477612,67
3,0,"1,3,5",H&S inter+intra,0.25,split CP (n+1 corr.),blocked,0.6720348616900341,0.7692307692307692,0.23076923076923078,0.75,0.019230769230769162,91,0.25,0.46551724137931033,0.7692307692307692,0.6173740053050397,0.6225925925925927,54
3,0,"1,3,5",H&S inter+intra,0.25,DtACI,blocked,0.6720348616900341,0.7032967032967032,0.2967032967032967,0.75,-0.04670329670329676,91,0.2843553160694157,0.5517241379310345,0.7032967032967032,0.6275104206138689,0.5684374999999999,64
3,0,"1,3,5",H&S inter+intra,0.25,DtACI (grow cal),blocked,0.6720348616900341,0.7252747252747253,0.27472527472527475,0.75,-0.02472527472527475,91,0.3241625000000006,0.5172413793103449,0.7252747252747253,0.6212580522925351,0.5533333333333333,60
3,0,"1,3,5",H&S inter+intra,0.25,ACI g=0.005,blocked,0.6720348616900341,0.7252747252747253,0.27472527472527475,0.75,-0.02472527472527475,91,0.23749999999999996,0.5431034482758621,0.7252747252747253,0.6341890867752937,0.6098412698412701,63
3,0,"1,3,5",H&S inter+intra,0.25,ACI g=0.005 (grow cal),blocked,0.6720348616900341,0.7582417582417582,0.24175824175824176,0.75,0.008241758241758212,91,0.25249999999999967,0.4827586206896552,0.7582417582417582,0.6205001894657067,0.6189285714285715,56
3,0,"1,3,5",H&S inter+intra,0.25,ACI g=0.01,blocked,0.6720348616900341,0.7472527472527473,0.25274725274725274,0.75,-0.0027472527472527375,91,0.245,0.5172413793103449,0.7472527472527473,0.632247063281546,0.6006666666666668,60
3,0,"1,3,5",H&S inter+intra,0.25,ACI g=0.01 (grow cal),blocked,0.6720348616900341,0.7582417582417582,0.24175824175824176,0.75,0.008241758241758212,91,0.255,0.47413793103448276,0.7582417582417582,0.6161898446381204,0.6236363636363638,55
3,0,"1,3,5",H&S inter+intra,0.25,ACI g=0.05,blocked,0.6720348616900341,0.7582417582417582,0.24175824175824176,0.75,0.008241758241758212,91,0.2750000000000004,0.5258620689655172,0.7582417582417582,0.6420519136036378,0.5819672131147542,61
3,0,"1,3,5",H&S inter+intra,0.25,ACI g=0.05 (grow cal),blocked,0.6720348616900341,0.7692307692307692,0.23076923076923078,0.75,0.019230769230769162,91,0.32500000000000057,0.5431034482758621,0.7692307692307692,0.6561671087533156,0.548888888888889,63
3,0,"1,3,5",H&S inter+intra,0.25,split CP (SAFE),shuffled,0.6720348616900341,0.7032967032967032,0.2967032967032967,0.75,-0.04670329670329676,91,0.25,0.5775862068965517,0.7032967032967032,0.6404414550966275,0.564179104477612,67
3,0,"1,3,5",H&S inter+intra,0.25,split CP (n+1 corr.),shuffled,0.6720348616900341,0.7692307692307692,0.23076923076923078,0.75,0.019230769230769162,91,0.25,0.46551724137931033,0.7692307692307692,0.6173740053050397,0.6225925925925927,54
3,0,"1,3,5",H&S inter+intra,0.25,DtACI,shuffled,0.6720348616900341,0.7252747252747253,0.27472527472527475,0.75,-0.02472527472527475,91,0.3494287493673224,0.5431034482758621,0.7252747252747253,0.6341890867752937,0.554920634920635,63
3,0,"1,3,5",H&S inter+intra,0.25,DtACI (grow cal),shuffled,0.6720348616900341,0.7252747252747253,0.27472527472527475,0.75,-0.02472527472527475,91,0.34917875000000004,0.5517241379310345,0.7252747252747253,0.6384994316028798,0.5434375,64
3,0,"1,3,5",H&S inter+intra,0.25,ACI g=0.005,shuffled,0.6720348616900341,0.7142857142857143,0.2857142857142857,0.75,-0.0357142857142857,91,0.2337499999999995,0.5689655172413793,0.7142857142857143,0.6416256157635468,0.5787878787878789,66
3,0,"1,3,5",H&S inter+intra,0.25,ACI g=0.005 (grow cal),shuffled,0.6720348616900341,0.7142857142857143,0.2857142857142857,0.75,-0.0357142857142857,91,0.2337499999999995,0.5172413793103449,0.7142857142857143,0.6157635467980296,0.5776666666666668,60
3,0,"1,3,5",H&S inter+intra,0.25,ACI g=0.01,shuffled,0.6720348616900341,0.7142857142857143,0.2857142857142857,0.75,-0.0357142857142857,91,0.21749999999999997,0.5344827586206896,0.7142857142857143,0.624384236453202,0.594516129032258,62
3,0,"1,3,5",H&S inter+intra,0.25,ACI g=0.01 (grow cal),shuffled,0.6720348616900341,0.7142857142857143,0.2857142857142857,0.75,-0.0357142857142857,91,0.21749999999999997,0.5172413793103449,0.7142857142857143,0.6157635467980296,0.578,60
3,0,"1,3,5",H&S inter+intra,0.25,ACI g=0.05,shuffled,0.6720348616900341,0.7582417582417582,0.24175824175824176,0.75,0.008241758241758212,91,0.2875000000000007,0.4827586206896552,0.7582417582417582,0.6205001894657067,0.5914285714285715,56
3,0,"1,3,5",H&S inter+intra,0.25,ACI g=0.05 (grow cal),shuffled,0.6720348616900341,0.7472527472527473,0.25274725274725274,0.75,-0.0027472527472527375,91,0.23750000000000066,0.5344827586206896,0.7472527472527473,0.6408677529367184,0.5848387096774194,62
3,0,"1,3,5",H&S inter+intra,0.25,split CP (SAFE),exch,0.6720348616900341,0.75,0.25,0.75,0.0,16,0.25,0.6379310344827587,0.75,0.6939655172413793,0.661081081081081,37
3,0,"1,3,5",H&S inter+intra,0.25,split CP (n+1 corr.),exch,0.6720348616900341,0.8125,0.1875,0.75,0.0625,16,0.25,0.5689655172413793,0.8125,0.6907327586206897,0.7327272727272726,33
3,0,"1,3,5",H&S inter+intra,0.25,DtACI,exch,0.6720348616900341,0.75,0.25,0.75,0.0,16,0.25000000000000006,0.6551724137931034,0.75,0.7025862068965517,0.6484210526315789,38
3,0,"1,3,5",H&S inter+intra,0.25,DtACI (grow cal),exch,0.6720348616900341,0.75,0.25,0.75,0.0,16,0.25000000000000006,0.6724137931034483,0.75,0.7112068965517242,0.6502564102564101,39
3,0,"1,3,5",H&S inter+intra,0.25,ACI g=0.005,exch,0.6720348616900341,0.75,0.25,0.75,0.0,16,0.24999999999999975,0.6379310344827587,0.75,0.6939655172413793,0.661081081081081,37
3,0,"1,3,5",H&S inter+intra,0.25,ACI g=0.005 (grow cal),exch,0.6720348616900341,0.75,0.25,0.75,0.0,16,0.24999999999999975,0.6551724137931034,0.75,0.7025862068965517,0.6499999999999999,38
3,0,"1,3,5",H&S inter+intra,0.25,ACI g=0.01,exch,0.6720348616900341,0.75,0.25,0.75,0.0,16,0.25,0.6379310344827587,0.75,0.6939655172413793,0.661081081081081,37
3,0,"1,3,5",H&S inter+intra,0.25,ACI g=0.01 (grow cal),exch,0.6720348616900341,0.75,0.25,0.75,0.0,16,0.25,0.6551724137931034,0.75,0.7025862068965517,0.6499999999999999,38
3,0,"1,3,5",H&S inter+intra,0.25,ACI g=0.05,exch,0.6720348616900341,0.75,0.25,0.75,0.0,16,0.2500000000000002,0.6551724137931034,0.75,0.7025862068965517,0.6499999999999999,38
3,0,"1,3,5",H&S inter+intra,0.25,ACI g=0.05 (grow cal),exch,0.6720348616900341,0.75,0.25,0.75,0.0,16,0.2500000000000002,0.6551724137931034,0.75,0.7025862068965517,0.6484210526315789,38
3,1,"1,3,5",SAFE-MLP,0.1,split CP (SAFE),blocked,0.8004926108374384,0.989010989010989,0.01098901098901099,0.9,0.08901098901098903,91,0.1,0.13793103448275862,0.989010989010989,0.5634710117468739,0.8025,16
3,1,"1,3,5",SAFE-MLP,0.1,split CP (n+1 corr.),blocked,0.8004926108374384,0.989010989010989,0.01098901098901099,0.9,0.08901098901098903,91,0.1,0.11206896551724138,0.989010989010989,0.5505399772641152,0.7815384615384614,13
3,1,"1,3,5",SAFE-MLP,0.1,DtACI,blocked,0.8004926108374384,0.9120879120879121,0.08791208791208792,0.9,0.012087912087912045,91,0.19848757084941013,0.4482758620689655,0.9120879120879121,0.6801818870784389,0.5534615384615386,52
3,1,"1,3,5",SAFE-MLP,0.1,DtACI (grow cal),blocked,0.8004926108374384,0.8901098901098901,0.10989010989010989,0.9,-0.009890109890109966,91,0.10498671567341405,0.35344827586206895,0.8901098901098901,0.6217790829859795,0.6,41
3,1,"1,3,5",SAFE-MLP,0.1,ACI g=0.005,blocked,0.8004926108374384,0.989010989010989,0.01098901098901099,0.9,0.08901098901098903,91,0.14000000000000004,0.14655172413793102,0.989010989010989,0.56778135657446,0.8129411764705883,17
3,1,"1,3,5",SAFE-MLP,0.1,ACI g=0.005 (grow cal),blocked,0.8004926108374384,0.9340659340659341,0.06593406593406594,0.9,0.034065934065934056,91,0.11500000000000002,0.2672413793103448,0.9340659340659341,0.6006536566881394,0.7167741935483869,31
3,1,"1,3,5",SAFE-MLP,0.1,ACI g=0.01,blocked,0.8004926108374384,0.989010989010989,0.01098901098901099,0.9,0.08901098901098903,91,0.18000000000000008,0.1724137931034483,0.989010989010989,0.5807123910572187,0.796,20
3,1,"1,3,5",SAFE-MLP,0.1,ACI g=0.01 (grow cal),blocked,0.8004926108374384,0.9230769230769231,0.07692307692307693,0.9,0.023076923076923106,91,0.12000000000000002,0.31896551724137934,0.9230769230769231,0.6210212201591512,0.7135135135135133,37
3,1,"1,3,5",SAFE-MLP,0.1,ACI g=0.05,blocked,0.8004926108374384,0.9230769230769231,0.07692307692307693,0.9,0.023076923076923106,91,0.20000000000000026,0.29310344827586204,0.9230769230769231,0.6080901856763926,0.7058823529411764,34
3,1,"1,3,5",SAFE-MLP,0.1,ACI g=0.05 (grow cal),blocked,0.8004926108374384,0.9010989010989011,0.0989010989010989,0.9,0.001098901098901095,91,0.10000000000000026,0.3793103448275862,0.9010989010989011,0.6402046229632437,0.603181818181818,44
3,1,"1,3,5",SAFE-MLP,0.1,split CP (SAFE),shuffled,0.8004926108374384,0.989010989010989,0.01098901098901099,0.9,0.08901098901098903,91,0.1,0.13793103448275862,0.989010989010989,0.5634710117468739,0.8025,16
3,1,"1,3,5",SAFE-MLP,0.1,split CP (n+1 corr.),shuffled,0.8004926108374384,0.989010989010989,0.01098901098901099,0.9,0.08901098901098903,91,0.1,0.11206896551724138,0.989010989010989,0.5505399772641152,0.7815384615384615,13
3,1,"1,3,5",SAFE-MLP,0.1,DtACI,shuffled,0.8004926108374384,0.9120879120879121,0.08791208791208792,0.9,0.012087912087912045,91,0.20359290226090881,0.3103448275862069,0.9120879120879121,0.6112163698370595,0.6538888888888889,36
3,1,"1,3,5",SAFE-MLP,0.1,DtACI (grow cal),shuffled,0.8004926108374384,0.9010989010989011,0.0989010989010989,0.9,0.001098901098901095,91,0.10802886079089148,0.4051724137931034,0.9010989010989011,0.6531356574460023,0.628936170212766,47
3,1,"1,3,5",SAFE-MLP,0.1,ACI g=0.005,shuffled,0.8004926108374384,0.989010989010989,0.01098901098901099,0.9,0.08901098901098903,91,0.14050000000000004,0.13793103448275862,0.989010989010989,0.5634710117468739,0.80125,16
3,1,"1,3,5",SAFE-MLP,0.1,ACI g=0.005 (grow cal),shuffled,0.8004926108374384,0.9120879120879121,0.08791208791208792,0.9,0.012087912087912045,91,0.10550000000000001,0.29310344827586204,0.9120879120879121,0.602595680181887,0.7547058823529412,34
3,1,"1,3,5",SAFE-MLP,0.1,ACI g=0.01,shuffled,0.8004926108374384,0.978021978021978,0.02197802197802198,0.9,0.07802197802197797,91,0.17100000000000007,0.1896551724137931,0.978021978021978,0.5838385752178855,0.8172727272727273,22
3,1,"1,3,5",SAFE-MLP,0.1,ACI g=0.01 (grow cal),shuffled,0.8004926108374384,0.9120879120879121,0.08791208791208792,0.9,0.012087912087912045,91,0.11100000000000002,0.31896551724137934,0.9120879120879121,0.6155267146646457,0.7324324324324325,37
3,1,"1,3,5",SAFE-MLP,0.1,ACI g=0.05,shuffled,0.8004926108374384,0.9230769230769231,0.07692307692307693,0.9,0.023076923076923106,91,0.2050000000000003,0.29310344827586204,0.9230769230769231,0.6080901856763926,0.7105882352941177,34
3,1,"1,3,5",SAFE-MLP,0.1,ACI g=0.05 (grow cal),shuffled,0.8004926108374384,0.9010989010989011,0.0989010989010989,0.9,0.001098901098901095,91,0.10500000000000026,0.3620689655172414,0.9010989010989011,0.6315839333080713,0.6776190476190477,42
3,1,"1,3,5",SAFE-MLP,0.1,split CP (SAFE),exch,0.8004926108374384,0.875,0.125,0.9,-0.025000000000000022,16,0.1,0.3898305084745763,0.875,0.6324152542372882,0.6295652173913043,23
3,1,"1,3,5",SAFE-MLP,0.1,split CP (n+1 corr.),exch,0.8004926108374384,0.875,0.125,0.9,-0.025000000000000022,16,0.1,0.3728813559322034,0.875,0.6239406779661016,0.6581818181818182,22
3,1,"1,3,5",SAFE-MLP,0.1,DtACI,exch,0.8004926108374384,0.875,0.125,0.9,-0.025000000000000022,16,0.0976273211977919,0.3728813559322034,0.875,0.6239406779661016,0.6345454545454544,22
3,1,"1,3,5",SAFE-MLP,0.1,DtACI (grow cal),exch,0.8004926108374384,0.875,0.125,0.9,-0.025000000000000022,16,0.10900621411158262,0.3389830508474576,0.875,0.6069915254237288,0.6460000000000001,20
3,1,"1,3,5",SAFE-MLP,0.1,ACI g=0.005,exch,0.8004926108374384,0.875,0.125,0.9,-0.025000000000000022,16,0.098,0.3898305084745763,0.875,0.6324152542372882,0.6295652173913043,23
3,1,"1,3,5",SAFE-MLP,0.1,ACI g=0.005 (grow cal),exch,0.8004926108374384,0.875,0.125,0.9,-0.025000000000000022,16,0.098,0.3559322033898305,0.875,0.6154661016949152,0.6485714285714286,21
3,1,"1,3,5",SAFE-MLP,0.1,ACI g=0.01,exch,0.8004926108374384,0.875,0.125,0.9,-0.025000000000000022,16,0.096,0.3898305084745763,0.875,0.6324152542372882,0.6313043478260869,23
3,1,"1,3,5",SAFE-MLP,0.1,ACI g=0.01 (grow cal),exch,0.8004926108374384,0.875,0.125,0.9,-0.025000000000000022,16,0.096,0.3559322033898305,0.875,0.6154661016949152,0.6504761904761904,21
3,1,"1,3,5",SAFE-MLP,0.1,ACI g=0.05,exch,0.8004926108374384,0.875,0.125,0.9,-0.025000000000000022,16,0.08000000000000004,0.3559322033898305,0.875,0.6154661016949152,0.6504761904761904,21
3,1,"1,3,5",SAFE-MLP,0.1,ACI g=0.05 (grow cal),exch,0.8004926108374384,0.875,0.125,0.9,-0.025000000000000022,16,0.08000000000000004,0.3389830508474576,0.875,0.6069915254237288,0.6899999999999998,20
3,1,"1,3,5",SAFE-MLP,0.15,split CP (SAFE),blocked,0.8004926108374384,0.9120879120879121,0.08791208791208792,0.85,0.06208791208791209,91,0.15,0.6379310344827587,0.9120879120879121,0.7750094732853354,0.7443243243243244,74
3,1,"1,3,5",SAFE-MLP,0.15,split CP (n+1 corr.),blocked,0.8004926108374384,0.9120879120879121,0.08791208791208792,0.85,0.06208791208791209,91,0.15,0.6293103448275862,0.9120879120879121,0.7706991284577491,0.7495890410958905,73
3,1,"1,3,5",SAFE-MLP,0.15,DtACI,blocked,0.8004926108374384,0.8461538461538461,0.15384615384615385,0.85,-0.0038461538461538325,91,0.2648404450156845,0.6810344827586207,0.8461538461538461,0.7635941644562334,0.711392405063291,79
3,1,"1,3,5",SAFE-MLP,0.15,DtACI (grow cal),blocked,0.8004926108374384,0.8351648351648352,0.16483516483516483,0.85,-0.014835164835164782,91,0.17232957665247414,0.6810344827586207,0.8351648351648352,0.7580996589617279,0.6974683544303796,79
3,1,"1,3,5",SAFE-MLP,0.15,ACI g=0.005,blocked,0.8004926108374384,0.9120879120879121,0.08791208791208792,0.85,0.06208791208791209,91,0.17750000000000002,0.6379310344827587,0.9120879120879121,0.7750094732853354,0.7437837837837838,74
3,1,"1,3,5",SAFE-MLP,0.15,ACI g=0.005 (grow cal),blocked,0.8004926108374384,0.8901098901098901,0.10989010989010989,0.85,0.04010989010989008,91,0.1675,0.6637931034482759,0.8901098901098901,0.7769514967790829,0.7311688311688311,77
3,1,"1,3,5",SAFE-MLP,0.15,ACI g=0.01,blocked,0.8004926108374384,0.9010989010989011,0.0989010989010989,0.85,0.05109890109890114,91,0.19500000000000003,0.6379310344827587,0.9010989010989011,0.76951496779083,0.7410810810810812,74
3,1,"1,3,5",SAFE-MLP,0.15,ACI g=0.01 (grow cal),blocked,0.8004926108374384,0.8901098901098901,0.10989010989010989,0.85,0.04010989010989008,91,0.18500000000000003,0.6724137931034483,0.8901098901098901,0.7812618416066692,0.724102564102564,78
3,1,"1,3,5",SAFE-MLP,0.15,ACI g=0.05,blocked,0.8004926108374384,0.8791208791208791,0.12087912087912088,0.85,0.02912087912087913,91,0.27500000000000063,0.6810344827586207,0.8791208791208791,0.7800776809397498,0.7030379746835442,79
3,1,"1,3,5",SAFE-MLP,0.15,ACI g=0.05 (grow cal),blocked,0.8004926108374384,0.8571428571428572,0.14285714285714285,0.85,0.0071428571428572285,91,0.1750000000000004,0.6896551724137931,0.8571428571428572,0.7733990147783252,0.6824999999999999,80
3,1,"1,3,5",SAFE-MLP,0.15,split CP (SAFE),shuffled,0.8004926108374384,0.9120879120879121,0.08791208791208792,0.85,0.06208791208791209,91,0.15,0.6379310344827587,0.9120879120879121,0.7750094732853354,0.7443243243243243,74
3,1,"1,3,5",SAFE-MLP,0.15,split CP (n+1 corr.),shuffled,0.8004926108374384,0.9120879120879121,0.08791208791208792,0.85,0.06208791208791209,91,0.15,0.6293103448275862,0.9120879120879121,0.7706991284577491,0.7495890410958904,73
3,1,"1,3,5",SAFE-MLP,0.15,DtACI,shuffled,0.8004926108374384,0.8901098901098901,0.10989010989010989,0.85,0.04010989010989008,91,0.28175432504653375,0.646551724137931,0.8901098901098901,0.7683308071239106,0.7373333333333334,75
3,1,"1,3,5",SAFE-MLP,0.15,DtACI (grow cal),shuffled,0.8004926108374384,0.8681318681318682,0.13186813186813187,0.85,0.01813186813186818,91,0.17972801471583696,0.646551724137931,0.8681318681318682,0.7573417961348996,0.7344,75
3,1,"1,3,5",SAFE-MLP,0.15,ACI g=0.005,shuffled,0.8004926108374384,0.9120879120879121,0.08791208791208792,0.85,0.06208791208791209,91,0.17825000000000002,0.6379310344827587,0.9120879120879121,0.7750094732853354,0.744054054054054,74
3,1,"1,3,5",SAFE-MLP,0.15,ACI g=0.005 (grow cal),shuffled,0.8004926108374384,0.8901098901098901,0.10989010989010989,0.85,0.04010989010989008,91,0.16825,0.646551724137931,0.8901098901098901,0.7683308071239106,0.7392000000000001,75
3,1,"1,3,5",SAFE-MLP,0.15,ACI g=0.01,shuffled,0.8004926108374384,0.9010989010989011,0.0989010989010989,0.85,0.05109890109890114,91,0.19650000000000004,0.6379310344827587,0.9010989010989011,0.76951496779083,0.7432432432432432,74
3,1,"1,3,5",SAFE-MLP,0.15,ACI g=0.01 (grow cal),shuffled,0.8004926108374384,0.8791208791208791,0.12087912087912088,0.85,0.02912087912087913,91,0.17650000000000002,0.646551724137931,0.8791208791208791,0.7628363016294051,0.7381333333333333,75
3,1,"1,3,5",SAFE-MLP,0.15,ACI g=0.05,shuffled,0.8004926108374384,0.8791208791208791,0.12087912087912088,0.85,0.02912087912087913,91,0.28250000000000036,0.646551724137931,0.8791208791208791,0.7628363016294051,0.7298666666666667,75
3,1,"1,3,5",SAFE-MLP,0.15,ACI g=0.05 (grow cal),shuffled,0.8004926108374384,0.8571428571428572,0.14285714285714285,0.85,0.0071428571428572285,91,0.18250000000000038,0.6551724137931034,0.8571428571428572,0.7561576354679803,0.7313157894736843,76
3,1,"1,3,5",SAFE-MLP,0.15,split CP (SAFE),exch,0.8004926108374384,0.75,0.25,0.85,-0.09999999999999998,16,0.15,0.8135593220338984,0.75,0.7817796610169492,0.6525,48
3,1,"1,3,5",SAFE-MLP,0.15,split CP (n+1 corr.),exch,0.8004926108374384,0.75,0.25,0.85,-0.09999999999999998,16,0.15,0.8135593220338984,0.75,0.7817796610169492,0.6729166666666667,48
3,1,"1,3,5",SAFE-MLP,0.15,DtACI,exch,0.8004926108374384,0.75,0.25,0.85,-0.09999999999999998,16,0.13685965022220953,0.8135593220338984,0.75,0.7817796610169492,0.6570833333333334,48
3,1,"1,3,5",SAFE-MLP,0.15,DtACI (grow cal),exch,0.8004926108374384,0.75,0.25,0.85,-0.09999999999999998,16,0.14196870410293475,0.7627118644067796,0.75,0.7563559322033898,0.6977777777777778,45
3,1,"1,3,5",SAFE-MLP,0.15,ACI g=0.005,exch,0.8004926108374384,0.75,0.25,0.85,-0.09999999999999998,16,0.142,0.8135593220338984,0.75,0.7817796610169492,0.6529166666666666,48
3,1,"1,3,5",SAFE-MLP,0.15,ACI g=0.005 (grow cal),exch,0.8004926108374384,0.75,0.25,0.85,-0.09999999999999998,16,0.142,0.7627118644067796,0.75,0.7563559322033898,0.6804444444444445,45
3,1,"1,3,5",SAFE-MLP,0.15,ACI g=0.01,exch,0.8004926108374384,0.75,0.25,0.85,-0.09999999999999998,16,0.13399999999999998,0.8135593220338984,0.75,0.7817796610169492,0.6575000000000001,48
3,1,"1,3,5",SAFE-MLP,0.15,ACI g=0.01 (grow cal),exch,0.8004926108374384,0.75,0.25,0.85,-0.09999999999999998,16,0.13399999999999998,0.7627118644067796,0.75,0.7563559322033898,0.6853333333333335,45
3,1,"1,3,5",SAFE-MLP,0.15,ACI g=0.05,exch,0.8004926108374384,0.75,0.25,0.85,-0.09999999999999998,16,0.06999999999999998,0.711864406779661,0.75,0.7309322033898304,0.6866666666666668,42
3,1,"1,3,5",SAFE-MLP,0.15,ACI g=0.05 (grow cal),exch,0.8004926108374384,0.8125,0.1875,0.85,-0.03749999999999998,16,0.12000000000000005,0.6440677966101694,0.8125,0.7282838983050848,0.7378947368421053,38
3,1,"1,3,5",SAFE-MLP,0.2,split CP (SAFE),blocked,0.8004926108374384,0.9010989010989011,0.0989010989010989,0.8,0.10109890109890107,91,0.2,0.646551724137931,0.9010989010989011,0.773825312618416,0.7421333333333334,75
3,1,"1,3,5",SAFE-MLP,0.2,split CP (n+1 corr.),blocked,0.8004926108374384,0.9120879120879121,0.08791208791208792,0.8,0.11208791208791202,91,0.2,0.6379310344827587,0.9120879120879121,0.7750094732853354,0.7445945945945946,74
3,1,"1,3,5",SAFE-MLP,0.2,DtACI,blocked,0.8004926108374384,0.8461538461538461,0.15384615384615385,0.8,0.0461538461538461,91,0.2979902453685827,0.7241379310344828,0.8461538461538461,0.7851458885941645,0.6278571428571429,84
3,1,"1,3,5",SAFE-MLP,0.2,DtACI (grow cal),blocked,0.8004926108374384,0.8131868131868132,0.18681318681318682,0.8,0.01318681318681314,91,0.20645673606772255,0.7413793103448276,0.8131868131868132,0.7772830617658204,0.609767441860465,86
3,1,"1,3,5",SAFE-MLP,0.2,ACI g=0.005,blocked,0.8004926108374384,0.8901098901098901,0.10989010989010989,0.8,0.09010989010989001,91,0.24000000000000005,0.6551724137931034,0.8901098901098901,0.7726411519514967,0.7405263157894738,76
3,1,"1,3,5",SAFE-MLP,0.2,ACI g=0.005 (grow cal),blocked,0.8004926108374384,0.8791208791208791,0.12087912087912088,0.8,0.07912087912087906,91,0.23500000000000004,0.6896551724137931,0.8791208791208791,0.7843880257673361,0.7012499999999999,80
3,1,"1,3,5",SAFE-MLP,0.2,ACI g=0.01,blocked,0.8004926108374384,0.8901098901098901,0.10989010989010989,0.8,0.09010989010989001,91,0.2800000000000001,0.6724137931034483,0.8901098901098901,0.7812618416066692,0.7366666666666666,78
3,1,"1,3,5",SAFE-MLP,0.2,ACI g=0.01 (grow cal),blocked,0.8004926108374384,0.8681318681318682,0.13186813186813187,0.8,0.06813186813186811,91,0.26000000000000006,0.6982758620689655,0.8681318681318682,0.7832038651004168,0.6809876543209876,81
3,1,"1,3,5",SAFE-MLP,0.2,ACI g=0.05,blocked,0.8004926108374384,0.8241758241758241,0.17582417582417584,0.8,0.02417582417582409,91,0.30000000000000016,0.6982758620689655,0.8241758241758241,0.7612258431223948,0.682716049382716,81
3,1,"1,3,5",SAFE-MLP,0.2,ACI g=0.05 (grow cal),blocked,0.8004926108374384,0.8021978021978022,0.1978021978021978,0.8,0.00219780219780219,91,0.20000000000000012,0.6896551724137931,0.8021978021978022,0.7459264873057977,0.6695,80
3,1,"1,3,5",SAFE-MLP,0.2,split CP (SAFE),shuffled,0.8004926108374384,0.9010989010989011,0.0989010989010989,0.8,0.10109890109890107,91,0.2,0.646551724137931,0.9010989010989011,0.773825312618416,0.7421333333333334,75
3,1,"1,3,5",SAFE-MLP,0.2,split CP (n+1 corr.),shuffled,0.8004926108374384,0.9120879120879121,0.08791208791208792,0.8,0.11208791208791202,91,0.2,0.6379310344827587,0.9120879120879121,0.7750094732853354,0.7445945945945945,74
3,1,"1,3,5",SAFE-MLP,0.2,DtACI,shuffled,0.8004926108374384,0.8241758241758241,0.17582417582417584,0.8,0.02417582417582409,91,0.393728169119508,0.6637931034482759,0.8241758241758241,0.7439844638120501,0.7192207792207792,77
3,1,"1,3,5",SAFE-MLP,0.2,DtACI (grow cal),shuffled,0.8004926108374384,0.7912087912087912,0.2087912087912088,0.8,-0.008791208791208871,91,0.2432138157103572,0.6724137931034483,0.7912087912087912,0.7318112921561197,0.7084615384615385,78
3,1,"1,3,5",SAFE-MLP,0.2,ACI g=0.005,shuffled,0.8004926108374384,0.8901098901098901,0.10989010989010989,0.8,0.09010989010989001,91,0.24100000000000005,0.646551724137931,0.8901098901098901,0.7683308071239106,0.7384000000000001,75
3,1,"1,3,5",SAFE-MLP,0.2,ACI g=0.005 (grow cal),shuffled,0.8004926108374384,0.8241758241758241,0.17582417582417584,0.8,0.02417582417582409,91,0.21100000000000002,0.6637931034482759,0.8241758241758241,0.7439844638120501,0.7223376623376623,77
3,1,"1,3,5",SAFE-MLP,0.2,ACI g=0.01,shuffled,0.8004926108374384,0.8901098901098901,0.10989010989010989,0.8,0.09010989010989001,91,0.2820000000000001,0.646551724137931,0.8901098901098901,0.7683308071239106,0.7376,75
3,1,"1,3,5",SAFE-MLP,0.2,ACI g=0.01 (grow cal),shuffled,0.8004926108374384,0.8241758241758241,0.17582417582417584,0.8,0.02417582417582409,91,0.22200000000000003,0.6724137931034483,0.8241758241758241,0.7482948086396362,0.7171794871794871,78
3,1,"1,3,5",SAFE-MLP,0.2,ACI g=0.05,shuffled,0.8004926108374384,0.8351648351648352,0.16483516483516483,0.8,0.03516483516483515,91,0.3600000000000002,0.6724137931034483,0.8351648351648352,0.7537893141341417,0.7258974358974358,78
3,1,"1,3,5",SAFE-MLP,0.2,ACI g=0.05 (grow cal),shuffled,0.8004926108374384,0.8131868131868132,0.18681318681318682,0.8,0.01318681318681314,91,0.26000000000000034,0.6724137931034483,0.8131868131868132,0.7428003031451307,0.6982051282051283,78
3,1,"1,3,5",SAFE-MLP,0.2,split CP (SAFE),exch,0.8004926108374384,0.75,0.25,0.8,-0.050000000000000044,16,0.2,0.8135593220338984,0.75,0.7817796610169492,0.6466666666666666,48
3,1,"1,3,5",SAFE-MLP,0.2,split CP (n+1 corr.),exch,0.8004926108374384,0.75,0.25,0.8,-0.050000000000000044,16,0.2,0.8135593220338984,0.75,0.7817796610169492,0.6529166666666666,48
3,1,"1,3,5",SAFE-MLP,0.2,DtACI,exch,0.8004926108374384,0.75,0.25,0.8,-0.050000000000000044,16,0.18454248886128904,0.8135593220338984,0.75,0.7817796610169492,0.6520833333333335,48
3,1,"1,3,5",SAFE-MLP,0.2,DtACI (grow cal),exch,0.8004926108374384,0.75,0.25,0.8,-0.050000000000000044,16,0.19421133852396272,0.7966101694915254,0.75,0.7733050847457628,0.661276595744681,47
3,1,"1,3,5",SAFE-MLP,0.2,ACI g=0.005,exch,0.8004926108374384,0.75,0.25,0.8,-0.050000000000000044,16,0.196,0.8135593220338984,0.75,0.7817796610169492,0.6466666666666666,48
3,1,"1,3,5",SAFE-MLP,0.2,ACI g=0.005 (grow cal),exch,0.8004926108374384,0.75,0.25,0.8,-0.050000000000000044,16,0.196,0.8135593220338984,0.75,0.7817796610169492,0.6625,48
3,1,"1,3,5",SAFE-MLP,0.2,ACI g=0.01,exch,0.8004926108374384,0.75,0.25,0.8,-0.050000000000000044,16,0.192,0.8135593220338984,0.75,0.7817796610169492,0.6504166666666668,48
3,1,"1,3,5",SAFE-MLP,0.2,ACI g=0.01 (grow cal),exch,0.8004926108374384,0.75,0.25,0.8,-0.050000000000000044,16,0.192,0.8135593220338984,0.75,0.7817796610169492,0.665,48
3,1,"1,3,5",SAFE-MLP,0.2,ACI g=0.05,exch,0.8004926108374384,0.75,0.25,0.8,-0.050000000000000044,16,0.1600000000000001,0.8135593220338984,0.75,0.7817796610169492,0.6625,48
3,1,"1,3,5",SAFE-MLP,0.2,ACI g=0.05 (grow cal),exch,0.8004926108374384,0.75,0.25,0.8,-0.050000000000000044,16,0.1600000000000001,0.7627118644067796,0.75,0.7563559322033898,0.68,45
3,1,"1,3,5",SAFE-MLP,0.25,split CP (SAFE),blocked,0.8004926108374384,0.8571428571428572,0.14285714285714285,0.75,0.1071428571428572,91,0.25,0.6551724137931034,0.8571428571428572,0.7561576354679803,0.7071052631578947,76
3,1,"1,3,5",SAFE-MLP,0.25,split CP (n+1 corr.),blocked,0.8004926108374384,0.8681318681318682,0.13186813186813187,0.75,0.11813186813186816,91,0.25,0.646551724137931,0.8681318681318682,0.7573417961348996,0.7077333333333333,75
3,1,"1,3,5",SAFE-MLP,0.25,DtACI,blocked,0.8004926108374384,0.7692307692307692,0.23076923076923078,0.75,0.019230769230769162,91,0.33248163343119175,0.75,0.7692307692307692,0.7596153846153846,0.6103448275862069,87
3,1,"1,3,5",SAFE-MLP,0.25,DtACI (grow cal),blocked,0.8004926108374384,0.7582417582417582,0.24175824175824176,0.75,0.008241758241758212,91,0.25368774084758755,0.75,0.7582417582417582,0.7541208791208791,0.6002298850574713,87
3,1,"1,3,5",SAFE-MLP,0.25,ACI g=0.005,blocked,0.8004926108374384,0.8571428571428572,0.14285714285714285,0.75,0.1071428571428572,91,0.29749999999999827,0.6724137931034483,0.8571428571428572,0.7647783251231528,0.7012820512820512,78
3,1,"1,3,5",SAFE-MLP,0.25,ACI g=0.005 (grow cal),blocked,0.8004926108374384,0.8131868131868132,0.18681318681318682,0.75,0.06318681318681318,91,0.27749999999999847,0.6982758620689655,0.8131868131868132,0.7557313376278894,0.6523456790123457,81
3,1,"1,3,5",SAFE-MLP,0.25,ACI g=0.01,blocked,0.8004926108374384,0.8461538461538461,0.15384615384615385,0.75,0.09615384615384615,91,0.3350000000000001,0.6982758620689655,0.8461538461538461,0.7722148541114058,0.6893827160493826,81
3,1,"1,3,5",SAFE-MLP,0.25,ACI g=0.01 (grow cal),blocked,0.8004926108374384,0.8021978021978022,0.1978021978021978,0.75,0.052197802197802234,91,0.29500000000000004,0.6982758620689655,0.8021978021978022,0.7502368321333839,0.6461728395061728,81
3,1,"1,3,5",SAFE-MLP,0.25,ACI g=0.05,blocked,0.8004926108374384,0.7802197802197802,0.21978021978021978,0.75,0.030219780219780223,91,0.37500000000000033,0.7241379310344828,0.7802197802197802,0.7521788556271315,0.6138095238095238,84
3,1,"1,3,5",SAFE-MLP,0.25,ACI g=0.05 (grow cal),blocked,0.8004926108374384,0.7582417582417582,0.24175824175824176,0.75,0.008241758241758212,91,0.27500000000000047,0.7413793103448276,0.7582417582417582,0.7498105342932929,0.5909302325581395,86
3,1,"1,3,5",SAFE-MLP,0.25,split CP (SAFE),shuffled,0.8004926108374384,0.8571428571428572,0.14285714285714285,0.75,0.1071428571428572,91,0.25,0.6551724137931034,0.8571428571428572,0.7561576354679803,0.7071052631578948,76
3,1,"1,3,5",SAFE-MLP,0.25,split CP (n+1 corr.),shuffled,0.8004926108374384,0.8681318681318682,0.13186813186813187,0.75,0.11813186813186816,91,0.25,0.646551724137931,0.8681318681318682,0.7573417961348996,0.7077333333333334,75
3,1,"1,3,5",SAFE-MLP,0.25,DtACI,shuffled,0.8004926108374384,0.7582417582417582,0.24175824175824176,0.75,0.008241758241758212,91,0.4008173526913783,0.6896551724137931,0.7582417582417582,0.7239484653277757,0.638,80
3,1,"1,3,5",SAFE-MLP,0.25,DtACI (grow cal),shuffled,0.8004926108374384,0.7472527472527473,0.25274725274725274,0.75,-0.0027472527472527375,91,0.2829628039049487,0.6982758620689655,0.7472527472527473,0.7227643046608564,0.6466666666666666,81
3,1,"1,3,5",SAFE-MLP,0.25,ACI g=0.005,shuffled,0.8004926108374384,0.8571428571428572,0.14285714285714285,0.75,0.1071428571428572,91,0.2987499999999983,0.6551724137931034,0.8571428571428572,0.7561576354679803,0.6957894736842105,76
3,1,"1,3,5",SAFE-MLP,0.25,ACI g=0.005 (grow cal),shuffled,0.8004926108374384,0.7692307692307692,0.23076923076923078,0.75,0.019230769230769162,91,0.2587499999999987,0.6982758620689655,0.7692307692307692,0.7337533156498673,0.6567901234567901,81
3,1,"1,3,5",SAFE-MLP,0.25,ACI g=0.01,shuffled,0.8004926108374384,0.8571428571428572,0.14285714285714285,0.75,0.1071428571428572,91,0.3475000000000001,0.6724137931034483,0.8571428571428572,0.7647783251231528,0.6894871794871793,78
3,1,"1,3,5",SAFE-MLP,0.25,ACI g=0.01 (grow cal),shuffled,0.8004926108374384,0.7692307692307692,0.23076923076923078,0.75,0.019230769230769162,91,0.2675,0.6982758620689655,0.7692307692307692,0.7337533156498673,0.6491358024691358,81
3,1,"1,3,5",SAFE-MLP,0.25,ACI g=0.05,shuffled,0.8004926108374384,0.7802197802197802,0.21978021978021978,0.75,0.030219780219780223,91,0.38750000000000057,0.6896551724137931,0.7802197802197802,0.7349374763167866,0.6467499999999999,80
3,1,"1,3,5",SAFE-MLP,0.25,ACI g=0.05 (grow cal),shuffled,0.8004926108374384,0.7582417582417582,0.24175824175824176,0.75,0.008241758241758212,91,0.2875000000000005,0.6896551724137931,0.7582417582417582,0.7239484653277757,0.64275,80
3,1,"1,3,5",SAFE-MLP,0.25,split CP (SAFE),exch,0.8004926108374384,0.75,0.25,0.75,0.0,16,0.25,0.8135593220338984,0.75,0.7817796610169492,0.6079166666666667,48
3,1,"1,3,5",SAFE-MLP,0.25,split CP (n+1 corr.),exch,0.8004926108374384,0.75,0.25,0.75,0.0,16,0.25,0.8135593220338984,0.75,0.7817796610169492,0.6183333333333333,48
3,1,"1,3,5",SAFE-MLP,0.25,DtACI,exch,0.8004926108374384,0.75,0.25,0.75,0.0,16,0.24999999999999994,0.8135593220338984,0.75,0.7817796610169492,0.6175,48
3,1,"1,3,5",SAFE-MLP,0.25,DtACI (grow cal),exch,0.8004926108374384,0.75,0.25,0.75,0.0,16,0.25,0.7966101694915254,0.75,0.7733050847457628,0.6204255319148937,47
3,1,"1,3,5",SAFE-MLP,0.25,ACI g=0.005,exch,0.8004926108374384,0.75,0.25,0.75,0.0,16,0.24999999999999997,0.8135593220338984,0.75,0.7817796610169492,0.6079166666666667,48
3,1,"1,3,5",SAFE-MLP,0.25,ACI g=0.005 (grow cal),exch,0.8004926108374384,0.75,0.25,0.75,0.0,16,0.24999999999999997,0.8135593220338984,0.75,0.7817796610169492,0.6191666666666668,48
3,1,"1,3,5",SAFE-MLP,0.25,ACI g=0.01,exch,0.8004926108374384,0.75,0.25,0.75,0.0,16,0.25,0.8135593220338984,0.75,0.7817796610169492,0.6083333333333333,48
3,1,"1,3,5",SAFE-MLP,0.25,ACI g=0.01 (grow cal),exch,0.8004926108374384,0.75,0.25,0.75,0.0,16,0.25,0.8135593220338984,0.75,0.7817796610169492,0.6254166666666666,48
3,1,"1,3,5",SAFE-MLP,0.25,ACI g=0.05,exch,0.8004926108374384,0.75,0.25,0.75,0.0,16,0.2500000000000001,0.8135593220338984,0.75,0.7817796610169492,0.6191666666666668,48
3,1,"1,3,5",SAFE-MLP,0.25,ACI g=0.05 (grow cal),exch,0.8004926108374384,0.75,0.25,0.75,0.0,16,0.2500000000000001,0.7796610169491526,0.75,0.7648305084745763,0.6291304347826088,46
3,1,"1,3,5",SAFE-Embed,0.1,split CP (SAFE),blocked,0.6092269799166351,0.08791208791208793,0.9120879120879121,0.9,-0.8120879120879121,91,0.1,0.8879310344827587,0.08791208791208793,0.4879215611974233,0.5532038834951456,103
3,1,"1,3,5",SAFE-Embed,0.1,split CP (n+1 corr.),blocked,0.6092269799166351,0.08791208791208793,0.9120879120879121,0.9,-0.8120879120879121,91,0.1,0.8879310344827587,0.08791208791208793,0.4879215611974233,0.5660194174757281,103
3,1,"1,3,5",SAFE-Embed,0.1,DtACI,blocked,0.6092269799166351,0.09890109890109888,0.9010989010989011,0.9,-0.8010989010989011,91,0.001,0.8706896551724138,0.09890109890109888,0.48479537703675635,0.6091089108910892,101
3,1,"1,3,5",SAFE-Embed,0.1,DtACI (grow cal),blocked,0.6092269799166351,0.7362637362637363,0.26373626373626374,0.9,-0.1637362637362637,91,0.11001185207777255,0.5086206896551724,0.7362637362637363,0.6224422129594543,0.8318644067796612,59
3,1,"1,3,5",SAFE-Embed,0.1,ACI g=0.005,blocked,0.6092269799166351,0.09890109890109888,0.9010989010989011,0.9,-0.8010989010989011,91,0.001,0.8706896551724138,0.09890109890109888,0.48479537703675635,0.604950495049505,101
3,1,"1,3,5",SAFE-Embed,0.1,ACI g=0.005 (grow cal),blocked,0.6092269799166351,0.7582417582417582,0.24175824175824176,0.9,-0.1417582417582418,91,0.03499999999999996,0.35344827586206895,0.7582417582417582,0.5558450170519136,0.8165853658536585,41
3,1,"1,3,5",SAFE-Embed,0.1,ACI g=0.01,blocked,0.6092269799166351,0.1208791208791209,0.8791208791208791,0.9,-0.7791208791208791,91,0.001,0.8706896551724138,0.1208791208791209,0.49578438802576735,0.613861386138614,101
3,1,"1,3,5",SAFE-Embed,0.1,ACI g=0.01 (grow cal),blocked,0.6092269799166351,0.8241758241758241,0.17582417582417584,0.9,-0.07582417582417589,91,0.035000000000000024,0.3103448275862069,0.8241758241758241,0.5672603258810155,0.8122222222222222,36
3,1,"1,3,5",SAFE-Embed,0.1,ACI g=0.05,blocked,0.6092269799166351,0.13186813186813184,0.8681318681318682,0.9,-0.7681318681318682,91,0.001,0.8706896551724138,0.13186813186813184,0.5012788935202728,0.6176237623762377,101
3,1,"1,3,5",SAFE-Embed,0.1,ACI g=0.05 (grow cal),blocked,0.6092269799166351,0.8461538461538461,0.15384615384615385,0.9,-0.05384615384615388,91,0.12100000000000011,0.47413793103448276,0.8461538461538461,0.6601458885941645,0.8432727272727272,55
3,1,"1,3,5",SAFE-Embed,0.1,split CP (SAFE),shuffled,0.6092269799166351,0.08791208791208793,0.9120879120879121,0.9,-0.8120879120879121,91,0.1,0.8879310344827587,0.08791208791208793,0.4879215611974233,0.5532038834951455,103
3,1,"1,3,5",SAFE-Embed,0.1,split CP (n+1 corr.),shuffled,0.6092269799166351,0.08791208791208793,0.9120879120879121,0.9,-0.8120879120879121,91,0.1,0.8879310344827587,0.08791208791208793,0.4879215611974233,0.5660194174757281,103
3,1,"1,3,5",SAFE-Embed,0.1,DtACI,shuffled,0.6092269799166351,0.13186813186813184,0.8681318681318682,0.9,-0.7681318681318682,91,0.001,0.8793103448275862,0.13186813186813184,0.5055892383478591,0.6145098039215687,102
3,1,"1,3,5",SAFE-Embed,0.1,DtACI (grow cal),shuffled,0.6092269799166351,0.8131868131868132,0.18681318681318682,0.9,-0.08681318681318684,91,0.06228614717895852,0.4051724137931034,0.8131868131868132,0.6091796134899583,0.8225531914893617,47
3,1,"1,3,5",SAFE-Embed,0.1,ACI g=0.005,shuffled,0.6092269799166351,0.1208791208791209,0.8791208791208791,0.9,-0.7791208791208791,91,0.001,0.8793103448275862,0.1208791208791209,0.5000947328533536,0.6101960784313725,102
3,1,"1,3,5",SAFE-Embed,0.1,ACI g=0.005 (grow cal),shuffled,0.6092269799166351,0.8351648351648352,0.16483516483516483,0.9,-0.06483516483516483,91,0.07049999999999998,0.4051724137931034,0.8351648351648352,0.6201686244789693,0.8238297872340425,47
3,1,"1,3,5",SAFE-Embed,0.1,ACI g=0.01,shuffled,0.6092269799166351,0.13186813186813184,0.8681318681318682,0.9,-0.7681318681318682,91,0.001,0.8793103448275862,0.13186813186813184,0.5055892383478591,0.6201960784313726,102
3,1,"1,3,5",SAFE-Embed,0.1,ACI g=0.01 (grow cal),shuffled,0.6092269799166351,0.8681318681318682,0.13186813186813187,0.9,-0.031868131868131866,91,0.07100000000000004,0.39655172413793105,0.8681318681318682,0.6323417961348996,0.8330434782608696,46
3,1,"1,3,5",SAFE-Embed,0.1,ACI g=0.05,shuffled,0.6092269799166351,0.13186813186813184,0.8681318681318682,0.9,-0.7681318681318682,91,0.001,0.8793103448275862,0.13186813186813184,0.5055892383478591,0.6258823529411766,102
3,1,"1,3,5",SAFE-Embed,0.1,ACI g=0.05 (grow cal),shuffled,0.6092269799166351,0.8791208791208791,0.12087912087912088,0.9,-0.020879120879120916,91,0.061000000000000144,0.3275862068965517,0.8791208791208791,0.6033535430087154,0.8615789473684213,38
3,1,"1,3,5",SAFE-Embed,0.1,split CP (SAFE),exch,0.6092269799166351,0.9375,0.0625,0.9,0.03749999999999998,16,0.1,0.3728813559322034,0.9375,0.6551906779661016,0.6363636363636364,22
3,1,"1,3,5",SAFE-Embed,0.1,split CP (n+1 corr.),exch,0.6092269799166351,0.9375,0.0625,0.9,0.03749999999999998,16,0.1,0.3559322033898305,0.9375,0.6467161016949152,0.6285714285714286,21
3,1,"1,3,5",SAFE-Embed,0.1,DtACI,exch,0.6092269799166351,0.9375,0.0625,0.9,0.03749999999999998,16,0.13320996222235543,0.3559322033898305,0.9375,0.6467161016949152,0.6276190476190476,21
3,1,"1,3,5",SAFE-Embed,0.1,DtACI (grow cal),exch,0.6092269799166351,0.9375,0.0625,0.9,0.03749999999999998,16,0.1486007161446392,0.4067796610169492,0.9375,0.6721398305084746,0.6508333333333334,24
3,1,"1,3,5",SAFE-Embed,0.1,ACI g=0.005,exch,0.6092269799166351,0.9375,0.0625,0.9,0.03749999999999998,16,0.10300000000000001,0.3728813559322034,0.9375,0.6551906779661016,0.6372727272727272,22
3,1,"1,3,5",SAFE-Embed,0.1,ACI g=0.005 (grow cal),exch,0.6092269799166351,0.9375,0.0625,0.9,0.03749999999999998,16,0.10300000000000001,0.3728813559322034,0.9375,0.6551906779661016,0.6418181818181817,22
3,1,"1,3,5",SAFE-Embed,0.1,ACI g=0.01,exch,0.6092269799166351,0.9375,0.0625,0.9,0.03749999999999998,16,0.10600000000000001,0.3728813559322034,0.9375,0.6551906779661016,0.640909090909091,22
3,1,"1,3,5",SAFE-Embed,0.1,ACI g=0.01 (grow cal),exch,0.6092269799166351,0.9375,0.0625,0.9,0.03749999999999998,16,0.10600000000000001,0.3728813559322034,0.9375,0.6551906779661016,0.6418181818181817,22
3,1,"1,3,5",SAFE-Embed,0.1,ACI g=0.05,exch,0.6092269799166351,0.9375,0.0625,0.9,0.03749999999999998,16,0.13000000000000006,0.3728813559322034,0.9375,0.6551906779661016,0.6418181818181817,22
3,1,"1,3,5",SAFE-Embed,0.1,ACI g=0.05 (grow cal),exch,0.6092269799166351,0.9375,0.0625,0.9,0.03749999999999998,16,0.13000000000000006,0.3728813559322034,0.9375,0.6551906779661016,0.6336363636363637,22
3,1,"1,3,5",SAFE-Embed,0.15,split CP (SAFE),blocked,0.6092269799166351,0.02197802197802201,0.978021978021978,0.85,-0.828021978021978,91,0.15,0.9137931034482759,0.02197802197802201,0.46788556271314896,0.3379245283018868,106
3,1,"1,3,5",SAFE-Embed,0.15,split CP (n+1 corr.),blocked,0.6092269799166351,0.03296703296703296,0.967032967032967,0.85,-0.817032967032967,91,0.15,0.9051724137931034,0.03296703296703296,0.4690697233800682,0.4003809523809524,105
3,1,"1,3,5",SAFE-Embed,0.15,DtACI,blocked,0.6092269799166351,0.05494505494505497,0.945054945054945,0.85,-0.795054945054945,91,0.001,0.8793103448275862,0.05494505494505497,0.4671276998863206,0.4490196078431372,102
3,1,"1,3,5",SAFE-Embed,0.15,DtACI (grow cal),blocked,0.6092269799166351,0.6923076923076923,0.3076923076923077,0.85,-0.1576923076923077,91,0.15633687184207298,0.5258620689655172,0.6923076923076923,0.6090848806366047,0.7413114754098359,61
3,1,"1,3,5",SAFE-Embed,0.15,ACI g=0.005,blocked,0.6092269799166351,0.02197802197802201,0.978021978021978,0.85,-0.828021978021978,91,0.001,0.8793103448275862,0.02197802197802201,0.4506441834028041,0.44254901960784315,102
3,1,"1,3,5",SAFE-Embed,0.15,ACI g=0.005 (grow cal),blocked,0.6092269799166351,0.6703296703296704,0.32967032967032966,0.85,-0.1796703296703296,91,0.06749999999999992,0.5172413793103449,0.6703296703296704,0.5937855248200077,0.7390000000000001,60
3,1,"1,3,5",SAFE-Embed,0.15,ACI g=0.01,blocked,0.6092269799166351,0.04395604395604391,0.9560439560439561,0.85,-0.8060439560439561,91,0.001,0.8793103448275862,0.04395604395604391,0.46163319439181505,0.4529411764705882,102
3,1,"1,3,5",SAFE-Embed,0.15,ACI g=0.01 (grow cal),blocked,0.6092269799166351,0.7472527472527473,0.25274725274725274,0.85,-0.10274725274725272,91,0.054999999999999966,0.3706896551724138,0.7472527472527473,0.5589712012125805,0.713953488372093,43
3,1,"1,3,5",SAFE-Embed,0.15,ACI g=0.05,blocked,0.6092269799166351,0.06593406593406592,0.9340659340659341,0.85,-0.7840659340659341,91,0.001,0.8793103448275862,0.06593406593406592,0.47262220538082605,0.45431372549019605,102
3,1,"1,3,5",SAFE-Embed,0.15,ACI g=0.05 (grow cal),blocked,0.6092269799166351,0.7912087912087912,0.2087912087912088,0.85,-0.058791208791208804,91,0.1060000000000001,0.43103448275862066,0.7912087912087912,0.6111216369837059,0.7607999999999998,50
3,1,"1,3,5",SAFE-Embed,0.15,split CP (SAFE),shuffled,0.6092269799166351,0.02197802197802201,0.978021978021978,0.85,-0.828021978021978,91,0.15,0.9137931034482759,0.02197802197802201,0.46788556271314896,0.33792452830188674,106
3,1,"1,3,5",SAFE-Embed,0.15,split CP (n+1 corr.),shuffled,0.6092269799166351,0.03296703296703296,0.967032967032967,0.85,-0.817032967032967,91,0.15,0.9051724137931034,0.03296703296703296,0.4690697233800682,0.4003809523809523,105
3,1,"1,3,5",SAFE-Embed,0.15,DtACI,shuffled,0.6092269799166351,0.05494505494505497,0.945054945054945,0.85,-0.795054945054945,91,0.001,0.8793103448275862,0.05494505494505497,0.4671276998863206,0.4452941176470589,102
3,1,"1,3,5",SAFE-Embed,0.15,DtACI (grow cal),shuffled,0.6092269799166351,0.7472527472527473,0.25274725274725274,0.85,-0.10274725274725272,91,0.0972936214255018,0.4396551724137931,0.7472527472527473,0.5934539598332702,0.7215686274509805,51
3,1,"1,3,5",SAFE-Embed,0.15,ACI g=0.005,shuffled,0.6092269799166351,0.04395604395604391,0.9560439560439561,0.85,-0.8060439560439561,91,0.001,0.8879310344827587,0.04395604395604391,0.4659435392194013,0.4388349514563107,103
3,1,"1,3,5",SAFE-Embed,0.15,ACI g=0.005 (grow cal),shuffled,0.6092269799166351,0.7472527472527473,0.25274725274725274,0.85,-0.10274725274725272,91,0.10324999999999995,0.4396551724137931,0.7472527472527473,0.5934539598332702,0.7117647058823531,51
3,1,"1,3,5",SAFE-Embed,0.15,ACI g=0.01,shuffled,0.6092269799166351,0.04395604395604391,0.9560439560439561,0.85,-0.8060439560439561,91,0.001,0.8879310344827587,0.04395604395604391,0.4659435392194013,0.4411650485436894,103
3,1,"1,3,5",SAFE-Embed,0.15,ACI g=0.01 (grow cal),shuffled,0.6092269799166351,0.7912087912087912,0.2087912087912088,0.85,-0.058791208791208804,91,0.09649999999999995,0.4224137931034483,0.7912087912087912,0.6068112921561197,0.72,49
3,1,"1,3,5",SAFE-Embed,0.15,ACI g=0.05,shuffled,0.6092269799166351,0.07692307692307687,0.9230769230769231,0.85,-0.7730769230769231,91,0.001,0.8793103448275862,0.07692307692307687,0.47811671087533153,0.4543137254901961,102
3,1,"1,3,5",SAFE-Embed,0.15,ACI g=0.05 (grow cal),shuffled,0.6092269799166351,0.8241758241758241,0.17582417582417584,0.85,-0.025824175824175843,91,0.0660000000000002,0.35344827586206895,0.8241758241758241,0.5888120500189465,0.7395121951219511,41
3,1,"1,3,5",SAFE-Embed,0.15,split CP (SAFE),exch,0.6092269799166351,0.9375,0.0625,0.85,0.08750000000000002,16,0.15,0.4067796610169492,0.9375,0.6721398305084746,0.54,24
3,1,"1,3,5",SAFE-Embed,0.15,split CP (n+1 corr.),exch,0.6092269799166351,0.9375,0.0625,0.85,0.08750000000000002,16,0.15,0.3559322033898305,0.9375,0.6467161016949152,0.5790476190476191,21
3,1,"1,3,5",SAFE-Embed,0.15,DtACI,exch,0.6092269799166351,0.9375,0.0625,0.85,0.08750000000000002,16,0.2874512292465216,0.4915254237288136,0.9375,0.7145127118644068,0.4993103448275862,29
3,1,"1,3,5",SAFE-Embed,0.15,DtACI (grow cal),exch,0.6092269799166351,0.9375,0.0625,0.85,0.08750000000000002,16,0.2832650055160612,0.5423728813559322,0.9375,0.739936440677966,0.5037499999999999,32
3,1,"1,3,5",SAFE-Embed,0.15,ACI g=0.005,exch,0.6092269799166351,0.9375,0.0625,0.85,0.08750000000000002,16,0.157,0.4067796610169492,0.9375,0.6721398305084746,0.5408333333333333,24
3,1,"1,3,5",SAFE-Embed,0.15,ACI g=0.005 (grow cal),exch,0.6092269799166351,0.9375,0.0625,0.85,0.08750000000000002,16,0.157,0.4745762711864407,0.9375,0.7060381355932204,0.5364285714285714,28
3,1,"1,3,5",SAFE-Embed,0.15,ACI g=0.01,exch,0.6092269799166351,0.9375,0.0625,0.85,0.08750000000000002,16,0.164,0.4067796610169492,0.9375,0.6721398305084746,0.5399999999999999,24
3,1,"1,3,5",SAFE-Embed,0.15,ACI g=0.01 (grow cal),exch,0.6092269799166351,0.9375,0.0625,0.85,0.08750000000000002,16,0.164,0.4915254237288136,0.9375,0.7145127118644068,0.5186206896551724,29
3,1,"1,3,5",SAFE-Embed,0.15,ACI g=0.05,exch,0.6092269799166351,0.9375,0.0625,0.85,0.08750000000000002,16,0.22000000000000008,0.4576271186440678,0.9375,0.697563559322034,0.5629629629629629,27
3,1,"1,3,5",SAFE-Embed,0.15,ACI g=0.05 (grow cal),exch,0.6092269799166351,0.9375,0.0625,0.85,0.08750000000000002,16,0.22000000000000008,0.5423728813559322,0.9375,0.739936440677966,0.521875,32
3,1,"1,3,5",SAFE-Embed,0.2,split CP (SAFE),blocked,0.6092269799166351,0.0,1.0,0.8,-0.8,91,0.2,1.0,0.0,0.5,0.15241379310344827,116
3,1,"1,3,5",SAFE-Embed,0.2,split CP (n+1 corr.),blocked,0.6092269799166351,0.02197802197802201,0.978021978021978,0.8,-0.778021978021978,91,0.2,0.9051724137931034,0.02197802197802201,0.4635752178855627,0.3718095238095238,105
3,1,"1,3,5",SAFE-Embed,0.2,DtACI,blocked,0.6092269799166351,0.04395604395604391,0.9560439560439561,0.8,-0.7560439560439561,91,0.001,0.8793103448275862,0.04395604395604391,0.46163319439181505,0.4480392156862745,102
3,1,"1,3,5",SAFE-Embed,0.2,DtACI (grow cal),blocked,0.6092269799166351,0.5714285714285714,0.42857142857142855,0.8,-0.22857142857142865,91,0.14990036633012,0.5689655172413793,0.5714285714285714,0.5701970443349753,0.7254545454545454,66
3,1,"1,3,5",SAFE-Embed,0.2,ACI g=0.005,blocked,0.6092269799166351,0.01098901098901095,0.989010989010989,0.8,-0.7890109890109891,91,0.001,0.8793103448275862,0.01098901098901095,0.44514967790829857,0.4286274509803921,102
3,1,"1,3,5",SAFE-Embed,0.2,ACI g=0.005 (grow cal),blocked,0.6092269799166351,0.5494505494505495,0.45054945054945056,0.8,-0.25054945054945055,91,0.08499999999999991,0.5689655172413793,0.5494505494505495,0.5592080333459644,0.7227272727272727,66
3,1,"1,3,5",SAFE-Embed,0.2,ACI g=0.01,blocked,0.6092269799166351,0.01098901098901095,0.989010989010989,0.8,-0.7890109890109891,91,0.001,0.8793103448275862,0.01098901098901095,0.44514967790829857,0.44607843137254904,102
3,1,"1,3,5",SAFE-Embed,0.2,ACI g=0.01 (grow cal),blocked,0.6092269799166351,0.6593406593406593,0.34065934065934067,0.8,-0.14065934065934071,91,0.06999999999999997,0.47413793103448276,0.6593406593406593,0.566739295187571,0.7414545454545456,55
3,1,"1,3,5",SAFE-Embed,0.2,ACI g=0.05,blocked,0.6092269799166351,0.04395604395604391,0.9560439560439561,0.8,-0.7560439560439561,91,0.001,0.8793103448275862,0.04395604395604391,0.46163319439181505,0.4537254901960784,102
3,1,"1,3,5",SAFE-Embed,0.2,ACI g=0.05 (grow cal),blocked,0.6092269799166351,0.7472527472527473,0.25274725274725274,0.8,-0.05274725274725278,91,0.16100000000000017,0.5172413793103449,0.7472527472527473,0.632247063281546,0.7526666666666665,60
3,1,"1,3,5",SAFE-Embed,0.2,split CP (SAFE),shuffled,0.6092269799166351,0.0,1.0,0.8,-0.8,91,0.2,1.0,0.0,0.5,0.15241379310344827,116
3,1,"1,3,5",SAFE-Embed,0.2,split CP (n+1 corr.),shuffled,0.6092269799166351,0.02197802197802201,0.978021978021978,0.8,-0.778021978021978,91,0.2,0.9051724137931034,0.02197802197802201,0.4635752178855627,0.37180952380952376,105
3,1,"1,3,5",SAFE-Embed,0.2,DtACI,shuffled,0.6092269799166351,0.05494505494505497,0.945054945054945,0.8,-0.7450549450549451,91,0.001,0.8879310344827587,0.05494505494505497,0.4714380447139068,0.43611650485436904,103
3,1,"1,3,5",SAFE-Embed,0.2,DtACI (grow cal),shuffled,0.6092269799166351,0.7142857142857143,0.2857142857142857,0.8,-0.08571428571428574,91,0.15383780598496058,0.5086206896551724,0.7142857142857143,0.6114532019704433,0.7054237288135594,59
3,1,"1,3,5",SAFE-Embed,0.2,ACI g=0.005,shuffled,0.6092269799166351,0.04395604395604391,0.9560439560439561,0.8,-0.7560439560439561,91,0.001,0.896551724137931,0.04395604395604391,0.4702538840469875,0.4290384615384614,104
3,1,"1,3,5",SAFE-Embed,0.2,ACI g=0.005 (grow cal),shuffled,0.6092269799166351,0.7032967032967032,0.2967032967032967,0.8,-0.0967032967032968,91,0.15599999999999997,0.5172413793103449,0.7032967032967032,0.6102690413035241,0.702,60
3,1,"1,3,5",SAFE-Embed,0.2,ACI g=0.01,shuffled,0.6092269799166351,0.04395604395604391,0.9560439560439561,0.8,-0.7560439560439561,91,0.001,0.8879310344827587,0.04395604395604391,0.4659435392194013,0.4304854368932039,103
3,1,"1,3,5",SAFE-Embed,0.2,ACI g=0.01 (grow cal),shuffled,0.6092269799166351,0.7252747252747253,0.27472527472527475,0.8,-0.07472527472527479,91,0.13199999999999995,0.47413793103448276,0.7252747252747253,0.599706328154604,0.7127272727272728,55
3,1,"1,3,5",SAFE-Embed,0.2,ACI g=0.05,shuffled,0.6092269799166351,0.06593406593406592,0.9340659340659341,0.8,-0.7340659340659341,91,0.001,0.8793103448275862,0.06593406593406592,0.47262220538082605,0.44980392156862753,102
3,1,"1,3,5",SAFE-Embed,0.2,ACI g=0.05 (grow cal),shuffled,0.6092269799166351,0.7802197802197802,0.21978021978021978,0.8,-0.01978021978021982,91,0.15100000000000038,0.43103448275862066,0.7802197802197802,0.6056271314892004,0.7168000000000001,50
3,1,"1,3,5",SAFE-Embed,0.2,split CP (SAFE),exch,0.6092269799166351,0.9375,0.0625,0.8,0.13749999999999996,16,0.2,0.5423728813559322,0.9375,0.739936440677966,0.5406249999999999,32
3,1,"1,3,5",SAFE-Embed,0.2,split CP (n+1 corr.),exch,0.6092269799166351,0.9375,0.0625,0.8,0.13749999999999996,16,0.2,0.3559322033898305,0.9375,0.6467161016949152,0.5476190476190477,21
3,1,"1,3,5",SAFE-Embed,0.2,DtACI,exch,0.6092269799166351,0.9375,0.0625,0.8,0.13749999999999996,16,0.41389590778829055,0.6271186440677966,0.9375,0.7823093220338984,0.4718918918918919,37
3,1,"1,3,5",SAFE-Embed,0.2,DtACI (grow cal),exch,0.6092269799166351,0.9375,0.0625,0.8,0.13749999999999996,16,0.40908249328933743,0.6271186440677966,0.9375,0.7823093220338984,0.4632432432432433,37
3,1,"1,3,5",SAFE-Embed,0.2,ACI g=0.005,exch,0.6092269799166351,0.9375,0.0625,0.8,0.13749999999999996,16,0.21100000000000002,0.559322033898305,0.9375,0.7484110169491525,0.5442424242424242,33
3,1,"1,3,5",SAFE-Embed,0.2,ACI g=0.005 (grow cal),exch,0.6092269799166351,0.9375,0.0625,0.8,0.13749999999999996,16,0.21100000000000002,0.6101694915254238,0.9375,0.7738347457627119,0.48277777777777775,36
3,1,"1,3,5",SAFE-Embed,0.2,ACI g=0.01,exch,0.6092269799166351,0.9375,0.0625,0.8,0.13749999999999996,16,0.22200000000000003,0.6271186440677966,0.9375,0.7823093220338984,0.5772972972972973,37
3,1,"1,3,5",SAFE-Embed,0.2,ACI g=0.01 (grow cal),exch,0.6092269799166351,0.9375,0.0625,0.8,0.13749999999999996,16,0.22200000000000003,0.6101694915254238,0.9375,0.7738347457627119,0.4766666666666667,36
3,1,"1,3,5",SAFE-Embed,0.2,ACI g=0.05,exch,0.6092269799166351,0.9375,0.0625,0.8,0.13749999999999996,16,0.3100000000000001,0.6101694915254238,0.9375,0.7738347457627119,0.4783333333333333,36
3,1,"1,3,5",SAFE-Embed,0.2,ACI g=0.05 (grow cal),exch,0.6092269799166351,0.9375,0.0625,0.8,0.13749999999999996,16,0.3100000000000001,0.6271186440677966,0.9375,0.7823093220338984,0.4697297297297296,37
3,1,"1,3,5",SAFE-Embed,0.25,split CP (SAFE),blocked,0.6092269799166351,0.0,1.0,0.75,-0.75,91,0.25,1.0,0.0,0.5,0.06344827586206897,116
3,1,"1,3,5",SAFE-Embed,0.25,split CP (n+1 corr.),blocked,0.6092269799166351,0.0,1.0,0.75,-0.75,91,0.25,1.0,0.0,0.5,0.0663793103448276,116
3,1,"1,3,5",SAFE-Embed,0.25,DtACI,blocked,0.6092269799166351,0.06593406593406592,0.9340659340659341,0.75,-0.6840659340659341,91,0.001,0.8706896551724138,0.06593406593406592,0.46831186055323987,0.4823762376237623,101
3,1,"1,3,5",SAFE-Embed,0.25,DtACI (grow cal),blocked,0.6092269799166351,0.4945054945054945,0.5054945054945055,0.75,-0.2554945054945055,91,0.14967632984210763,0.646551724137931,0.4945054945054945,0.5705286093217128,0.7421333333333333,75
3,1,"1,3,5",SAFE-Embed,0.25,ACI g=0.005,blocked,0.6092269799166351,0.01098901098901095,0.989010989010989,0.75,-0.739010989010989,91,0.001,0.8793103448275862,0.01098901098901095,0.44514967790829857,0.4298039215686274,102
3,1,"1,3,5",SAFE-Embed,0.25,ACI g=0.005 (grow cal),blocked,0.6092269799166351,0.4945054945054945,0.5054945054945055,0.75,-0.2554945054945055,91,0.1324999999999999,0.6379310344827587,0.4945054945054945,0.5662182644941266,0.7343243243243243,74
3,1,"1,3,5",SAFE-Embed,0.25,ACI g=0.01,blocked,0.6092269799166351,0.01098901098901095,0.989010989010989,0.75,-0.739010989010989,91,0.001,0.8706896551724138,0.01098901098901095,0.4408393330807124,0.45445544554455436,101
3,1,"1,3,5",SAFE-Embed,0.25,ACI g=0.01 (grow cal),blocked,0.6092269799166351,0.6043956043956045,0.3956043956043956,0.75,-0.14560439560439553,91,0.11499999999999991,0.5775862068965517,0.6043956043956045,0.590990905646078,0.7588059701492538,67
3,1,"1,3,5",SAFE-Embed,0.25,ACI g=0.05,blocked,0.6092269799166351,0.07692307692307687,0.9230769230769231,0.75,-0.6730769230769231,91,0.001,0.8706896551724138,0.07692307692307687,0.47380636604774534,0.48930693069306924,101
3,1,"1,3,5",SAFE-Embed,0.25,ACI g=0.05 (grow cal),blocked,0.6092269799166351,0.7142857142857143,0.2857142857142857,0.75,-0.0357142857142857,91,0.18850000000000008,0.5258620689655172,0.7142857142857143,0.6200738916256158,0.7524590163934427,61
3,1,"1,3,5",SAFE-Embed,0.25,split CP (SAFE),shuffled,0.6092269799166351,0.0,1.0,0.75,-0.75,91,0.25,1.0,0.0,0.5,0.06344827586206896,116
3,1,"1,3,5",SAFE-Embed,0.25,split CP (n+1 corr.),shuffled,0.6092269799166351,0.0,1.0,0.75,-0.75,91,0.25,1.0,0.0,0.5,0.0663793103448276,116
3,1,"1,3,5",SAFE-Embed,0.25,DtACI,shuffled,0.6092269799166351,0.08791208791208793,0.9120879120879121,0.75,-0.6620879120879121,91,0.001,0.8793103448275862,0.08791208791208793,0.48361121636983706,0.4768627450980392,102
3,1,"1,3,5",SAFE-Embed,0.25,DtACI (grow cal),shuffled,0.6092269799166351,0.6263736263736264,0.37362637362637363,0.75,-0.12362637362637363,91,0.1709418696783921,0.5603448275862069,0.6263736263736264,0.5933592269799166,0.7107692307692308,65
3,1,"1,3,5",SAFE-Embed,0.25,ACI g=0.005,shuffled,0.6092269799166351,0.04395604395604391,0.9560439560439561,0.75,-0.7060439560439561,91,0.001,0.9137931034482759,0.04395604395604391,0.4788745737021599,0.36622641509433956,106
3,1,"1,3,5",SAFE-Embed,0.25,ACI g=0.005 (grow cal),shuffled,0.6092269799166351,0.6153846153846154,0.38461538461538464,0.75,-0.13461538461538458,91,0.18874999999999995,0.5948275862068966,0.6153846153846154,0.605106100795756,0.693913043478261,69
3,1,"1,3,5",SAFE-Embed,0.25,ACI g=0.01,shuffled,0.6092269799166351,0.06593406593406592,0.9340659340659341,0.75,-0.6840659340659341,91,0.001,0.896551724137931,0.06593406593406592,0.4812428950359985,0.4211538461538461,104
3,1,"1,3,5",SAFE-Embed,0.25,ACI g=0.01 (grow cal),shuffled,0.6092269799166351,0.6483516483516483,0.3516483516483517,0.75,-0.10164835164835173,91,0.15749999999999992,0.5344827586206896,0.6483516483516483,0.5914172034861689,0.7019354838709678,62
3,1,"1,3,5",SAFE-Embed,0.25,ACI g=0.05,shuffled,0.6092269799166351,0.09890109890109888,0.9010989010989011,0.75,-0.6510989010989011,91,0.001,0.8793103448275862,0.09890109890109888,0.48910572186434254,0.48078431372549024,102
3,1,"1,3,5",SAFE-Embed,0.25,ACI g=0.05 (grow cal),shuffled,0.6092269799166351,0.7142857142857143,0.2857142857142857,0.75,-0.0357142857142857,91,0.10100000000000031,0.49137931034482757,0.7142857142857143,0.6028325123152709,0.7301754385964911,57
3,1,"1,3,5",SAFE-Embed,0.25,split CP (SAFE),exch,0.6092269799166351,0.9375,0.0625,0.75,0.1875,16,0.25,0.711864406779661,0.9375,0.8246822033898304,0.4695238095238095,42
3,1,"1,3,5",SAFE-Embed,0.25,split CP (n+1 corr.),exch,0.6092269799166351,0.9375,0.0625,0.75,0.1875,16,0.25,0.6949152542372882,0.9375,0.816207627118644,0.5082926829268293,41
3,1,"1,3,5",SAFE-Embed,0.25,DtACI,exch,0.6092269799166351,0.9375,0.0625,0.75,0.1875,16,0.44155474457378013,0.7288135593220338,0.9375,0.8331567796610169,0.4223255813953488,43
3,1,"1,3,5",SAFE-Embed,0.25,DtACI (grow cal),exch,0.6092269799166351,0.9375,0.0625,0.75,0.1875,16,0.38134551129768146,0.7288135593220338,0.9375,0.8331567796610169,0.45395348837209304,43
3,1,"1,3,5",SAFE-Embed,0.25,ACI g=0.005,exch,0.6092269799166351,0.9375,0.0625,0.75,0.1875,16,0.2649999999999997,0.711864406779661,0.9375,0.8246822033898304,0.4685714285714286,42
3,1,"1,3,5",SAFE-Embed,0.25,ACI g=0.005 (grow cal),exch,0.6092269799166351,0.9375,0.0625,0.75,0.1875,16,0.2649999999999997,0.711864406779661,0.9375,0.8246822033898304,0.4509523809523809,42
3,1,"1,3,5",SAFE-Embed,0.25,ACI g=0.01,exch,0.6092269799166351,0.9375,0.0625,0.75,0.1875,16,0.28,0.711864406779661,0.9375,0.8246822033898304,0.4680952380952381,42
3,1,"1,3,5",SAFE-Embed,0.25,ACI g=0.01 (grow cal),exch,0.6092269799166351,0.9375,0.0625,0.75,0.1875,16,0.28,0.711864406779661,0.9375,0.8246822033898304,0.4466666666666666,42
3,1,"1,3,5",SAFE-Embed,0.25,ACI g=0.05,exch,0.6092269799166351,0.9375,0.0625,0.75,0.1875,16,0.40000000000000013,0.7288135593220338,0.9375,0.8331567796610169,0.4283720930232558,43
3,1,"1,3,5",SAFE-Embed,0.25,ACI g=0.05 (grow cal),exch,0.6092269799166351,0.875,0.125,0.75,0.125,16,0.3500000000000001,0.7288135593220338,0.875,0.8019067796610169,0.45395348837209304,43
3,1,"1,3,5",H&S inter+intra,0.1,split CP (SAFE),blocked,0.6863395225464191,0.6813186813186813,0.31868131868131866,0.9,-0.21868131868131868,91,0.1,0.4396551724137931,0.6813186813186813,0.5604869268662372,0.5262745098039215,51
3,1,"1,3,5",H&S inter+intra,0.1,split CP (n+1 corr.),blocked,0.6863395225464191,0.9230769230769231,0.07692307692307693,0.9,0.023076923076923106,91,0.1,0.1206896551724138,0.9230769230769231,0.5218832891246684,0.4371428571428571,14
3,1,"1,3,5",H&S inter+intra,0.1,DtACI,blocked,0.6863395225464191,0.8241758241758241,0.17582417582417584,0.9,-0.07582417582417589,91,0.04924999999999999,0.22413793103448276,0.8241758241758241,0.5241568776051535,0.5261538461538462,26
3,1,"1,3,5",H&S inter+intra,0.1,DtACI (grow cal),blocked,0.6863395225464191,0.8681318681318682,0.13186813186813187,0.9,-0.031868131868131866,91,0.07275000000000006,0.21551724137931033,0.8681318681318682,0.5418245547555892,0.5047999999999999,25
3,1,"1,3,5",H&S inter+intra,0.1,ACI g=0.005,blocked,0.6863395225464191,0.7912087912087912,0.2087912087912088,0.9,-0.10879120879120885,91,0.04999999999999996,0.25,0.7912087912087912,0.5206043956043955,0.5096551724137931,29
3,1,"1,3,5",H&S inter+intra,0.1,ACI g=0.005 (grow cal),blocked,0.6863395225464191,0.8571428571428572,0.14285714285714285,0.9,-0.042857142857142816,91,0.07999999999999999,0.22413793103448276,0.8571428571428572,0.5406403940886699,0.513076923076923,26
3,1,"1,3,5",H&S inter+intra,0.1,ACI g=0.01,blocked,0.6863395225464191,0.8351648351648352,0.16483516483516483,0.9,-0.06483516483516483,91,0.03999999999999999,0.23275862068965517,0.8351648351648352,0.5339617279272452,0.5103703703703704,27
3,1,"1,3,5",H&S inter+intra,0.1,ACI g=0.01 (grow cal),blocked,0.6863395225464191,0.8681318681318682,0.13186813186813187,0.9,-0.031868131868131866,91,0.06999999999999998,0.20689655172413793,0.8681318681318682,0.537514209928003,0.5033333333333333,24
3,1,"1,3,5",H&S inter+intra,0.1,ACI g=0.05,blocked,0.6863395225464191,0.8571428571428572,0.14285714285714285,0.9,-0.042857142857142816,91,0.036000000000000004,0.1896551724137931,0.8571428571428572,0.5233990147783252,0.49090909090909085,22
3,1,"1,3,5",H&S inter+intra,0.1,ACI g=0.05 (grow cal),blocked,0.6863395225464191,0.8901098901098901,0.10989010989010989,0.9,-0.009890109890109966,91,0.05000000000000021,0.1724137931034483,0.8901098901098901,0.5312618416066692,0.49399999999999994,20
3,1,"1,3,5",H&S inter+intra,0.1,split CP (SAFE),shuffled,0.6863395225464191,0.6813186813186813,0.31868131868131866,0.9,-0.21868131868131868,91,0.1,0.4396551724137931,0.6813186813186813,0.5604869268662372,0.5262745098039215,51
3,1,"1,3,5",H&S inter+intra,0.1,split CP (n+1 corr.),shuffled,0.6863395225464191,0.9230769230769231,0.07692307692307693,0.9,0.023076923076923106,91,0.1,0.1206896551724138,0.9230769230769231,0.5218832891246684,0.4371428571428571,14
3,1,"1,3,5",H&S inter+intra,0.1,DtACI,shuffled,0.6863395225464191,0.8351648351648352,0.16483516483516483,0.9,-0.06483516483516483,91,0.049625000000000016,0.23275862068965517,0.8351648351648352,0.5339617279272452,0.48444444444444446,27
3,1,"1,3,5",H&S inter+intra,0.1,DtACI (grow cal),shuffled,0.6863395225464191,0.8791208791208791,0.12087912087912088,0.9,-0.020879120879120916,91,0.09962500000000007,0.13793103448275862,0.8791208791208791,0.5085259568018189,0.43999999999999995,16
3,1,"1,3,5",H&S inter+intra,0.1,ACI g=0.005,shuffled,0.6863395225464191,0.8241758241758241,0.17582417582417584,0.9,-0.07582417582417589,91,0.06549999999999997,0.27586206896551724,0.8241758241758241,0.5500189465706706,0.46749999999999997,32
3,1,"1,3,5",H&S inter+intra,0.1,ACI g=0.005 (grow cal),shuffled,0.6863395225464191,0.8901098901098901,0.10989010989010989,0.9,-0.009890109890109966,91,0.0955,0.1724137931034483,0.8901098901098901,0.5312618416066692,0.49499999999999994,20
3,1,"1,3,5",H&S inter+intra,0.1,ACI g=0.01,shuffled,0.6863395225464191,0.8571428571428572,0.14285714285714285,0.9,-0.042857142857142816,91,0.06100000000000002,0.22413793103448276,0.8571428571428572,0.5406403940886699,0.47000000000000003,26
3,1,"1,3,5",H&S inter+intra,0.1,ACI g=0.01 (grow cal),shuffled,0.6863395225464191,0.8901098901098901,0.10989010989010989,0.9,-0.009890109890109966,91,0.091,0.16379310344827586,0.8901098901098901,0.5269514967790829,0.4852631578947368,19
3,1,"1,3,5",H&S inter+intra,0.1,ACI g=0.05,shuffled,0.6863395225464191,0.8681318681318682,0.13186813186813187,0.9,-0.031868131868131866,91,0.041000000000000064,0.1810344827586207,0.8681318681318682,0.5245831754452445,0.4666666666666666,21
3,1,"1,3,5",H&S inter+intra,0.1,ACI g=0.05 (grow cal),shuffled,0.6863395225464191,0.9010989010989011,0.0989010989010989,0.9,0.001098901098901095,91,0.13100000000000017,0.12931034482758622,0.9010989010989011,0.5152046229632437,0.424,15
3,1,"1,3,5",H&S inter+intra,0.1,split CP (SAFE),exch,0.6863395225464191,0.9375,0.0625,0.9,0.03749999999999998,16,0.1,0.4745762711864407,0.9375,0.7060381355932204,0.6728571428571428,28
3,1,"1,3,5",H&S inter+intra,0.1,split CP (n+1 corr.),exch,0.6863395225464191,0.9375,0.0625,0.9,0.03749999999999998,16,0.1,0.13559322033898305,0.9375,0.5365466101694916,0.6425000000000001,8
3,1,"1,3,5",H&S inter+intra,0.1,DtACI,exch,0.6863395225464191,0.9375,0.0625,0.9,0.03749999999999998,16,0.15929500000000008,0.4915254237288136,0.9375,0.7145127118644068,0.669655172413793,29
3,1,"1,3,5",H&S inter+intra,0.1,DtACI (grow cal),exch,0.6863395225464191,0.9375,0.0625,0.9,0.03749999999999998,16,0.15929500000000008,0.3220338983050847,0.9375,0.6297669491525424,0.6105263157894738,19
3,1,"1,3,5",H&S inter+intra,0.1,ACI g=0.005,exch,0.6863395225464191,0.9375,0.0625,0.9,0.03749999999999998,16,0.10300000000000001,0.4745762711864407,0.9375,0.7060381355932204,0.6728571428571428,28
3,1,"1,3,5",H&S inter+intra,0.1,ACI g=0.005 (grow cal),exch,0.6863395225464191,0.9375,0.0625,0.9,0.03749999999999998,16,0.10300000000000001,0.3050847457627119,0.9375,0.621292372881356,0.6122222222222223,18
3,1,"1,3,5",H&S inter+intra,0.1,ACI g=0.01,exch,0.6863395225464191,0.9375,0.0625,0.9,0.03749999999999998,16,0.10600000000000001,0.4745762711864407,0.9375,0.7060381355932204,0.6728571428571428,28
3,1,"1,3,5",H&S inter+intra,0.1,ACI g=0.01 (grow cal),exch,0.6863395225464191,0.9375,0.0625,0.9,0.03749999999999998,16,0.10600000000000001,0.3050847457627119,0.9375,0.621292372881356,0.6122222222222223,18
3,1,"1,3,5",H&S inter+intra,0.1,ACI g=0.05,exch,0.6863395225464191,0.9375,0.0625,0.9,0.03749999999999998,16,0.13000000000000006,0.3220338983050847,0.9375,0.6297669491525424,0.6105263157894737,19
3,1,"1,3,5",H&S inter+intra,0.1,ACI g=0.05 (grow cal),exch,0.6863395225464191,0.9375,0.0625,0.9,0.03749999999999998,16,0.13000000000000006,0.3220338983050847,0.9375,0.6297669491525424,0.6105263157894738,19
3,1,"1,3,5",H&S inter+intra,0.15,split CP (SAFE),blocked,0.6863395225464191,0.6043956043956045,0.3956043956043956,0.85,-0.2456043956043955,91,0.15,0.6206896551724138,0.6043956043956045,0.6125426297840091,0.5338888888888889,72
3,1,"1,3,5",H&S inter+intra,0.15,split CP (n+1 corr.),blocked,0.6863395225464191,0.6923076923076923,0.3076923076923077,0.85,-0.1576923076923077,91,0.15,0.5086206896551724,0.6923076923076923,0.6004641909814323,0.5535593220338982,59
3,1,"1,3,5",H&S inter+intra,0.15,DtACI,blocked,0.6863395225464191,0.7032967032967032,0.2967032967032967,0.85,-0.14670329670329674,91,0.03612499999999996,0.3017241379310345,0.7032967032967032,0.5025104206138689,0.5542857142857143,35
3,1,"1,3,5",H&S inter+intra,0.15,DtACI (grow cal),blocked,0.6863395225464191,0.7912087912087912,0.2087912087912088,0.85,-0.058791208791208804,91,0.07050000000000003,0.21551724137931033,0.7912087912087912,0.5033630162940508,0.5184,25
3,1,"1,3,5",H&S inter+intra,0.15,ACI g=0.005,blocked,0.6863395225464191,0.6593406593406593,0.34065934065934067,0.85,-0.19065934065934065,91,0.06249999999999992,0.4396551724137931,0.6593406593406593,0.5494979158772262,0.5419607843137255,51
3,1,"1,3,5",H&S inter+intra,0.15,ACI g=0.005 (grow cal),blocked,0.6863395225464191,0.7802197802197802,0.21978021978021978,0.85,-0.06978021978021975,91,0.11749999999999997,0.3103448275862069,0.7802197802197802,0.5452823039029936,0.5105555555555555,36
3,1,"1,3,5",H&S inter+intra,0.15,ACI g=0.01,blocked,0.6863395225464191,0.7252747252747253,0.27472527472527475,0.85,-0.12472527472527473,91,0.03499999999999994,0.3275862068965517,0.7252747252747253,0.5264304660856385,0.5168421052631579,38
3,1,"1,3,5",H&S inter+intra,0.15,ACI g=0.01 (grow cal),blocked,0.6863395225464191,0.7912087912087912,0.2087912087912088,0.85,-0.058791208791208804,91,0.09499999999999995,0.29310344827586204,0.7912087912087912,0.5421561197423266,0.498235294117647,34
3,1,"1,3,5",H&S inter+intra,0.15,ACI g=0.05,blocked,0.6863395225464191,0.8021978021978022,0.1978021978021978,0.85,-0.04780219780219774,91,0.016,0.25862068965517243,0.8021978021978022,0.5304092459264873,0.48066666666666663,30
3,1,"1,3,5",H&S inter+intra,0.15,ACI g=0.05 (grow cal),blocked,0.6863395225464191,0.8241758241758241,0.17582417582417584,0.85,-0.025824175824175843,91,0.028500000000000247,0.23275862068965517,0.8241758241758241,0.5284672224327397,0.48814814814814816,27
3,1,"1,3,5",H&S inter+intra,0.15,split CP (SAFE),shuffled,0.6863395225464191,0.6043956043956045,0.3956043956043956,0.85,-0.2456043956043955,91,0.15,0.6206896551724138,0.6043956043956045,0.6125426297840091,0.5338888888888889,72
3,1,"1,3,5",H&S inter+intra,0.15,split CP (n+1 corr.),shuffled,0.6863395225464191,0.6923076923076923,0.3076923076923077,0.85,-0.1576923076923077,91,0.15,0.5086206896551724,0.6923076923076923,0.6004641909814323,0.5535593220338982,59
3,1,"1,3,5",H&S inter+intra,0.15,DtACI,shuffled,0.6863395225464191,0.7252747252747253,0.27472527472527475,0.85,-0.12472527472527473,91,0.054562499999999986,0.47413793103448276,0.7252747252747253,0.599706328154604,0.5283636363636364,55
3,1,"1,3,5",H&S inter+intra,0.15,DtACI (grow cal),shuffled,0.6863395225464191,0.8351648351648352,0.16483516483516483,0.85,-0.014835164835164782,91,0.15081250000000013,0.31896551724137934,0.8351648351648352,0.5770651762031073,0.5118918918918919,37
3,1,"1,3,5",H&S inter+intra,0.15,ACI g=0.005,shuffled,0.6863395225464191,0.6813186813186813,0.31868131868131866,0.85,-0.16868131868131864,91,0.07324999999999993,0.5172413793103449,0.6813186813186813,0.5992800303145132,0.5326666666666666,60
3,1,"1,3,5",H&S inter+intra,0.15,ACI g=0.005 (grow cal),shuffled,0.6863395225464191,0.8351648351648352,0.16483516483516483,0.85,-0.014835164835164782,91,0.14325,0.3275862068965517,0.8351648351648352,0.5813755210306935,0.5247368421052632,38
3,1,"1,3,5",H&S inter+intra,0.15,ACI g=0.01,shuffled,0.6863395225464191,0.7582417582417582,0.24175824175824176,0.85,-0.09175824175824177,91,0.06649999999999995,0.4396551724137931,0.7582417582417582,0.5989484653277757,0.5207843137254902,51
3,1,"1,3,5",H&S inter+intra,0.15,ACI g=0.01 (grow cal),shuffled,0.6863395225464191,0.8351648351648352,0.16483516483516483,0.85,-0.014835164835164782,91,0.13649999999999998,0.3017241379310345,0.8351648351648352,0.5684444865479348,0.49828571428571433,35
3,1,"1,3,5",H&S inter+intra,0.15,ACI g=0.05,shuffled,0.6863395225464191,0.8241758241758241,0.17582417582417584,0.85,-0.025824175824175843,91,0.03250000000000007,0.31896551724137934,0.8241758241758241,0.5715706707086017,0.518918918918919,37
3,1,"1,3,5",H&S inter+intra,0.15,ACI g=0.05 (grow cal),shuffled,0.6863395225464191,0.8571428571428572,0.14285714285714285,0.85,0.0071428571428572285,91,0.18250000000000036,0.25,0.8571428571428572,0.5535714285714286,0.49999999999999994,29
3,1,"1,3,5",H&S inter+intra,0.15,split CP (SAFE),exch,0.6863395225464191,0.8125,0.1875,0.85,-0.03749999999999998,16,0.15,0.6440677966101694,0.8125,0.7282838983050848,0.6431578947368423,38
3,1,"1,3,5",H&S inter+intra,0.15,split CP (n+1 corr.),exch,0.6863395225464191,0.875,0.125,0.85,0.025000000000000022,16,0.15,0.576271186440678,0.875,0.725635593220339,0.6752941176470588,34
3,1,"1,3,5",H&S inter+intra,0.15,DtACI,exch,0.6863395225464191,0.8125,0.1875,0.85,-0.03749999999999998,16,0.14656499995474606,0.6440677966101694,0.8125,0.7282838983050848,0.6426315789473686,38
3,1,"1,3,5",H&S inter+intra,0.15,DtACI (grow cal),exch,0.6863395225464191,0.8125,0.1875,0.85,-0.03749999999999998,16,0.14656476721609607,0.6271186440677966,0.8125,0.7198093220338984,0.6367567567567568,37
3,1,"1,3,5",H&S inter+intra,0.15,ACI g=0.005,exch,0.6863395225464191,0.8125,0.1875,0.85,-0.03749999999999998,16,0.147,0.6440677966101694,0.8125,0.7282838983050848,0.6436842105263159,38
3,1,"1,3,5",H&S inter+intra,0.15,ACI g=0.005 (grow cal),exch,0.6863395225464191,0.8125,0.1875,0.85,-0.03749999999999998,16,0.147,0.6271186440677966,0.8125,0.7198093220338984,0.6367567567567568,37
3,1,"1,3,5",H&S inter+intra,0.15,ACI g=0.01,exch,0.6863395225464191,0.8125,0.1875,0.85,-0.03749999999999998,16,0.144,0.6271186440677966,0.8125,0.7198093220338984,0.6394594594594596,37
3,1,"1,3,5",H&S inter+intra,0.15,ACI g=0.01 (grow cal),exch,0.6863395225464191,0.8125,0.1875,0.85,-0.03749999999999998,16,0.144,0.6101694915254238,0.8125,0.7113347457627119,0.6361111111111112,36
3,1,"1,3,5",H&S inter+intra,0.15,ACI g=0.05,exch,0.6863395225464191,0.8125,0.1875,0.85,-0.03749999999999998,16,0.12000000000000005,0.6101694915254238,0.8125,0.7113347457627119,0.6533333333333332,36
3,1,"1,3,5",H&S inter+intra,0.15,ACI g=0.05 (grow cal),exch,0.6863395225464191,0.8125,0.1875,0.85,-0.03749999999999998,16,0.12000000000000005,0.5932203389830508,0.8125,0.7028601694915254,0.648,35
3,1,"1,3,5",H&S inter+intra,0.2,split CP (SAFE),blocked,0.6863395225464191,0.5054945054945055,0.4945054945054945,0.8,-0.29450549450549457,91,0.2,0.7068965517241379,0.5054945054945055,0.6061955286093217,0.49902439024390244,82
3,1,"1,3,5",H&S inter+intra,0.2,split CP (n+1 corr.),blocked,0.6863395225464191,0.6043956043956045,0.3956043956043956,0.8,-0.19560439560439558,91,0.2,0.5948275862068966,0.6043956043956045,0.5996115953012505,0.546086956521739,69
3,1,"1,3,5",H&S inter+intra,0.2,DtACI,blocked,0.6863395225464191,0.6263736263736264,0.37362637362637363,0.8,-0.17362637362637368,91,0.09905999999999991,0.4224137931034483,0.6263736263736264,0.5243937097385374,0.5469387755102042,49
3,1,"1,3,5",H&S inter+intra,0.2,DtACI (grow cal),blocked,0.6863395225464191,0.7142857142857143,0.2857142857142857,0.8,-0.08571428571428574,91,0.10025000000000014,0.28448275862068967,0.7142857142857143,0.49938423645320196,0.52,33
3,1,"1,3,5",H&S inter+intra,0.2,ACI g=0.005,blocked,0.6863395225464191,0.5824175824175823,0.4175824175824176,0.8,-0.2175824175824177,91,0.09999999999999992,0.5862068965517241,0.5824175824175823,0.5843122394846532,0.54,68
3,1,"1,3,5",H&S inter+intra,0.2,ACI g=0.005 (grow cal),blocked,0.6863395225464191,0.7142857142857143,0.2857142857142857,0.8,-0.08571428571428574,91,0.15999999999999998,0.3793103448275862,0.7142857142857143,0.5467980295566502,0.5399999999999999,44
3,1,"1,3,5",H&S inter+intra,0.2,ACI g=0.01,blocked,0.6863395225464191,0.6373626373626373,0.3626373626373626,0.8,-0.16263736263736273,91,0.0499999999999999,0.4051724137931034,0.6373626373626373,0.5212675255778704,0.5382978723404255,47
3,1,"1,3,5",H&S inter+intra,0.2,ACI g=0.01 (grow cal),blocked,0.6863395225464191,0.7472527472527473,0.25274725274725274,0.8,-0.05274725274725278,91,0.14999999999999997,0.3620689655172414,0.7472527472527473,0.5546608563849943,0.5242857142857142,42
3,1,"1,3,5",H&S inter+intra,0.2,ACI g=0.05,blocked,0.6863395225464191,0.7582417582417582,0.24175824175824176,0.8,-0.04175824175824183,91,0.021000000000000005,0.3017241379310345,0.7582417582417582,0.5299829480863963,0.5165714285714286,35
3,1,"1,3,5",H&S inter+intra,0.2,ACI g=0.05 (grow cal),blocked,0.6863395225464191,0.7692307692307692,0.23076923076923078,0.8,-0.030769230769230882,91,0.050000000000000364,0.25862068965517243,0.7692307692307692,0.5139257294429708,0.4946666666666666,30
3,1,"1,3,5",H&S inter+intra,0.2,split CP (SAFE),shuffled,0.6863395225464191,0.5054945054945055,0.4945054945054945,0.8,-0.29450549450549457,91,0.2,0.7068965517241379,0.5054945054945055,0.6061955286093217,0.49902439024390244,82
3,1,"1,3,5",H&S inter+intra,0.2,split CP (n+1 corr.),shuffled,0.6863395225464191,0.6043956043956045,0.3956043956043956,0.8,-0.19560439560439558,91,0.2,0.5948275862068966,0.6043956043956045,0.5996115953012505,0.5460869565217391,69
3,1,"1,3,5",H&S inter+intra,0.2,DtACI,shuffled,0.6863395225464191,0.6813186813186813,0.31868131868131866,0.8,-0.1186813186813187,91,0.10060499999999992,0.5344827586206896,0.6813186813186813,0.6079007199696855,0.5145161290322581,62
3,1,"1,3,5",H&S inter+intra,0.2,DtACI (grow cal),shuffled,0.6863395225464191,0.7802197802197802,0.21978021978021978,0.8,-0.01978021978021982,91,0.19850000000000023,0.4224137931034483,0.7802197802197802,0.6013167866616143,0.4897959183673469,49
3,1,"1,3,5",H&S inter+intra,0.2,ACI g=0.005,shuffled,0.6863395225464191,0.5824175824175823,0.4175824175824176,0.8,-0.2175824175824177,91,0.10099999999999992,0.6379310344827587,0.5824175824175823,0.6101743084501705,0.5251351351351351,74
3,1,"1,3,5",H&S inter+intra,0.2,ACI g=0.005 (grow cal),shuffled,0.6863395225464191,0.7582417582417582,0.24175824175824176,0.8,-0.04175824175824183,91,0.181,0.43103448275862066,0.7582417582417582,0.5946381205001894,0.5048,50
3,1,"1,3,5",H&S inter+intra,0.2,ACI g=0.01,shuffled,0.6863395225464191,0.6703296703296704,0.32967032967032966,0.8,-0.12967032967032965,91,0.0819999999999999,0.5344827586206896,0.6703296703296704,0.6024062144751801,0.5106451612903226,62
3,1,"1,3,5",H&S inter+intra,0.2,ACI g=0.01 (grow cal),shuffled,0.6863395225464191,0.7802197802197802,0.21978021978021978,0.8,-0.01978021978021982,91,0.182,0.41379310344827586,0.7802197802197802,0.5970064418340281,0.5045833333333334,48
3,1,"1,3,5",H&S inter+intra,0.2,ACI g=0.05,shuffled,0.6863395225464191,0.7692307692307692,0.23076923076923078,0.8,-0.030769230769230882,91,0.06100000000000005,0.33620689655172414,0.7692307692307692,0.5527188328912467,0.5010256410256411,39
3,1,"1,3,5",H&S inter+intra,0.2,ACI g=0.05 (grow cal),shuffled,0.6863395225464191,0.8021978021978022,0.1978021978021978,0.8,0.00219780219780219,91,0.21000000000000052,0.39655172413793105,0.8021978021978022,0.5993747631678666,0.5217391304347827,46
3,1,"1,3,5",H&S inter+intra,0.2,split CP (SAFE),exch,0.6863395225464191,0.6875,0.3125,0.8,-0.11250000000000004,16,0.2,0.6949152542372882,0.6875,0.691207627118644,0.6151219512195123,41
3,1,"1,3,5",H&S inter+intra,0.2,split CP (n+1 corr.),exch,0.6863395225464191,0.875,0.125,0.8,0.07499999999999996,16,0.2,0.6271186440677966,0.875,0.7510593220338984,0.6394594594594596,37
3,1,"1,3,5",H&S inter+intra,0.2,DtACI,exch,0.6863395225464191,0.6875,0.3125,0.8,-0.11250000000000004,16,0.19044473823183258,0.6949152542372882,0.6875,0.691207627118644,0.6160975609756097,41
3,1,"1,3,5",H&S inter+intra,0.2,DtACI (grow cal),exch,0.6863395225464191,0.6875,0.3125,0.8,-0.11250000000000004,16,0.190445,0.6949152542372882,0.6875,0.691207627118644,0.6278048780487805,41
3,1,"1,3,5",H&S inter+intra,0.2,ACI g=0.005,exch,0.6863395225464191,0.6875,0.3125,0.8,-0.11250000000000004,16,0.191,0.6949152542372882,0.6875,0.691207627118644,0.6151219512195123,41
3,1,"1,3,5",H&S inter+intra,0.2,ACI g=0.005 (grow cal),exch,0.6863395225464191,0.6875,0.3125,0.8,-0.11250000000000004,16,0.191,0.6949152542372882,0.6875,0.691207627118644,0.6278048780487805,41
3,1,"1,3,5",H&S inter+intra,0.2,ACI g=0.01,exch,0.6863395225464191,0.6875,0.3125,0.8,-0.11250000000000004,16,0.182,0.6949152542372882,0.6875,0.691207627118644,0.6160975609756097,41
3,1,"1,3,5",H&S inter+intra,0.2,ACI g=0.01 (grow cal),exch,0.6863395225464191,0.6875,0.3125,0.8,-0.11250000000000004,16,0.182,0.6949152542372882,0.6875,0.691207627118644,0.6282926829268293,41
3,1,"1,3,5",H&S inter+intra,0.2,ACI g=0.05,exch,0.6863395225464191,0.75,0.25,0.8,-0.050000000000000044,16,0.1600000000000001,0.6949152542372882,0.75,0.722457627118644,0.6273170731707318,41
3,1,"1,3,5",H&S inter+intra,0.2,ACI g=0.05 (grow cal),exch,0.6863395225464191,0.75,0.25,0.8,-0.050000000000000044,16,0.1600000000000001,0.6779661016949152,0.75,0.7139830508474576,0.6325000000000001,40
3,1,"1,3,5",H&S inter+intra,0.25,split CP (SAFE),blocked,0.6863395225464191,0.4505494505494505,0.5494505494505495,0.75,-0.2994505494505495,91,0.25,0.7241379310344828,0.4505494505494505,0.5873436907919667,0.4773809523809524,84
3,1,"1,3,5",H&S inter+intra,0.25,split CP (n+1 corr.),blocked,0.6863395225464191,0.4725274725274725,0.5274725274725275,0.75,-0.2774725274725275,91,0.25,0.7068965517241379,0.4725274725274725,0.5897120121258053,0.49243902439024395,82
3,1,"1,3,5",H&S inter+intra,0.25,DtACI,blocked,0.6863395225464191,0.6263736263736264,0.37362637362637363,0.75,-0.12362637362637363,91,0.14604749999999986,0.45689655172413796,0.6263736263736264,0.5416350890488821,0.46641509433962264,53
3,1,"1,3,5",H&S inter+intra,0.25,DtACI (grow cal),blocked,0.6863395225464191,0.6813186813186813,0.31868131868131866,0.75,-0.06868131868131866,91,0.1396250000000001,0.35344827586206895,0.6813186813186813,0.5173834785903751,0.5043902439024391,41
3,1,"1,3,5",H&S inter+intra,0.25,ACI g=0.005,blocked,0.6863395225464191,0.5274725274725275,0.4725274725274725,0.75,-0.22252747252747251,91,0.14749999999999988,0.6551724137931034,0.5274725274725275,0.5913224706328155,0.4973684210526315,76
3,1,"1,3,5",H&S inter+intra,0.25,ACI g=0.005 (grow cal),blocked,0.6863395225464191,0.6593406593406593,0.34065934065934067,0.75,-0.09065934065934067,91,0.20749999999999993,0.4827586206896552,0.6593406593406593,0.5710496400151572,0.5389285714285715,56
3,1,"1,3,5",H&S inter+intra,0.25,ACI g=0.01,blocked,0.6863395225464191,0.5604395604395604,0.43956043956043955,0.75,-0.18956043956043955,91,0.07499999999999984,0.5258620689655172,0.5604395604395604,0.5431508147025388,0.4973770491803279,61
3,1,"1,3,5",H&S inter+intra,0.25,ACI g=0.01 (grow cal),blocked,0.6863395225464191,0.6703296703296704,0.32967032967032966,0.75,-0.07967032967032961,91,0.17499999999999993,0.41379310344827586,0.6703296703296704,0.5420613868889731,0.5258333333333334,48
3,1,"1,3,5",H&S inter+intra,0.25,ACI g=0.05,blocked,0.6863395225464191,0.7032967032967032,0.2967032967032967,0.75,-0.04670329670329676,91,0.026000000000000002,0.35344827586206895,0.7032967032967032,0.5283724895793861,0.48682926829268297,41
3,1,"1,3,5",H&S inter+intra,0.25,ACI g=0.05 (grow cal),blocked,0.6863395225464191,0.7252747252747253,0.27472527472527475,0.75,-0.02472527472527475,91,0.1250000000000005,0.31896551724137934,0.7252747252747253,0.5221201212580523,0.48162162162162164,37
3,1,"1,3,5",H&S inter+intra,0.25,split CP (SAFE),shuffled,0.6863395225464191,0.4505494505494505,0.5494505494505495,0.75,-0.2994505494505495,91,0.25,0.7241379310344828,0.4505494505494505,0.5873436907919667,0.4773809523809524,84
3,1,"1,3,5",H&S inter+intra,0.25,split CP (n+1 corr.),shuffled,0.6863395225464191,0.4725274725274725,0.5274725274725275,0.75,-0.2774725274725275,91,0.25,0.7068965517241379,0.4725274725274725,0.5897120121258053,0.49243902439024395,82
3,1,"1,3,5",H&S inter+intra,0.25,DtACI,shuffled,0.6863395225464191,0.5934065934065934,0.4065934065934066,0.75,-0.1565934065934066,91,0.13331624999999991,0.5603448275862069,0.5934065934065934,0.5768757104964002,0.4938461538461539,65
3,1,"1,3,5",H&S inter+intra,0.25,DtACI (grow cal),shuffled,0.6863395225464191,0.7142857142857143,0.2857142857142857,0.75,-0.0357142857142857,91,0.23722375000000048,0.45689655172413796,0.7142857142857143,0.5855911330049262,0.49320754716981136,53
3,1,"1,3,5",H&S inter+intra,0.25,ACI g=0.005,shuffled,0.6863395225464191,0.4945054945054945,0.5054945054945055,0.75,-0.2554945054945055,91,0.1337499999999999,0.6724137931034483,0.4945054945054945,0.5834596438044715,0.5015384615384616,78
3,1,"1,3,5",H&S inter+intra,0.25,ACI g=0.005 (grow cal),shuffled,0.6863395225464191,0.6703296703296704,0.32967032967032966,0.75,-0.07967032967032961,91,0.21374999999999997,0.5086206896551724,0.6703296703296704,0.5894751799924214,0.5105084745762712,59
3,1,"1,3,5",H&S inter+intra,0.25,ACI g=0.01,shuffled,0.6863395225464191,0.5714285714285714,0.42857142857142855,0.75,-0.1785714285714286,91,0.08749999999999986,0.6293103448275862,0.5714285714285714,0.6003694581280787,0.5156164383561644,73
3,1,"1,3,5",H&S inter+intra,0.25,ACI g=0.01 (grow cal),shuffled,0.6863395225464191,0.7142857142857143,0.2857142857142857,0.75,-0.0357142857142857,91,0.21749999999999997,0.49137931034482757,0.7142857142857143,0.6028325123152709,0.512280701754386,57
3,1,"1,3,5",H&S inter+intra,0.25,ACI g=0.05,shuffled,0.6863395225464191,0.7142857142857143,0.2857142857142857,0.75,-0.0357142857142857,91,0.10099999999999992,0.4224137931034483,0.7142857142857143,0.5683497536945813,0.4848979591836735,49
3,1,"1,3,5",H&S inter+intra,0.25,ACI g=0.05 (grow cal),shuffled,0.6863395225464191,0.7472527472527473,0.25274725274725274,0.75,-0.0027472527472527375,91,0.2375000000000005,0.4051724137931034,0.7472527472527473,0.5762125805229253,0.4838297872340425,47
3,1,"1,3,5",H&S inter+intra,0.25,split CP (SAFE),exch,0.6863395225464191,0.6875,0.3125,0.75,-0.0625,16,0.25,0.7627118644067796,0.6875,0.7251059322033898,0.6128888888888889,45
3,1,"1,3,5",H&S inter+intra,0.25,split CP (n+1 corr.),exch,0.6863395225464191,0.6875,0.3125,0.75,-0.0625,16,0.25,0.711864406779661,0.6875,0.6996822033898304,0.5938095238095238,42
3,1,"1,3,5",H&S inter+intra,0.25,DtACI,exch,0.6863395225464191,0.6875,0.3125,0.75,-0.0625,16,0.24427399634256597,0.7288135593220338,0.6875,0.7081567796610169,0.6009302325581395,43
3,1,"1,3,5",H&S inter+intra,0.25,DtACI (grow cal),exch,0.6863395225464191,0.6875,0.3125,0.75,-0.0625,16,0.24426486719088913,0.711864406779661,0.6875,0.6996822033898304,0.5938095238095238,42
3,1,"1,3,5",H&S inter+intra,0.25,ACI g=0.005,exch,0.6863395225464191,0.6875,0.3125,0.75,-0.0625,16,0.24499999999999997,0.7457627118644068,0.6875,0.7166313559322034,0.6086363636363638,44
3,1,"1,3,5",H&S inter+intra,0.25,ACI g=0.005 (grow cal),exch,0.6863395225464191,0.6875,0.3125,0.75,-0.0625,16,0.24499999999999997,0.711864406779661,0.6875,0.6996822033898304,0.5938095238095238,42
3,1,"1,3,5",H&S inter+intra,0.25,ACI g=0.01,exch,0.6863395225464191,0.6875,0.3125,0.75,-0.0625,16,0.24,0.7457627118644068,0.6875,0.7166313559322034,0.6086363636363638,44
3,1,"1,3,5",H&S inter+intra,0.25,ACI g=0.01 (grow cal),exch,0.6863395225464191,0.6875,0.3125,0.75,-0.0625,16,0.24,0.711864406779661,0.6875,0.6996822033898304,0.5876190476190477,42
3,1,"1,3,5",H&S inter+intra,0.25,ACI g=0.05,exch,0.6863395225464191,0.6875,0.3125,0.75,-0.0625,16,0.20000000000000007,0.711864406779661,0.6875,0.6996822033898304,0.5942857142857144,42
3,1,"1,3,5",H&S inter+intra,0.25,ACI g=0.05 (grow cal),exch,0.6863395225464191,0.6875,0.3125,0.75,-0.0625,16,0.20000000000000007,0.711864406779661,0.6875,0.6996822033898304,0.5880952380952381,42
4,0,"1,5,6",SAFE-MLP,0.1,split CP (SAFE),blocked,0.8645304275556377,0.7692307692307692,0.23076923076923078,0.9,-0.13076923076923086,91,0.1,0.7647058823529411,0.7692307692307692,0.7669683257918551,0.6263736263736264,91
4,0,"1,5,6",SAFE-MLP,0.1,split CP (n+1 corr.),blocked,0.8645304275556377,0.7802197802197802,0.21978021978021978,0.9,-0.1197802197802198,91,0.1,0.7563025210084033,0.7802197802197802,0.7682611506140917,0.6502222222222221,90
4,0,"1,5,6",SAFE-MLP,0.1,DtACI,blocked,0.8645304275556377,0.7802197802197802,0.21978021978021978,0.9,-0.1197802197802198,91,0.208981801202068,0.7394957983193278,0.7802197802197802,0.7598577892695539,0.6465909090909091,88
4,0,"1,5,6",SAFE-MLP,0.1,DtACI (grow cal),blocked,0.8645304275556377,0.8681318681318682,0.13186813186813187,0.9,-0.031868131868131866,91,0.2176964177885286,0.6050420168067226,0.8681318681318682,0.7365869424692955,0.74,72
4,0,"1,5,6",SAFE-MLP,0.1,ACI g=0.005,blocked,0.8645304275556377,0.7802197802197802,0.21978021978021978,0.9,-0.1197802197802198,91,0.04499999999999996,0.7478991596638656,0.7802197802197802,0.7640594699418228,0.6676404494382022,89
4,0,"1,5,6",SAFE-MLP,0.1,ACI g=0.005 (grow cal),blocked,0.8645304275556377,0.8791208791208791,0.12087912087912088,0.9,-0.020879120879120916,91,0.09,0.5966386554621849,0.8791208791208791,0.737879767291532,0.7394366197183099,71
4,0,"1,5,6",SAFE-MLP,0.1,ACI g=0.01,blocked,0.8645304275556377,0.8241758241758241,0.17582417582417584,0.9,-0.07582417582417589,91,0.03000000000000001,0.5966386554621849,0.8241758241758241,0.7104072398190044,0.7092957746478874,71
4,0,"1,5,6",SAFE-MLP,0.1,ACI g=0.01 (grow cal),blocked,0.8645304275556377,0.9010989010989011,0.0989010989010989,0.9,0.001098901098901095,91,0.1,0.5882352941176471,0.9010989010989011,0.7446670976082741,0.7508571428571428,70
4,0,"1,5,6",SAFE-MLP,0.1,ACI g=0.05,blocked,0.8645304275556377,0.8681318681318682,0.13186813186813187,0.9,-0.031868131868131866,91,0.11100000000000011,0.6638655462184874,0.8681318681318682,0.7659987071751777,0.7253164556962025,79
4,0,"1,5,6",SAFE-MLP,0.1,ACI g=0.05 (grow cal),blocked,0.8645304275556377,0.9010989010989011,0.0989010989010989,0.9,0.001098901098901095,91,0.1310000000000002,0.5462184873949579,0.9010989010989011,0.7236586942469295,0.7658461538461537,65
4,0,"1,5,6",SAFE-MLP,0.1,split CP (SAFE),shuffled,0.8645304275556377,0.7692307692307692,0.23076923076923078,0.9,-0.13076923076923086,91,0.1,0.7647058823529411,0.7692307692307692,0.7669683257918551,0.6263736263736265,91
4,0,"1,5,6",SAFE-MLP,0.1,split CP (n+1 corr.),shuffled,0.8645304275556377,0.7802197802197802,0.21978021978021978,0.9,-0.1197802197802198,91,0.1,0.7563025210084033,0.7802197802197802,0.7682611506140917,0.6502222222222224,90
4,0,"1,5,6",SAFE-MLP,0.1,DtACI,shuffled,0.8645304275556377,0.7802197802197802,0.21978021978021978,0.9,-0.1197802197802198,91,0.04574550691491968,0.7563025210084033,0.7802197802197802,0.7682611506140917,0.6368888888888888,90
4,0,"1,5,6",SAFE-MLP,0.1,DtACI (grow cal),shuffled,0.8645304275556377,0.8681318681318682,0.13186813186813187,0.9,-0.031868131868131866,91,0.08469813039758167,0.6638655462184874,0.8681318681318682,0.7659987071751777,0.7501265822784811,79
4,0,"1,5,6",SAFE-MLP,0.1,ACI g=0.005,shuffled,0.8645304275556377,0.7802197802197802,0.21978021978021978,0.9,-0.1197802197802198,91,0.04549999999999996,0.7563025210084033,0.7802197802197802,0.7682611506140917,0.6357777777777778,90
4,0,"1,5,6",SAFE-MLP,0.1,ACI g=0.005 (grow cal),shuffled,0.8645304275556377,0.8681318681318682,0.13186813186813187,0.9,-0.031868131868131866,91,0.08549999999999999,0.6638655462184874,0.8681318681318682,0.7659987071751777,0.7503797468354431,79
4,0,"1,5,6",SAFE-MLP,0.1,ACI g=0.01,shuffled,0.8645304275556377,0.8241758241758241,0.17582417582417584,0.9,-0.07582417582417589,91,0.031000000000000007,0.6974789915966386,0.8241758241758241,0.7608274078862314,0.6674698795180724,83
4,0,"1,5,6",SAFE-MLP,0.1,ACI g=0.01 (grow cal),shuffled,0.8645304275556377,0.8791208791208791,0.12087912087912088,0.9,-0.020879120879120916,91,0.08099999999999999,0.6554621848739496,0.8791208791208791,0.7672915319974143,0.7515384615384616,78
4,0,"1,5,6",SAFE-MLP,0.1,ACI g=0.05,shuffled,0.8645304275556377,0.8681318681318682,0.13186813186813187,0.9,-0.031868131868131866,91,0.05100000000000002,0.6974789915966386,0.8681318681318682,0.7828054298642534,0.6920481927710844,83
4,0,"1,5,6",SAFE-MLP,0.1,ACI g=0.05 (grow cal),shuffled,0.8645304275556377,0.8901098901098901,0.10989010989010989,0.9,-0.009890109890109966,91,0.06600000000000013,0.6134453781512605,0.8901098901098901,0.7517776341305753,0.7772602739726027,73
4,0,"1,5,6",SAFE-MLP,0.1,split CP (SAFE),exch,0.8645304275556377,0.75,0.25,0.9,-0.15000000000000002,16,0.1,0.631578947368421,0.75,0.6907894736842105,0.6216666666666666,36
4,0,"1,5,6",SAFE-MLP,0.1,split CP (n+1 corr.),exch,0.8645304275556377,0.8125,0.1875,0.9,-0.08750000000000002,16,0.1,0.5964912280701754,0.8125,0.7044956140350878,0.6194117647058823,34
4,0,"1,5,6",SAFE-MLP,0.1,DtACI,exch,0.8645304275556377,0.8125,0.1875,0.9,-0.08750000000000002,16,0.07090859855108664,0.631578947368421,0.8125,0.7220394736842105,0.6277777777777778,36
4,0,"1,5,6",SAFE-MLP,0.1,DtACI (grow cal),exch,0.8645304275556377,0.8125,0.1875,0.9,-0.08750000000000002,16,0.080004826804252,0.5964912280701754,0.8125,0.7044956140350878,0.6129411764705881,34
4,0,"1,5,6",SAFE-MLP,0.1,ACI g=0.005,exch,0.8645304275556377,0.75,0.25,0.9,-0.15000000000000002,16,0.088,0.631578947368421,0.75,0.6907894736842105,0.6266666666666666,36
4,0,"1,5,6",SAFE-MLP,0.1,ACI g=0.005 (grow cal),exch,0.8645304275556377,0.8125,0.1875,0.9,-0.08750000000000002,16,0.093,0.5964912280701754,0.8125,0.7044956140350878,0.6129411764705881,34
4,0,"1,5,6",SAFE-MLP,0.1,ACI g=0.01,exch,0.8645304275556377,0.8125,0.1875,0.9,-0.08750000000000002,16,0.086,0.631578947368421,0.8125,0.7220394736842105,0.6227777777777778,36
4,0,"1,5,6",SAFE-MLP,0.1,ACI g=0.01 (grow cal),exch,0.8645304275556377,0.8125,0.1875,0.9,-0.08750000000000002,16,0.086,0.5964912280701754,0.8125,0.7044956140350878,0.6129411764705881,34
4,0,"1,5,6",SAFE-MLP,0.1,ACI g=0.05,exch,0.8645304275556377,0.8125,0.1875,0.9,-0.08750000000000002,16,0.030000000000000034,0.631578947368421,0.8125,0.7220394736842105,0.6388888888888888,36
4,0,"1,5,6",SAFE-MLP,0.1,ACI g=0.05 (grow cal),exch,0.8645304275556377,0.8125,0.1875,0.9,-0.08750000000000002,16,0.030000000000000034,0.5964912280701754,0.8125,0.7044956140350878,0.6311764705882352,34
4,0,"1,5,6",SAFE-MLP,0.15,split CP (SAFE),blocked,0.8645304275556377,0.7582417582417582,0.24175824175824176,0.85,-0.09175824175824177,91,0.15,0.7815126050420168,0.7582417582417582,0.7698771816418875,0.5791489361702128,94
4,0,"1,5,6",SAFE-MLP,0.15,split CP (n+1 corr.),blocked,0.8645304275556377,0.7692307692307692,0.23076923076923078,0.85,-0.08076923076923082,91,0.15,0.7563025210084033,0.7692307692307692,0.7627666451195863,0.6257777777777778,90
4,0,"1,5,6",SAFE-MLP,0.15,DtACI,blocked,0.8645304275556377,0.7582417582417582,0.24175824175824176,0.85,-0.09175824175824177,91,0.22544085171728356,0.773109243697479,0.7582417582417582,0.7656755009696186,0.6152173913043478,92
4,0,"1,5,6",SAFE-MLP,0.15,DtACI (grow cal),blocked,0.8645304275556377,0.8021978021978022,0.1978021978021978,0.85,-0.04780219780219774,91,0.32141833173228795,0.6890756302521008,0.8021978021978022,0.7456367162249515,0.7056097560975609,82
4,0,"1,5,6",SAFE-MLP,0.15,ACI g=0.005,blocked,0.8645304275556377,0.7582417582417582,0.24175824175824176,0.85,-0.09175824175824177,91,0.10749999999999996,0.7563025210084033,0.7582417582417582,0.7572721396250808,0.6202222222222222,90
4,0,"1,5,6",SAFE-MLP,0.15,ACI g=0.005 (grow cal),blocked,0.8645304275556377,0.8021978021978022,0.1978021978021978,0.85,-0.04780219780219774,91,0.12749999999999997,0.6218487394957983,0.8021978021978022,0.7120232708468003,0.7018918918918919,74
4,0,"1,5,6",SAFE-MLP,0.15,ACI g=0.01,blocked,0.8645304275556377,0.7692307692307692,0.23076923076923078,0.85,-0.08076923076923082,91,0.07499999999999997,0.7563025210084033,0.7692307692307692,0.7627666451195863,0.6464444444444445,90
4,0,"1,5,6",SAFE-MLP,0.15,ACI g=0.01 (grow cal),blocked,0.8645304275556377,0.8241758241758241,0.17582417582417584,0.85,-0.025824175824175843,91,0.12499999999999997,0.6050420168067226,0.8241758241758241,0.7146089204912733,0.7227777777777779,72
4,0,"1,5,6",SAFE-MLP,0.15,ACI g=0.05,blocked,0.8645304275556377,0.8461538461538461,0.15384615384615385,0.85,-0.0038461538461538325,91,0.21600000000000016,0.7142857142857143,0.8461538461538461,0.7802197802197802,0.6884705882352941,85
4,0,"1,5,6",SAFE-MLP,0.15,ACI g=0.05 (grow cal),blocked,0.8645304275556377,0.8791208791208791,0.12087912087912088,0.85,0.02912087912087913,91,0.27500000000000036,0.6638655462184874,0.8791208791208791,0.7714932126696832,0.7278481012658227,79
4,0,"1,5,6",SAFE-MLP,0.15,split CP (SAFE),shuffled,0.8645304275556377,0.7582417582417582,0.24175824175824176,0.85,-0.09175824175824177,91,0.15,0.7815126050420168,0.7582417582417582,0.7698771816418875,0.5791489361702128,94
4,0,"1,5,6",SAFE-MLP,0.15,split CP (n+1 corr.),shuffled,0.8645304275556377,0.7692307692307692,0.23076923076923078,0.85,-0.08076923076923082,91,0.15,0.7563025210084033,0.7692307692307692,0.7627666451195863,0.6257777777777778,90
4,0,"1,5,6",SAFE-MLP,0.15,DtACI,shuffled,0.8645304275556377,0.7692307692307692,0.23076923076923078,0.85,-0.08076923076923082,91,0.10538806876986609,0.773109243697479,0.7692307692307692,0.771170006464124,0.6010869565217393,92
4,0,"1,5,6",SAFE-MLP,0.15,DtACI (grow cal),shuffled,0.8645304275556377,0.8131868131868132,0.18681318681318682,0.85,-0.03681318681318679,91,0.1511355678929538,0.7394957983193278,0.8131868131868132,0.7763413057530705,0.6727272727272727,88
4,0,"1,5,6",SAFE-MLP,0.15,ACI g=0.005,shuffled,0.8645304275556377,0.7692307692307692,0.23076923076923078,0.85,-0.08076923076923082,91,0.11324999999999996,0.773109243697479,0.7692307692307692,0.771170006464124,0.5892473118279571,93
4,0,"1,5,6",SAFE-MLP,0.15,ACI g=0.005 (grow cal),shuffled,0.8645304275556377,0.8131868131868132,0.18681318681318682,0.85,-0.03681318681318679,91,0.13324999999999998,0.7226890756302521,0.8131868131868132,0.7679379444085326,0.6497674418604652,86
4,0,"1,5,6",SAFE-MLP,0.15,ACI g=0.01,shuffled,0.8645304275556377,0.7692307692307692,0.23076923076923078,0.85,-0.08076923076923082,91,0.07649999999999993,0.773109243697479,0.7692307692307692,0.771170006464124,0.5967741935483871,93
4,0,"1,5,6",SAFE-MLP,0.15,ACI g=0.01 (grow cal),shuffled,0.8645304275556377,0.8241758241758241,0.17582417582417584,0.85,-0.025824175824175843,91,0.12649999999999997,0.7142857142857143,0.8241758241758241,0.7692307692307692,0.6703529411764706,85
4,0,"1,5,6",SAFE-MLP,0.15,ACI g=0.05,shuffled,0.8645304275556377,0.8131868131868132,0.18681318681318682,0.85,-0.03681318681318679,91,0.025999999999999995,0.6890756302521008,0.8131868131868132,0.751131221719457,0.6287804878048782,82
4,0,"1,5,6",SAFE-MLP,0.15,ACI g=0.05 (grow cal),shuffled,0.8645304275556377,0.8461538461538461,0.15384615384615385,0.85,-0.0038461538461538325,91,0.13250000000000034,0.7058823529411765,0.8461538461538461,0.7760180995475113,0.6926190476190477,84
4,0,"1,5,6",SAFE-MLP,0.15,split CP (SAFE),exch,0.8645304275556377,0.75,0.25,0.85,-0.09999999999999998,16,0.15,0.6666666666666666,0.75,0.7083333333333333,0.5676923076923075,39
4,0,"1,5,6",SAFE-MLP,0.15,split CP (n+1 corr.),exch,0.8645304275556377,0.8125,0.1875,0.85,-0.03749999999999998,16,0.15,0.631578947368421,0.8125,0.7220394736842105,0.6288888888888889,36
4,0,"1,5,6",SAFE-MLP,0.15,DtACI,exch,0.8645304275556377,0.75,0.25,0.85,-0.09999999999999998,16,0.12149309655374255,0.6666666666666666,0.75,0.7083333333333333,0.6315789473684209,38
4,0,"1,5,6",SAFE-MLP,0.15,DtACI (grow cal),exch,0.8645304275556377,0.75,0.25,0.85,-0.09999999999999998,16,0.11999967737764929,0.6491228070175439,0.75,0.6995614035087719,0.6308108108108108,37
4,0,"1,5,6",SAFE-MLP,0.15,ACI g=0.005,exch,0.8645304275556377,0.75,0.25,0.85,-0.09999999999999998,16,0.142,0.6666666666666666,0.75,0.7083333333333333,0.5676923076923075,39
4,0,"1,5,6",SAFE-MLP,0.15,ACI g=0.005 (grow cal),exch,0.8645304275556377,0.75,0.25,0.85,-0.09999999999999998,16,0.142,0.6491228070175439,0.75,0.6995614035087719,0.6291891891891891,37
4,0,"1,5,6",SAFE-MLP,0.15,ACI g=0.01,exch,0.8645304275556377,0.75,0.25,0.85,-0.09999999999999998,16,0.13399999999999998,0.6666666666666666,0.75,0.7083333333333333,0.5676923076923075,39
4,0,"1,5,6",SAFE-MLP,0.15,ACI g=0.01 (grow cal),exch,0.8645304275556377,0.75,0.25,0.85,-0.09999999999999998,16,0.13399999999999998,0.6491228070175439,0.75,0.6995614035087719,0.6308108108108108,37
4,0,"1,5,6",SAFE-MLP,0.15,ACI g=0.05,exch,0.8645304275556377,0.75,0.25,0.85,-0.09999999999999998,16,0.07000000000000003,0.6491228070175439,0.75,0.6995614035087719,0.6302702702702703,37
4,0,"1,5,6",SAFE-MLP,0.15,ACI g=0.05 (grow cal),exch,0.8645304275556377,0.75,0.25,0.85,-0.09999999999999998,16,0.07000000000000003,0.631578947368421,0.75,0.6907894736842105,0.6344444444444445,36
4,0,"1,5,6",SAFE-MLP,0.2,split CP (SAFE),blocked,0.8645304275556377,0.7582417582417582,0.24175824175824176,0.8,-0.04175824175824183,91,0.2,0.7899159663865546,0.7582417582417582,0.7740788623141563,0.5719148936170213,94
4,0,"1,5,6",SAFE-MLP,0.2,split CP (n+1 corr.),blocked,0.8645304275556377,0.7582417582417582,0.24175824175824176,0.8,-0.04175824175824183,91,0.2,0.7815126050420168,0.7582417582417582,0.7698771816418875,0.5791489361702128,94
4,0,"1,5,6",SAFE-MLP,0.2,DtACI,blocked,0.8645304275556377,0.7582417582417582,0.24175824175824176,0.8,-0.04175824175824183,91,0.2168212037046237,0.7815126050420168,0.7582417582417582,0.7698771816418875,0.5812765957446808,94
4,0,"1,5,6",SAFE-MLP,0.2,DtACI (grow cal),blocked,0.8645304275556377,0.7802197802197802,0.21978021978021978,0.8,-0.01978021978021982,91,0.3169085697455699,0.7394957983193278,0.7802197802197802,0.7598577892695539,0.6497727272727274,88
4,0,"1,5,6",SAFE-MLP,0.2,ACI g=0.005,blocked,0.8645304275556377,0.7582417582417582,0.24175824175824176,0.8,-0.04175824175824183,91,0.18,0.7815126050420168,0.7582417582417582,0.7698771816418875,0.5719148936170213,94
4,0,"1,5,6",SAFE-MLP,0.2,ACI g=0.005 (grow cal),blocked,0.8645304275556377,0.7912087912087912,0.2087912087912088,0.8,-0.008791208791208871,91,0.195,0.7226890756302521,0.7912087912087912,0.7569489334195216,0.671627906976744,86
4,0,"1,5,6",SAFE-MLP,0.2,ACI g=0.01,blocked,0.8645304275556377,0.7582417582417582,0.24175824175824176,0.8,-0.04175824175824183,91,0.15999999999999998,0.7815126050420168,0.7582417582417582,0.7698771816418875,0.5972043010752688,93
4,0,"1,5,6",SAFE-MLP,0.2,ACI g=0.01 (grow cal),blocked,0.8645304275556377,0.7912087912087912,0.2087912087912088,0.8,-0.008791208791208871,91,0.19,0.6890756302521008,0.7912087912087912,0.7401422107304461,0.6836585365853658,82
4,0,"1,5,6",SAFE-MLP,0.2,ACI g=0.05,blocked,0.8645304275556377,0.8241758241758241,0.17582417582417584,0.8,0.02417582417582409,91,0.3210000000000003,0.7478991596638656,0.8241758241758241,0.7860374919198448,0.6508888888888889,90
4,0,"1,5,6",SAFE-MLP,0.2,ACI g=0.05 (grow cal),blocked,0.8645304275556377,0.8351648351648352,0.16483516483516483,0.8,0.03516483516483515,91,0.3500000000000004,0.6890756302521008,0.8351648351648352,0.762120232708468,0.6807317073170731,82
4,0,"1,5,6",SAFE-MLP,0.2,split CP (SAFE),shuffled,0.8645304275556377,0.7582417582417582,0.24175824175824176,0.8,-0.04175824175824183,91,0.2,0.7899159663865546,0.7582417582417582,0.7740788623141563,0.5719148936170213,94
4,0,"1,5,6",SAFE-MLP,0.2,split CP (n+1 corr.),shuffled,0.8645304275556377,0.7582417582417582,0.24175824175824176,0.8,-0.04175824175824183,91,0.2,0.7815126050420168,0.7582417582417582,0.7698771816418875,0.5791489361702128,94
4,0,"1,5,6",SAFE-MLP,0.2,DtACI,shuffled,0.8645304275556377,0.7582417582417582,0.24175824175824176,0.8,-0.04175824175824183,91,0.1628386535516516,0.7815126050420168,0.7582417582417582,0.7698771816418875,0.5791489361702128,94
4,0,"1,5,6",SAFE-MLP,0.2,DtACI (grow cal),shuffled,0.8645304275556377,0.7692307692307692,0.23076923076923078,0.8,-0.030769230769230882,91,0.18227976703175638,0.773109243697479,0.7692307692307692,0.771170006464124,0.5926881720430107,93
4,0,"1,5,6",SAFE-MLP,0.2,ACI g=0.005,shuffled,0.8645304275556377,0.7582417582417582,0.24175824175824176,0.8,-0.04175824175824183,91,0.181,0.7899159663865546,0.7582417582417582,0.7740788623141563,0.5791489361702128,94
4,0,"1,5,6",SAFE-MLP,0.2,ACI g=0.005 (grow cal),shuffled,0.8645304275556377,0.7692307692307692,0.23076923076923078,0.8,-0.030769230769230882,91,0.186,0.7815126050420168,0.7692307692307692,0.7753716871363929,0.5905376344086021,93
4,0,"1,5,6",SAFE-MLP,0.2,ACI g=0.01,shuffled,0.8645304275556377,0.7582417582417582,0.24175824175824176,0.8,-0.04175824175824183,91,0.16199999999999998,0.7899159663865546,0.7582417582417582,0.7740788623141563,0.5791489361702128,94
4,0,"1,5,6",SAFE-MLP,0.2,ACI g=0.01 (grow cal),shuffled,0.8645304275556377,0.7692307692307692,0.23076923076923078,0.8,-0.030769230769230882,91,0.172,0.7815126050420168,0.7692307692307692,0.7753716871363929,0.5920430107526882,93
4,0,"1,5,6",SAFE-MLP,0.2,ACI g=0.05,shuffled,0.8645304275556377,0.7692307692307692,0.23076923076923078,0.8,-0.030769230769230882,91,0.06000000000000038,0.773109243697479,0.7692307692307692,0.771170006464124,0.5960869565217392,92
4,0,"1,5,6",SAFE-MLP,0.2,ACI g=0.05 (grow cal),shuffled,0.8645304275556377,0.7912087912087912,0.2087912087912088,0.8,-0.008791208791208871,91,0.16000000000000045,0.7478991596638656,0.7912087912087912,0.7695539754363283,0.6123595505617978,89
4,0,"1,5,6",SAFE-MLP,0.2,split CP (SAFE),exch,0.8645304275556377,0.75,0.25,0.8,-0.050000000000000044,16,0.2,0.6842105263157895,0.75,0.7171052631578947,0.5676923076923075,39
4,0,"1,5,6",SAFE-MLP,0.2,split CP (n+1 corr.),exch,0.8645304275556377,0.75,0.25,0.8,-0.050000000000000044,16,0.2,0.6666666666666666,0.75,0.7083333333333333,0.5676923076923075,39
4,0,"1,5,6",SAFE-MLP,0.2,DtACI,exch,0.8645304275556377,0.75,0.25,0.8,-0.050000000000000044,16,0.16857625670131532,0.6666666666666666,0.75,0.7083333333333333,0.5676923076923075,39
4,0,"1,5,6",SAFE-MLP,0.2,DtACI (grow cal),exch,0.8645304275556377,0.75,0.25,0.8,-0.050000000000000044,16,0.17294829202808187,0.6666666666666666,0.75,0.7083333333333333,0.58,39
4,0,"1,5,6",SAFE-MLP,0.2,ACI g=0.005,exch,0.8645304275556377,0.75,0.25,0.8,-0.050000000000000044,16,0.196,0.6842105263157895,0.75,0.7171052631578947,0.5676923076923075,39
4,0,"1,5,6",SAFE-MLP,0.2,ACI g=0.005 (grow cal),exch,0.8645304275556377,0.75,0.25,0.8,-0.050000000000000044,16,0.196,0.6666666666666666,0.75,0.7083333333333333,0.5676923076923075,39
4,0,"1,5,6",SAFE-MLP,0.2,ACI g=0.01,exch,0.8645304275556377,0.75,0.25,0.8,-0.050000000000000044,16,0.192,0.6842105263157895,0.75,0.7171052631578947,0.5676923076923075,39
4,0,"1,5,6",SAFE-MLP,0.2,ACI g=0.01 (grow cal),exch,0.8645304275556377,0.75,0.25,0.8,-0.050000000000000044,16,0.192,0.6666666666666666,0.75,0.7083333333333333,0.5676923076923075,39
4,0,"1,5,6",SAFE-MLP,0.2,ACI g=0.05,exch,0.8645304275556377,0.75,0.25,0.8,-0.050000000000000044,16,0.1600000000000001,0.6666666666666666,0.75,0.7083333333333333,0.5676923076923075,39
4,0,"1,5,6",SAFE-MLP,0.2,ACI g=0.05 (grow cal),exch,0.8645304275556377,0.75,0.25,0.8,-0.050000000000000044,16,0.1600000000000001,0.6666666666666666,0.75,0.7083333333333333,0.5948717948717948,39
4,0,"1,5,6",SAFE-MLP,0.25,split CP (SAFE),blocked,0.8645304275556377,0.6153846153846154,0.38461538461538464,0.75,-0.13461538461538458,91,0.25,0.7899159663865546,0.6153846153846154,0.702650290885585,0.4355319148936171,94
4,0,"1,5,6",SAFE-MLP,0.25,split CP (n+1 corr.),blocked,0.8645304275556377,0.6153846153846154,0.38461538461538464,0.75,-0.13461538461538458,91,0.25,0.7899159663865546,0.6153846153846154,0.702650290885585,0.44276595744680847,94
4,0,"1,5,6",SAFE-MLP,0.25,DtACI,blocked,0.8645304275556377,0.6373626373626373,0.3626373626373626,0.75,-0.11263736263736268,91,0.20309650903203325,0.7899159663865546,0.6373626373626373,0.7136393018745959,0.47340425531914887,94
4,0,"1,5,6",SAFE-MLP,0.25,DtACI (grow cal),blocked,0.8645304275556377,0.7472527472527473,0.25274725274725274,0.75,-0.0027472527472527375,91,0.35537649491899026,0.7478991596638656,0.7472527472527473,0.7475759534583064,0.5952808988764045,89
4,0,"1,5,6",SAFE-MLP,0.25,ACI g=0.005,blocked,0.8645304275556377,0.6153846153846154,0.38461538461538464,0.75,-0.13461538461538458,91,0.18749999999999992,0.7899159663865546,0.6153846153846154,0.702650290885585,0.44553191489361704,94
4,0,"1,5,6",SAFE-MLP,0.25,ACI g=0.005 (grow cal),blocked,0.8645304275556377,0.7362637362637363,0.26373626373626374,0.75,-0.013736263736263687,91,0.24249999999999997,0.7478991596638656,0.7362637362637363,0.7420814479638009,0.6103370786516853,89
4,0,"1,5,6",SAFE-MLP,0.25,ACI g=0.01,blocked,0.8645304275556377,0.6703296703296704,0.32967032967032966,0.75,-0.07967032967032961,91,0.17499999999999993,0.7899159663865546,0.6703296703296704,0.7301228183581125,0.4748936170212766,94
4,0,"1,5,6",SAFE-MLP,0.25,ACI g=0.01 (grow cal),blocked,0.8645304275556377,0.7472527472527473,0.25274725274725274,0.75,-0.0027472527472527375,91,0.245,0.7478991596638656,0.7472527472527473,0.7475759534583064,0.6179775280898876,89
4,0,"1,5,6",SAFE-MLP,0.25,ACI g=0.05,blocked,0.8645304275556377,0.7472527472527473,0.25274725274725274,0.75,-0.0027472527472527375,91,0.25100000000000017,0.7478991596638656,0.7472527472527473,0.7475759534583064,0.5310112359550562,89
4,0,"1,5,6",SAFE-MLP,0.25,ACI g=0.05 (grow cal),blocked,0.8645304275556377,0.7802197802197802,0.21978021978021978,0.75,0.030219780219780223,91,0.3750000000000004,0.6974789915966386,0.7802197802197802,0.7388493859082095,0.6255421686746987,83
4,0,"1,5,6",SAFE-MLP,0.25,split CP (SAFE),shuffled,0.8645304275556377,0.6153846153846154,0.38461538461538464,0.75,-0.13461538461538458,91,0.25,0.7899159663865546,0.6153846153846154,0.702650290885585,0.4355319148936169,94
4,0,"1,5,6",SAFE-MLP,0.25,split CP (n+1 corr.),shuffled,0.8645304275556377,0.6153846153846154,0.38461538461538464,0.75,-0.13461538461538458,91,0.25,0.7899159663865546,0.6153846153846154,0.702650290885585,0.44276595744680847,94
4,0,"1,5,6",SAFE-MLP,0.25,DtACI,shuffled,0.8645304275556377,0.6263736263736264,0.37362637362637363,0.75,-0.12362637362637363,91,0.17149350674185584,0.7899159663865546,0.6263736263736264,0.7081447963800904,0.45382978723404244,94
4,0,"1,5,6",SAFE-MLP,0.25,DtACI (grow cal),shuffled,0.8645304275556377,0.7032967032967032,0.2967032967032967,0.75,-0.04670329670329676,91,0.215731292294262,0.773109243697479,0.7032967032967032,0.7382029734970912,0.5291304347826086,92
4,0,"1,5,6",SAFE-MLP,0.25,ACI g=0.005,shuffled,0.8645304275556377,0.6263736263736264,0.37362637362637363,0.75,-0.12362637362637363,91,0.19374999999999995,0.7899159663865546,0.6263736263736264,0.7081447963800904,0.45170212765957435,94
4,0,"1,5,6",SAFE-MLP,0.25,ACI g=0.005 (grow cal),shuffled,0.8645304275556377,0.6923076923076923,0.3076923076923077,0.75,-0.05769230769230771,91,0.22374999999999998,0.773109243697479,0.6923076923076923,0.7327084680025857,0.5163043478260869,92
4,0,"1,5,6",SAFE-MLP,0.25,ACI g=0.01,shuffled,0.8645304275556377,0.6373626373626373,0.3626373626373626,0.75,-0.11263736263736268,91,0.1474999999999999,0.7899159663865546,0.6373626373626373,0.7136393018745959,0.4546808510638297,94
4,0,"1,5,6",SAFE-MLP,0.25,ACI g=0.01 (grow cal),shuffled,0.8645304275556377,0.7032967032967032,0.2967032967032967,0.75,-0.04670329670329676,91,0.20749999999999996,0.773109243697479,0.7032967032967032,0.7382029734970912,0.5167391304347825,92
4,0,"1,5,6",SAFE-MLP,0.25,ACI g=0.05,shuffled,0.8645304275556377,0.7032967032967032,0.2967032967032967,0.75,-0.04670329670329676,91,0.05099999999999988,0.7478991596638656,0.7032967032967032,0.7255979314802844,0.5382022471910112,89
4,0,"1,5,6",SAFE-MLP,0.25,ACI g=0.05 (grow cal),shuffled,0.8645304275556377,0.7362637362637363,0.26373626373626374,0.75,-0.013736263736263687,91,0.1875000000000005,0.7394957983193278,0.7362637362637363,0.737879767291532,0.6204545454545454,88
4,0,"1,5,6",SAFE-MLP,0.25,split CP (SAFE),exch,0.8645304275556377,0.75,0.25,0.75,0.0,16,0.25,0.7017543859649122,0.75,0.7258771929824561,0.522,40
4,0,"1,5,6",SAFE-MLP,0.25,split CP (n+1 corr.),exch,0.8645304275556377,0.75,0.25,0.75,0.0,16,0.25,0.6842105263157895,0.75,0.7171052631578947,0.522,40
4,0,"1,5,6",SAFE-MLP,0.25,DtACI,exch,0.8645304275556377,0.75,0.25,0.75,0.0,16,0.24999999999999994,0.7017543859649122,0.75,0.7258771929824561,0.522,40
4,0,"1,5,6",SAFE-MLP,0.25,DtACI (grow cal),exch,0.8645304275556377,0.75,0.25,0.75,0.0,16,0.24999999999999997,0.7017543859649122,0.75,0.7258771929824561,0.5445,40
4,0,"1,5,6",SAFE-MLP,0.25,ACI g=0.005,exch,0.8645304275556377,0.75,0.25,0.75,0.0,16,0.24999999999999986,0.7017543859649122,0.75,0.7258771929824561,0.522,40
4,0,"1,5,6",SAFE-MLP,0.25,ACI g=0.005 (grow cal),exch,0.8645304275556377,0.75,0.25,0.75,0.0,16,0.24999999999999986,0.7017543859649122,0.75,0.7258771929824561,0.5315,40
4,0,"1,5,6",SAFE-MLP,0.25,ACI g=0.01,exch,0.8645304275556377,0.75,0.25,0.75,0.0,16,0.25,0.7017543859649122,0.75,0.7258771929824561,0.522,40
4,0,"1,5,6",SAFE-MLP,0.25,ACI g=0.01 (grow cal),exch,0.8645304275556377,0.75,0.25,0.75,0.0,16,0.25,0.7017543859649122,0.75,0.7258771929824561,0.5315,40
4,0,"1,5,6",SAFE-MLP,0.25,ACI g=0.05,exch,0.8645304275556377,0.75,0.25,0.75,0.0,16,0.25,0.7017543859649122,0.75,0.7258771929824561,0.5315,40
4,0,"1,5,6",SAFE-MLP,0.25,ACI g=0.05 (grow cal),exch,0.8645304275556377,0.75,0.25,0.75,0.0,16,0.25,0.7017543859649122,0.75,0.7258771929824561,0.5445,40
4,0,"1,5,6",SAFE-Embed,0.1,split CP (SAFE),blocked,0.7853910795087266,0.10989010989010994,0.8901098901098901,0.9,-0.7901098901098901,91,0.1,0.957983193277311,0.10989010989010994,0.5339366515837105,0.305438596491228,114
4,0,"1,5,6",SAFE-Embed,0.1,split CP (n+1 corr.),blocked,0.7853910795087266,0.4945054945054945,0.5054945054945055,0.9,-0.4054945054945055,91,0.1,0.8403361344537815,0.4945054945054945,0.6674208144796381,0.6015999999999999,100
4,0,"1,5,6",SAFE-Embed,0.1,DtACI,blocked,0.7853910795087266,0.6593406593406593,0.34065934065934067,0.9,-0.2406593406593407,91,0.00802551896051827,0.7983193277310925,0.6593406593406593,0.728829993535876,0.7484210526315789,95
4,0,"1,5,6",SAFE-Embed,0.1,DtACI (grow cal),blocked,0.7853910795087266,0.8021978021978022,0.1978021978021978,0.9,-0.09780219780219779,91,0.0801378480346158,0.7058823529411765,0.8021978021978022,0.7540400775694893,0.8119047619047618,84
4,0,"1,5,6",SAFE-Embed,0.1,ACI g=0.005,blocked,0.7853910795087266,0.6483516483516483,0.3516483516483517,0.9,-0.25164835164835175,91,0.006000000000000002,0.7899159663865546,0.6483516483516483,0.7191338073691014,0.7536170212765956,94
4,0,"1,5,6",SAFE-Embed,0.1,ACI g=0.005 (grow cal),blocked,0.7853910795087266,0.8021978021978022,0.1978021978021978,0.9,-0.09780219780219779,91,0.054999999999999966,0.6974789915966386,0.8021978021978022,0.7498383968972204,0.8065060240963854,83
4,0,"1,5,6",SAFE-Embed,0.1,ACI g=0.01,blocked,0.7853910795087266,0.7142857142857143,0.2857142857142857,0.9,-0.18571428571428572,91,0.011000000000000003,0.7815126050420168,0.7142857142857143,0.7478991596638656,0.7746236559139784,93
4,0,"1,5,6",SAFE-Embed,0.1,ACI g=0.01 (grow cal),blocked,0.7853910795087266,0.8461538461538461,0.15384615384615385,0.9,-0.05384615384615388,91,0.05000000000000002,0.6134453781512605,0.8461538461538461,0.7297996121525534,0.8153424657534247,73
4,0,"1,5,6",SAFE-Embed,0.1,ACI g=0.05,blocked,0.7853910795087266,0.7362637362637363,0.26373626373626374,0.9,-0.1637362637362637,91,0.006000000000000001,0.7647058823529411,0.7362637362637363,0.7504848093083387,0.7734065934065933,91
4,0,"1,5,6",SAFE-Embed,0.1,ACI g=0.05 (grow cal),blocked,0.7853910795087266,0.8791208791208791,0.12087912087912088,0.9,-0.020879120879120916,91,0.11100000000000011,0.6554621848739496,0.8791208791208791,0.7672915319974143,0.867948717948718,78
4,0,"1,5,6",SAFE-Embed,0.1,split CP (SAFE),shuffled,0.7853910795087266,0.10989010989010994,0.8901098901098901,0.9,-0.7901098901098901,91,0.1,0.957983193277311,0.10989010989010994,0.5339366515837105,0.3054385964912281,114
4,0,"1,5,6",SAFE-Embed,0.1,split CP (n+1 corr.),shuffled,0.7853910795087266,0.4945054945054945,0.5054945054945055,0.9,-0.4054945054945055,91,0.1,0.8403361344537815,0.4945054945054945,0.6674208144796381,0.6016000000000001,100
4,0,"1,5,6",SAFE-Embed,0.1,DtACI,shuffled,0.7853910795087266,0.6813186813186813,0.31868131868131866,0.9,-0.21868131868131868,91,0.044296566817028996,0.7394957983193278,0.6813186813186813,0.7104072398190046,0.6709090909090909,88
4,0,"1,5,6",SAFE-Embed,0.1,DtACI (grow cal),shuffled,0.7853910795087266,0.8791208791208791,0.12087912087912088,0.9,-0.020879120879120916,91,0.10446487889485259,0.6386554621848739,0.8791208791208791,0.7588881706528765,0.7752631578947369,76
4,0,"1,5,6",SAFE-Embed,0.1,ACI g=0.005,shuffled,0.7853910795087266,0.6703296703296704,0.32967032967032966,0.9,-0.22967032967032963,91,0.006500000000000004,0.7394957983193278,0.6703296703296704,0.7049127343244991,0.6593181818181818,88
4,0,"1,5,6",SAFE-Embed,0.1,ACI g=0.005 (grow cal),shuffled,0.7853910795087266,0.8571428571428572,0.14285714285714285,0.9,-0.042857142857142816,91,0.08049999999999999,0.6386554621848739,0.8571428571428572,0.7478991596638656,0.7821052631578947,76
4,0,"1,5,6",SAFE-Embed,0.1,ACI g=0.01,shuffled,0.7853910795087266,0.7472527472527473,0.25274725274725274,0.9,-0.15274725274725276,91,0.006,0.7142857142857143,0.7472527472527473,0.7307692307692308,0.7221176470588235,85
4,0,"1,5,6",SAFE-Embed,0.1,ACI g=0.01 (grow cal),shuffled,0.7853910795087266,0.8681318681318682,0.13186813186813187,0.9,-0.031868131868131866,91,0.07100000000000004,0.6050420168067226,0.8681318681318682,0.7365869424692955,0.7830555555555556,72
4,0,"1,5,6",SAFE-Embed,0.1,ACI g=0.05,shuffled,0.7853910795087266,0.7582417582417582,0.24175824175824176,0.9,-0.1417582417582418,91,0.026000000000000006,0.7226890756302521,0.7582417582417582,0.7404654169360052,0.7295348837209302,86
4,0,"1,5,6",SAFE-Embed,0.1,ACI g=0.05 (grow cal),shuffled,0.7853910795087266,0.9010989010989011,0.0989010989010989,0.9,0.001098901098901095,91,0.15100000000000013,0.5798319327731093,0.9010989010989011,0.7404654169360052,0.8049275362318841,69
4,0,"1,5,6",SAFE-Embed,0.1,split CP (SAFE),exch,0.7853910795087266,0.9375,0.0625,0.9,0.03749999999999998,16,0.1,0.3157894736842105,0.9375,0.6266447368421053,0.6166666666666667,18
4,0,"1,5,6",SAFE-Embed,0.1,split CP (n+1 corr.),exch,0.7853910795087266,1.0,0.0,0.9,0.09999999999999998,16,0.1,0.12280701754385964,1.0,0.5614035087719298,0.6257142857142857,7
4,0,"1,5,6",SAFE-Embed,0.1,DtACI,exch,0.7853910795087266,0.9375,0.0625,0.9,0.03749999999999998,16,0.10312197323201004,0.2982456140350877,0.9375,0.6178728070175439,0.5905882352941177,17
4,0,"1,5,6",SAFE-Embed,0.1,DtACI (grow cal),exch,0.7853910795087266,0.9375,0.0625,0.9,0.03749999999999998,16,0.10353757561800384,0.2807017543859649,0.9375,0.6091008771929824,0.57375,16
4,0,"1,5,6",SAFE-Embed,0.1,ACI g=0.005,exch,0.7853910795087266,0.9375,0.0625,0.9,0.03749999999999998,16,0.10300000000000001,0.2982456140350877,0.9375,0.6178728070175439,0.5976470588235294,17
4,0,"1,5,6",SAFE-Embed,0.1,ACI g=0.005 (grow cal),exch,0.7853910795087266,0.9375,0.0625,0.9,0.03749999999999998,16,0.10300000000000001,0.2807017543859649,0.9375,0.6091008771929824,0.58375,16
4,0,"1,5,6",SAFE-Embed,0.1,ACI g=0.01,exch,0.7853910795087266,0.9375,0.0625,0.9,0.03749999999999998,16,0.10600000000000001,0.2982456140350877,0.9375,0.6178728070175439,0.5964705882352941,17
4,0,"1,5,6",SAFE-Embed,0.1,ACI g=0.01 (grow cal),exch,0.7853910795087266,0.9375,0.0625,0.9,0.03749999999999998,16,0.10600000000000001,0.2807017543859649,0.9375,0.6091008771929824,0.58125,16
4,0,"1,5,6",SAFE-Embed,0.1,ACI g=0.05,exch,0.7853910795087266,0.9375,0.0625,0.9,0.03749999999999998,16,0.13000000000000006,0.2982456140350877,0.9375,0.6178728070175439,0.5941176470588235,17
4,0,"1,5,6",SAFE-Embed,0.1,ACI g=0.05 (grow cal),exch,0.7853910795087266,0.9375,0.0625,0.9,0.03749999999999998,16,0.13000000000000006,0.2807017543859649,0.9375,0.6091008771929824,0.56625,16
4,0,"1,5,6",SAFE-Embed,0.15,split CP (SAFE),blocked,0.7853910795087266,0.01098901098901095,0.989010989010989,0.85,-0.839010989010989,91,0.15,0.9831932773109243,0.01098901098901095,0.49709114414996763,0.18461538461538463,117
4,0,"1,5,6",SAFE-Embed,0.15,split CP (n+1 corr.),blocked,0.7853910795087266,0.04395604395604391,0.9560439560439561,0.85,-0.8060439560439561,91,0.15,0.957983193277311,0.04395604395604391,0.5009696186166774,0.24192982456140355,114
4,0,"1,5,6",SAFE-Embed,0.15,DtACI,blocked,0.7853910795087266,0.34065934065934067,0.6593406593406593,0.85,-0.5093406593406593,91,0.006947562842081492,0.865546218487395,0.34065934065934067,0.6031027795733679,0.4625242718446601,103
4,0,"1,5,6",SAFE-Embed,0.15,DtACI (grow cal),blocked,0.7853910795087266,0.6813186813186813,0.31868131868131866,0.85,-0.16868131868131864,91,0.11988747185427673,0.6302521008403361,0.6813186813186813,0.6557853910795087,0.5370666666666666,75
4,0,"1,5,6",SAFE-Embed,0.15,ACI g=0.005,blocked,0.7853910795087266,0.29670329670329665,0.7032967032967034,0.85,-0.5532967032967033,91,0.00175,0.8823529411764706,0.29670329670329665,0.5895281189398835,0.4706666666666667,105
4,0,"1,5,6",SAFE-Embed,0.15,ACI g=0.005 (grow cal),blocked,0.7853910795087266,0.6813186813186813,0.31868131868131866,0.85,-0.16868131868131864,91,0.07249999999999993,0.6134453781512605,0.6813186813186813,0.6473820297349709,0.5378082191780822,73
4,0,"1,5,6",SAFE-Embed,0.15,ACI g=0.01,blocked,0.7853910795087266,0.37362637362637363,0.6263736263736264,0.85,-0.47637362637362635,91,0.0025,0.8739495798319328,0.37362637362637363,0.6237879767291532,0.4834615384615385,104
4,0,"1,5,6",SAFE-Embed,0.15,ACI g=0.01 (grow cal),blocked,0.7853910795087266,0.7582417582417582,0.24175824175824176,0.85,-0.09175824175824177,91,0.06499999999999997,0.5462184873949579,0.7582417582417582,0.652230122818358,0.5735384615384616,65
4,0,"1,5,6",SAFE-Embed,0.15,ACI g=0.05,blocked,0.7853910795087266,0.4725274725274725,0.5274725274725275,0.85,-0.37747252747252746,91,0.0085,0.8319327731092437,0.4725274725274725,0.6522301228183581,0.4604040404040403,99
4,0,"1,5,6",SAFE-Embed,0.15,ACI g=0.05 (grow cal),blocked,0.7853910795087266,0.8351648351648352,0.16483516483516483,0.85,-0.014835164835164782,91,0.12600000000000008,0.5042016806722689,0.8351648351648352,0.6696832579185521,0.6126666666666665,60
4,0,"1,5,6",SAFE-Embed,0.15,split CP (SAFE),shuffled,0.7853910795087266,0.01098901098901095,0.989010989010989,0.85,-0.839010989010989,91,0.15,0.9831932773109243,0.01098901098901095,0.49709114414996763,0.18461538461538463,117
4,0,"1,5,6",SAFE-Embed,0.15,split CP (n+1 corr.),shuffled,0.7853910795087266,0.04395604395604391,0.9560439560439561,0.85,-0.8060439560439561,91,0.15,0.957983193277311,0.04395604395604391,0.5009696186166774,0.24192982456140352,114
4,0,"1,5,6",SAFE-Embed,0.15,DtACI,shuffled,0.7853910795087266,0.4285714285714286,0.5714285714285714,0.85,-0.4214285714285714,91,0.024814910552546542,0.8235294117647058,0.4285714285714286,0.6260504201680672,0.4383673469387755,98
4,0,"1,5,6",SAFE-Embed,0.15,DtACI (grow cal),shuffled,0.7853910795087266,0.7912087912087912,0.2087912087912088,0.85,-0.058791208791208804,91,0.11088745555451532,0.6050420168067226,0.7912087912087912,0.6981254040077569,0.5638888888888889,72
4,0,"1,5,6",SAFE-Embed,0.15,ACI g=0.005,shuffled,0.7853910795087266,0.39560439560439564,0.6043956043956044,0.85,-0.45439560439560434,91,0.00475,0.8235294117647058,0.39560439560439564,0.6095669036845508,0.36959183673469387,98
4,0,"1,5,6",SAFE-Embed,0.15,ACI g=0.005 (grow cal),shuffled,0.7853910795087266,0.7582417582417582,0.24175824175824176,0.85,-0.09175824175824177,91,0.10824999999999996,0.6050420168067226,0.7582417582417582,0.6816418875242405,0.5508333333333333,72
4,0,"1,5,6",SAFE-Embed,0.15,ACI g=0.01,shuffled,0.7853910795087266,0.46153846153846156,0.5384615384615384,0.85,-0.3884615384615384,91,0.008499999999999999,0.8151260504201681,0.46153846153846156,0.6383322559793148,0.41979381443298974,97
4,0,"1,5,6",SAFE-Embed,0.15,ACI g=0.01 (grow cal),shuffled,0.7853910795087266,0.8021978021978022,0.1978021978021978,0.85,-0.04780219780219774,91,0.10649999999999996,0.5714285714285714,0.8021978021978022,0.6868131868131868,0.5750000000000001,68
4,0,"1,5,6",SAFE-Embed,0.15,ACI g=0.05,shuffled,0.7853910795087266,0.5054945054945055,0.4945054945054945,0.85,-0.3445054945054945,91,0.0385,0.8067226890756303,0.5054945054945055,0.6561085972850679,0.465,96
4,0,"1,5,6",SAFE-Embed,0.15,ACI g=0.05 (grow cal),shuffled,0.7853910795087266,0.8461538461538461,0.15384615384615385,0.85,-0.0038461538461538325,91,0.13250000000000017,0.5378151260504201,0.8461538461538461,0.6919844861021331,0.5993750000000001,64
4,0,"1,5,6",SAFE-Embed,0.15,split CP (SAFE),exch,0.7853910795087266,0.8125,0.1875,0.85,-0.03749999999999998,16,0.15,0.42105263157894735,0.8125,0.6167763157894737,0.5041666666666668,24
4,0,"1,5,6",SAFE-Embed,0.15,split CP (n+1 corr.),exch,0.7853910795087266,0.9375,0.0625,0.85,0.08750000000000002,16,0.15,0.3333333333333333,0.9375,0.6354166666666666,0.4747368421052631,19
4,0,"1,5,6",SAFE-Embed,0.15,DtACI,exch,0.7853910795087266,0.8125,0.1875,0.85,-0.03749999999999998,16,0.13207550258704837,0.42105263157894735,0.8125,0.6167763157894737,0.5,24
4,0,"1,5,6",SAFE-Embed,0.15,DtACI (grow cal),exch,0.7853910795087266,0.8125,0.1875,0.85,-0.03749999999999998,16,0.13130176937020813,0.42105263157894735,0.8125,0.6167763157894737,0.4841666666666667,24
4,0,"1,5,6",SAFE-Embed,0.15,ACI g=0.005,exch,0.7853910795087266,0.8125,0.1875,0.85,-0.03749999999999998,16,0.147,0.42105263157894735,0.8125,0.6167763157894737,0.5016666666666666,24
4,0,"1,5,6",SAFE-Embed,0.15,ACI g=0.005 (grow cal),exch,0.7853910795087266,0.8125,0.1875,0.85,-0.03749999999999998,16,0.147,0.42105263157894735,0.8125,0.6167763157894737,0.4941666666666667,24
4,0,"1,5,6",SAFE-Embed,0.15,ACI g=0.01,exch,0.7853910795087266,0.8125,0.1875,0.85,-0.03749999999999998,16,0.144,0.42105263157894735,0.8125,0.6167763157894737,0.5025000000000001,24
4,0,"1,5,6",SAFE-Embed,0.15,ACI g=0.01 (grow cal),exch,0.7853910795087266,0.8125,0.1875,0.85,-0.03749999999999998,16,0.144,0.42105263157894735,0.8125,0.6167763157894737,0.4925,24
4,0,"1,5,6",SAFE-Embed,0.15,ACI g=0.05,exch,0.7853910795087266,0.8125,0.1875,0.85,-0.03749999999999998,16,0.12000000000000005,0.42105263157894735,0.8125,0.6167763157894737,0.49666666666666665,24
4,0,"1,5,6",SAFE-Embed,0.15,ACI g=0.05 (grow cal),exch,0.7853910795087266,0.8125,0.1875,0.85,-0.03749999999999998,16,0.12000000000000005,0.42105263157894735,0.8125,0.6167763157894737,0.48833333333333334,24
4,0,"1,5,6",SAFE-Embed,0.2,split CP (SAFE),blocked,0.7853910795087266,0.0,1.0,0.8,-0.8,91,0.2,1.0,0.0,0.5,0.09579831932773113,119
4,0,"1,5,6",SAFE-Embed,0.2,split CP (n+1 corr.),blocked,0.7853910795087266,0.01098901098901095,0.989010989010989,0.8,-0.7890109890109891,91,0.2,0.9831932773109243,0.01098901098901095,0.49709114414996763,0.20581196581196587,117
4,0,"1,5,6",SAFE-Embed,0.2,DtACI,blocked,0.7853910795087266,0.27472527472527475,0.7252747252747253,0.8,-0.5252747252747253,91,0.009521847073603668,0.8823529411764706,0.27472527472527475,0.5785391079508726,0.4548571428571429,105
4,0,"1,5,6",SAFE-Embed,0.2,DtACI (grow cal),blocked,0.7853910795087266,0.6263736263736264,0.37362637362637363,0.8,-0.17362637362637368,91,0.19200377204520822,0.7058823529411765,0.6263736263736264,0.6661279896574015,0.5326190476190475,84
4,0,"1,5,6",SAFE-Embed,0.2,ACI g=0.005,blocked,0.7853910795087266,0.21978021978021978,0.7802197802197802,0.8,-0.5802197802197803,91,0.002,0.9495798319327731,0.21978021978021978,0.5846800258564964,0.4384070796460177,113
4,0,"1,5,6",SAFE-Embed,0.2,ACI g=0.005 (grow cal),blocked,0.7853910795087266,0.5824175824175823,0.4175824175824176,0.8,-0.2175824175824177,91,0.09999999999999992,0.6974789915966386,0.5824175824175823,0.6399482870071105,0.5226506024096386,83
4,0,"1,5,6",SAFE-Embed,0.2,ACI g=0.01,blocked,0.7853910795087266,0.3076923076923077,0.6923076923076923,0.8,-0.49230769230769234,91,0.003,0.8739495798319328,0.3076923076923077,0.5908209437621202,0.46596153846153854,104
4,0,"1,5,6",SAFE-Embed,0.2,ACI g=0.01 (grow cal),blocked,0.7853910795087266,0.6813186813186813,0.31868131868131866,0.8,-0.1186813186813187,91,0.08999999999999994,0.6134453781512605,0.6813186813186813,0.6473820297349709,0.5372602739726028,73
4,0,"1,5,6",SAFE-Embed,0.2,ACI g=0.05,blocked,0.7853910795087266,0.4505494505494505,0.5494505494505495,0.8,-0.34945054945054954,91,0.011000000000000003,0.8403361344537815,0.4505494505494505,0.645442792501616,0.46599999999999997,100
4,0,"1,5,6",SAFE-Embed,0.2,ACI g=0.05 (grow cal),blocked,0.7853910795087266,0.7802197802197802,0.21978021978021978,0.8,-0.01978021978021982,91,0.20100000000000023,0.6554621848739496,0.7802197802197802,0.7178409825468649,0.5715384615384614,78
4,0,"1,5,6",SAFE-Embed,0.2,split CP (SAFE),shuffled,0.7853910795087266,0.0,1.0,0.8,-0.8,91,0.2,1.0,0.0,0.5,0.09579831932773111,119
4,0,"1,5,6",SAFE-Embed,0.2,split CP (n+1 corr.),shuffled,0.7853910795087266,0.01098901098901095,0.989010989010989,0.8,-0.7890109890109891,91,0.2,0.9831932773109243,0.01098901098901095,0.49709114414996763,0.20581196581196587,117
4,0,"1,5,6",SAFE-Embed,0.2,DtACI,shuffled,0.7853910795087266,0.4065934065934066,0.5934065934065934,0.8,-0.39340659340659345,91,0.018200021861026122,0.8235294117647058,0.4065934065934066,0.6150614091790563,0.403265306122449,98
4,0,"1,5,6",SAFE-Embed,0.2,DtACI (grow cal),shuffled,0.7853910795087266,0.7142857142857143,0.2857142857142857,0.8,-0.08571428571428574,91,0.18572710625954733,0.6638655462184874,0.7142857142857143,0.6890756302521008,0.5367088607594936,79
4,0,"1,5,6",SAFE-Embed,0.2,ACI g=0.005,shuffled,0.7853910795087266,0.31868131868131866,0.6813186813186813,0.8,-0.4813186813186814,91,0.006,0.8571428571428571,0.31868131868131866,0.5879120879120878,0.3045098039215686,102
4,0,"1,5,6",SAFE-Embed,0.2,ACI g=0.005 (grow cal),shuffled,0.7853910795087266,0.6703296703296704,0.32967032967032966,0.8,-0.12967032967032965,91,0.14099999999999996,0.6722689075630253,0.6703296703296704,0.6712992889463478,0.51475,80
4,0,"1,5,6",SAFE-Embed,0.2,ACI g=0.01,shuffled,0.7853910795087266,0.43956043956043955,0.5604395604395604,0.8,-0.3604395604395605,91,0.011000000000000001,0.8151260504201681,0.43956043956043955,0.6273432449903038,0.37134020618556696,97
4,0,"1,5,6",SAFE-Embed,0.2,ACI g=0.01 (grow cal),shuffled,0.7853910795087266,0.7362637362637363,0.26373626373626374,0.8,-0.06373626373626373,91,0.14199999999999996,0.6638655462184874,0.7362637362637363,0.7000646412411118,0.5387341772151898,79
4,0,"1,5,6",SAFE-Embed,0.2,ACI g=0.05,shuffled,0.7853910795087266,0.48351648351648346,0.5164835164835165,0.8,-0.3164835164835166,91,0.011000000000000003,0.8151260504201681,0.48351648351648346,0.6493212669683257,0.4577319587628866,97
4,0,"1,5,6",SAFE-Embed,0.2,ACI g=0.05 (grow cal),shuffled,0.7853910795087266,0.8021978021978022,0.1978021978021978,0.8,0.00219780219780219,91,0.21100000000000044,0.5798319327731093,0.8021978021978022,0.6910148674854557,0.5568115942028986,69
4,0,"1,5,6",SAFE-Embed,0.2,split CP (SAFE),exch,0.7853910795087266,0.8125,0.1875,0.8,0.012499999999999956,16,0.2,0.43859649122807015,0.8125,0.6255482456140351,0.39599999999999996,25
4,0,"1,5,6",SAFE-Embed,0.2,split CP (n+1 corr.),exch,0.7853910795087266,0.875,0.125,0.8,0.07499999999999996,16,0.2,0.40350877192982454,0.875,0.6392543859649122,0.5252173913043479,23
4,0,"1,5,6",SAFE-Embed,0.2,DtACI,exch,0.7853910795087266,0.8125,0.1875,0.8,0.012499999999999956,16,0.21132692151882637,0.5087719298245614,0.8125,0.6606359649122807,0.4034482758620689,29
4,0,"1,5,6",SAFE-Embed,0.2,DtACI (grow cal),exch,0.7853910795087266,0.8125,0.1875,0.8,0.012499999999999956,16,0.2117137375341208,0.543859649122807,0.8125,0.6781798245614035,0.42193548387096774,31
4,0,"1,5,6",SAFE-Embed,0.2,ACI g=0.005,exch,0.7853910795087266,0.8125,0.1875,0.8,0.012499999999999956,16,0.201,0.45614035087719296,0.8125,0.6343201754385965,0.41307692307692306,26
4,0,"1,5,6",SAFE-Embed,0.2,ACI g=0.005 (grow cal),exch,0.7853910795087266,0.8125,0.1875,0.8,0.012499999999999956,16,0.201,0.5263157894736842,0.8125,0.669407894736842,0.4186666666666667,30
4,0,"1,5,6",SAFE-Embed,0.2,ACI g=0.01,exch,0.7853910795087266,0.8125,0.1875,0.8,0.012499999999999956,16,0.202,0.45614035087719296,0.8125,0.6343201754385965,0.4076923076923077,26
4,0,"1,5,6",SAFE-Embed,0.2,ACI g=0.01 (grow cal),exch,0.7853910795087266,0.8125,0.1875,0.8,0.012499999999999956,16,0.202,0.5263157894736842,0.8125,0.669407894736842,0.4146666666666665,30
4,0,"1,5,6",SAFE-Embed,0.2,ACI g=0.05,exch,0.7853910795087266,0.8125,0.1875,0.8,0.012499999999999956,16,0.2100000000000001,0.5263157894736842,0.8125,0.669407894736842,0.41933333333333334,30
4,0,"1,5,6",SAFE-Embed,0.2,ACI g=0.05 (grow cal),exch,0.7853910795087266,0.8125,0.1875,0.8,0.012499999999999956,16,0.2100000000000001,0.543859649122807,0.8125,0.6781798245614035,0.41935483870967744,31
4,0,"1,5,6",SAFE-Embed,0.25,split CP (SAFE),blocked,0.7853910795087266,0.0,1.0,0.75,-0.75,91,0.25,1.0,0.0,0.5,0.055966386554621834,119
4,0,"1,5,6",SAFE-Embed,0.25,split CP (n+1 corr.),blocked,0.7853910795087266,0.0,1.0,0.75,-0.75,91,0.25,1.0,0.0,0.5,0.07058823529411766,119
4,0,"1,5,6",SAFE-Embed,0.25,DtACI,blocked,0.7853910795087266,0.2637362637362637,0.7362637362637363,0.75,-0.4862637362637363,91,0.010378387797289978,0.907563025210084,0.2637362637362637,0.5856496444731738,0.4438888888888888,108
4,0,"1,5,6",SAFE-Embed,0.25,DtACI (grow cal),blocked,0.7853910795087266,0.5604395604395604,0.43956043956043955,0.75,-0.18956043956043955,91,0.2321005743583009,0.7983193277310925,0.5604395604395604,0.6793794440853265,0.5412631578947369,95
4,0,"1,5,6",SAFE-Embed,0.25,ACI g=0.005,blocked,0.7853910795087266,0.09890109890109888,0.9010989010989011,0.75,-0.6510989010989011,91,0.0022500000000000003,0.957983193277311,0.09890109890109888,0.5284421460892049,0.3110526315789473,114
4,0,"1,5,6",SAFE-Embed,0.25,ACI g=0.005 (grow cal),blocked,0.7853910795087266,0.5274725274725275,0.4725274725274725,0.75,-0.22252747252747251,91,0.1474999999999999,0.7983193277310925,0.5274725274725275,0.66289592760181,0.5307368421052631,95
4,0,"1,5,6",SAFE-Embed,0.25,ACI g=0.01,blocked,0.7853910795087266,0.21978021978021978,0.7802197802197802,0.75,-0.5302197802197802,91,0.0035,0.9159663865546218,0.21978021978021978,0.5678733031674208,0.44275229357798157,109
4,0,"1,5,6",SAFE-Embed,0.25,ACI g=0.01 (grow cal),blocked,0.7853910795087266,0.6043956043956045,0.3956043956043956,0.75,-0.14560439560439553,91,0.11499999999999988,0.773109243697479,0.6043956043956045,0.6887524240465417,0.5689130434782609,92
4,0,"1,5,6",SAFE-Embed,0.25,ACI g=0.05,blocked,0.7853910795087266,0.3626373626373627,0.6373626373626373,0.75,-0.3873626373626373,91,0.013500000000000002,0.8823529411764706,0.3626373626373627,0.6224951519069166,0.46038095238095234,105
4,0,"1,5,6",SAFE-Embed,0.25,ACI g=0.05 (grow cal),blocked,0.7853910795087266,0.7362637362637363,0.26373626373626374,0.75,-0.013736263736263687,91,0.23850000000000016,0.7058823529411765,0.7362637362637363,0.7210730446024565,0.5871428571428572,84
4,0,"1,5,6",SAFE-Embed,0.25,split CP (SAFE),shuffled,0.7853910795087266,0.0,1.0,0.75,-0.75,91,0.25,1.0,0.0,0.5,0.05596638655462184,119
4,0,"1,5,6",SAFE-Embed,0.25,split CP (n+1 corr.),shuffled,0.7853910795087266,0.0,1.0,0.75,-0.75,91,0.25,1.0,0.0,0.5,0.07058823529411765,119
4,0,"1,5,6",SAFE-Embed,0.25,DtACI,shuffled,0.7853910795087266,0.29670329670329665,0.7032967032967034,0.75,-0.45329670329670335,91,0.011382635272263703,0.8487394957983193,0.29670329670329665,0.572721396250808,0.42198019801980197,101
4,0,"1,5,6",SAFE-Embed,0.25,DtACI (grow cal),shuffled,0.7853910795087266,0.6813186813186813,0.31868131868131866,0.75,-0.06868131868131866,91,0.281508418250648,0.7478991596638656,0.6813186813186813,0.7146089204912734,0.5431460674157303,89
4,0,"1,5,6",SAFE-Embed,0.25,ACI g=0.005,shuffled,0.7853910795087266,0.19780219780219777,0.8021978021978022,0.75,-0.5521978021978022,91,0.007250000000000001,0.8907563025210085,0.19780219780219777,0.5442792501616032,0.26245283018867926,106
4,0,"1,5,6",SAFE-Embed,0.25,ACI g=0.005 (grow cal),shuffled,0.7853910795087266,0.6483516483516483,0.3516483516483517,0.75,-0.10164835164835173,91,0.20374999999999996,0.7563025210084033,0.6483516483516483,0.7023270846800258,0.5224444444444445,90
4,0,"1,5,6",SAFE-Embed,0.25,ACI g=0.01,shuffled,0.7853910795087266,0.3296703296703297,0.6703296703296703,0.75,-0.4203296703296703,91,0.003500000000000001,0.8739495798319328,0.3296703296703297,0.6018099547511313,0.35461538461538467,104
4,0,"1,5,6",SAFE-Embed,0.25,ACI g=0.01 (grow cal),shuffled,0.7853910795087266,0.6923076923076923,0.3076923076923077,0.75,-0.05769230769230771,91,0.19749999999999995,0.7563025210084033,0.6923076923076923,0.7243051066580478,0.5435555555555557,90
4,0,"1,5,6",SAFE-Embed,0.25,ACI g=0.05,shuffled,0.7853910795087266,0.39560439560439564,0.6043956043956044,0.75,-0.35439560439560436,91,0.013500000000000002,0.8403361344537815,0.39560439560439564,0.6179702650290886,0.45779999999999993,100
4,0,"1,5,6",SAFE-Embed,0.25,ACI g=0.05 (grow cal),shuffled,0.7853910795087266,0.7582417582417582,0.24175824175824176,0.75,0.008241758241758212,91,0.2885000000000004,0.6890756302521008,0.7582417582417582,0.7236586942469295,0.5719512195121951,82
4,0,"1,5,6",SAFE-Embed,0.25,split CP (SAFE),exch,0.7853910795087266,0.8125,0.1875,0.75,0.0625,16,0.25,0.543859649122807,0.8125,0.6781798245614035,0.41032258064516125,31
4,0,"1,5,6",SAFE-Embed,0.25,split CP (n+1 corr.),exch,0.7853910795087266,0.8125,0.1875,0.75,0.0625,16,0.25,0.543859649122807,0.8125,0.6781798245614035,0.4393548387096774,31
4,0,"1,5,6",SAFE-Embed,0.25,DtACI,exch,0.7853910795087266,0.8125,0.1875,0.75,0.0625,16,0.32862113131938087,0.5789473684210527,0.8125,0.6957236842105263,0.3557575757575758,33
4,0,"1,5,6",SAFE-Embed,0.25,DtACI (grow cal),exch,0.7853910795087266,0.8125,0.1875,0.75,0.0625,16,0.3291533735732301,0.6491228070175439,0.8125,0.7308114035087719,0.3232432432432433,37
4,0,"1,5,6",SAFE-Embed,0.25,ACI g=0.005,exch,0.7853910795087266,0.8125,0.1875,0.75,0.0625,16,0.2549999999999997,0.543859649122807,0.8125,0.6781798245614035,0.41032258064516125,31
4,0,"1,5,6",SAFE-Embed,0.25,ACI g=0.005 (grow cal),exch,0.7853910795087266,0.8125,0.1875,0.75,0.0625,16,0.2549999999999997,0.5789473684210527,0.8125,0.6957236842105263,0.35757575757575755,33
4,0,"1,5,6",SAFE-Embed,0.25,ACI g=0.01,exch,0.7853910795087266,0.8125,0.1875,0.75,0.0625,16,0.26,0.543859649122807,0.8125,0.6781798245614035,0.4083870967741935,31
4,0,"1,5,6",SAFE-Embed,0.25,ACI g=0.01 (grow cal),exch,0.7853910795087266,0.8125,0.1875,0.75,0.0625,16,0.26,0.5789473684210527,0.8125,0.6957236842105263,0.3545454545454545,33
4,0,"1,5,6",SAFE-Embed,0.25,ACI g=0.05,exch,0.7853910795087266,0.8125,0.1875,0.75,0.0625,16,0.30000000000000004,0.5789473684210527,0.8125,0.6957236842105263,0.3593939393939394,33
4,0,"1,5,6",SAFE-Embed,0.25,ACI g=0.05 (grow cal),exch,0.7853910795087266,0.8125,0.1875,0.75,0.0625,16,0.30000000000000004,0.631578947368421,0.8125,0.7220394736842105,0.30611111111111117,36
4,0,"1,5,6",H&S inter+intra,0.1,split CP (SAFE),blocked,0.7982269831009327,0.9120879120879121,0.08791208791208792,0.9,0.012087912087912045,91,0.1,0.33613445378151263,0.9120879120879121,0.6241111829347123,0.618,40
4,0,"1,5,6",H&S inter+intra,0.1,split CP (n+1 corr.),blocked,0.7982269831009327,0.9120879120879121,0.08791208791208792,0.9,0.012087912087912045,91,0.1,0.29411764705882354,0.9120879120879121,0.6031027795733678,0.6274285714285714,35
4,0,"1,5,6",H&S inter+intra,0.1,DtACI,blocked,0.7982269831009327,0.8901098901098901,0.10989010989010989,0.9,-0.009890109890109966,91,0.12275000000000014,0.36134453781512604,0.8901098901098901,0.6257272139625081,0.6223255813953488,43
4,0,"1,5,6",H&S inter+intra,0.1,DtACI (grow cal),blocked,0.7982269831009327,0.8901098901098901,0.10989010989010989,0.9,-0.009890109890109966,91,0.11775000000000013,0.3697478991596639,0.8901098901098901,0.629928894634777,0.609090909090909,44
4,0,"1,5,6",H&S inter+intra,0.1,ACI g=0.005,blocked,0.7982269831009327,0.9120879120879121,0.08791208791208792,0.9,0.012087912087912045,91,0.11000000000000001,0.36134453781512604,0.9120879120879121,0.636716224951519,0.6223255813953488,43
4,0,"1,5,6",H&S inter+intra,0.1,ACI g=0.005 (grow cal),blocked,0.7982269831009327,0.8901098901098901,0.10989010989010989,0.9,-0.009890109890109966,91,0.1,0.36134453781512604,0.8901098901098901,0.6257272139625081,0.6223255813953488,43
4,0,"1,5,6",H&S inter+intra,0.1,ACI g=0.01,blocked,0.7982269831009327,0.9010989010989011,0.0989010989010989,0.9,0.001098901098901095,91,0.11000000000000001,0.35294117647058826,0.9010989010989011,0.6270200387847447,0.6209523809523809,42
4,0,"1,5,6",H&S inter+intra,0.1,ACI g=0.01 (grow cal),blocked,0.7982269831009327,0.8901098901098901,0.10989010989010989,0.9,-0.009890109890109966,91,0.1,0.3697478991596639,0.8901098901098901,0.629928894634777,0.6236363636363635,44
4,0,"1,5,6",H&S inter+intra,0.1,ACI g=0.05,blocked,0.7982269831009327,0.8901098901098901,0.10989010989010989,0.9,-0.009890109890109966,91,0.10000000000000026,0.24369747899159663,0.8901098901098901,0.5669036845507434,0.6158620689655172,29
4,0,"1,5,6",H&S inter+intra,0.1,ACI g=0.05 (grow cal),blocked,0.7982269831009327,0.8901098901098901,0.10989010989010989,0.9,-0.009890109890109966,91,0.10000000000000026,0.25210084033613445,0.8901098901098901,0.5711053652230123,0.6373333333333334,30
4,0,"1,5,6",H&S inter+intra,0.1,split CP (SAFE),shuffled,0.7982269831009327,0.9120879120879121,0.08791208791208792,0.9,0.012087912087912045,91,0.1,0.33613445378151263,0.9120879120879121,0.6241111829347123,0.618,40
4,0,"1,5,6",H&S inter+intra,0.1,split CP (n+1 corr.),shuffled,0.7982269831009327,0.9120879120879121,0.08791208791208792,0.9,0.012087912087912045,91,0.1,0.29411764705882354,0.9120879120879121,0.6031027795733678,0.6274285714285714,35
4,0,"1,5,6",H&S inter+intra,0.1,DtACI,shuffled,0.7982269831009327,0.9120879120879121,0.08791208791208792,0.9,0.012087912087912045,91,0.10312500000000009,0.33613445378151263,0.9120879120879121,0.6241111829347123,0.618,40
4,0,"1,5,6",H&S inter+intra,0.1,DtACI (grow cal),shuffled,0.7982269831009327,0.9010989010989011,0.0989010989010989,0.9,0.001098901098901095,91,0.09437500000000014,0.35294117647058826,0.9010989010989011,0.6270200387847447,0.6057142857142858,42
4,0,"1,5,6",H&S inter+intra,0.1,ACI g=0.005,shuffled,0.7982269831009327,0.9120879120879121,0.08791208791208792,0.9,0.012087912087912045,91,0.10550000000000001,0.3445378151260504,0.9120879120879121,0.6283128636069812,0.6195121951219513,41
4,0,"1,5,6",H&S inter+intra,0.1,ACI g=0.005 (grow cal),shuffled,0.7982269831009327,0.9010989010989011,0.0989010989010989,0.9,0.001098901098901095,91,0.1005,0.3445378151260504,0.9010989010989011,0.6228183581124758,0.6195121951219513,41
4,0,"1,5,6",H&S inter+intra,0.1,ACI g=0.01,shuffled,0.7982269831009327,0.9120879120879121,0.08791208791208792,0.9,0.012087912087912045,91,0.11100000000000002,0.3445378151260504,0.9120879120879121,0.6283128636069812,0.6195121951219513,41
4,0,"1,5,6",H&S inter+intra,0.1,ACI g=0.01 (grow cal),shuffled,0.7982269831009327,0.9010989010989011,0.0989010989010989,0.9,0.001098901098901095,91,0.101,0.35294117647058826,0.9010989010989011,0.6270200387847447,0.620952380952381,42
4,0,"1,5,6",H&S inter+intra,0.1,ACI g=0.05,shuffled,0.7982269831009327,0.9010989010989011,0.0989010989010989,0.9,0.001098901098901095,91,0.10500000000000026,0.37815126050420167,0.9010989010989011,0.6396250808015513,0.6248888888888889,45
4,0,"1,5,6",H&S inter+intra,0.1,ACI g=0.05 (grow cal),shuffled,0.7982269831009327,0.9010989010989011,0.0989010989010989,0.9,0.001098901098901095,91,0.10500000000000026,0.36134453781512604,0.9010989010989011,0.6312217194570136,0.6074418604651163,43
4,0,"1,5,6",H&S inter+intra,0.1,split CP (SAFE),exch,0.7982269831009327,0.9375,0.0625,0.9,0.03749999999999998,16,0.1,0.24561403508771928,0.9375,0.5915570175438596,0.557142857142857,14
4,0,"1,5,6",H&S inter+intra,0.1,split CP (n+1 corr.),exch,0.7982269831009327,0.9375,0.0625,0.9,0.03749999999999998,16,0.1,0.14035087719298245,0.9375,0.5389254385964912,0.5425,8
4,0,"1,5,6",H&S inter+intra,0.1,DtACI,exch,0.7982269831009327,0.9375,0.0625,0.9,0.03749999999999998,16,0.06079500000000009,0.2631578947368421,0.9375,0.600328947368421,0.5653333333333332,15
4,0,"1,5,6",H&S inter+intra,0.1,DtACI (grow cal),exch,0.7982269831009327,0.875,0.125,0.9,-0.025000000000000022,16,0.08015000000000004,0.2631578947368421,0.875,0.569078947368421,0.5479999999999999,15
4,0,"1,5,6",H&S inter+intra,0.1,ACI g=0.005,exch,0.7982269831009327,0.9375,0.0625,0.9,0.03749999999999998,16,0.10300000000000001,0.24561403508771928,0.9375,0.5915570175438596,0.557142857142857,14
4,0,"1,5,6",H&S inter+intra,0.1,ACI g=0.005 (grow cal),exch,0.7982269831009327,0.9375,0.0625,0.9,0.03749999999999998,16,0.10300000000000001,0.2807017543859649,0.9375,0.6091008771929824,0.5725,16
4,0,"1,5,6",H&S inter+intra,0.1,ACI g=0.01,exch,0.7982269831009327,0.9375,0.0625,0.9,0.03749999999999998,16,0.10600000000000001,0.24561403508771928,0.9375,0.5915570175438596,0.557142857142857,14
4,0,"1,5,6",H&S inter+intra,0.1,ACI g=0.01 (grow cal),exch,0.7982269831009327,0.9375,0.0625,0.9,0.03749999999999998,16,0.10600000000000001,0.2807017543859649,0.9375,0.6091008771929824,0.5725,16
4,0,"1,5,6",H&S inter+intra,0.1,ACI g=0.05,exch,0.7982269831009327,0.9375,0.0625,0.9,0.03749999999999998,16,0.13000000000000006,0.2807017543859649,0.9375,0.6091008771929824,0.5725,16
4,0,"1,5,6",H&S inter+intra,0.1,ACI g=0.05 (grow cal),exch,0.7982269831009327,0.875,0.125,0.9,-0.025000000000000022,16,0.08000000000000004,0.3508771929824561,0.875,0.6129385964912281,0.454,20
4,0,"1,5,6",H&S inter+intra,0.15,split CP (SAFE),blocked,0.7982269831009327,0.7362637362637363,0.26373626373626374,0.85,-0.11373626373626367,91,0.15,0.6302521008403361,0.7362637362637363,0.6832579185520362,0.6264,75
4,0,"1,5,6",H&S inter+intra,0.15,split CP (n+1 corr.),blocked,0.7982269831009327,0.9230769230769231,0.07692307692307693,0.85,0.07307692307692315,91,0.15,0.3025210084033613,0.9230769230769231,0.6127989657401423,0.6466666666666667,36
4,0,"1,5,6",H&S inter+intra,0.15,DtACI,blocked,0.7982269831009327,0.8351648351648352,0.16483516483516483,0.85,-0.014835164835164782,91,0.1246250000000001,0.48739495798319327,0.8351648351648352,0.6612798965740142,0.6400000000000001,58
4,0,"1,5,6",H&S inter+intra,0.15,DtACI (grow cal),blocked,0.7982269831009327,0.8351648351648352,0.16483516483516483,0.85,-0.014835164835164782,91,0.16712500000000013,0.47058823529411764,0.8351648351648352,0.6528765352294764,0.6275000000000001,56
4,0,"1,5,6",H&S inter+intra,0.15,ACI g=0.005,blocked,0.7982269831009327,0.8021978021978022,0.1978021978021978,0.85,-0.04780219780219774,91,0.13249999999999998,0.5714285714285714,0.8021978021978022,0.6868131868131868,0.6520588235294117,68
4,0,"1,5,6",H&S inter+intra,0.15,ACI g=0.005 (grow cal),blocked,0.7982269831009327,0.8241758241758241,0.17582417582417584,0.85,-0.025824175824175843,91,0.1425,0.48739495798319327,0.8241758241758241,0.6557853910795087,0.6293103448275862,58
4,0,"1,5,6",H&S inter+intra,0.15,ACI g=0.01,blocked,0.7982269831009327,0.8241758241758241,0.17582417582417584,0.85,-0.025824175824175843,91,0.13499999999999998,0.5042016806722689,0.8241758241758241,0.6641887524240465,0.635,60
4,0,"1,5,6",H&S inter+intra,0.15,ACI g=0.01 (grow cal),blocked,0.7982269831009327,0.8351648351648352,0.16483516483516483,0.85,-0.014835164835164782,91,0.145,0.4957983193277311,0.8351648351648352,0.6654815772462832,0.644406779661017,59
4,0,"1,5,6",H&S inter+intra,0.15,ACI g=0.05,blocked,0.7982269831009327,0.8351648351648352,0.16483516483516483,0.85,-0.014835164835164782,91,0.12500000000000036,0.453781512605042,0.8351648351648352,0.6444731738849386,0.6237037037037036,54
4,0,"1,5,6",H&S inter+intra,0.15,ACI g=0.05 (grow cal),blocked,0.7982269831009327,0.8461538461538461,0.15384615384615385,0.85,-0.0038461538461538325,91,0.17500000000000038,0.47058823529411764,0.8461538461538461,0.6583710407239819,0.6389285714285714,56
4,0,"1,5,6",H&S inter+intra,0.15,split CP (SAFE),shuffled,0.7982269831009327,0.7362637362637363,0.26373626373626374,0.85,-0.11373626373626367,91,0.15,0.6302521008403361,0.7362637362637363,0.6832579185520362,0.6264000000000001,75
4,0,"1,5,6",H&S inter+intra,0.15,split CP (n+1 corr.),shuffled,0.7982269831009327,0.9230769230769231,0.07692307692307693,0.85,0.07307692307692315,91,0.15,0.3025210084033613,0.9230769230769231,0.6127989657401423,0.6466666666666668,36
4,0,"1,5,6",H&S inter+intra,0.15,DtACI,shuffled,0.7982269831009327,0.8461538461538461,0.15384615384615385,0.85,-0.0038461538461538325,91,0.12556250000000013,0.46218487394957986,0.8461538461538461,0.654169360051713,0.6378181818181818,55
4,0,"1,5,6",H&S inter+intra,0.15,DtACI (grow cal),shuffled,0.7982269831009327,0.8461538461538461,0.15384615384615385,0.85,-0.0038461538461538325,91,0.1318125000000001,0.46218487394957986,0.8461538461538461,0.654169360051713,0.6149090909090911,55
4,0,"1,5,6",H&S inter+intra,0.15,ACI g=0.005,shuffled,0.7982269831009327,0.8021978021978022,0.1978021978021978,0.85,-0.04780219780219774,91,0.12824999999999998,0.5210084033613446,0.8021978021978022,0.6616031027795735,0.6325806451612903,62
4,0,"1,5,6",H&S inter+intra,0.15,ACI g=0.005 (grow cal),shuffled,0.7982269831009327,0.8351648351648352,0.16483516483516483,0.85,-0.014835164835164782,91,0.14325,0.5294117647058824,0.8351648351648352,0.6822882999353588,0.6228571428571428,63
4,0,"1,5,6",H&S inter+intra,0.15,ACI g=0.01,shuffled,0.7982269831009327,0.8241758241758241,0.17582417582417584,0.85,-0.025824175824175843,91,0.12649999999999997,0.5126050420168067,0.8241758241758241,0.6683904330963154,0.6177049180327867,61
4,0,"1,5,6",H&S inter+intra,0.15,ACI g=0.01 (grow cal),shuffled,0.7982269831009327,0.8351648351648352,0.16483516483516483,0.85,-0.014835164835164782,91,0.13649999999999998,0.5042016806722689,0.8351648351648352,0.6696832579185521,0.6273333333333333,60
4,0,"1,5,6",H&S inter+intra,0.15,ACI g=0.05,shuffled,0.7982269831009327,0.8461538461538461,0.15384615384615385,0.85,-0.0038461538461538325,91,0.13250000000000037,0.4369747899159664,0.8461538461538461,0.6415643180349062,0.6319230769230769,52
4,0,"1,5,6",H&S inter+intra,0.15,ACI g=0.05 (grow cal),shuffled,0.7982269831009327,0.8461538461538461,0.15384615384615385,0.85,-0.0038461538461538325,91,0.13250000000000037,0.453781512605042,0.8461538461538461,0.6499676793794441,0.6100000000000001,54
4,0,"1,5,6",H&S inter+intra,0.15,split CP (SAFE),exch,0.7982269831009327,0.875,0.125,0.85,0.025000000000000022,16,0.15,0.5263157894736842,0.875,0.700657894736842,0.6506666666666666,30
4,0,"1,5,6",H&S inter+intra,0.15,split CP (n+1 corr.),exch,0.7982269831009327,0.9375,0.0625,0.85,0.08750000000000002,16,0.15,0.21052631578947367,0.9375,0.5740131578947368,0.5883333333333333,12
4,0,"1,5,6",H&S inter+intra,0.15,DtACI,exch,0.7982269831009327,0.8125,0.1875,0.85,-0.03749999999999998,16,0.15153999999999998,0.543859649122807,0.8125,0.6781798245614035,0.5935483870967742,31
4,0,"1,5,6",H&S inter+intra,0.15,DtACI (grow cal),exch,0.7982269831009327,0.75,0.25,0.85,-0.09999999999999998,16,0.12011000000000005,0.49122807017543857,0.75,0.6206140350877193,0.5842857142857144,28
4,0,"1,5,6",H&S inter+intra,0.15,ACI g=0.005,exch,0.7982269831009327,0.875,0.125,0.85,0.025000000000000022,16,0.152,0.543859649122807,0.875,0.7094298245614035,0.6122580645161291,31
4,0,"1,5,6",H&S inter+intra,0.15,ACI g=0.005 (grow cal),exch,0.7982269831009327,0.8125,0.1875,0.85,-0.03749999999999998,16,0.147,0.5614035087719298,0.8125,0.6869517543859649,0.6012500000000001,32
4,0,"1,5,6",H&S inter+intra,0.15,ACI g=0.01,exch,0.7982269831009327,0.875,0.125,0.85,0.025000000000000022,16,0.154,0.5614035087719298,0.875,0.7182017543859649,0.614375,32
4,0,"1,5,6",H&S inter+intra,0.15,ACI g=0.01 (grow cal),exch,0.7982269831009327,0.8125,0.1875,0.85,-0.03749999999999998,16,0.144,0.5614035087719298,0.8125,0.6869517543859649,0.6012500000000001,32
4,0,"1,5,6",H&S inter+intra,0.15,ACI g=0.05,exch,0.7982269831009327,0.8125,0.1875,0.85,-0.03749999999999998,16,0.12000000000000005,0.5263157894736842,0.8125,0.669407894736842,0.6086666666666666,30
4,0,"1,5,6",H&S inter+intra,0.15,ACI g=0.05 (grow cal),exch,0.7982269831009327,0.8125,0.1875,0.85,-0.03749999999999998,16,0.12000000000000005,0.40350877192982454,0.8125,0.6080043859649122,0.6008695652173914,23
4,0,"1,5,6",H&S inter+intra,0.2,split CP (SAFE),blocked,0.7982269831009327,0.5054945054945055,0.4945054945054945,0.8,-0.29450549450549457,91,0.2,0.7815126050420168,0.5054945054945055,0.6435035552682611,0.5303225806451612,93
4,0,"1,5,6",H&S inter+intra,0.2,split CP (n+1 corr.),blocked,0.7982269831009327,0.7692307692307692,0.23076923076923078,0.8,-0.030769230769230882,91,0.2,0.5882352941176471,0.7692307692307692,0.6787330316742082,0.6251428571428571,70
4,0,"1,5,6",H&S inter+intra,0.2,DtACI,blocked,0.7982269831009327,0.7472527472527473,0.25274725274725274,0.8,-0.05274725274725278,91,0.15875000000000022,0.6386554621848739,0.7472527472527473,0.6929541047188106,0.5750000000000001,76
4,0,"1,5,6",H&S inter+intra,0.2,DtACI (grow cal),blocked,0.7982269831009327,0.7802197802197802,0.21978021978021978,0.8,-0.01978021978021982,91,0.2200000000000003,0.5882352941176471,0.7802197802197802,0.6842275371687137,0.602,70
4,0,"1,5,6",H&S inter+intra,0.2,ACI g=0.005,blocked,0.7982269831009327,0.6703296703296704,0.32967032967032966,0.8,-0.12967032967032965,91,0.14499999999999996,0.7310924369747899,0.6703296703296704,0.7007110536522301,0.5816091954022988,87
4,0,"1,5,6",H&S inter+intra,0.2,ACI g=0.005 (grow cal),blocked,0.7982269831009327,0.7692307692307692,0.23076923076923078,0.8,-0.030769230769230882,91,0.19,0.6218487394957983,0.7692307692307692,0.6955397543632837,0.6116216216216217,74
4,0,"1,5,6",H&S inter+intra,0.2,ACI g=0.01,blocked,0.7982269831009327,0.7252747252747253,0.27472527472527475,0.8,-0.07472527472527479,91,0.13999999999999996,0.6554621848739496,0.7252747252747253,0.6903684550743374,0.6151282051282051,78
4,0,"1,5,6",H&S inter+intra,0.2,ACI g=0.01 (grow cal),blocked,0.7982269831009327,0.7802197802197802,0.21978021978021978,0.8,-0.01978021978021982,91,0.19,0.6218487394957983,0.7802197802197802,0.7010342598577892,0.6116216216216217,74
4,0,"1,5,6",H&S inter+intra,0.2,ACI g=0.05,blocked,0.7982269831009327,0.7802197802197802,0.21978021978021978,0.8,-0.01978021978021982,91,0.1500000000000005,0.5546218487394958,0.7802197802197802,0.6674208144796381,0.6081818181818182,66
4,0,"1,5,6",H&S inter+intra,0.2,ACI g=0.05 (grow cal),blocked,0.7982269831009327,0.7912087912087912,0.2087912087912088,0.8,-0.008791208791208871,91,0.2000000000000005,0.5798319327731093,0.7912087912087912,0.6855203619909502,0.6165217391304347,69
4,0,"1,5,6",H&S inter+intra,0.2,split CP (SAFE),shuffled,0.7982269831009327,0.5054945054945055,0.4945054945054945,0.8,-0.29450549450549457,91,0.2,0.7815126050420168,0.5054945054945055,0.6435035552682611,0.5303225806451612,93
4,0,"1,5,6",H&S inter+intra,0.2,split CP (n+1 corr.),shuffled,0.7982269831009327,0.7692307692307692,0.23076923076923078,0.8,-0.030769230769230882,91,0.2,0.5882352941176471,0.7692307692307692,0.6787330316742082,0.6251428571428572,70
4,0,"1,5,6",H&S inter+intra,0.2,DtACI,shuffled,0.7982269831009327,0.7582417582417582,0.24175824175824176,0.8,-0.04175824175824183,91,0.14225000000000013,0.5462184873949579,0.7582417582417582,0.652230122818358,0.5950769230769231,65
4,0,"1,5,6",H&S inter+intra,0.2,DtACI (grow cal),shuffled,0.7982269831009327,0.7692307692307692,0.23076923076923078,0.8,-0.030769230769230882,91,0.18475000000000025,0.5546218487394958,0.7692307692307692,0.6619263089851325,0.6221212121212122,66
4,0,"1,5,6",H&S inter+intra,0.2,ACI g=0.005,shuffled,0.7982269831009327,0.6593406593406593,0.34065934065934067,0.8,-0.14065934065934071,91,0.13599999999999995,0.6302521008403361,0.6593406593406593,0.6447963800904977,0.5893333333333334,75
4,0,"1,5,6",H&S inter+intra,0.2,ACI g=0.005 (grow cal),shuffled,0.7982269831009327,0.7472527472527473,0.25274725274725274,0.8,-0.05274725274725278,91,0.176,0.5966386554621849,0.7472527472527473,0.6719457013574661,0.6143661971830986,71
4,0,"1,5,6",H&S inter+intra,0.2,ACI g=0.01,shuffled,0.7982269831009327,0.7252747252747253,0.27472527472527475,0.8,-0.07472527472527479,91,0.13199999999999995,0.5714285714285714,0.7252747252747253,0.6483516483516483,0.6270588235294118,68
4,0,"1,5,6",H&S inter+intra,0.2,ACI g=0.01 (grow cal),shuffled,0.7982269831009327,0.7582417582417582,0.24175824175824176,0.8,-0.04175824175824183,91,0.16199999999999998,0.5966386554621849,0.7582417582417582,0.6774402068519716,0.6143661971830986,71
4,0,"1,5,6",H&S inter+intra,0.2,ACI g=0.05,shuffled,0.7982269831009327,0.7912087912087912,0.2087912087912088,0.8,-0.008791208791208871,91,0.1600000000000005,0.5378151260504201,0.7912087912087912,0.6645119586296057,0.5853125,64
4,0,"1,5,6",H&S inter+intra,0.2,ACI g=0.05 (grow cal),shuffled,0.7982269831009327,0.7912087912087912,0.2087912087912088,0.8,-0.008791208791208871,91,0.1600000000000005,0.5126050420168067,0.7912087912087912,0.6519069166127989,0.6173770491803279,61
4,0,"1,5,6",H&S inter+intra,0.2,split CP (SAFE),exch,0.7982269831009327,0.8125,0.1875,0.8,0.012499999999999956,16,0.2,0.6140350877192983,0.8125,0.7132675438596492,0.562857142857143,35
4,0,"1,5,6",H&S inter+intra,0.2,split CP (n+1 corr.),exch,0.7982269831009327,0.9375,0.0625,0.8,0.13749999999999996,16,0.2,0.49122807017543857,0.9375,0.7143640350877193,0.6635714285714285,28
4,0,"1,5,6",H&S inter+intra,0.2,DtACI,exch,0.7982269831009327,0.75,0.25,0.8,-0.050000000000000044,16,0.17075000000000007,0.631578947368421,0.75,0.6907894736842105,0.5438888888888891,36
4,0,"1,5,6",H&S inter+intra,0.2,DtACI (grow cal),exch,0.7982269831009327,0.75,0.25,0.8,-0.050000000000000044,16,0.16700000000000004,0.6491228070175439,0.75,0.6995614035087719,0.5232432432432432,37
4,0,"1,5,6",H&S inter+intra,0.2,ACI g=0.005,exch,0.7982269831009327,0.8125,0.1875,0.8,0.012499999999999956,16,0.201,0.6140350877192983,0.8125,0.7132675438596492,0.562857142857143,35
4,0,"1,5,6",H&S inter+intra,0.2,ACI g=0.005 (grow cal),exch,0.7982269831009327,0.75,0.25,0.8,-0.050000000000000044,16,0.196,0.6491228070175439,0.75,0.6995614035087719,0.5367567567567567,37
4,0,"1,5,6",H&S inter+intra,0.2,ACI g=0.01,exch,0.7982269831009327,0.8125,0.1875,0.8,0.012499999999999956,16,0.202,0.631578947368421,0.8125,0.7220394736842105,0.5577777777777778,36
4,0,"1,5,6",H&S inter+intra,0.2,ACI g=0.01 (grow cal),exch,0.7982269831009327,0.75,0.25,0.8,-0.050000000000000044,16,0.192,0.6491228070175439,0.75,0.6995614035087719,0.5394594594594595,37
4,0,"1,5,6",H&S inter+intra,0.2,ACI g=0.05,exch,0.7982269831009327,0.75,0.25,0.8,-0.050000000000000044,16,0.1600000000000001,0.6140350877192983,0.75,0.6820175438596492,0.556,35
4,0,"1,5,6",H&S inter+intra,0.2,ACI g=0.05 (grow cal),exch,0.7982269831009327,0.75,0.25,0.8,-0.050000000000000044,16,0.1600000000000001,0.6140350877192983,0.75,0.6820175438596492,0.5314285714285715,35
4,0,"1,5,6",H&S inter+intra,0.25,split CP (SAFE),blocked,0.7982269831009327,0.3516483516483516,0.6483516483516484,0.75,-0.3983516483516484,91,0.25,0.9327731092436975,0.3516483516483516,0.6422107304460245,0.4255855855855857,111
4,0,"1,5,6",H&S inter+intra,0.25,split CP (n+1 corr.),blocked,0.7982269831009327,0.41758241758241754,0.5824175824175825,0.75,-0.33241758241758246,91,0.25,0.8907563025210085,0.41758241758241754,0.654169360051713,0.4583018867924529,106
4,0,"1,5,6",H&S inter+intra,0.25,DtACI,blocked,0.7982269831009327,0.6593406593406593,0.34065934065934067,0.75,-0.09065934065934067,91,0.180875,0.7142857142857143,0.6593406593406593,0.6868131868131868,0.5303529411764707,85
4,0,"1,5,6",H&S inter+intra,0.25,DtACI (grow cal),blocked,0.7982269831009327,0.7472527472527473,0.25274725274725274,0.75,-0.0027472527472527375,91,0.2633750000000001,0.6470588235294118,0.7472527472527473,0.6971557853910795,0.5766233766233766,77
4,0,"1,5,6",H&S inter+intra,0.25,ACI g=0.005,blocked,0.7982269831009327,0.5824175824175823,0.4175824175824176,0.75,-0.16758241758241765,91,0.1774999999999999,0.8235294117647058,0.5824175824175823,0.7029734970911441,0.4951020408163266,98
4,0,"1,5,6",H&S inter+intra,0.25,ACI g=0.005 (grow cal),blocked,0.7982269831009327,0.6923076923076923,0.3076923076923077,0.75,-0.05769230769230771,91,0.22749999999999995,0.6890756302521008,0.6923076923076923,0.6906916612798966,0.5846341463414634,82
4,0,"1,5,6",H&S inter+intra,0.25,ACI g=0.01,blocked,0.7982269831009327,0.6263736263736264,0.37362637362637363,0.75,-0.12362637362637363,91,0.1449999999999999,0.7226890756302521,0.6263736263736264,0.6745313510019393,0.573953488372093,86
4,0,"1,5,6",H&S inter+intra,0.25,ACI g=0.01 (grow cal),blocked,0.7982269831009327,0.7142857142857143,0.2857142857142857,0.75,-0.0357142857142857,91,0.22499999999999998,0.6470588235294118,0.7142857142857143,0.680672268907563,0.5867532467532468,77
4,0,"1,5,6",H&S inter+intra,0.25,ACI g=0.05,blocked,0.7982269831009327,0.7252747252747253,0.27472527472527475,0.75,-0.02472527472527475,91,0.17500000000000046,0.6218487394957983,0.7252747252747253,0.6735617323852618,0.5651351351351352,74
4,0,"1,5,6",H&S inter+intra,0.25,ACI g=0.05 (grow cal),blocked,0.7982269831009327,0.7472527472527473,0.25274725274725274,0.75,-0.0027472527472527375,91,0.27500000000000047,0.6302521008403361,0.7472527472527473,0.6887524240465417,0.5658666666666667,75
4,0,"1,5,6",H&S inter+intra,0.25,split CP (SAFE),shuffled,0.7982269831009327,0.3516483516483516,0.6483516483516484,0.75,-0.3983516483516484,91,0.25,0.9327731092436975,0.3516483516483516,0.6422107304460245,0.4255855855855856,111
4,0,"1,5,6",H&S inter+intra,0.25,split CP (n+1 corr.),shuffled,0.7982269831009327,0.41758241758241754,0.5824175824175825,0.75,-0.33241758241758246,91,0.25,0.8907563025210085,0.41758241758241754,0.654169360051713,0.4583018867924528,106
4,0,"1,5,6",H&S inter+intra,0.25,DtACI,shuffled,0.7982269831009327,0.6483516483516483,0.3516483516483517,0.75,-0.10164835164835173,91,0.22416874999999942,0.6890756302521008,0.6483516483516483,0.6687136393018746,0.5519512195121951,82
4,0,"1,5,6",H&S inter+intra,0.25,DtACI (grow cal),shuffled,0.7982269831009327,0.7252747252747253,0.27472527472527475,0.75,-0.02472527472527475,91,0.24468750000000006,0.6218487394957983,0.7252747252747253,0.6735617323852618,0.5708108108108109,74
4,0,"1,5,6",H&S inter+intra,0.25,ACI g=0.005,shuffled,0.7982269831009327,0.5824175824175823,0.4175824175824176,0.75,-0.16758241758241765,91,0.1737499999999999,0.7478991596638656,0.5824175824175823,0.665158371040724,0.5002247191011236,89
4,0,"1,5,6",H&S inter+intra,0.25,ACI g=0.005 (grow cal),shuffled,0.7982269831009327,0.6813186813186813,0.31868131868131866,0.75,-0.06868131868131866,91,0.21874999999999994,0.6470588235294118,0.6813186813186813,0.6641887524240466,0.5685714285714287,77
4,0,"1,5,6",H&S inter+intra,0.25,ACI g=0.01,shuffled,0.7982269831009327,0.6373626373626373,0.3626373626373626,0.75,-0.11263736263736268,91,0.1474999999999999,0.7058823529411765,0.6373626373626373,0.671622495151907,0.5545238095238095,84
4,0,"1,5,6",H&S inter+intra,0.25,ACI g=0.01 (grow cal),shuffled,0.7982269831009327,0.6923076923076923,0.3076923076923077,0.75,-0.05769230769230771,91,0.19749999999999995,0.6302521008403361,0.6923076923076923,0.6612798965740142,0.5749333333333333,75
4,0,"1,5,6",H&S inter+intra,0.25,ACI g=0.05,shuffled,0.7982269831009327,0.7362637362637363,0.26373626373626374,0.75,-0.013736263736263687,91,0.18750000000000053,0.6470588235294118,0.7362637362637363,0.691661279896574,0.5594805194805196,77
4,0,"1,5,6",H&S inter+intra,0.25,ACI g=0.05 (grow cal),shuffled,0.7982269831009327,0.7472527472527473,0.25274725274725274,0.75,-0.0027472527472527375,91,0.23750000000000063,0.6134453781512605,0.7472527472527473,0.6803490627020039,0.5797260273972603,73
4,0,"1,5,6",H&S inter+intra,0.25,split CP (SAFE),exch,0.7982269831009327,0.6875,0.3125,0.75,-0.0625,16,0.25,0.7017543859649122,0.6875,0.6946271929824561,0.5035000000000001,40
4,0,"1,5,6",H&S inter+intra,0.25,split CP (n+1 corr.),exch,0.7982269831009327,0.6875,0.3125,0.75,-0.0625,16,0.25,0.6666666666666666,0.6875,0.6770833333333333,0.5147368421052632,38
4,0,"1,5,6",H&S inter+intra,0.25,DtACI,exch,0.7982269831009327,0.625,0.375,0.75,-0.125,16,0.20875,0.5964912280701754,0.625,0.6107456140350878,0.518235294117647,34
4,0,"1,5,6",H&S inter+intra,0.25,DtACI (grow cal),exch,0.7982269831009327,0.625,0.375,0.75,-0.125,16,0.15117500000000003,0.5964912280701754,0.625,0.6107456140350878,0.5152941176470588,34
4,0,"1,5,6",H&S inter+intra,0.25,ACI g=0.005,exch,0.7982269831009327,0.6875,0.3125,0.75,-0.0625,16,0.24499999999999986,0.7192982456140351,0.6875,0.7033991228070176,0.5082926829268294,41
4,0,"1,5,6",H&S inter+intra,0.25,ACI g=0.005 (grow cal),exch,0.7982269831009327,0.6875,0.3125,0.75,-0.0625,16,0.24499999999999986,0.7017543859649122,0.6875,0.6946271929824561,0.5120000000000001,40
4,0,"1,5,6",H&S inter+intra,0.25,ACI g=0.01,exch,0.7982269831009327,0.6875,0.3125,0.75,-0.0625,16,0.24,0.7192982456140351,0.6875,0.7033991228070176,0.5058536585365854,41
4,0,"1,5,6",H&S inter+intra,0.25,ACI g=0.01 (grow cal),exch,0.7982269831009327,0.6875,0.3125,0.75,-0.0625,16,0.24,0.7017543859649122,0.6875,0.6946271929824561,0.5120000000000001,40
4,0,"1,5,6",H&S inter+intra,0.25,ACI g=0.05,exch,0.7982269831009327,0.6875,0.3125,0.75,-0.0625,16,0.20000000000000012,0.7017543859649122,0.6875,0.6946271929824561,0.5065000000000001,40
4,0,"1,5,6",H&S inter+intra,0.25,ACI g=0.05 (grow cal),exch,0.7982269831009327,0.6875,0.3125,0.75,-0.0625,16,0.20000000000000012,0.7017543859649122,0.6875,0.6946271929824561,0.5095000000000001,40
4,1,"1,5,6",SAFE-MLP,0.1,split CP (SAFE),blocked,0.8835534213685474,0.8131868131868132,0.18681318681318682,0.9,-0.08681318681318684,91,0.1,0.7142857142857143,0.8131868131868132,0.7637362637362637,0.6663529411764706,85
4,1,"1,5,6",SAFE-MLP,0.1,split CP (n+1 corr.),blocked,0.8835534213685474,0.9120879120879121,0.08791208791208792,0.9,0.012087912087912045,91,0.1,0.6302521008403361,0.9120879120879121,0.771170006464124,0.7466666666666667,75
4,1,"1,5,6",SAFE-MLP,0.1,DtACI,blocked,0.8835534213685474,0.8571428571428572,0.14285714285714285,0.9,-0.042857142857142816,91,0.18966612988586717,0.7142857142857143,0.8571428571428572,0.7857142857142858,0.692,85
4,1,"1,5,6",SAFE-MLP,0.1,DtACI (grow cal),blocked,0.8835534213685474,0.8901098901098901,0.10989010989010989,0.9,-0.009890109890109966,91,0.21614735381220965,0.6890756302521008,0.8901098901098901,0.7895927601809954,0.7265853658536585,82
4,1,"1,5,6",SAFE-MLP,0.1,ACI g=0.005,blocked,0.8835534213685474,0.8571428571428572,0.14285714285714285,0.9,-0.042857142857142816,91,0.07999999999999999,0.6974789915966386,0.8571428571428572,0.7773109243697479,0.6783132530120481,83
4,1,"1,5,6",SAFE-MLP,0.1,ACI g=0.005 (grow cal),blocked,0.8835534213685474,0.8791208791208791,0.12087912087912088,0.9,-0.020879120879120916,91,0.09,0.6722689075630253,0.8791208791208791,0.7756948933419522,0.7150000000000001,80
4,1,"1,5,6",SAFE-MLP,0.1,ACI g=0.01,blocked,0.8835534213685474,0.8681318681318682,0.13186813186813187,0.9,-0.031868131868131866,91,0.06999999999999999,0.6890756302521008,0.8681318681318682,0.7786037491919845,0.696829268292683,82
4,1,"1,5,6",SAFE-MLP,0.1,ACI g=0.01 (grow cal),blocked,0.8835534213685474,0.8901098901098901,0.10989010989010989,0.9,-0.009890109890109966,91,0.09,0.6470588235294118,0.8901098901098901,0.7685843568196509,0.7228571428571429,77
4,1,"1,5,6",SAFE-MLP,0.1,ACI g=0.05,blocked,0.8835534213685474,0.9010989010989011,0.0989010989010989,0.9,0.001098901098901095,91,0.11100000000000013,0.6722689075630253,0.9010989010989011,0.7866839043309632,0.7637499999999999,80
4,1,"1,5,6",SAFE-MLP,0.1,ACI g=0.05 (grow cal),blocked,0.8835534213685474,0.8901098901098901,0.10989010989010989,0.9,-0.009890109890109966,91,0.11100000000000014,0.5798319327731093,0.8901098901098901,0.7349709114414997,0.7736231884057971,69
4,1,"1,5,6",SAFE-MLP,0.1,split CP (SAFE),shuffled,0.8835534213685474,0.8131868131868132,0.18681318681318682,0.9,-0.08681318681318684,91,0.1,0.7142857142857143,0.8131868131868132,0.7637362637362637,0.6663529411764707,85
4,1,"1,5,6",SAFE-MLP,0.1,split CP (n+1 corr.),shuffled,0.8835534213685474,0.9120879120879121,0.08791208791208792,0.9,0.012087912087912045,91,0.1,0.6302521008403361,0.9120879120879121,0.771170006464124,0.7466666666666666,75
4,1,"1,5,6",SAFE-MLP,0.1,DtACI,shuffled,0.8835534213685474,0.8571428571428572,0.14285714285714285,0.9,-0.042857142857142816,91,0.07737687950546744,0.7310924369747899,0.8571428571428572,0.7941176470588236,0.6868965517241379,87
4,1,"1,5,6",SAFE-MLP,0.1,DtACI (grow cal),shuffled,0.8835534213685474,0.8571428571428572,0.14285714285714285,0.9,-0.042857142857142816,91,0.0953593767350784,0.6974789915966386,0.8571428571428572,0.7773109243697479,0.6951807228915662,83
4,1,"1,5,6",SAFE-MLP,0.1,ACI g=0.005,shuffled,0.8835534213685474,0.8571428571428572,0.14285714285714285,0.9,-0.042857142857142816,91,0.08049999999999999,0.7058823529411765,0.8571428571428572,0.7815126050420169,0.6845238095238096,84
4,1,"1,5,6",SAFE-MLP,0.1,ACI g=0.005 (grow cal),shuffled,0.8835534213685474,0.8791208791208791,0.12087912087912088,0.9,-0.020879120879120916,91,0.0905,0.6890756302521008,0.8791208791208791,0.78409825468649,0.7360975609756097,82
4,1,"1,5,6",SAFE-MLP,0.1,ACI g=0.01,shuffled,0.8835534213685474,0.8571428571428572,0.14285714285714285,0.9,-0.042857142857142816,91,0.061000000000000006,0.7058823529411765,0.8571428571428572,0.7815126050420169,0.7176190476190476,84
4,1,"1,5,6",SAFE-MLP,0.1,ACI g=0.01 (grow cal),shuffled,0.8835534213685474,0.8901098901098901,0.10989010989010989,0.9,-0.009890109890109966,91,0.091,0.6554621848739496,0.8901098901098901,0.7727860374919198,0.7369230769230768,78
4,1,"1,5,6",SAFE-MLP,0.1,ACI g=0.05,shuffled,0.8835534213685474,0.8791208791208791,0.12087912087912088,0.9,-0.020879120879120916,91,0.046000000000000124,0.6638655462184874,0.8791208791208791,0.7714932126696832,0.710379746835443,79
4,1,"1,5,6",SAFE-MLP,0.1,ACI g=0.05 (grow cal),shuffled,0.8835534213685474,0.8901098901098901,0.10989010989010989,0.9,-0.009890109890109966,91,0.09600000000000014,0.6470588235294118,0.8901098901098901,0.7685843568196509,0.7215584415584416,77
4,1,"1,5,6",SAFE-MLP,0.1,split CP (SAFE),exch,0.8835534213685474,0.9375,0.0625,0.9,0.03749999999999998,16,0.1,0.7368421052631579,0.9375,0.837171052631579,0.5880952380952381,42
4,1,"1,5,6",SAFE-MLP,0.1,split CP (n+1 corr.),exch,0.8835534213685474,0.9375,0.0625,0.9,0.03749999999999998,16,0.1,0.7017543859649122,0.9375,0.8196271929824561,0.6679999999999999,40
4,1,"1,5,6",SAFE-MLP,0.1,DtACI,exch,0.8835534213685474,0.9375,0.0625,0.9,0.03749999999999998,16,0.11296674753118174,0.7368421052631579,0.9375,0.837171052631579,0.592857142857143,42
4,1,"1,5,6",SAFE-MLP,0.1,DtACI (grow cal),exch,0.8835534213685474,0.9375,0.0625,0.9,0.03749999999999998,16,0.11052600298291061,0.7368421052631579,0.9375,0.837171052631579,0.6109523809523809,42
4,1,"1,5,6",SAFE-MLP,0.1,ACI g=0.005,exch,0.8835534213685474,0.9375,0.0625,0.9,0.03749999999999998,16,0.10300000000000001,0.7368421052631579,0.9375,0.837171052631579,0.5880952380952381,42
4,1,"1,5,6",SAFE-MLP,0.1,ACI g=0.005 (grow cal),exch,0.8835534213685474,0.9375,0.0625,0.9,0.03749999999999998,16,0.10300000000000001,0.7368421052631579,0.9375,0.837171052631579,0.590952380952381,42
4,1,"1,5,6",SAFE-MLP,0.1,ACI g=0.01,exch,0.8835534213685474,0.9375,0.0625,0.9,0.03749999999999998,16,0.10600000000000001,0.7368421052631579,0.9375,0.837171052631579,0.5880952380952381,42
4,1,"1,5,6",SAFE-MLP,0.1,ACI g=0.01 (grow cal),exch,0.8835534213685474,0.9375,0.0625,0.9,0.03749999999999998,16,0.10600000000000001,0.7368421052631579,0.9375,0.837171052631579,0.5919047619047619,42
4,1,"1,5,6",SAFE-MLP,0.1,ACI g=0.05,exch,0.8835534213685474,0.9375,0.0625,0.9,0.03749999999999998,16,0.13000000000000006,0.7368421052631579,0.9375,0.837171052631579,0.5919047619047619,42
4,1,"1,5,6",SAFE-MLP,0.1,ACI g=0.05 (grow cal),exch,0.8835534213685474,0.9375,0.0625,0.9,0.03749999999999998,16,0.13000000000000006,0.7368421052631579,0.9375,0.837171052631579,0.6142857142857144,42
4,1,"1,5,6",SAFE-MLP,0.15,split CP (SAFE),blocked,0.8835534213685474,0.7472527472527473,0.25274725274725274,0.85,-0.10274725274725272,91,0.15,0.7563025210084033,0.7472527472527473,0.7517776341305753,0.6368888888888888,90
4,1,"1,5,6",SAFE-MLP,0.15,split CP (n+1 corr.),blocked,0.8835534213685474,0.8681318681318682,0.13186813186813187,0.85,0.01813186813186818,91,0.15,0.7142857142857143,0.8681318681318682,0.7912087912087913,0.7152941176470587,85
4,1,"1,5,6",SAFE-MLP,0.15,DtACI,blocked,0.8835534213685474,0.8021978021978022,0.1978021978021978,0.85,-0.04780219780219774,91,0.3375949202082664,0.773109243697479,0.8021978021978022,0.7876535229476407,0.6752173913043478,92
4,1,"1,5,6",SAFE-MLP,0.15,DtACI (grow cal),blocked,0.8835534213685474,0.8241758241758241,0.17582417582417584,0.85,-0.025824175824175843,91,0.3721218962637717,0.7563025210084033,0.8241758241758241,0.7902391725921137,0.6793333333333333,90
4,1,"1,5,6",SAFE-MLP,0.15,ACI g=0.005,blocked,0.8835534213685474,0.7692307692307692,0.23076923076923078,0.85,-0.08076923076923082,91,0.11249999999999996,0.7478991596638656,0.7692307692307692,0.7585649644473174,0.6662921348314608,89
4,1,"1,5,6",SAFE-MLP,0.15,ACI g=0.005 (grow cal),blocked,0.8835534213685474,0.8241758241758241,0.17582417582417584,0.85,-0.025824175824175843,91,0.13749999999999998,0.7478991596638656,0.8241758241758241,0.7860374919198448,0.6959550561797754,89
4,1,"1,5,6",SAFE-MLP,0.15,ACI g=0.01,blocked,0.8835534213685474,0.8021978021978022,0.1978021978021978,0.85,-0.04780219780219774,91,0.10499999999999995,0.7310924369747899,0.8021978021978022,0.766645119586296,0.6878160919540228,87
4,1,"1,5,6",SAFE-MLP,0.15,ACI g=0.01 (grow cal),blocked,0.8835534213685474,0.8351648351648352,0.16483516483516483,0.85,-0.014835164835164782,91,0.13499999999999998,0.7394957983193278,0.8351648351648352,0.7873303167420815,0.6972727272727273,88
4,1,"1,5,6",SAFE-MLP,0.15,ACI g=0.05,blocked,0.8835534213685474,0.8571428571428572,0.14285714285714285,0.85,0.0071428571428572285,91,0.17850000000000013,0.7563025210084033,0.8571428571428572,0.8067226890756303,0.7142222222222222,90
4,1,"1,5,6",SAFE-MLP,0.15,ACI g=0.05 (grow cal),blocked,0.8835534213685474,0.8681318681318682,0.13186813186813187,0.85,0.01813186813186818,91,0.24100000000000021,0.7226890756302521,0.8681318681318682,0.7954104718810602,0.757906976744186,86
4,1,"1,5,6",SAFE-MLP,0.15,split CP (SAFE),shuffled,0.8835534213685474,0.7472527472527473,0.25274725274725274,0.85,-0.10274725274725272,91,0.15,0.7563025210084033,0.7472527472527473,0.7517776341305753,0.6368888888888888,90
4,1,"1,5,6",SAFE-MLP,0.15,split CP (n+1 corr.),shuffled,0.8835534213685474,0.8681318681318682,0.13186813186813187,0.85,0.01813186813186818,91,0.15,0.7142857142857143,0.8681318681318682,0.7912087912087913,0.7152941176470587,85
4,1,"1,5,6",SAFE-MLP,0.15,DtACI,shuffled,0.8835534213685474,0.7692307692307692,0.23076923076923078,0.85,-0.08076923076923082,91,0.10890448863898482,0.7394957983193278,0.7692307692307692,0.7543632837750485,0.6504545454545454,88
4,1,"1,5,6",SAFE-MLP,0.15,DtACI (grow cal),shuffled,0.8835534213685474,0.8351648351648352,0.16483516483516483,0.85,-0.014835164835164782,91,0.13927300193967806,0.7310924369747899,0.8351648351648352,0.7831286360698125,0.6988505747126437,87
4,1,"1,5,6",SAFE-MLP,0.15,ACI g=0.005,shuffled,0.8835534213685474,0.7692307692307692,0.23076923076923078,0.85,-0.08076923076923082,91,0.11324999999999996,0.7394957983193278,0.7692307692307692,0.7543632837750485,0.6497727272727273,88
4,1,"1,5,6",SAFE-MLP,0.15,ACI g=0.005 (grow cal),shuffled,0.8835534213685474,0.8351648351648352,0.16483516483516483,0.85,-0.014835164835164782,91,0.14325,0.7226890756302521,0.8351648351648352,0.7789269553975436,0.697906976744186,86
4,1,"1,5,6",SAFE-MLP,0.15,ACI g=0.01,shuffled,0.8835534213685474,0.7912087912087912,0.2087912087912088,0.85,-0.058791208791208804,91,0.09649999999999995,0.7394957983193278,0.7912087912087912,0.7653522947640594,0.6754545454545454,88
4,1,"1,5,6",SAFE-MLP,0.15,ACI g=0.01 (grow cal),shuffled,0.8835534213685474,0.8461538461538461,0.15384615384615385,0.85,-0.0038461538461538325,91,0.1465,0.7226890756302521,0.8461538461538461,0.7844214608920491,0.6967441860465116,86
4,1,"1,5,6",SAFE-MLP,0.15,ACI g=0.05,shuffled,0.8835534213685474,0.8241758241758241,0.17582417582417584,0.85,-0.025824175824175843,91,0.06850000000000017,0.7226890756302521,0.8241758241758241,0.773432449903038,0.6902325581395349,86
4,1,"1,5,6",SAFE-MLP,0.15,ACI g=0.05 (grow cal),shuffled,0.8835534213685474,0.8461538461538461,0.15384615384615385,0.85,-0.0038461538461538325,91,0.13250000000000028,0.7058823529411765,0.8461538461538461,0.7760180995475113,0.6976190476190475,84
4,1,"1,5,6",SAFE-MLP,0.15,split CP (SAFE),exch,0.8835534213685474,0.9375,0.0625,0.85,0.08750000000000002,16,0.15,0.7719298245614035,0.9375,0.8547149122807017,0.5672727272727274,44
4,1,"1,5,6",SAFE-MLP,0.15,split CP (n+1 corr.),exch,0.8835534213685474,0.9375,0.0625,0.85,0.08750000000000002,16,0.15,0.7368421052631579,0.9375,0.837171052631579,0.6285714285714286,42
4,1,"1,5,6",SAFE-MLP,0.15,DtACI,exch,0.8835534213685474,0.9375,0.0625,0.85,0.08750000000000002,16,0.19767825090419222,0.7719298245614035,0.9375,0.8547149122807017,0.5754545454545456,44
4,1,"1,5,6",SAFE-MLP,0.15,DtACI (grow cal),exch,0.8835534213685474,0.9375,0.0625,0.85,0.08750000000000002,16,0.19669880198109355,0.7719298245614035,0.9375,0.8547149122807017,0.551818181818182,44
4,1,"1,5,6",SAFE-MLP,0.15,ACI g=0.005,exch,0.8835534213685474,0.9375,0.0625,0.85,0.08750000000000002,16,0.157,0.7719298245614035,0.9375,0.8547149122807017,0.5672727272727274,44
4,1,"1,5,6",SAFE-MLP,0.15,ACI g=0.005 (grow cal),exch,0.8835534213685474,0.9375,0.0625,0.85,0.08750000000000002,16,0.157,0.7719298245614035,0.9375,0.8547149122807017,0.5604545454545454,44
4,1,"1,5,6",SAFE-MLP,0.15,ACI g=0.01,exch,0.8835534213685474,0.9375,0.0625,0.85,0.08750000000000002,16,0.164,0.7719298245614035,0.9375,0.8547149122807017,0.5672727272727274,44
4,1,"1,5,6",SAFE-MLP,0.15,ACI g=0.01 (grow cal),exch,0.8835534213685474,0.9375,0.0625,0.85,0.08750000000000002,16,0.164,0.7719298245614035,0.9375,0.8547149122807017,0.5559090909090911,44
4,1,"1,5,6",SAFE-MLP,0.15,ACI g=0.05,exch,0.8835534213685474,0.9375,0.0625,0.85,0.08750000000000002,16,0.22000000000000008,0.7719298245614035,0.9375,0.8547149122807017,0.5604545454545454,44
4,1,"1,5,6",SAFE-MLP,0.15,ACI g=0.05 (grow cal),exch,0.8835534213685474,0.9375,0.0625,0.85,0.08750000000000002,16,0.22000000000000008,0.7719298245614035,0.9375,0.8547149122807017,0.5436363636363638,44
4,1,"1,5,6",SAFE-MLP,0.2,split CP (SAFE),blocked,0.8835534213685474,0.7362637362637363,0.26373626373626374,0.8,-0.06373626373626373,91,0.2,0.7647058823529411,0.7362637362637363,0.7504848093083387,0.6345054945054945,91
4,1,"1,5,6",SAFE-MLP,0.2,split CP (n+1 corr.),blocked,0.8835534213685474,0.7472527472527473,0.25274725274725274,0.8,-0.05274725274725278,91,0.2,0.7563025210084033,0.7472527472527473,0.7517776341305753,0.6371111111111111,90
4,1,"1,5,6",SAFE-MLP,0.2,DtACI,blocked,0.8835534213685474,0.7252747252747253,0.27472527472527475,0.8,-0.07472527472527479,91,0.2972623899619923,0.7983193277310925,0.7252747252747253,0.7617970265029088,0.6208421052631579,95
4,1,"1,5,6",SAFE-MLP,0.2,DtACI (grow cal),blocked,0.8835534213685474,0.7692307692307692,0.23076923076923078,0.8,-0.030769230769230882,91,0.43044783971471656,0.7983193277310925,0.7692307692307692,0.7837750484809308,0.6185263157894738,95
4,1,"1,5,6",SAFE-MLP,0.2,ACI g=0.005,blocked,0.8835534213685474,0.7472527472527473,0.25274725274725274,0.8,-0.05274725274725278,91,0.175,0.773109243697479,0.7472527472527473,0.7601809954751131,0.6404347826086957,92
4,1,"1,5,6",SAFE-MLP,0.2,ACI g=0.005 (grow cal),blocked,0.8835534213685474,0.7802197802197802,0.21978021978021978,0.8,-0.01978021978021982,91,0.19,0.7815126050420168,0.7802197802197802,0.7808661926308985,0.6589247311827957,93
4,1,"1,5,6",SAFE-MLP,0.2,ACI g=0.01,blocked,0.8835534213685474,0.7472527472527473,0.25274725274725274,0.8,-0.05274725274725278,91,0.14999999999999997,0.7815126050420168,0.7472527472527473,0.764382676147382,0.6488172043010753,93
4,1,"1,5,6",SAFE-MLP,0.2,ACI g=0.01 (grow cal),blocked,0.8835534213685474,0.7692307692307692,0.23076923076923078,0.8,-0.030769230769230882,91,0.16999999999999998,0.7647058823529411,0.7692307692307692,0.7669683257918551,0.672087912087912,91
4,1,"1,5,6",SAFE-MLP,0.2,ACI g=0.05,blocked,0.8835534213685474,0.8131868131868132,0.18681318681318682,0.8,0.01318681318681314,91,0.25100000000000017,0.7563025210084033,0.8131868131868132,0.7847446670976083,0.6804444444444445,90
4,1,"1,5,6",SAFE-MLP,0.2,ACI g=0.05 (grow cal),blocked,0.8835534213685474,0.8241758241758241,0.17582417582417584,0.8,0.02417582417582409,91,0.30000000000000043,0.773109243697479,0.8241758241758241,0.7986425339366516,0.6493478260869565,92
4,1,"1,5,6",SAFE-MLP,0.2,split CP (SAFE),shuffled,0.8835534213685474,0.7362637362637363,0.26373626373626374,0.8,-0.06373626373626373,91,0.2,0.7647058823529411,0.7362637362637363,0.7504848093083387,0.6345054945054945,91
4,1,"1,5,6",SAFE-MLP,0.2,split CP (n+1 corr.),shuffled,0.8835534213685474,0.7472527472527473,0.25274725274725274,0.8,-0.05274725274725278,91,0.2,0.7563025210084033,0.7472527472527473,0.7517776341305753,0.6371111111111112,90
4,1,"1,5,6",SAFE-MLP,0.2,DtACI,shuffled,0.8835534213685474,0.7472527472527473,0.25274725274725274,0.8,-0.05274725274725278,91,0.16045164652846275,0.7563025210084033,0.7472527472527473,0.7517776341305753,0.6311111111111111,90
4,1,"1,5,6",SAFE-MLP,0.2,DtACI (grow cal),shuffled,0.8835534213685474,0.7472527472527473,0.25274725274725274,0.8,-0.05274725274725278,91,0.17562771197155042,0.7647058823529411,0.7472527472527473,0.7559793148028442,0.6490109890109891,91
4,1,"1,5,6",SAFE-MLP,0.2,ACI g=0.005,shuffled,0.8835534213685474,0.7472527472527473,0.25274725274725274,0.8,-0.05274725274725278,91,0.176,0.7563025210084033,0.7472527472527473,0.7517776341305753,0.6342222222222222,90
4,1,"1,5,6",SAFE-MLP,0.2,ACI g=0.005 (grow cal),shuffled,0.8835534213685474,0.7692307692307692,0.23076923076923078,0.8,-0.030769230769230882,91,0.186,0.7394957983193278,0.7692307692307692,0.7543632837750485,0.6547727272727273,88
4,1,"1,5,6",SAFE-MLP,0.2,ACI g=0.01,shuffled,0.8835534213685474,0.7472527472527473,0.25274725274725274,0.8,-0.05274725274725278,91,0.15199999999999997,0.7563025210084033,0.7472527472527473,0.7517776341305753,0.6355555555555555,90
4,1,"1,5,6",SAFE-MLP,0.2,ACI g=0.01 (grow cal),shuffled,0.8835534213685474,0.7692307692307692,0.23076923076923078,0.8,-0.030769230769230882,91,0.172,0.7310924369747899,0.7692307692307692,0.7501616031027796,0.6597701149425287,87
4,1,"1,5,6",SAFE-MLP,0.2,ACI g=0.05,shuffled,0.8835534213685474,0.7802197802197802,0.21978021978021978,0.8,-0.01978021978021982,91,0.11000000000000038,0.7478991596638656,0.7802197802197802,0.7640594699418228,0.6651685393258429,89
4,1,"1,5,6",SAFE-MLP,0.2,ACI g=0.05 (grow cal),shuffled,0.8835534213685474,0.7912087912087912,0.2087912087912088,0.8,-0.008791208791208871,91,0.16000000000000048,0.7478991596638656,0.7912087912087912,0.7695539754363283,0.6687640449438201,89
4,1,"1,5,6",SAFE-MLP,0.2,split CP (SAFE),exch,0.8835534213685474,0.9375,0.0625,0.8,0.13749999999999996,16,0.2,0.7719298245614035,0.9375,0.8547149122807017,0.5640909090909091,44
4,1,"1,5,6",SAFE-MLP,0.2,split CP (n+1 corr.),exch,0.8835534213685474,0.9375,0.0625,0.8,0.13749999999999996,16,0.2,0.7719298245614035,0.9375,0.8547149122807017,0.5672727272727274,44
4,1,"1,5,6",SAFE-MLP,0.2,DtACI,exch,0.8835534213685474,0.9375,0.0625,0.8,0.13749999999999996,16,0.32869277907308675,0.7719298245614035,0.9375,0.8547149122807017,0.5063636363636365,44
4,1,"1,5,6",SAFE-MLP,0.2,DtACI (grow cal),exch,0.8835534213685474,0.9375,0.0625,0.8,0.13749999999999996,16,0.3160455171465907,0.7719298245614035,0.9375,0.8547149122807017,0.484090909090909,44
4,1,"1,5,6",SAFE-MLP,0.2,ACI g=0.005,exch,0.8835534213685474,0.9375,0.0625,0.8,0.13749999999999996,16,0.21100000000000002,0.7719298245614035,0.9375,0.8547149122807017,0.5636363636363637,44
4,1,"1,5,6",SAFE-MLP,0.2,ACI g=0.005 (grow cal),exch,0.8835534213685474,0.9375,0.0625,0.8,0.13749999999999996,16,0.21100000000000002,0.7719298245614035,0.9375,0.8547149122807017,0.505909090909091,44
4,1,"1,5,6",SAFE-MLP,0.2,ACI g=0.01,exch,0.8835534213685474,0.9375,0.0625,0.8,0.13749999999999996,16,0.22200000000000003,0.7719298245614035,0.9375,0.8547149122807017,0.5413636363636365,44
4,1,"1,5,6",SAFE-MLP,0.2,ACI g=0.01 (grow cal),exch,0.8835534213685474,0.9375,0.0625,0.8,0.13749999999999996,16,0.22200000000000003,0.7719298245614035,0.9375,0.8547149122807017,0.4995454545454546,44
4,1,"1,5,6",SAFE-MLP,0.2,ACI g=0.05,exch,0.8835534213685474,0.9375,0.0625,0.8,0.13749999999999996,16,0.3100000000000001,0.7719298245614035,0.9375,0.8547149122807017,0.506818181818182,44
4,1,"1,5,6",SAFE-MLP,0.2,ACI g=0.05 (grow cal),exch,0.8835534213685474,0.9375,0.0625,0.8,0.13749999999999996,16,0.3100000000000001,0.7719298245614035,0.9375,0.8547149122807017,0.484090909090909,44
4,1,"1,5,6",SAFE-MLP,0.25,split CP (SAFE),blocked,0.8835534213685474,0.7142857142857143,0.2857142857142857,0.75,-0.0357142857142857,91,0.25,0.7899159663865546,0.7142857142857143,0.7521008403361344,0.5753191489361703,94
4,1,"1,5,6",SAFE-MLP,0.25,split CP (n+1 corr.),blocked,0.8835534213685474,0.7142857142857143,0.2857142857142857,0.75,-0.0357142857142857,91,0.25,0.7815126050420168,0.7142857142857143,0.7478991596638656,0.5851612903225807,93
4,1,"1,5,6",SAFE-MLP,0.25,DtACI,blocked,0.8835534213685474,0.7252747252747253,0.27472527472527475,0.75,-0.02472527472527475,91,0.34033239604837695,0.8067226890756303,0.7252747252747253,0.7659987071751777,0.5812500000000002,96
4,1,"1,5,6",SAFE-MLP,0.25,DtACI (grow cal),blocked,0.8835534213685474,0.7032967032967032,0.2967032967032967,0.75,-0.04670329670329676,91,0.47598187527378566,0.8067226890756303,0.7032967032967032,0.7550096961861668,0.5929166666666666,96
4,1,"1,5,6",SAFE-MLP,0.25,ACI g=0.005,blocked,0.8835534213685474,0.7142857142857143,0.2857142857142857,0.75,-0.0357142857142857,91,0.23249999999999937,0.7899159663865546,0.7142857142857143,0.7521008403361344,0.5925531914893617,94
4,1,"1,5,6",SAFE-MLP,0.25,ACI g=0.005 (grow cal),blocked,0.8835534213685474,0.7252747252747253,0.27472527472527475,0.75,-0.02472527472527475,91,0.23749999999999946,0.8151260504201681,0.7252747252747253,0.7702003878474466,0.6051546391752578,97
4,1,"1,5,6",SAFE-MLP,0.25,ACI g=0.01,blocked,0.8835534213685474,0.7142857142857143,0.2857142857142857,0.75,-0.0357142857142857,91,0.21499999999999997,0.7899159663865546,0.7142857142857143,0.7521008403361344,0.6257446808510639,94
4,1,"1,5,6",SAFE-MLP,0.25,ACI g=0.01 (grow cal),blocked,0.8835534213685474,0.7362637362637363,0.26373626373626374,0.75,-0.013736263736263687,91,0.235,0.8067226890756303,0.7362637362637363,0.7714932126696833,0.6058333333333333,96
4,1,"1,5,6",SAFE-MLP,0.25,ACI g=0.05,blocked,0.8835534213685474,0.7692307692307692,0.23076923076923078,0.75,0.019230769230769162,91,0.3260000000000002,0.7647058823529411,0.7692307692307692,0.7669683257918551,0.6002197802197802,91
4,1,"1,5,6",SAFE-MLP,0.25,ACI g=0.05 (grow cal),blocked,0.8835534213685474,0.7802197802197802,0.21978021978021978,0.75,0.030219780219780223,91,0.37500000000000056,0.7815126050420168,0.7802197802197802,0.7808661926308985,0.6141935483870968,93
4,1,"1,5,6",SAFE-MLP,0.25,split CP (SAFE),shuffled,0.8835534213685474,0.7142857142857143,0.2857142857142857,0.75,-0.0357142857142857,91,0.25,0.7899159663865546,0.7142857142857143,0.7521008403361344,0.5753191489361702,94
4,1,"1,5,6",SAFE-MLP,0.25,split CP (n+1 corr.),shuffled,0.8835534213685474,0.7142857142857143,0.2857142857142857,0.75,-0.0357142857142857,91,0.25,0.7815126050420168,0.7142857142857143,0.7478991596638656,0.5851612903225807,93
4,1,"1,5,6",SAFE-MLP,0.25,DtACI,shuffled,0.8835534213685474,0.7252747252747253,0.27472527472527475,0.75,-0.02472527472527475,91,0.21770213703493285,0.7815126050420168,0.7252747252747253,0.753393665158371,0.5909677419354838,93
4,1,"1,5,6",SAFE-MLP,0.25,DtACI (grow cal),shuffled,0.8835534213685474,0.7362637362637363,0.26373626373626374,0.75,-0.013736263736263687,91,0.23420217320830589,0.773109243697479,0.7362637362637363,0.7546864899806076,0.6052173913043478,92
4,1,"1,5,6",SAFE-MLP,0.25,ACI g=0.005,shuffled,0.8835534213685474,0.7142857142857143,0.2857142857142857,0.75,-0.0357142857142857,91,0.23374999999999987,0.7899159663865546,0.7142857142857143,0.7521008403361344,0.5774468085106382,94
4,1,"1,5,6",SAFE-MLP,0.25,ACI g=0.005 (grow cal),shuffled,0.8835534213685474,0.7252747252747253,0.27472527472527475,0.75,-0.02472527472527475,91,0.23874999999999988,0.773109243697479,0.7252747252747253,0.7491919844861021,0.616304347826087,92
4,1,"1,5,6",SAFE-MLP,0.25,ACI g=0.01,shuffled,0.8835534213685474,0.7142857142857143,0.2857142857142857,0.75,-0.0357142857142857,91,0.21749999999999997,0.7815126050420168,0.7142857142857143,0.7478991596638656,0.5948387096774194,93
4,1,"1,5,6",SAFE-MLP,0.25,ACI g=0.01 (grow cal),shuffled,0.8835534213685474,0.7362637362637363,0.26373626373626374,0.75,-0.013736263736263687,91,0.2375,0.773109243697479,0.7362637362637363,0.7546864899806076,0.6106521739130435,92
4,1,"1,5,6",SAFE-MLP,0.25,ACI g=0.05,shuffled,0.8835534213685474,0.7252747252747253,0.27472527472527475,0.75,-0.02472527472527475,91,0.13750000000000048,0.773109243697479,0.7252747252747253,0.7491919844861021,0.6215217391304347,92
4,1,"1,5,6",SAFE-MLP,0.25,ACI g=0.05 (grow cal),shuffled,0.8835534213685474,0.7362637362637363,0.26373626373626374,0.75,-0.013736263736263687,91,0.18750000000000058,0.7563025210084033,0.7362637362637363,0.7462831286360698,0.602,90
4,1,"1,5,6",SAFE-MLP,0.25,split CP (SAFE),exch,0.8835534213685474,0.9375,0.0625,0.75,0.1875,16,0.25,0.7719298245614035,0.9375,0.8547149122807017,0.4463636363636365,44
4,1,"1,5,6",SAFE-MLP,0.25,split CP (n+1 corr.),exch,0.8835534213685474,0.9375,0.0625,0.75,0.1875,16,0.25,0.7719298245614035,0.9375,0.8547149122807017,0.4627272727272729,44
4,1,"1,5,6",SAFE-MLP,0.25,DtACI,exch,0.8835534213685474,0.9375,0.0625,0.75,0.1875,16,0.4244286435813057,0.7719298245614035,0.9375,0.8547149122807017,0.405,44
4,1,"1,5,6",SAFE-MLP,0.25,DtACI (grow cal),exch,0.8835534213685474,0.875,0.125,0.75,0.125,16,0.347304767598396,0.7894736842105263,0.875,0.8322368421052632,0.38177777777777777,45
4,1,"1,5,6",SAFE-MLP,0.25,ACI g=0.005,exch,0.8835534213685474,0.9375,0.0625,0.75,0.1875,16,0.2649999999999997,0.7719298245614035,0.9375,0.8547149122807017,0.44590909090909103,44
4,1,"1,5,6",SAFE-MLP,0.25,ACI g=0.005 (grow cal),exch,0.8835534213685474,0.9375,0.0625,0.75,0.1875,16,0.2649999999999997,0.7719298245614035,0.9375,0.8547149122807017,0.4318181818181818,44
4,1,"1,5,6",SAFE-MLP,0.25,ACI g=0.01,exch,0.8835534213685474,0.9375,0.0625,0.75,0.1875,16,0.28,0.7719298245614035,0.9375,0.8547149122807017,0.4445454545454547,44
4,1,"1,5,6",SAFE-MLP,0.25,ACI g=0.01 (grow cal),exch,0.8835534213685474,0.9375,0.0625,0.75,0.1875,16,0.28,0.7719298245614035,0.9375,0.8547149122807017,0.4295454545454545,44
4,1,"1,5,6",SAFE-MLP,0.25,ACI g=0.05,exch,0.8835534213685474,0.9375,0.0625,0.75,0.1875,16,0.40000000000000013,0.7719298245614035,0.9375,0.8547149122807017,0.42863636363636365,44
4,1,"1,5,6",SAFE-MLP,0.25,ACI g=0.05 (grow cal),exch,0.8835534213685474,0.875,0.125,0.75,0.125,16,0.35000000000000014,0.7894736842105263,0.875,0.8322368421052632,0.3613333333333334,45
4,1,"1,5,6",SAFE-Embed,0.1,split CP (SAFE),blocked,0.7792039892880229,0.03296703296703296,0.967032967032967,0.9,-0.8670329670329671,91,0.1,0.907563025210084,0.03296703296703296,0.4702650290885585,0.23888888888888893,108
4,1,"1,5,6",SAFE-Embed,0.1,split CP (n+1 corr.),blocked,0.7792039892880229,0.08791208791208793,0.9120879120879121,0.9,-0.8120879120879121,91,0.1,0.8907563025210085,0.08791208791208793,0.4893341952165482,0.2809433962264151,106
4,1,"1,5,6",SAFE-Embed,0.1,DtACI,blocked,0.7792039892880229,0.41758241758241754,0.5824175824175825,0.9,-0.4824175824175825,91,0.005483793251507332,0.6722689075630253,0.41758241758241754,0.5449256625727215,0.39624999999999994,80
4,1,"1,5,6",SAFE-Embed,0.1,DtACI (grow cal),blocked,0.7792039892880229,0.7692307692307692,0.23076923076923078,0.9,-0.13076923076923086,91,0.2361672798438223,0.37815126050420167,0.7692307692307692,0.5736910148674854,0.4942222222222221,45
4,1,"1,5,6",SAFE-Embed,0.1,ACI g=0.005,blocked,0.7792039892880229,0.41758241758241754,0.5824175824175825,0.9,-0.4824175824175825,91,0.003,0.680672268907563,0.41758241758241754,0.5491273432449904,0.4051851851851852,81
4,1,"1,5,6",SAFE-Embed,0.1,ACI g=0.005 (grow cal),blocked,0.7792039892880229,0.7692307692307692,0.23076923076923078,0.9,-0.13076923076923086,91,0.03999999999999996,0.36134453781512604,0.7692307692307692,0.5652876535229476,0.4916279069767443,43
4,1,"1,5,6",SAFE-Embed,0.1,ACI g=0.01,blocked,0.7792039892880229,0.5054945054945055,0.4945054945054945,0.9,-0.39450549450549455,91,0.005,0.6470588235294118,0.5054945054945055,0.5762766645119586,0.4038961038961039,77
4,1,"1,5,6",SAFE-Embed,0.1,ACI g=0.01 (grow cal),blocked,0.7792039892880229,0.8241758241758241,0.17582417582417584,0.9,-0.07582417582417589,91,0.04300000000000003,0.2773109243697479,0.8241758241758241,0.5507433742727861,0.4842424242424242,33
4,1,"1,5,6",SAFE-Embed,0.1,ACI g=0.05,blocked,0.7792039892880229,0.5384615384615384,0.46153846153846156,0.9,-0.3615384615384616,91,0.021000000000000005,0.6470588235294118,0.5384615384615384,0.5927601809954751,0.38883116883116886,77
4,1,"1,5,6",SAFE-Embed,0.1,ACI g=0.05 (grow cal),blocked,0.7792039892880229,0.8461538461538461,0.15384615384615385,0.9,-0.05384615384615388,91,0.12100000000000011,0.2605042016806723,0.8461538461538461,0.5533290239172592,0.5070967741935484,31
4,1,"1,5,6",SAFE-Embed,0.1,split CP (SAFE),shuffled,0.7792039892880229,0.03296703296703296,0.967032967032967,0.9,-0.8670329670329671,91,0.1,0.907563025210084,0.03296703296703296,0.4702650290885585,0.2388888888888889,108
4,1,"1,5,6",SAFE-Embed,0.1,split CP (n+1 corr.),shuffled,0.7792039892880229,0.08791208791208793,0.9120879120879121,0.9,-0.8120879120879121,91,0.1,0.8907563025210085,0.08791208791208793,0.4893341952165482,0.2809433962264151,106
4,1,"1,5,6",SAFE-Embed,0.1,DtACI,shuffled,0.7792039892880229,0.46153846153846156,0.5384615384615384,0.9,-0.43846153846153846,91,0.016221227857763136,0.6386554621848739,0.46153846153846156,0.5500969618616678,0.34736842105263155,76
4,1,"1,5,6",SAFE-Embed,0.1,DtACI (grow cal),shuffled,0.7792039892880229,0.8791208791208791,0.12087912087912088,0.9,-0.020879120879120916,91,0.10585609053365803,0.3277310924369748,0.8791208791208791,0.6034259857789269,0.5051282051282052,39
4,1,"1,5,6",SAFE-Embed,0.1,ACI g=0.005,shuffled,0.7792039892880229,0.4945054945054945,0.5054945054945055,0.9,-0.4054945054945055,91,0.002,0.6302521008403361,0.4945054945054945,0.5623787976729153,0.34506666666666663,75
4,1,"1,5,6",SAFE-Embed,0.1,ACI g=0.005 (grow cal),shuffled,0.7792039892880229,0.8571428571428572,0.14285714285714285,0.9,-0.042857142857142816,91,0.08049999999999999,0.33613445378151263,0.8571428571428572,0.596638655462185,0.514,40
4,1,"1,5,6",SAFE-Embed,0.1,ACI g=0.01,shuffled,0.7792039892880229,0.5274725274725275,0.4725274725274725,0.9,-0.37252747252747254,91,0.003,0.5798319327731093,0.5274725274725275,0.5536522301228184,0.3565217391304348,69
4,1,"1,5,6",SAFE-Embed,0.1,ACI g=0.01 (grow cal),shuffled,0.7792039892880229,0.8791208791208791,0.12087912087912088,0.9,-0.020879120879120916,91,0.08099999999999999,0.33613445378151263,0.8791208791208791,0.6076276664511959,0.5245,40
4,1,"1,5,6",SAFE-Embed,0.1,ACI g=0.05,shuffled,0.7792039892880229,0.5274725274725275,0.4725274725274725,0.9,-0.37252747252747254,91,0.011000000000000003,0.5630252100840336,0.5274725274725275,0.5452488687782806,0.3895522388059701,67
4,1,"1,5,6",SAFE-Embed,0.1,ACI g=0.05 (grow cal),shuffled,0.7792039892880229,0.8901098901098901,0.10989010989010989,0.9,-0.009890109890109966,91,0.09600000000000022,0.21008403361344538,0.8901098901098901,0.5500969618616677,0.49839999999999995,25
4,1,"1,5,6",SAFE-Embed,0.1,split CP (SAFE),exch,0.7792039892880229,1.0,0.0,0.9,0.09999999999999998,16,0.1,0.19298245614035087,1.0,0.5964912280701754,0.45999999999999996,11
4,1,"1,5,6",SAFE-Embed,0.1,split CP (n+1 corr.),exch,0.7792039892880229,1.0,0.0,0.9,0.09999999999999998,16,0.1,0.12280701754385964,1.0,0.5614035087719298,0.33714285714285713,7
4,1,"1,5,6",SAFE-Embed,0.1,DtACI,exch,0.7792039892880229,0.9375,0.0625,0.9,0.03749999999999998,16,0.1514469048544925,0.22807017543859648,0.9375,0.5827850877192983,0.44307692307692315,13
4,1,"1,5,6",SAFE-Embed,0.1,DtACI (grow cal),exch,0.7792039892880229,0.9375,0.0625,0.9,0.03749999999999998,16,0.14595287470316884,0.24561403508771928,0.9375,0.5915570175438596,0.4571428571428572,14
4,1,"1,5,6",SAFE-Embed,0.1,ACI g=0.005,exch,0.7792039892880229,1.0,0.0,0.9,0.09999999999999998,16,0.10800000000000001,0.19298245614035087,1.0,0.5964912280701754,0.4509090909090909,11
4,1,"1,5,6",SAFE-Embed,0.1,ACI g=0.005 (grow cal),exch,0.7792039892880229,0.9375,0.0625,0.9,0.03749999999999998,16,0.10300000000000001,0.21052631578947367,0.9375,0.5740131578947368,0.44500000000000006,12
4,1,"1,5,6",SAFE-Embed,0.1,ACI g=0.01,exch,0.7792039892880229,1.0,0.0,0.9,0.09999999999999998,16,0.11600000000000002,0.21052631578947367,1.0,0.6052631578947368,0.4749999999999999,12
4,1,"1,5,6",SAFE-Embed,0.1,ACI g=0.01 (grow cal),exch,0.7792039892880229,0.9375,0.0625,0.9,0.03749999999999998,16,0.10600000000000001,0.21052631578947367,0.9375,0.5740131578947368,0.44500000000000006,12
4,1,"1,5,6",SAFE-Embed,0.1,ACI g=0.05,exch,0.7792039892880229,0.9375,0.0625,0.9,0.03749999999999998,16,0.13000000000000006,0.21052631578947367,0.9375,0.5740131578947368,0.46,12
4,1,"1,5,6",SAFE-Embed,0.1,ACI g=0.05 (grow cal),exch,0.7792039892880229,0.9375,0.0625,0.9,0.03749999999999998,16,0.13000000000000006,0.2631578947368421,0.9375,0.600328947368421,0.49866666666666665,15
4,1,"1,5,6",SAFE-Embed,0.15,split CP (SAFE),blocked,0.7792039892880229,0.01098901098901095,0.989010989010989,0.85,-0.839010989010989,91,0.15,0.9663865546218487,0.01098901098901095,0.48868778280542985,0.21878260869565222,115
4,1,"1,5,6",SAFE-Embed,0.15,split CP (n+1 corr.),blocked,0.7792039892880229,0.01098901098901095,0.989010989010989,0.85,-0.839010989010989,91,0.15,0.9663865546218487,0.01098901098901095,0.48868778280542985,0.2636521739130435,115
4,1,"1,5,6",SAFE-Embed,0.15,DtACI,blocked,0.7792039892880229,0.19780219780219777,0.8021978021978022,0.85,-0.6521978021978022,91,0.012820952852266209,0.8991596638655462,0.19780219780219777,0.5484809308338721,0.4314018691588785,107
4,1,"1,5,6",SAFE-Embed,0.15,DtACI (grow cal),blocked,0.7792039892880229,0.7032967032967032,0.2967032967032967,0.85,-0.14670329670329674,91,0.30547027748203265,0.6470588235294118,0.7032967032967032,0.6751777634130576,0.5789610389610389,77
4,1,"1,5,6",SAFE-Embed,0.15,ACI g=0.005,blocked,0.7792039892880229,0.18681318681318682,0.8131868131868132,0.85,-0.6631868131868132,91,0.0032500000000000003,0.9243697478991597,0.18681318681318682,0.5555914673561733,0.43654545454545457,110
4,1,"1,5,6",SAFE-Embed,0.15,ACI g=0.005 (grow cal),blocked,0.7792039892880229,0.6813186813186813,0.31868131868131866,0.85,-0.16868131868131864,91,0.07249999999999993,0.5798319327731093,0.6813186813186813,0.6305753070458953,0.5666666666666665,69
4,1,"1,5,6",SAFE-Embed,0.15,ACI g=0.01,blocked,0.7792039892880229,0.2637362637362637,0.7362637362637363,0.85,-0.5862637362637363,91,0.0055,0.8571428571428571,0.2637362637362637,0.5604395604395604,0.4411764705882353,102
4,1,"1,5,6",SAFE-Embed,0.15,ACI g=0.01 (grow cal),blocked,0.7792039892880229,0.7472527472527473,0.25274725274725274,0.85,-0.10274725274725272,91,0.05499999999999997,0.5042016806722689,0.7472527472527473,0.6257272139625081,0.5903333333333333,60
4,1,"1,5,6",SAFE-Embed,0.15,ACI g=0.05,blocked,0.7792039892880229,0.31868131868131866,0.6813186813186813,0.85,-0.5313186813186813,91,0.0235,0.8235294117647058,0.31868131868131866,0.5711053652230123,0.4346938775510204,98
4,1,"1,5,6",SAFE-Embed,0.15,ACI g=0.05 (grow cal),blocked,0.7792039892880229,0.8351648351648352,0.16483516483516483,0.85,-0.014835164835164782,91,0.21600000000000016,0.5798319327731093,0.8351648351648352,0.7074983839689722,0.6402898550724637,69
4,1,"1,5,6",SAFE-Embed,0.15,split CP (SAFE),shuffled,0.7792039892880229,0.01098901098901095,0.989010989010989,0.85,-0.839010989010989,91,0.15,0.9663865546218487,0.01098901098901095,0.48868778280542985,0.21878260869565216,115
4,1,"1,5,6",SAFE-Embed,0.15,split CP (n+1 corr.),shuffled,0.7792039892880229,0.01098901098901095,0.989010989010989,0.85,-0.839010989010989,91,0.15,0.9663865546218487,0.01098901098901095,0.48868778280542985,0.26365217391304346,115
4,1,"1,5,6",SAFE-Embed,0.15,DtACI,shuffled,0.7792039892880229,0.29670329670329665,0.7032967032967034,0.85,-0.5532967032967033,91,0.001,0.865546218487395,0.29670329670329665,0.5811247575953458,0.4139805825242717,103
4,1,"1,5,6",SAFE-Embed,0.15,DtACI (grow cal),shuffled,0.7792039892880229,0.8021978021978022,0.1978021978021978,0.85,-0.04780219780219774,91,0.18980120219039257,0.5462184873949579,0.8021978021978022,0.6742081447963801,0.5929230769230769,65
4,1,"1,5,6",SAFE-Embed,0.15,ACI g=0.005,shuffled,0.7792039892880229,0.2637362637362637,0.7362637362637363,0.85,-0.5862637362637363,91,0.001,0.865546218487395,0.2637362637362637,0.5646412411118293,0.40135922330097085,103
4,1,"1,5,6",SAFE-Embed,0.15,ACI g=0.005 (grow cal),shuffled,0.7792039892880229,0.8131868131868132,0.18681318681318682,0.85,-0.03681318681318679,91,0.13324999999999998,0.5462184873949579,0.8131868131868132,0.6797026502908856,0.5892307692307693,65
4,1,"1,5,6",SAFE-Embed,0.15,ACI g=0.01,shuffled,0.7792039892880229,0.3626373626373627,0.6373626373626373,0.85,-0.4873626373626373,91,0.001,0.8067226890756303,0.3626373626373627,0.5846800258564965,0.4035416666666667,96
4,1,"1,5,6",SAFE-Embed,0.15,ACI g=0.01 (grow cal),shuffled,0.7792039892880229,0.8351648351648352,0.16483516483516483,0.85,-0.014835164835164782,91,0.13649999999999998,0.5210084033613446,0.8351648351648352,0.6780866192630899,0.5987096774193549,62
4,1,"1,5,6",SAFE-Embed,0.15,ACI g=0.05,shuffled,0.7792039892880229,0.3846153846153846,0.6153846153846154,0.85,-0.4653846153846154,91,0.001,0.8151260504201681,0.3846153846153846,0.5998707175177763,0.46185567010309275,97
4,1,"1,5,6",SAFE-Embed,0.15,ACI g=0.05 (grow cal),shuffled,0.7792039892880229,0.8571428571428572,0.14285714285714285,0.85,0.0071428571428572285,91,0.19600000000000034,0.46218487394957986,0.8571428571428572,0.6596638655462186,0.6327272727272728,55
4,1,"1,5,6",SAFE-Embed,0.15,split CP (SAFE),exch,0.7792039892880229,0.875,0.125,0.85,0.025000000000000022,16,0.15,0.3684210526315789,0.875,0.6217105263157895,0.5304761904761904,21
4,1,"1,5,6",SAFE-Embed,0.15,split CP (n+1 corr.),exch,0.7792039892880229,1.0,0.0,0.85,0.15000000000000002,16,0.15,0.3157894736842105,1.0,0.6578947368421053,0.5700000000000001,18
4,1,"1,5,6",SAFE-Embed,0.15,DtACI,exch,0.7792039892880229,0.875,0.125,0.85,0.025000000000000022,16,0.1617051311168665,0.3684210526315789,0.875,0.6217105263157895,0.5333333333333333,21
4,1,"1,5,6",SAFE-Embed,0.15,DtACI (grow cal),exch,0.7792039892880229,0.875,0.125,0.85,0.025000000000000022,16,0.16474568221068653,0.3684210526315789,0.875,0.6217105263157895,0.5361904761904762,21
4,1,"1,5,6",SAFE-Embed,0.15,ACI g=0.005,exch,0.7792039892880229,0.875,0.125,0.85,0.025000000000000022,16,0.152,0.3684210526315789,0.875,0.6217105263157895,0.5304761904761904,21
4,1,"1,5,6",SAFE-Embed,0.15,ACI g=0.005 (grow cal),exch,0.7792039892880229,0.875,0.125,0.85,0.025000000000000022,16,0.152,0.3684210526315789,0.875,0.6217105263157895,0.539047619047619,21
4,1,"1,5,6",SAFE-Embed,0.15,ACI g=0.01,exch,0.7792039892880229,0.875,0.125,0.85,0.025000000000000022,16,0.154,0.3684210526315789,0.875,0.6217105263157895,0.5314285714285714,21
4,1,"1,5,6",SAFE-Embed,0.15,ACI g=0.01 (grow cal),exch,0.7792039892880229,0.875,0.125,0.85,0.025000000000000022,16,0.154,0.3684210526315789,0.875,0.6217105263157895,0.5352380952380953,21
4,1,"1,5,6",SAFE-Embed,0.15,ACI g=0.05,exch,0.7792039892880229,0.875,0.125,0.85,0.025000000000000022,16,0.17000000000000007,0.3684210526315789,0.875,0.6217105263157895,0.540952380952381,21
4,1,"1,5,6",SAFE-Embed,0.15,ACI g=0.05 (grow cal),exch,0.7792039892880229,0.875,0.125,0.85,0.025000000000000022,16,0.17000000000000007,0.3684210526315789,0.875,0.6217105263157895,0.5371428571428571,21
4,1,"1,5,6",SAFE-Embed,0.2,split CP (SAFE),blocked,0.7792039892880229,0.0,1.0,0.8,-0.8,91,0.2,0.9663865546218487,0.0,0.4831932773109244,0.2003478260869566,115
4,1,"1,5,6",SAFE-Embed,0.2,split CP (n+1 corr.),blocked,0.7792039892880229,0.01098901098901095,0.989010989010989,0.8,-0.7890109890109891,91,0.2,0.9663865546218487,0.01098901098901095,0.48868778280542985,0.22591304347826097,115
4,1,"1,5,6",SAFE-Embed,0.2,DtACI,blocked,0.7792039892880229,0.18681318681318682,0.8131868131868132,0.8,-0.6131868131868132,91,0.007269109792448209,0.8907563025210085,0.18681318681318682,0.5387847446670977,0.4267924528301887,106
4,1,"1,5,6",SAFE-Embed,0.2,DtACI (grow cal),blocked,0.7792039892880229,0.6153846153846154,0.38461538461538464,0.8,-0.18461538461538463,91,0.37424963590730853,0.6722689075630253,0.6153846153846154,0.6438267614738203,0.55275,80
4,1,"1,5,6",SAFE-Embed,0.2,ACI g=0.005,blocked,0.7792039892880229,0.1428571428571429,0.8571428571428571,0.8,-0.6571428571428571,91,0.004,0.9243697478991597,0.1428571428571429,0.5336134453781514,0.37254545454545457,110
4,1,"1,5,6",SAFE-Embed,0.2,ACI g=0.005 (grow cal),blocked,0.7792039892880229,0.5934065934065934,0.4065934065934066,0.8,-0.20659340659340664,91,0.10499999999999993,0.6218487394957983,0.5934065934065934,0.6076276664511959,0.5464864864864866,74
4,1,"1,5,6",SAFE-Embed,0.2,ACI g=0.01,blocked,0.7792039892880229,0.20879120879120883,0.7912087912087912,0.8,-0.5912087912087912,91,0.007,0.8739495798319328,0.20879120879120883,0.5413703943115709,0.429423076923077,104
4,1,"1,5,6",SAFE-Embed,0.2,ACI g=0.01 (grow cal),blocked,0.7792039892880229,0.6703296703296704,0.32967032967032966,0.8,-0.12967032967032965,91,0.07999999999999997,0.5294117647058824,0.6703296703296704,0.5998707175177764,0.5755555555555555,63
4,1,"1,5,6",SAFE-Embed,0.2,ACI g=0.05,blocked,0.7792039892880229,0.3076923076923077,0.6923076923076923,0.8,-0.49230769230769234,91,0.001,0.8319327731092437,0.3076923076923077,0.5698125404007757,0.42909090909090913,99
4,1,"1,5,6",SAFE-Embed,0.2,ACI g=0.05 (grow cal),blocked,0.7792039892880229,0.7912087912087912,0.2087912087912088,0.8,-0.008791208791208871,91,0.24100000000000021,0.5882352941176471,0.7912087912087912,0.6897220426632191,0.6325714285714286,70
4,1,"1,5,6",SAFE-Embed,0.2,split CP (SAFE),shuffled,0.7792039892880229,0.0,1.0,0.8,-0.8,91,0.2,0.9663865546218487,0.0,0.4831932773109244,0.20034782608695653,115
4,1,"1,5,6",SAFE-Embed,0.2,split CP (n+1 corr.),shuffled,0.7792039892880229,0.01098901098901095,0.989010989010989,0.8,-0.7890109890109891,91,0.2,0.9663865546218487,0.01098901098901095,0.48868778280542985,0.22591304347826088,115
4,1,"1,5,6",SAFE-Embed,0.2,DtACI,shuffled,0.7792039892880229,0.2637362637362637,0.7362637362637363,0.8,-0.5362637362637364,91,0.001,0.8487394957983193,0.2637362637362637,0.5562378797672916,0.39485148514851487,101
4,1,"1,5,6",SAFE-Embed,0.2,DtACI (grow cal),shuffled,0.7792039892880229,0.7362637362637363,0.26373626373626374,0.8,-0.06373626373626373,91,0.2062373893935404,0.6218487394957983,0.7362637362637363,0.6790562378797673,0.5713513513513513,74
4,1,"1,5,6",SAFE-Embed,0.2,ACI g=0.005,shuffled,0.7792039892880229,0.23076923076923073,0.7692307692307693,0.8,-0.5692307692307693,91,0.001,0.8991596638655462,0.23076923076923073,0.5649644473173885,0.3542056074766355,107
4,1,"1,5,6",SAFE-Embed,0.2,ACI g=0.005 (grow cal),shuffled,0.7792039892880229,0.7252747252747253,0.27472527472527475,0.8,-0.07472527472527479,91,0.16599999999999998,0.6050420168067226,0.7252747252747253,0.665158371040724,0.5591666666666666,72
4,1,"1,5,6",SAFE-Embed,0.2,ACI g=0.01,shuffled,0.7792039892880229,0.3076923076923077,0.6923076923076923,0.8,-0.49230769230769234,91,0.001,0.8235294117647058,0.3076923076923077,0.5656108597285068,0.38857142857142857,98
4,1,"1,5,6",SAFE-Embed,0.2,ACI g=0.01 (grow cal),shuffled,0.7792039892880229,0.7692307692307692,0.23076923076923078,0.8,-0.030769230769230882,91,0.172,0.5966386554621849,0.7692307692307692,0.6829347123464771,0.584225352112676,71
4,1,"1,5,6",SAFE-Embed,0.2,ACI g=0.05,shuffled,0.7792039892880229,0.3516483516483516,0.6483516483516484,0.8,-0.4483516483516484,91,0.001,0.8151260504201681,0.3516483516483516,0.5833872010342598,0.45175257731958757,97
4,1,"1,5,6",SAFE-Embed,0.2,ACI g=0.05 (grow cal),shuffled,0.7792039892880229,0.8021978021978022,0.1978021978021978,0.8,0.00219780219780219,91,0.2100000000000004,0.5378151260504201,0.8021978021978022,0.6700064641241112,0.5925,64
4,1,"1,5,6",SAFE-Embed,0.2,split CP (SAFE),exch,0.7792039892880229,0.875,0.125,0.8,0.07499999999999996,16,0.2,0.38596491228070173,0.875,0.6304824561403508,0.4845454545454546,22
4,1,"1,5,6",SAFE-Embed,0.2,split CP (n+1 corr.),exch,0.7792039892880229,0.875,0.125,0.8,0.07499999999999996,16,0.2,0.3684210526315789,0.875,0.6217105263157895,0.5666666666666667,21
4,1,"1,5,6",SAFE-Embed,0.2,DtACI,exch,0.7792039892880229,0.875,0.125,0.8,0.07499999999999996,16,0.2674489988454215,0.38596491228070173,0.875,0.6304824561403508,0.48272727272727284,22
4,1,"1,5,6",SAFE-Embed,0.2,DtACI (grow cal),exch,0.7792039892880229,0.875,0.125,0.8,0.07499999999999996,16,0.21221452757340808,0.38596491228070173,0.875,0.6304824561403508,0.4863636363636365,22
4,1,"1,5,6",SAFE-Embed,0.2,ACI g=0.005,exch,0.7792039892880229,0.875,0.125,0.8,0.07499999999999996,16,0.20600000000000002,0.38596491228070173,0.875,0.6304824561403508,0.4845454545454546,22
4,1,"1,5,6",SAFE-Embed,0.2,ACI g=0.005 (grow cal),exch,0.7792039892880229,0.875,0.125,0.8,0.07499999999999996,16,0.20600000000000002,0.38596491228070173,0.875,0.6304824561403508,0.48272727272727284,22
4,1,"1,5,6",SAFE-Embed,0.2,ACI g=0.01,exch,0.7792039892880229,0.875,0.125,0.8,0.07499999999999996,16,0.21200000000000002,0.38596491228070173,0.875,0.6304824561403508,0.4845454545454546,22
4,1,"1,5,6",SAFE-Embed,0.2,ACI g=0.01 (grow cal),exch,0.7792039892880229,0.875,0.125,0.8,0.07499999999999996,16,0.21200000000000002,0.38596491228070173,0.875,0.6304824561403508,0.48363636363636375,22
4,1,"1,5,6",SAFE-Embed,0.2,ACI g=0.05,exch,0.7792039892880229,0.875,0.125,0.8,0.07499999999999996,16,0.26000000000000006,0.38596491228070173,0.875,0.6304824561403508,0.48272727272727284,22
4,1,"1,5,6",SAFE-Embed,0.2,ACI g=0.05 (grow cal),exch,0.7792039892880229,0.8125,0.1875,0.8,0.012499999999999956,16,0.21000000000000008,0.38596491228070173,0.8125,0.5992324561403508,0.48727272727272736,22
4,1,"1,5,6",SAFE-Embed,0.25,split CP (SAFE),blocked,0.7792039892880229,0.0,1.0,0.75,-0.75,91,0.25,0.9747899159663865,0.0,0.48739495798319327,0.1867241379310345,116
4,1,"1,5,6",SAFE-Embed,0.25,split CP (n+1 corr.),blocked,0.7792039892880229,0.0,1.0,0.75,-0.75,91,0.25,0.9747899159663865,0.0,0.48739495798319327,0.19758620689655176,116
4,1,"1,5,6",SAFE-Embed,0.25,DtACI,blocked,0.7792039892880229,0.2637362637362637,0.7362637362637363,0.75,-0.4862637362637363,91,0.014275145255324678,0.9243697478991597,0.2637362637362637,0.5940530058177117,0.5394545454545454,110
4,1,"1,5,6",SAFE-Embed,0.25,DtACI (grow cal),blocked,0.7792039892880229,0.5494505494505495,0.45054945054945056,0.75,-0.2005494505494505,91,0.44145550516072374,0.7815126050420168,0.5494505494505495,0.6654815772462832,0.6604301075268817,93
4,1,"1,5,6",SAFE-Embed,0.25,ACI g=0.005,blocked,0.7792039892880229,0.17582417582417587,0.8241758241758241,0.75,-0.5741758241758241,91,0.007250000000000001,0.957983193277311,0.17582417582417587,0.5669036845507434,0.3584210526315789,114
4,1,"1,5,6",SAFE-Embed,0.25,ACI g=0.005 (grow cal),blocked,0.7792039892880229,0.5494505494505495,0.45054945054945056,0.75,-0.2005494505494505,91,0.15749999999999992,0.7647058823529411,0.5494505494505495,0.6570782159017453,0.6545054945054946,91
4,1,"1,5,6",SAFE-Embed,0.25,ACI g=0.01,blocked,0.7792039892880229,0.2637362637362637,0.7362637362637363,0.75,-0.4862637362637363,91,0.013500000000000002,0.9243697478991597,0.2637362637362637,0.5940530058177117,0.5343636363636364,110
4,1,"1,5,6",SAFE-Embed,0.25,ACI g=0.01 (grow cal),blocked,0.7792039892880229,0.6153846153846154,0.38461538461538464,0.75,-0.13461538461538458,91,0.12499999999999989,0.7142857142857143,0.6153846153846154,0.6648351648351649,0.6957647058823528,85
4,1,"1,5,6",SAFE-Embed,0.25,ACI g=0.05,blocked,0.7792039892880229,0.3626373626373627,0.6373626373626373,0.75,-0.3873626373626373,91,0.013500000000000002,0.8739495798319328,0.3626373626373627,0.6182934712346477,0.5603846153846154,104
4,1,"1,5,6",SAFE-Embed,0.25,ACI g=0.05 (grow cal),blocked,0.7792039892880229,0.7582417582417582,0.24175824175824176,0.75,0.008241758241758212,91,0.28850000000000015,0.6890756302521008,0.7582417582417582,0.7236586942469295,0.7246341463414634,82
4,1,"1,5,6",SAFE-Embed,0.25,split CP (SAFE),shuffled,0.7792039892880229,0.0,1.0,0.75,-0.75,91,0.25,0.9747899159663865,0.0,0.48739495798319327,0.18672413793103454,116
4,1,"1,5,6",SAFE-Embed,0.25,split CP (n+1 corr.),shuffled,0.7792039892880229,0.0,1.0,0.75,-0.75,91,0.25,0.9747899159663865,0.0,0.48739495798319327,0.19758620689655176,116
4,1,"1,5,6",SAFE-Embed,0.25,DtACI,shuffled,0.7792039892880229,0.3076923076923077,0.6923076923076923,0.75,-0.4423076923076923,91,0.0010000000000000002,0.8823529411764706,0.3076923076923077,0.5950226244343891,0.49980952380952387,105
4,1,"1,5,6",SAFE-Embed,0.25,DtACI (grow cal),shuffled,0.7792039892880229,0.7032967032967032,0.2967032967032967,0.75,-0.04670329670329676,91,0.2182466759569643,0.7394957983193278,0.7032967032967032,0.7213962508080155,0.673409090909091,88
4,1,"1,5,6",SAFE-Embed,0.25,ACI g=0.005,shuffled,0.7792039892880229,0.15384615384615385,0.8461538461538461,0.75,-0.5961538461538461,91,0.001,0.9243697478991597,0.15384615384615385,0.5391079508726568,0.37399999999999994,110
4,1,"1,5,6",SAFE-Embed,0.25,ACI g=0.005 (grow cal),shuffled,0.7792039892880229,0.6483516483516483,0.3516483516483517,0.75,-0.10164835164835173,91,0.20374999999999996,0.7394957983193278,0.6483516483516483,0.693923723335488,0.6095454545454545,88
4,1,"1,5,6",SAFE-Embed,0.25,ACI g=0.01,shuffled,0.7792039892880229,0.2857142857142857,0.7142857142857143,0.75,-0.4642857142857143,91,0.001,0.8907563025210085,0.2857142857142857,0.5882352941176471,0.49320754716981124,106
4,1,"1,5,6",SAFE-Embed,0.25,ACI g=0.01 (grow cal),shuffled,0.7792039892880229,0.6923076923076923,0.3076923076923077,0.75,-0.05769230769230771,91,0.19749999999999995,0.7394957983193278,0.6923076923076923,0.71590174531351,0.6529545454545453,88
4,1,"1,5,6",SAFE-Embed,0.25,ACI g=0.05,shuffled,0.7792039892880229,0.3846153846153846,0.6153846153846154,0.75,-0.3653846153846154,91,0.001,0.8571428571428571,0.3846153846153846,0.6208791208791209,0.5762745098039215,102
4,1,"1,5,6",SAFE-Embed,0.25,ACI g=0.05 (grow cal),shuffled,0.7792039892880229,0.7472527472527473,0.25274725274725274,0.75,-0.0027472527472527375,91,0.23750000000000024,0.6722689075630253,0.7472527472527473,0.7097608274078863,0.71325,80
4,1,"1,5,6",SAFE-Embed,0.25,split CP (SAFE),exch,0.7792039892880229,0.8125,0.1875,0.75,0.0625,16,0.25,0.5614035087719298,0.8125,0.6869517543859649,0.60375,32
4,1,"1,5,6",SAFE-Embed,0.25,split CP (n+1 corr.),exch,0.7792039892880229,0.875,0.125,0.75,0.125,16,0.25,0.5087719298245614,0.875,0.6918859649122807,0.5889655172413792,29
4,1,"1,5,6",SAFE-Embed,0.25,DtACI,exch,0.7792039892880229,0.8125,0.1875,0.75,0.0625,16,0.27117507515327577,0.543859649122807,0.8125,0.6781798245614035,0.5780645161290324,31
4,1,"1,5,6",SAFE-Embed,0.25,DtACI (grow cal),exch,0.7792039892880229,0.8125,0.1875,0.75,0.0625,16,0.2536673770104675,0.543859649122807,0.8125,0.6781798245614035,0.5664516129032259,31
4,1,"1,5,6",SAFE-Embed,0.25,ACI g=0.005,exch,0.7792039892880229,0.8125,0.1875,0.75,0.0625,16,0.2549999999999998,0.5614035087719298,0.8125,0.6869517543859649,0.6018749999999999,32
4,1,"1,5,6",SAFE-Embed,0.25,ACI g=0.005 (grow cal),exch,0.7792039892880229,0.8125,0.1875,0.75,0.0625,16,0.2549999999999998,0.543859649122807,0.8125,0.6781798245614035,0.5767741935483873,31
4,1,"1,5,6",SAFE-Embed,0.25,ACI g=0.01,exch,0.7792039892880229,0.8125,0.1875,0.75,0.0625,16,0.26,0.543859649122807,0.8125,0.6781798245614035,0.5870967741935484,31
4,1,"1,5,6",SAFE-Embed,0.25,ACI g=0.01 (grow cal),exch,0.7792039892880229,0.8125,0.1875,0.75,0.0625,16,0.26,0.543859649122807,0.8125,0.6781798245614035,0.5754838709677419,31
4,1,"1,5,6",SAFE-Embed,0.25,ACI g=0.05,exch,0.7792039892880229,0.8125,0.1875,0.75,0.0625,16,0.3000000000000001,0.543859649122807,0.8125,0.6781798245614035,0.5767741935483873,31
4,1,"1,5,6",SAFE-Embed,0.25,ACI g=0.05 (grow cal),exch,0.7792039892880229,0.75,0.25,0.75,0.0,16,0.25000000000000006,0.543859649122807,0.75,0.6469298245614035,0.563225806451613,31
4,1,"1,5,6",H&S inter+intra,0.1,split CP (SAFE),blocked,0.7750484809308339,0.8021978021978022,0.1978021978021978,0.9,-0.09780219780219779,91,0.1,0.5294117647058824,0.8021978021978022,0.6658047834518424,0.4530158730158731,63
4,1,"1,5,6",H&S inter+intra,0.1,split CP (n+1 corr.),blocked,0.7750484809308339,0.8241758241758241,0.17582417582417584,0.9,-0.07582417582417589,91,0.1,0.47058823529411764,0.8241758241758241,0.6473820297349708,0.45785714285714285,56
4,1,"1,5,6",H&S inter+intra,0.1,DtACI,blocked,0.7750484809308339,0.8681318681318682,0.13186813186813187,0.9,-0.031868131868131866,91,0.08300000000000005,0.42857142857142855,0.8681318681318682,0.6483516483516484,0.4341176470588236,51
4,1,"1,5,6",H&S inter+intra,0.1,DtACI (grow cal),blocked,0.7750484809308339,0.8791208791208791,0.12087912087912088,0.9,-0.020879120879120916,91,0.1230000000000001,0.2605042016806723,0.8791208791208791,0.5698125404007757,0.41161290322580635,31
4,1,"1,5,6",H&S inter+intra,0.1,ACI g=0.005,blocked,0.7750484809308339,0.8241758241758241,0.17582417582417584,0.9,-0.07582417582417589,91,0.06499999999999997,0.48739495798319327,0.8241758241758241,0.6557853910795087,0.45724137931034486,58
4,1,"1,5,6",H&S inter+intra,0.1,ACI g=0.005 (grow cal),blocked,0.7750484809308339,0.8791208791208791,0.12087912087912088,0.9,-0.020879120879120916,91,0.09,0.3277310924369748,0.8791208791208791,0.6034259857789269,0.4010256410256409,39
4,1,"1,5,6",H&S inter+intra,0.1,ACI g=0.01,blocked,0.7750484809308339,0.8351648351648352,0.16483516483516483,0.9,-0.06483516483516483,91,0.04,0.36134453781512604,0.8351648351648352,0.5982546864899806,0.42139534883720925,43
4,1,"1,5,6",H&S inter+intra,0.1,ACI g=0.01 (grow cal),blocked,0.7750484809308339,0.8791208791208791,0.12087912087912088,0.9,-0.020879120879120916,91,0.07999999999999999,0.3277310924369748,0.8791208791208791,0.6034259857789269,0.4215384615384615,39
4,1,"1,5,6",H&S inter+intra,0.1,ACI g=0.05,blocked,0.7750484809308339,0.8901098901098901,0.10989010989010989,0.9,-0.009890109890109966,91,0.0960000000000001,0.2184873949579832,0.8901098901098901,0.5542986425339367,0.3723076923076923,26
4,1,"1,5,6",H&S inter+intra,0.1,ACI g=0.05 (grow cal),blocked,0.7750484809308339,0.9010989010989011,0.0989010989010989,0.9,0.001098901098901095,91,0.13100000000000014,0.14285714285714285,0.9010989010989011,0.521978021978022,0.328235294117647,17
4,1,"1,5,6",H&S inter+intra,0.1,split CP (SAFE),shuffled,0.7750484809308339,0.8021978021978022,0.1978021978021978,0.9,-0.09780219780219779,91,0.1,0.5294117647058824,0.8021978021978022,0.6658047834518424,0.4530158730158731,63
4,1,"1,5,6",H&S inter+intra,0.1,split CP (n+1 corr.),shuffled,0.7750484809308339,0.8241758241758241,0.17582417582417584,0.9,-0.07582417582417589,91,0.1,0.47058823529411764,0.8241758241758241,0.6473820297349708,0.45785714285714285,56
4,1,"1,5,6",H&S inter+intra,0.1,DtACI,shuffled,0.7750484809308339,0.8241758241758241,0.17582417582417584,0.9,-0.07582417582417589,91,0.044625,0.4789915966386555,0.8241758241758241,0.6515837104072398,0.451578947368421,57
4,1,"1,5,6",H&S inter+intra,0.1,DtACI (grow cal),shuffled,0.7750484809308339,0.8681318681318682,0.13186813186813187,0.9,-0.031868131868131866,91,0.05712500000000002,0.31932773109243695,0.8681318681318682,0.5937297996121526,0.3668421052631578,38
4,1,"1,5,6",H&S inter+intra,0.1,ACI g=0.005,shuffled,0.7750484809308339,0.8131868131868132,0.18681318681318682,0.9,-0.08681318681318684,91,0.06049999999999997,0.5042016806722689,0.8131868131868132,0.658694246929541,0.45400000000000007,60
4,1,"1,5,6",H&S inter+intra,0.1,ACI g=0.005 (grow cal),shuffled,0.7750484809308339,0.8461538461538461,0.15384615384615385,0.9,-0.05384615384615388,91,0.07549999999999998,0.40336134453781514,0.8461538461538461,0.6247575953458306,0.4258333333333333,48
4,1,"1,5,6",H&S inter+intra,0.1,ACI g=0.01,shuffled,0.7750484809308339,0.8351648351648352,0.16483516483516483,0.9,-0.06483516483516483,91,0.04099999999999999,0.4789915966386555,0.8351648351648352,0.6570782159017453,0.4431578947368421,57
4,1,"1,5,6",H&S inter+intra,0.1,ACI g=0.01 (grow cal),shuffled,0.7750484809308339,0.8571428571428572,0.14285714285714285,0.9,-0.042857142857142816,91,0.06099999999999998,0.3697478991596639,0.8571428571428572,0.6134453781512605,0.40545454545454535,44
4,1,"1,5,6",H&S inter+intra,0.1,ACI g=0.05,shuffled,0.7750484809308339,0.8681318681318682,0.13186813186813187,0.9,-0.031868131868131866,91,0.016000000000000004,0.29411764705882354,0.8681318681318682,0.5811247575953459,0.3445714285714285,35
4,1,"1,5,6",H&S inter+intra,0.1,ACI g=0.05 (grow cal),shuffled,0.7750484809308339,0.8901098901098901,0.10989010989010989,0.9,-0.009890109890109966,91,0.06100000000000014,0.17647058823529413,0.8901098901098901,0.5332902391725921,0.19904761904761903,21
4,1,"1,5,6",H&S inter+intra,0.1,split CP (SAFE),exch,0.7750484809308339,0.9375,0.0625,0.9,0.03749999999999998,16,0.1,0.3508771929824561,0.9375,0.6441885964912281,0.38399999999999995,20
4,1,"1,5,6",H&S inter+intra,0.1,split CP (n+1 corr.),exch,0.7750484809308339,0.9375,0.0625,0.9,0.03749999999999998,16,0.1,0.3333333333333333,0.9375,0.6354166666666666,0.3989473684210526,19
4,1,"1,5,6",H&S inter+intra,0.1,DtACI,exch,0.7750484809308339,0.9375,0.0625,0.9,0.03749999999999998,16,0.12475000000000006,0.40350877192982454,0.9375,0.6705043859649122,0.3904347826086956,23
4,1,"1,5,6",H&S inter+intra,0.1,DtACI (grow cal),exch,0.7750484809308339,0.9375,0.0625,0.9,0.03749999999999998,16,0.12475000000000006,0.40350877192982454,0.9375,0.6705043859649122,0.3643478260869565,23
4,1,"1,5,6",H&S inter+intra,0.1,ACI g=0.005,exch,0.7750484809308339,0.9375,0.0625,0.9,0.03749999999999998,16,0.10300000000000001,0.3684210526315789,0.9375,0.6529605263157895,0.399047619047619,21
4,1,"1,5,6",H&S inter+intra,0.1,ACI g=0.005 (grow cal),exch,0.7750484809308339,0.9375,0.0625,0.9,0.03749999999999998,16,0.10300000000000001,0.42105263157894735,0.9375,0.6792763157894737,0.3741666666666666,24
4,1,"1,5,6",H&S inter+intra,0.1,ACI g=0.01,exch,0.7750484809308339,0.9375,0.0625,0.9,0.03749999999999998,16,0.10600000000000001,0.3684210526315789,0.9375,0.6529605263157895,0.399047619047619,21
4,1,"1,5,6",H&S inter+intra,0.1,ACI g=0.01 (grow cal),exch,0.7750484809308339,0.9375,0.0625,0.9,0.03749999999999998,16,0.10600000000000001,0.42105263157894735,0.9375,0.6792763157894737,0.3741666666666666,24
4,1,"1,5,6",H&S inter+intra,0.1,ACI g=0.05,exch,0.7750484809308339,0.9375,0.0625,0.9,0.03749999999999998,16,0.13000000000000006,0.40350877192982454,0.9375,0.6705043859649122,0.3904347826086956,23
4,1,"1,5,6",H&S inter+intra,0.1,ACI g=0.05 (grow cal),exch,0.7750484809308339,0.9375,0.0625,0.9,0.03749999999999998,16,0.13000000000000006,0.42105263157894735,0.9375,0.6792763157894737,0.38666666666666655,24
4,1,"1,5,6",H&S inter+intra,0.15,split CP (SAFE),blocked,0.7750484809308339,0.5494505494505495,0.45054945054945056,0.85,-0.3005494505494505,91,0.15,0.773109243697479,0.5494505494505495,0.6612798965740143,0.4067391304347826,92
4,1,"1,5,6",H&S inter+intra,0.15,split CP (n+1 corr.),blocked,0.7750484809308339,0.8131868131868132,0.18681318681318682,0.85,-0.03681318681318679,91,0.15,0.4789915966386555,0.8131868131868132,0.6460892049127344,0.46210526315789474,57
4,1,"1,5,6",H&S inter+intra,0.15,DtACI,blocked,0.7750484809308339,0.8021978021978022,0.1978021978021978,0.85,-0.04780219780219774,91,0.12337500000000001,0.5546218487394958,0.8021978021978022,0.678409825468649,0.4415151515151515,66
4,1,"1,5,6",H&S inter+intra,0.15,DtACI (grow cal),blocked,0.7750484809308339,0.8351648351648352,0.16483516483516483,0.85,-0.014835164835164782,91,0.1658750000000001,0.453781512605042,0.8351648351648352,0.6444731738849386,0.43777777777777777,54
4,1,"1,5,6",H&S inter+intra,0.15,ACI g=0.005,blocked,0.7750484809308339,0.7362637362637363,0.26373626373626374,0.85,-0.11373626373626367,91,0.09749999999999995,0.6218487394957983,0.7362637362637363,0.6790562378797673,0.44243243243243247,74
4,1,"1,5,6",H&S inter+intra,0.15,ACI g=0.005 (grow cal),blocked,0.7750484809308339,0.8241758241758241,0.17582417582417584,0.85,-0.025824175824175843,91,0.13749999999999998,0.48739495798319327,0.8241758241758241,0.6557853910795087,0.4520689655172414,58
4,1,"1,5,6",H&S inter+intra,0.15,ACI g=0.01,blocked,0.7750484809308339,0.7692307692307692,0.23076923076923078,0.85,-0.08076923076923082,91,0.07499999999999993,0.5882352941176471,0.7692307692307692,0.6787330316742082,0.4531428571428572,70
4,1,"1,5,6",H&S inter+intra,0.15,ACI g=0.01 (grow cal),blocked,0.7750484809308339,0.8241758241758241,0.17582417582417584,0.85,-0.025824175824175843,91,0.12499999999999997,0.42857142857142855,0.8241758241758241,0.6263736263736264,0.43372549019607853,51
4,1,"1,5,6",H&S inter+intra,0.15,ACI g=0.05,blocked,0.7750484809308339,0.8461538461538461,0.15384615384615385,0.85,-0.0038461538461538325,91,0.1250000000000001,0.3949579831932773,0.8461538461538461,0.6205559146735617,0.41404255319148947,47
4,1,"1,5,6",H&S inter+intra,0.15,ACI g=0.05 (grow cal),blocked,0.7750484809308339,0.8571428571428572,0.14285714285714285,0.85,0.0071428571428572285,91,0.17500000000000018,0.3025210084033613,0.8571428571428572,0.5798319327731093,0.4322222222222222,36
4,1,"1,5,6",H&S inter+intra,0.15,split CP (SAFE),shuffled,0.7750484809308339,0.5494505494505495,0.45054945054945056,0.85,-0.3005494505494505,91,0.15,0.773109243697479,0.5494505494505495,0.6612798965740143,0.4067391304347826,92
4,1,"1,5,6",H&S inter+intra,0.15,split CP (n+1 corr.),shuffled,0.7750484809308339,0.8131868131868132,0.18681318681318682,0.85,-0.03681318681318679,91,0.15,0.4789915966386555,0.8131868131868132,0.6460892049127344,0.46210526315789474,57
4,1,"1,5,6",H&S inter+intra,0.15,DtACI,shuffled,0.7750484809308339,0.7692307692307692,0.23076923076923078,0.85,-0.08076923076923082,91,0.06481249999999997,0.5378151260504201,0.7692307692307692,0.6535229476405946,0.4446875,64
4,1,"1,5,6",H&S inter+intra,0.15,DtACI (grow cal),shuffled,0.7750484809308339,0.8131868131868132,0.18681318681318682,0.85,-0.03681318681318679,91,0.08581250000000001,0.44537815126050423,0.8131868131868132,0.6292824822236587,0.4422641509433961,53
4,1,"1,5,6",H&S inter+intra,0.15,ACI g=0.005,shuffled,0.7750484809308339,0.7252747252747253,0.27472527472527475,0.85,-0.12472527472527473,91,0.09324999999999994,0.6134453781512605,0.7252747252747253,0.669360051712993,0.4424657534246576,73
4,1,"1,5,6",H&S inter+intra,0.15,ACI g=0.005 (grow cal),shuffled,0.7750484809308339,0.7802197802197802,0.21978021978021978,0.85,-0.06978021978021975,91,0.11824999999999997,0.5126050420168067,0.7802197802197802,0.6464124111182934,0.4314754098360656,61
4,1,"1,5,6",H&S inter+intra,0.15,ACI g=0.01,shuffled,0.7750484809308339,0.7582417582417582,0.24175824175824176,0.85,-0.09175824175824177,91,0.06649999999999992,0.5462184873949579,0.7582417582417582,0.652230122818358,0.4433846153846154,65
4,1,"1,5,6",H&S inter+intra,0.15,ACI g=0.01 (grow cal),shuffled,0.7750484809308339,0.7912087912087912,0.2087912087912088,0.85,-0.058791208791208804,91,0.09649999999999995,0.4789915966386555,0.7912087912087912,0.6351001939237233,0.4336842105263158,57
4,1,"1,5,6",H&S inter+intra,0.15,ACI g=0.05,shuffled,0.7750484809308339,0.8131868131868132,0.18681318681318682,0.85,-0.03681318681318679,91,0.0235,0.3697478991596639,0.8131868131868132,0.5914673561732385,0.3854545454545455,44
4,1,"1,5,6",H&S inter+intra,0.15,ACI g=0.05 (grow cal),shuffled,0.7750484809308339,0.8351648351648352,0.16483516483516483,0.85,-0.014835164835164782,91,0.08250000000000016,0.3025210084033613,0.8351648351648352,0.5688429217840982,0.3483333333333333,36
4,1,"1,5,6",H&S inter+intra,0.15,split CP (SAFE),exch,0.7750484809308339,0.9375,0.0625,0.85,0.08750000000000002,16,0.15,0.543859649122807,0.9375,0.7406798245614035,0.39096774193548384,31
4,1,"1,5,6",H&S inter+intra,0.15,split CP (n+1 corr.),exch,0.7750484809308339,0.9375,0.0625,0.85,0.08750000000000002,16,0.15,0.3333333333333333,0.9375,0.6354166666666666,0.3989473684210526,19
4,1,"1,5,6",H&S inter+intra,0.15,DtACI,exch,0.7750484809308339,0.9375,0.0625,0.85,0.08750000000000002,16,0.20775000000000005,0.543859649122807,0.9375,0.7406798245614035,0.39419354838709675,31
4,1,"1,5,6",H&S inter+intra,0.15,DtACI (grow cal),exch,0.7750484809308339,0.9375,0.0625,0.85,0.08750000000000002,16,0.20775000000000005,0.543859649122807,0.9375,0.7406798245614035,0.39419354838709675,31
4,1,"1,5,6",H&S inter+intra,0.15,ACI g=0.005,exch,0.7750484809308339,0.9375,0.0625,0.85,0.08750000000000002,16,0.157,0.543859649122807,0.9375,0.7406798245614035,0.39419354838709675,31
4,1,"1,5,6",H&S inter+intra,0.15,ACI g=0.005 (grow cal),exch,0.7750484809308339,0.9375,0.0625,0.85,0.08750000000000002,16,0.157,0.543859649122807,0.9375,0.7406798245614035,0.39419354838709675,31
4,1,"1,5,6",H&S inter+intra,0.15,ACI g=0.01,exch,0.7750484809308339,0.9375,0.0625,0.85,0.08750000000000002,16,0.164,0.543859649122807,0.9375,0.7406798245614035,0.39419354838709675,31
4,1,"1,5,6",H&S inter+intra,0.15,ACI g=0.01 (grow cal),exch,0.7750484809308339,0.9375,0.0625,0.85,0.08750000000000002,16,0.164,0.543859649122807,0.9375,0.7406798245614035,0.39419354838709675,31
4,1,"1,5,6",H&S inter+intra,0.15,ACI g=0.05,exch,0.7750484809308339,0.9375,0.0625,0.85,0.08750000000000002,16,0.22000000000000008,0.543859649122807,0.9375,0.7406798245614035,0.39419354838709675,31
4,1,"1,5,6",H&S inter+intra,0.15,ACI g=0.05 (grow cal),exch,0.7750484809308339,0.9375,0.0625,0.85,0.08750000000000002,16,0.22000000000000008,0.543859649122807,0.9375,0.7406798245614035,0.39419354838709675,31
4,1,"1,5,6",H&S inter+intra,0.2,split CP (SAFE),blocked,0.7750484809308339,0.5164835164835164,0.4835164835164835,0.8,-0.2835164835164836,91,0.2,0.8151260504201681,0.5164835164835164,0.6658047834518422,0.3934020618556701,97
4,1,"1,5,6",H&S inter+intra,0.2,split CP (n+1 corr.),blocked,0.7750484809308339,0.5604395604395604,0.43956043956043955,0.8,-0.2395604395604396,91,0.2,0.7647058823529411,0.5604395604395604,0.6625727213962508,0.4120879120879122,91
4,1,"1,5,6",H&S inter+intra,0.2,DtACI,blocked,0.7750484809308339,0.7032967032967032,0.2967032967032967,0.8,-0.0967032967032968,91,0.13525000000000006,0.6050420168067226,0.7032967032967032,0.6541693600517129,0.4591666666666667,72
4,1,"1,5,6",H&S inter+intra,0.2,DtACI (grow cal),blocked,0.7750484809308339,0.7912087912087912,0.2087912087912088,0.8,-0.008791208791208871,91,0.22125000000000028,0.5546218487394958,0.7912087912087912,0.6729153199741436,0.45181818181818184,66
4,1,"1,5,6",H&S inter+intra,0.2,ACI g=0.005,blocked,0.7750484809308339,0.6263736263736264,0.37362637362637363,0.8,-0.17362637362637368,91,0.11999999999999994,0.7058823529411765,0.6263736263736264,0.6661279896574015,0.4311904761904762,84
4,1,"1,5,6",H&S inter+intra,0.2,ACI g=0.005 (grow cal),blocked,0.7750484809308339,0.7472527472527473,0.25274725274725274,0.8,-0.05274725274725278,91,0.175,0.6134453781512605,0.7472527472527473,0.6803490627020039,0.4413698630136986,73
4,1,"1,5,6",H&S inter+intra,0.2,ACI g=0.01,blocked,0.7750484809308339,0.7032967032967032,0.2967032967032967,0.8,-0.0967032967032968,91,0.10999999999999993,0.6386554621848739,0.7032967032967032,0.6709760827407886,0.4463157894736842,76
4,1,"1,5,6",H&S inter+intra,0.2,ACI g=0.01 (grow cal),blocked,0.7750484809308339,0.7582417582417582,0.24175824175824176,0.8,-0.04175824175824183,91,0.15999999999999998,0.5630252100840336,0.7582417582417582,0.6606334841628959,0.4585074626865673,67
4,1,"1,5,6",H&S inter+intra,0.2,ACI g=0.05,blocked,0.7750484809308339,0.7802197802197802,0.21978021978021978,0.8,-0.01978021978021982,91,0.15000000000000033,0.5378151260504201,0.7802197802197802,0.6590174531351002,0.44531249999999994,64
4,1,"1,5,6",H&S inter+intra,0.2,ACI g=0.05 (grow cal),blocked,0.7750484809308339,0.8131868131868132,0.18681318681318682,0.8,0.01318681318681314,91,0.2500000000000005,0.5378151260504201,0.8131868131868132,0.6755009696186167,0.46124999999999994,64
4,1,"1,5,6",H&S inter+intra,0.2,split CP (SAFE),shuffled,0.7750484809308339,0.5164835164835164,0.4835164835164835,0.8,-0.2835164835164836,91,0.2,0.8151260504201681,0.5164835164835164,0.6658047834518422,0.3934020618556701,97
4,1,"1,5,6",H&S inter+intra,0.2,split CP (n+1 corr.),shuffled,0.7750484809308339,0.5604395604395604,0.43956043956043955,0.8,-0.2395604395604396,91,0.2,0.7647058823529411,0.5604395604395604,0.6625727213962508,0.4120879120879122,91
4,1,"1,5,6",H&S inter+intra,0.2,DtACI,shuffled,0.7750484809308339,0.6923076923076923,0.3076923076923077,0.8,-0.10769230769230775,91,0.07999999999999996,0.6050420168067226,0.6923076923076923,0.6486748545572074,0.42777777777777776,72
4,1,"1,5,6",H&S inter+intra,0.2,DtACI (grow cal),shuffled,0.7750484809308339,0.7582417582417582,0.24175824175824176,0.8,-0.04175824175824183,91,0.1347500000000002,0.5546218487394958,0.7582417582417582,0.656431803490627,0.43030303030303035,66
4,1,"1,5,6",H&S inter+intra,0.2,ACI g=0.005,shuffled,0.7750484809308339,0.5934065934065934,0.4065934065934066,0.8,-0.20659340659340664,91,0.10599999999999993,0.7058823529411765,0.5934065934065934,0.649644473173885,0.4283333333333334,84
4,1,"1,5,6",H&S inter+intra,0.2,ACI g=0.005 (grow cal),shuffled,0.7750484809308339,0.7252747252747253,0.27472527472527475,0.8,-0.07472527472527479,91,0.16599999999999998,0.6134453781512605,0.7252747252747253,0.669360051712993,0.4356164383561643,73
4,1,"1,5,6",H&S inter+intra,0.2,ACI g=0.01,shuffled,0.7750484809308339,0.6813186813186813,0.31868131868131866,0.8,-0.1186813186813187,91,0.09199999999999992,0.6638655462184874,0.6813186813186813,0.6725921137685844,0.42784810126582284,79
4,1,"1,5,6",H&S inter+intra,0.2,ACI g=0.01 (grow cal),shuffled,0.7750484809308339,0.7362637362637363,0.26373626373626374,0.8,-0.06373626373626373,91,0.14199999999999996,0.5630252100840336,0.7362637362637363,0.649644473173885,0.44477611940298506,67
4,1,"1,5,6",H&S inter+intra,0.2,ACI g=0.05,shuffled,0.7750484809308339,0.7692307692307692,0.23076923076923078,0.8,-0.030769230769230882,91,0.06100000000000003,0.5210084033613446,0.7692307692307692,0.6451195862960568,0.4374193548387097,62
4,1,"1,5,6",H&S inter+intra,0.2,ACI g=0.05 (grow cal),shuffled,0.7750484809308339,0.7802197802197802,0.21978021978021978,0.8,-0.01978021978021982,91,0.11000000000000046,0.5294117647058824,0.7802197802197802,0.6548157724628313,0.4238095238095238,63
4,1,"1,5,6",H&S inter+intra,0.2,split CP (SAFE),exch,0.7750484809308339,0.9375,0.0625,0.8,0.13749999999999996,16,0.2,0.543859649122807,0.9375,0.7406798245614035,0.38838709677419353,31
4,1,"1,5,6",H&S inter+intra,0.2,split CP (n+1 corr.),exch,0.7750484809308339,0.9375,0.0625,0.8,0.13749999999999996,16,0.2,0.5087719298245614,0.9375,0.7231359649122807,0.3827586206896551,29
4,1,"1,5,6",H&S inter+intra,0.2,DtACI,exch,0.7750484809308339,0.9375,0.0625,0.8,0.13749999999999996,16,0.2907500000000001,0.543859649122807,0.9375,0.7406798245614035,0.38838709677419353,31
4,1,"1,5,6",H&S inter+intra,0.2,DtACI (grow cal),exch,0.7750484809308339,0.9375,0.0625,0.8,0.13749999999999996,16,0.2657500000000001,0.543859649122807,0.9375,0.7406798245614035,0.39032258064516123,31
4,1,"1,5,6",H&S inter+intra,0.2,ACI g=0.005,exch,0.7750484809308339,0.9375,0.0625,0.8,0.13749999999999996,16,0.21100000000000002,0.543859649122807,0.9375,0.7406798245614035,0.38838709677419353,31
4,1,"1,5,6",H&S inter+intra,0.2,ACI g=0.005 (grow cal),exch,0.7750484809308339,0.9375,0.0625,0.8,0.13749999999999996,16,0.21100000000000002,0.543859649122807,0.9375,0.7406798245614035,0.3870967741935483,31
4,1,"1,5,6",H&S inter+intra,0.2,ACI g=0.01,exch,0.7750484809308339,0.9375,0.0625,0.8,0.13749999999999996,16,0.22200000000000003,0.543859649122807,0.9375,0.7406798245614035,0.38838709677419353,31
4,1,"1,5,6",H&S inter+intra,0.2,ACI g=0.01 (grow cal),exch,0.7750484809308339,0.9375,0.0625,0.8,0.13749999999999996,16,0.22200000000000003,0.543859649122807,0.9375,0.7406798245614035,0.3870967741935483,31
4,1,"1,5,6",H&S inter+intra,0.2,ACI g=0.05,exch,0.7750484809308339,0.9375,0.0625,0.8,0.13749999999999996,16,0.3100000000000001,0.543859649122807,0.9375,0.7406798245614035,0.3870967741935483,31
4,1,"1,5,6",H&S inter+intra,0.2,ACI g=0.05 (grow cal),exch,0.7750484809308339,0.9375,0.0625,0.8,0.13749999999999996,16,0.3100000000000001,0.543859649122807,0.9375,0.7406798245614035,0.39032258064516123,31
4,1,"1,5,6",H&S inter+intra,0.25,split CP (SAFE),blocked,0.7750484809308339,0.5274725274725275,0.4725274725274725,0.75,-0.22252747252747251,91,0.25,0.8739495798319328,0.5274725274725275,0.7007110536522301,0.4344230769230769,104
4,1,"1,5,6",H&S inter+intra,0.25,split CP (n+1 corr.),blocked,0.7750484809308339,0.5494505494505495,0.45054945054945056,0.75,-0.2005494505494505,91,0.25,0.8571428571428571,0.5494505494505495,0.7032967032967032,0.44470588235294123,102
4,1,"1,5,6",H&S inter+intra,0.25,DtACI,blocked,0.7750484809308339,0.6483516483516483,0.3516483516483517,0.75,-0.10164835164835173,91,0.19312499999999988,0.773109243697479,0.6483516483516483,0.7107304460245636,0.4504347826086956,92
4,1,"1,5,6",H&S inter+intra,0.25,DtACI (grow cal),blocked,0.7750484809308339,0.7362637362637363,0.26373626373626374,0.75,-0.013736263736263687,91,0.29062500000000013,0.6386554621848739,0.7362637362637363,0.6874595992243051,0.47105263157894744,76
4,1,"1,5,6",H&S inter+intra,0.25,ACI g=0.005,blocked,0.7750484809308339,0.5824175824175823,0.4175824175824176,0.75,-0.16758241758241765,91,0.17249999999999988,0.8151260504201681,0.5824175824175823,0.6987718164188752,0.44247422680412374,97
4,1,"1,5,6",H&S inter+intra,0.25,ACI g=0.005 (grow cal),blocked,0.7750484809308339,0.6923076923076923,0.3076923076923077,0.75,-0.05769230769230771,91,0.22249999999999992,0.6974789915966386,0.6923076923076923,0.6948933419521655,0.48,83
4,1,"1,5,6",H&S inter+intra,0.25,ACI g=0.01,blocked,0.7750484809308339,0.6153846153846154,0.38461538461538464,0.75,-0.13461538461538458,91,0.12499999999999989,0.7815126050420168,0.6153846153846154,0.6984486102133161,0.45698924731182805,93
4,1,"1,5,6",H&S inter+intra,0.25,ACI g=0.01 (grow cal),blocked,0.7750484809308339,0.7142857142857143,0.2857142857142857,0.75,-0.0357142857142857,91,0.21499999999999997,0.680672268907563,0.7142857142857143,0.6974789915966386,0.47456790123456793,81
4,1,"1,5,6",H&S inter+intra,0.25,ACI g=0.05,blocked,0.7750484809308339,0.7362637362637363,0.26373626373626374,0.75,-0.013736263736263687,91,0.17500000000000016,0.6470588235294118,0.7362637362637363,0.691661279896574,0.48129870129870145,77
4,1,"1,5,6",H&S inter+intra,0.25,ACI g=0.05 (grow cal),blocked,0.7750484809308339,0.7692307692307692,0.23076923076923078,0.75,0.019230769230769162,91,0.3250000000000005,0.6386554621848739,0.7692307692307692,0.7039431157078215,0.4797368421052632,76
4,1,"1,5,6",H&S inter+intra,0.25,split CP (SAFE),shuffled,0.7750484809308339,0.5274725274725275,0.4725274725274725,0.75,-0.22252747252747251,91,0.25,0.8739495798319328,0.5274725274725275,0.7007110536522301,0.43442307692307686,104
4,1,"1,5,6",H&S inter+intra,0.25,split CP (n+1 corr.),shuffled,0.7750484809308339,0.5494505494505495,0.45054945054945056,0.75,-0.2005494505494505,91,0.25,0.8571428571428571,0.5494505494505495,0.7032967032967032,0.4447058823529412,102
4,1,"1,5,6",H&S inter+intra,0.25,DtACI,shuffled,0.7750484809308339,0.6263736263736264,0.37362637362637363,0.75,-0.12362637362637363,91,0.12118749999999992,0.7226890756302521,0.6263736263736264,0.6745313510019393,0.4497674418604652,86
4,1,"1,5,6",H&S inter+intra,0.25,DtACI (grow cal),shuffled,0.7750484809308339,0.7032967032967032,0.2967032967032967,0.75,-0.04670329670329676,91,0.20243750000000008,0.6050420168067226,0.7032967032967032,0.6541693600517129,0.461111111111111,72
4,1,"1,5,6",H&S inter+intra,0.25,ACI g=0.005,shuffled,0.7750484809308339,0.5604395604395604,0.43956043956043955,0.75,-0.18956043956043955,91,0.16374999999999992,0.8067226890756303,0.5604395604395604,0.6835811247575954,0.43979166666666664,96
4,1,"1,5,6",H&S inter+intra,0.25,ACI g=0.005 (grow cal),shuffled,0.7750484809308339,0.6593406593406593,0.34065934065934067,0.75,-0.09065934065934067,91,0.20874999999999996,0.6722689075630253,0.6593406593406593,0.6658047834518424,0.47124999999999995,80
4,1,"1,5,6",H&S inter+intra,0.25,ACI g=0.01,shuffled,0.7750484809308339,0.5934065934065934,0.4065934065934066,0.75,-0.1565934065934066,91,0.10749999999999987,0.7899159663865546,0.5934065934065934,0.691661279896574,0.4357446808510638,94
4,1,"1,5,6",H&S inter+intra,0.25,ACI g=0.01 (grow cal),shuffled,0.7750484809308339,0.6813186813186813,0.31868131868131866,0.75,-0.06868131868131866,91,0.18749999999999994,0.6722689075630253,0.6813186813186813,0.6767937944408533,0.4725,80
4,1,"1,5,6",H&S inter+intra,0.25,ACI g=0.05,shuffled,0.7750484809308339,0.7142857142857143,0.2857142857142857,0.75,-0.0357142857142857,91,0.08749999999999995,0.5966386554621849,0.7142857142857143,0.6554621848739496,0.455774647887324,71
4,1,"1,5,6",H&S inter+intra,0.25,ACI g=0.05 (grow cal),shuffled,0.7750484809308339,0.7362637362637363,0.26373626373626374,0.75,-0.013736263736263687,91,0.18750000000000042,0.5882352941176471,0.7362637362637363,0.6622495151906918,0.4634285714285715,70
4,1,"1,5,6",H&S inter+intra,0.25,split CP (SAFE),exch,0.7750484809308339,0.9375,0.0625,0.75,0.1875,16,0.25,0.631578947368421,0.9375,0.7845394736842105,0.4305555555555555,36
4,1,"1,5,6",H&S inter+intra,0.25,split CP (n+1 corr.),exch,0.7750484809308339,0.9375,0.0625,0.75,0.1875,16,0.25,0.631578947368421,0.9375,0.7845394736842105,0.4361111111111111,36
4,1,"1,5,6",H&S inter+intra,0.25,DtACI,exch,0.7750484809308339,0.9375,0.0625,0.75,0.1875,16,0.34875,0.6491228070175439,0.9375,0.7933114035087719,0.4432432432432432,37
4,1,"1,5,6",H&S inter+intra,0.25,DtACI (grow cal),exch,0.7750484809308339,0.875,0.125,0.75,0.125,16,0.4477250000000002,0.6666666666666666,0.875,0.7708333333333333,0.4242105263157894,38
4,1,"1,5,6",H&S inter+intra,0.25,ACI g=0.005,exch,0.7750484809308339,0.9375,0.0625,0.75,0.1875,16,0.2649999999999997,0.631578947368421,0.9375,0.7845394736842105,0.4305555555555555,36
4,1,"1,5,6",H&S inter+intra,0.25,ACI g=0.005 (grow cal),exch,0.7750484809308339,0.9375,0.0625,0.75,0.1875,16,0.2649999999999997,0.6491228070175439,0.9375,0.7933114035087719,0.4432432432432432,37
4,1,"1,5,6",H&S inter+intra,0.25,ACI g=0.01,exch,0.7750484809308339,0.9375,0.0625,0.75,0.1875,16,0.28,0.631578947368421,0.9375,0.7845394736842105,0.4305555555555555,36
4,1,"1,5,6",H&S inter+intra,0.25,ACI g=0.01 (grow cal),exch,0.7750484809308339,0.9375,0.0625,0.75,0.1875,16,0.28,0.631578947368421,0.9375,0.7845394736842105,0.4388888888888889,36
4,1,"1,5,6",H&S inter+intra,0.25,ACI g=0.05,exch,0.7750484809308339,0.9375,0.0625,0.75,0.1875,16,0.40000000000000013,0.6491228070175439,0.9375,0.7933114035087719,0.4432432432432432,37
4,1,"1,5,6",H&S inter+intra,0.25,ACI g=0.05 (grow cal),exch,0.7750484809308339,0.875,0.125,0.75,0.125,16,0.3500000000000001,0.631578947368421,0.875,0.7532894736842105,0.4366666666666667,36
5,0,"2,5,6",SAFE-MLP,0.1,split CP (SAFE),blocked,0.7945331978945425,0.945054945054945,0.054945054945054944,0.9,0.045054945054945006,91,0.1,0.3025210084033613,0.945054945054945,0.6237879767291532,0.685,36
5,0,"2,5,6",SAFE-MLP,0.1,split CP (n+1 corr.),blocked,0.7945331978945425,0.967032967032967,0.03296703296703297,0.9,0.06703296703296702,91,0.1,0.20168067226890757,0.967032967032967,0.5843568196509373,0.8833333333333333,24
5,0,"2,5,6",SAFE-MLP,0.1,DtACI,blocked,0.7945331978945425,0.9560439560439561,0.04395604395604396,0.9,0.05604395604395607,91,0.3668148239808421,0.33613445378151263,0.9560439560439561,0.6460892049127344,0.6709999999999999,40
5,0,"2,5,6",SAFE-MLP,0.1,DtACI (grow cal),blocked,0.7945331978945425,0.945054945054945,0.054945054945054944,0.9,0.045054945054945006,91,0.2782588495806475,0.33613445378151263,0.945054945054945,0.6405946994182288,0.6795,40
5,0,"2,5,6",SAFE-MLP,0.1,ACI g=0.005,blocked,0.7945331978945425,0.945054945054945,0.054945054945054944,0.9,0.045054945054945006,91,0.12000000000000002,0.31092436974789917,0.945054945054945,0.6279896574014221,0.6951351351351351,37
5,0,"2,5,6",SAFE-MLP,0.1,ACI g=0.005 (grow cal),blocked,0.7945331978945425,0.9560439560439561,0.04395604395604396,0.9,0.05604395604395607,91,0.12500000000000003,0.31092436974789917,0.9560439560439561,0.6334841628959276,0.6843243243243242,37
5,0,"2,5,6",SAFE-MLP,0.1,ACI g=0.01,blocked,0.7945331978945425,0.9560439560439561,0.04395604395604396,0.9,0.05604395604395607,91,0.15000000000000005,0.33613445378151263,0.9560439560439561,0.6460892049127344,0.712,40
5,0,"2,5,6",SAFE-MLP,0.1,ACI g=0.01 (grow cal),blocked,0.7945331978945425,0.9560439560439561,0.04395604395604396,0.9,0.05604395604395607,91,0.15000000000000005,0.33613445378151263,0.9560439560439561,0.6460892049127344,0.709,40
5,0,"2,5,6",SAFE-MLP,0.1,ACI g=0.05,blocked,0.7945331978945425,0.9560439560439561,0.04395604395604396,0.9,0.05604395604395607,91,0.3500000000000003,0.3445378151260504,0.9560439560439561,0.6502908855850033,0.684390243902439,41
5,0,"2,5,6",SAFE-MLP,0.1,ACI g=0.05 (grow cal),blocked,0.7945331978945425,0.945054945054945,0.054945054945054944,0.9,0.045054945054945006,91,0.3000000000000003,0.3445378151260504,0.945054945054945,0.6447963800904977,0.6951219512195121,41
5,0,"2,5,6",SAFE-MLP,0.1,split CP (SAFE),shuffled,0.7945331978945425,0.945054945054945,0.054945054945054944,0.9,0.045054945054945006,91,0.1,0.3025210084033613,0.945054945054945,0.6237879767291532,0.685,36
5,0,"2,5,6",SAFE-MLP,0.1,split CP (n+1 corr.),shuffled,0.7945331978945425,0.967032967032967,0.03296703296703297,0.9,0.06703296703296702,91,0.1,0.20168067226890757,0.967032967032967,0.5843568196509373,0.8833333333333332,24
5,0,"2,5,6",SAFE-MLP,0.1,DtACI,shuffled,0.7945331978945425,0.9120879120879121,0.08791208791208792,0.9,0.012087912087912045,91,0.14882052783454394,0.36134453781512604,0.9120879120879121,0.636716224951519,0.6906976744186047,43
5,0,"2,5,6",SAFE-MLP,0.1,DtACI (grow cal),shuffled,0.7945331978945425,0.8901098901098901,0.10989010989010989,0.9,-0.009890109890109966,91,0.109697017222534,0.37815126050420167,0.8901098901098901,0.6341305753070459,0.6764444444444445,45
5,0,"2,5,6",SAFE-MLP,0.1,ACI g=0.005,shuffled,0.7945331978945425,0.9340659340659341,0.06593406593406594,0.9,0.034065934065934056,91,0.11550000000000002,0.3277310924369748,0.9340659340659341,0.6308985132514544,0.6979487179487182,39
5,0,"2,5,6",SAFE-MLP,0.1,ACI g=0.005 (grow cal),shuffled,0.7945331978945425,0.9120879120879121,0.08791208791208792,0.9,0.012087912087912045,91,0.10550000000000001,0.3697478991596639,0.9120879120879121,0.6409179056237879,0.6704545454545455,44
5,0,"2,5,6",SAFE-MLP,0.1,ACI g=0.01,shuffled,0.7945331978945425,0.9230769230769231,0.07692307692307693,0.9,0.023076923076923106,91,0.12100000000000002,0.33613445378151263,0.9230769230769231,0.6296056884292178,0.6994999999999999,40
5,0,"2,5,6",SAFE-MLP,0.1,ACI g=0.01 (grow cal),shuffled,0.7945331978945425,0.9010989010989011,0.0989010989010989,0.9,0.001098901098901095,91,0.101,0.3697478991596639,0.9010989010989011,0.6354234001292824,0.6754545454545455,44
5,0,"2,5,6",SAFE-MLP,0.1,ACI g=0.05,shuffled,0.7945331978945425,0.9120879120879121,0.08791208791208792,0.9,0.012087912087912045,91,0.15500000000000028,0.3697478991596639,0.9120879120879121,0.6409179056237879,0.6918181818181819,44
5,0,"2,5,6",SAFE-MLP,0.1,ACI g=0.05 (grow cal),shuffled,0.7945331978945425,0.9010989010989011,0.0989010989010989,0.9,0.001098901098901095,91,0.10500000000000025,0.36134453781512604,0.9010989010989011,0.6312217194570136,0.7013953488372093,43
5,0,"2,5,6",SAFE-MLP,0.1,split CP (SAFE),exch,0.7945331978945425,1.0,0.0,0.9,0.09999999999999998,16,0.1,0.5818181818181818,1.0,0.7909090909090909,0.5718749999999999,32
5,0,"2,5,6",SAFE-MLP,0.1,split CP (n+1 corr.),exch,0.7945331978945425,1.0,0.0,0.9,0.09999999999999998,16,0.1,0.4909090909090909,1.0,0.7454545454545455,0.7762962962962964,27
5,0,"2,5,6",SAFE-MLP,0.1,DtACI,exch,0.7945331978945425,1.0,0.0,0.9,0.09999999999999998,16,0.21457449333598871,0.6181818181818182,1.0,0.8090909090909091,0.5441176470588236,34
5,0,"2,5,6",SAFE-MLP,0.1,DtACI (grow cal),exch,0.7945331978945425,1.0,0.0,0.9,0.09999999999999998,16,0.18178741585925942,0.6363636363636364,1.0,0.8181818181818181,0.5314285714285715,35
5,0,"2,5,6",SAFE-MLP,0.1,ACI g=0.005,exch,0.7945331978945425,1.0,0.0,0.9,0.09999999999999998,16,0.10800000000000001,0.6,1.0,0.8,0.5793939393939395,33
5,0,"2,5,6",SAFE-MLP,0.1,ACI g=0.005 (grow cal),exch,0.7945331978945425,1.0,0.0,0.9,0.09999999999999998,16,0.10800000000000001,0.6181818181818182,1.0,0.8090909090909091,0.5452941176470589,34
5,0,"2,5,6",SAFE-MLP,0.1,ACI g=0.01,exch,0.7945331978945425,1.0,0.0,0.9,0.09999999999999998,16,0.11600000000000002,0.6,1.0,0.8,0.5660606060606062,33
5,0,"2,5,6",SAFE-MLP,0.1,ACI g=0.01 (grow cal),exch,0.7945331978945425,1.0,0.0,0.9,0.09999999999999998,16,0.11600000000000002,0.6181818181818182,1.0,0.8090909090909091,0.5423529411764706,34
5,0,"2,5,6",SAFE-MLP,0.1,ACI g=0.05,exch,0.7945331978945425,1.0,0.0,0.9,0.09999999999999998,16,0.18000000000000008,0.6181818181818182,1.0,0.8090909090909091,0.5452941176470589,34
5,0,"2,5,6",SAFE-MLP,0.1,ACI g=0.05 (grow cal),exch,0.7945331978945425,1.0,0.0,0.9,0.09999999999999998,16,0.18000000000000008,0.6363636363636364,1.0,0.8181818181818181,0.5314285714285715,35
5,0,"2,5,6",SAFE-MLP,0.15,split CP (SAFE),blocked,0.7945331978945425,0.9010989010989011,0.0989010989010989,0.85,0.05109890109890114,91,0.15,0.47058823529411764,0.9010989010989011,0.6858435681965094,0.6964285714285713,56
5,0,"2,5,6",SAFE-MLP,0.15,split CP (n+1 corr.),blocked,0.7945331978945425,0.9230769230769231,0.07692307692307693,0.85,0.07307692307692315,91,0.15,0.44537815126050423,0.9230769230769231,0.6842275371687137,0.7116981132075471,53
5,0,"2,5,6",SAFE-MLP,0.15,DtACI,blocked,0.7945331978945425,0.8681318681318682,0.13186813186813187,0.85,0.01813186813186818,91,0.4360069417707656,0.5294117647058824,0.8681318681318682,0.6987718164188752,0.6806349206349206,63
5,0,"2,5,6",SAFE-MLP,0.15,DtACI (grow cal),blocked,0.7945331978945425,0.8571428571428572,0.14285714285714285,0.85,0.0071428571428572285,91,0.43615798728708716,0.5378151260504201,0.8571428571428572,0.6974789915966386,0.6678125,64
5,0,"2,5,6",SAFE-MLP,0.15,ACI g=0.005,blocked,0.7945331978945425,0.9010989010989011,0.0989010989010989,0.85,0.05109890109890114,91,0.17250000000000001,0.4789915966386555,0.9010989010989011,0.6900452488687783,0.7070175438596491,57
5,0,"2,5,6",SAFE-MLP,0.15,ACI g=0.005 (grow cal),blocked,0.7945331978945425,0.9010989010989011,0.0989010989010989,0.85,0.05109890109890114,91,0.17250000000000001,0.453781512605042,0.9010989010989011,0.6774402068519716,0.7066666666666668,54
5,0,"2,5,6",SAFE-MLP,0.15,ACI g=0.01,blocked,0.7945331978945425,0.9010989010989011,0.0989010989010989,0.85,0.05109890109890114,91,0.19500000000000003,0.47058823529411764,0.9010989010989011,0.6858435681965094,0.7082142857142857,56
5,0,"2,5,6",SAFE-MLP,0.15,ACI g=0.01 (grow cal),blocked,0.7945331978945425,0.9120879120879121,0.08791208791208792,0.85,0.06208791208791209,91,0.20500000000000004,0.47058823529411764,0.9120879120879121,0.6913380736910149,0.704642857142857,56
5,0,"2,5,6",SAFE-MLP,0.15,ACI g=0.05,blocked,0.7945331978945425,0.9120879120879121,0.08791208791208792,0.85,0.06208791208791209,91,0.42500000000000043,0.5210084033613446,0.9120879120879121,0.7165481577246283,0.71,62
5,0,"2,5,6",SAFE-MLP,0.15,ACI g=0.05 (grow cal),blocked,0.7945331978945425,0.9120879120879121,0.08791208791208792,0.85,0.06208791208791209,91,0.4250000000000005,0.5210084033613446,0.9120879120879121,0.7165481577246283,0.691290322580645,62
5,0,"2,5,6",SAFE-MLP,0.15,split CP (SAFE),shuffled,0.7945331978945425,0.9010989010989011,0.0989010989010989,0.85,0.05109890109890114,91,0.15,0.47058823529411764,0.9010989010989011,0.6858435681965094,0.6964285714285714,56
5,0,"2,5,6",SAFE-MLP,0.15,split CP (n+1 corr.),shuffled,0.7945331978945425,0.9230769230769231,0.07692307692307693,0.85,0.07307692307692315,91,0.15,0.44537815126050423,0.9230769230769231,0.6842275371687137,0.7116981132075472,53
5,0,"2,5,6",SAFE-MLP,0.15,DtACI,shuffled,0.7945331978945425,0.8681318681318682,0.13186813186813187,0.85,0.01813186813186818,91,0.20681327241933825,0.5042016806722689,0.8681318681318682,0.6861667744020685,0.6609999999999999,60
5,0,"2,5,6",SAFE-MLP,0.15,DtACI (grow cal),shuffled,0.7945331978945425,0.8351648351648352,0.16483516483516483,0.85,-0.014835164835164782,91,0.157030130511027,0.5378151260504201,0.8351648351648352,0.6864899806076277,0.665,64
5,0,"2,5,6",SAFE-MLP,0.15,ACI g=0.005,shuffled,0.7945331978945425,0.9010989010989011,0.0989010989010989,0.85,0.05109890109890114,91,0.17325000000000002,0.48739495798319327,0.9010989010989011,0.6942469295410472,0.6989655172413793,58
5,0,"2,5,6",SAFE-MLP,0.15,ACI g=0.005 (grow cal),shuffled,0.7945331978945425,0.8571428571428572,0.14285714285714285,0.85,0.0071428571428572285,91,0.15325,0.5042016806722689,0.8571428571428572,0.680672268907563,0.6583333333333333,60
5,0,"2,5,6",SAFE-MLP,0.15,ACI g=0.01,shuffled,0.7945331978945425,0.8901098901098901,0.10989010989010989,0.85,0.04010989010989008,91,0.18650000000000003,0.48739495798319327,0.8901098901098901,0.6887524240465417,0.696896551724138,58
5,0,"2,5,6",SAFE-MLP,0.15,ACI g=0.01 (grow cal),shuffled,0.7945331978945425,0.8571428571428572,0.14285714285714285,0.85,0.0071428571428572285,91,0.1565,0.5126050420168067,0.8571428571428572,0.6848739495798319,0.6554098360655737,61
5,0,"2,5,6",SAFE-MLP,0.15,ACI g=0.05,shuffled,0.7945331978945425,0.8681318681318682,0.13186813186813187,0.85,0.01813186813186818,91,0.2325000000000004,0.5126050420168067,0.8681318681318682,0.6903684550743374,0.6655737704918032,61
5,0,"2,5,6",SAFE-MLP,0.15,ACI g=0.05 (grow cal),shuffled,0.7945331978945425,0.8461538461538461,0.15384615384615385,0.85,-0.0038461538461538325,91,0.13600000000000007,0.4957983193277311,0.8461538461538461,0.6709760827407887,0.667457627118644,59
5,0,"2,5,6",SAFE-MLP,0.15,split CP (SAFE),exch,0.7945331978945425,1.0,0.0,0.85,0.15000000000000002,16,0.15,0.7454545454545455,1.0,0.8727272727272728,0.6014634146341463,41
5,0,"2,5,6",SAFE-MLP,0.15,split CP (n+1 corr.),exch,0.7945331978945425,1.0,0.0,0.85,0.15000000000000002,16,0.15,0.7272727272727273,1.0,0.8636363636363636,0.6255000000000001,40
5,0,"2,5,6",SAFE-MLP,0.15,DtACI,exch,0.7945331978945425,0.9375,0.0625,0.85,0.08750000000000002,16,0.28750346913333263,0.8,0.9375,0.86875,0.5127272727272728,44
5,0,"2,5,6",SAFE-MLP,0.15,DtACI (grow cal),exch,0.7945331978945425,0.9375,0.0625,0.85,0.08750000000000002,16,0.2800074287953651,0.8545454545454545,0.9375,0.8960227272727272,0.4825531914893616,47
5,0,"2,5,6",SAFE-MLP,0.15,ACI g=0.005,exch,0.7945331978945425,1.0,0.0,0.85,0.15000000000000002,16,0.162,0.7636363636363637,1.0,0.8818181818181818,0.5995238095238096,42
5,0,"2,5,6",SAFE-MLP,0.15,ACI g=0.005 (grow cal),exch,0.7945331978945425,1.0,0.0,0.85,0.15000000000000002,16,0.162,0.7818181818181819,1.0,0.8909090909090909,0.5674418604651162,43
5,0,"2,5,6",SAFE-MLP,0.15,ACI g=0.01,exch,0.7945331978945425,1.0,0.0,0.85,0.15000000000000002,16,0.17400000000000002,0.7636363636363637,1.0,0.8818181818181818,0.5866666666666667,42
5,0,"2,5,6",SAFE-MLP,0.15,ACI g=0.01 (grow cal),exch,0.7945331978945425,1.0,0.0,0.85,0.15000000000000002,16,0.17400000000000002,0.8,1.0,0.9,0.5718181818181818,44
5,0,"2,5,6",SAFE-MLP,0.15,ACI g=0.05,exch,0.7945331978945425,1.0,0.0,0.85,0.15000000000000002,16,0.2700000000000001,0.7818181818181819,1.0,0.8909090909090909,0.570232558139535,43
5,0,"2,5,6",SAFE-MLP,0.15,ACI g=0.05 (grow cal),exch,0.7945331978945425,0.9375,0.0625,0.85,0.08750000000000002,16,0.22000000000000006,0.8181818181818182,0.9375,0.8778409090909092,0.4835555555555555,45
5,0,"2,5,6",SAFE-MLP,0.2,split CP (SAFE),blocked,0.7945331978945425,0.9010989010989011,0.0989010989010989,0.8,0.10109890109890107,91,0.2,0.4789915966386555,0.9010989010989011,0.6900452488687783,0.6785964912280701,57
5,0,"2,5,6",SAFE-MLP,0.2,split CP (n+1 corr.),blocked,0.7945331978945425,0.9010989010989011,0.0989010989010989,0.8,0.10109890109890107,91,0.2,0.4789915966386555,0.9010989010989011,0.6900452488687783,0.6817543859649122,57
5,0,"2,5,6",SAFE-MLP,0.2,DtACI,blocked,0.7945331978945425,0.8461538461538461,0.15384615384615385,0.8,0.0461538461538461,91,0.4552116223031412,0.5630252100840336,0.8461538461538461,0.7045895281189398,0.6420895522388059,67
5,0,"2,5,6",SAFE-MLP,0.2,DtACI (grow cal),blocked,0.7945331978945425,0.8241758241758241,0.17582417582417584,0.8,0.02417582417582409,91,0.41329305541511474,0.5462184873949579,0.8241758241758241,0.6851971557853911,0.643076923076923,65
5,0,"2,5,6",SAFE-MLP,0.2,ACI g=0.005,blocked,0.7945331978945425,0.9010989010989011,0.0989010989010989,0.8,0.10109890109890107,91,0.24500000000000005,0.4957983193277311,0.9010989010989011,0.6984486102133161,0.6854237288135593,59
5,0,"2,5,6",SAFE-MLP,0.2,ACI g=0.005 (grow cal),blocked,0.7945331978945425,0.8791208791208791,0.12087912087912088,0.8,0.07912087912087906,91,0.23500000000000004,0.4957983193277311,0.8791208791208791,0.6874595992243051,0.6779661016949153,59
5,0,"2,5,6",SAFE-MLP,0.2,ACI g=0.01,blocked,0.7945331978945425,0.8901098901098901,0.10989010989010989,0.8,0.09010989010989001,91,0.2800000000000001,0.5126050420168067,0.8901098901098901,0.7013574660633484,0.6822950819672132,61
5,0,"2,5,6",SAFE-MLP,0.2,ACI g=0.01 (grow cal),blocked,0.7945331978945425,0.8791208791208791,0.12087912087912088,0.8,0.07912087912087906,91,0.2700000000000001,0.5126050420168067,0.8791208791208791,0.6958629605688429,0.679016393442623,61
5,0,"2,5,6",SAFE-MLP,0.2,ACI g=0.05,blocked,0.7945331978945425,0.8571428571428572,0.14285714285714285,0.8,0.05714285714285716,91,0.4500000000000004,0.5378151260504201,0.8571428571428572,0.6974789915966386,0.661875,64
5,0,"2,5,6",SAFE-MLP,0.2,ACI g=0.05 (grow cal),blocked,0.7945331978945425,0.8571428571428572,0.14285714285714285,0.8,0.05714285714285716,91,0.4500000000000005,0.5462184873949579,0.8571428571428572,0.7016806722689075,0.6184615384615384,65
5,0,"2,5,6",SAFE-MLP,0.2,split CP (SAFE),shuffled,0.7945331978945425,0.9010989010989011,0.0989010989010989,0.8,0.10109890109890107,91,0.2,0.4789915966386555,0.9010989010989011,0.6900452488687783,0.6785964912280702,57
5,0,"2,5,6",SAFE-MLP,0.2,split CP (n+1 corr.),shuffled,0.7945331978945425,0.9010989010989011,0.0989010989010989,0.8,0.10109890109890107,91,0.2,0.4789915966386555,0.9010989010989011,0.6900452488687783,0.6817543859649122,57
5,0,"2,5,6",SAFE-MLP,0.2,DtACI,shuffled,0.7945331978945425,0.8021978021978022,0.1978021978021978,0.8,0.00219780219780219,91,0.3093670778739421,0.5798319327731093,0.8021978021978022,0.6910148674854557,0.6144927536231884,69
5,0,"2,5,6",SAFE-MLP,0.2,DtACI (grow cal),shuffled,0.7945331978945425,0.7802197802197802,0.21978021978021978,0.8,-0.01978021978021982,91,0.2094094693002712,0.5882352941176471,0.7802197802197802,0.6842275371687137,0.5874285714285713,70
5,0,"2,5,6",SAFE-MLP,0.2,ACI g=0.005,shuffled,0.7945331978945425,0.8791208791208791,0.12087912087912088,0.8,0.07912087912087906,91,0.23600000000000004,0.48739495798319327,0.8791208791208791,0.6832579185520362,0.6631034482758622,58
5,0,"2,5,6",SAFE-MLP,0.2,ACI g=0.005 (grow cal),shuffled,0.7945331978945425,0.7912087912087912,0.2087912087912088,0.8,-0.008791208791208871,91,0.196,0.5714285714285714,0.7912087912087912,0.6813186813186813,0.6032352941176471,68
5,0,"2,5,6",SAFE-MLP,0.2,ACI g=0.01,shuffled,0.7945331978945425,0.8571428571428572,0.14285714285714285,0.8,0.05714285714285716,91,0.25200000000000006,0.4957983193277311,0.8571428571428572,0.6764705882352942,0.6362711864406778,59
5,0,"2,5,6",SAFE-MLP,0.2,ACI g=0.01 (grow cal),shuffled,0.7945331978945425,0.7912087912087912,0.2087912087912088,0.8,-0.008791208791208871,91,0.192,0.5714285714285714,0.7912087912087912,0.6813186813186813,0.5991176470588235,68
5,0,"2,5,6",SAFE-MLP,0.2,ACI g=0.05,shuffled,0.7945331978945425,0.8241758241758241,0.17582417582417584,0.8,0.02417582417582409,91,0.3100000000000002,0.5714285714285714,0.8241758241758241,0.6978021978021978,0.6220588235294118,68
5,0,"2,5,6",SAFE-MLP,0.2,ACI g=0.05 (grow cal),shuffled,0.7945331978945425,0.8021978021978022,0.1978021978021978,0.8,0.00219780219780219,91,0.21000000000000046,0.5714285714285714,0.8021978021978022,0.6868131868131868,0.6005882352941176,68
5,0,"2,5,6",SAFE-MLP,0.2,split CP (SAFE),exch,0.7945331978945425,1.0,0.0,0.8,0.19999999999999996,16,0.2,0.7636363636363637,1.0,0.8818181818181818,0.580952380952381,42
5,0,"2,5,6",SAFE-MLP,0.2,split CP (n+1 corr.),exch,0.7945331978945425,1.0,0.0,0.8,0.19999999999999996,16,0.2,0.7636363636363637,1.0,0.8818181818181818,0.5895238095238096,42
5,0,"2,5,6",SAFE-MLP,0.2,DtACI,exch,0.7945331978945425,0.9375,0.0625,0.8,0.13749999999999996,16,0.33583362740426415,0.8181818181818182,0.9375,0.8778409090909092,0.4782222222222222,45
5,0,"2,5,6",SAFE-MLP,0.2,DtACI (grow cal),exch,0.7945331978945425,0.875,0.125,0.8,0.07499999999999996,16,0.30000537181613857,0.8727272727272727,0.875,0.8738636363636363,0.45458333333333334,48
5,0,"2,5,6",SAFE-MLP,0.2,ACI g=0.005,exch,0.7945331978945425,1.0,0.0,0.8,0.19999999999999996,16,0.21600000000000003,0.7636363636363637,1.0,0.8818181818181818,0.5795238095238096,42
5,0,"2,5,6",SAFE-MLP,0.2,ACI g=0.005 (grow cal),exch,0.7945331978945425,1.0,0.0,0.8,0.19999999999999996,16,0.21600000000000003,0.8363636363636363,1.0,0.9181818181818182,0.4943478260869565,46
5,0,"2,5,6",SAFE-MLP,0.2,ACI g=0.01,exch,0.7945331978945425,1.0,0.0,0.8,0.19999999999999996,16,0.23200000000000004,0.7636363636363637,1.0,0.8818181818181818,0.5623809523809524,42
5,0,"2,5,6",SAFE-MLP,0.2,ACI g=0.01 (grow cal),exch,0.7945331978945425,1.0,0.0,0.8,0.19999999999999996,16,0.23200000000000004,0.8727272727272727,1.0,0.9363636363636363,0.49875,48
5,0,"2,5,6",SAFE-MLP,0.2,ACI g=0.05,exch,0.7945331978945425,1.0,0.0,0.8,0.19999999999999996,16,0.36000000000000015,0.8363636363636363,1.0,0.9181818181818182,0.4660869565217391,46
5,0,"2,5,6",SAFE-MLP,0.2,ACI g=0.05 (grow cal),exch,0.7945331978945425,0.875,0.125,0.8,0.07499999999999996,16,0.2600000000000001,0.8727272727272727,0.875,0.8738636363636363,0.46541666666666665,48
5,0,"2,5,6",SAFE-MLP,0.25,split CP (SAFE),blocked,0.7945331978945425,0.8461538461538461,0.15384615384615385,0.75,0.09615384615384615,91,0.25,0.5294117647058824,0.8461538461538461,0.6877828054298643,0.6203174603174603,63
5,0,"2,5,6",SAFE-MLP,0.25,split CP (n+1 corr.),blocked,0.7945331978945425,0.8901098901098901,0.10989010989010989,0.75,0.14010989010989006,91,0.25,0.48739495798319327,0.8901098901098901,0.6887524240465417,0.676206896551724,58
5,0,"2,5,6",SAFE-MLP,0.25,DtACI,blocked,0.7945331978945425,0.7802197802197802,0.21978021978021978,0.75,0.030219780219780223,91,0.47573044672861015,0.5882352941176471,0.7802197802197802,0.6842275371687137,0.6037142857142855,70
5,0,"2,5,6",SAFE-MLP,0.25,DtACI (grow cal),blocked,0.7945331978945425,0.7692307692307692,0.23076923076923078,0.75,0.019230769230769162,91,0.4677033598899185,0.5966386554621849,0.7692307692307692,0.6829347123464771,0.5594366197183097,71
5,0,"2,5,6",SAFE-MLP,0.25,ACI g=0.005,blocked,0.7945331978945425,0.8461538461538461,0.15384615384615385,0.75,0.09615384615384615,91,0.29249999999999876,0.5462184873949579,0.8461538461538461,0.696186166774402,0.6166153846153845,65
5,0,"2,5,6",SAFE-MLP,0.25,ACI g=0.005 (grow cal),blocked,0.7945331978945425,0.8571428571428572,0.14285714285714285,0.75,0.1071428571428572,91,0.29749999999999865,0.5630252100840336,0.8571428571428572,0.7100840336134454,0.6250746268656716,67
5,0,"2,5,6",SAFE-MLP,0.25,ACI g=0.01,blocked,0.7945331978945425,0.8461538461538461,0.15384615384615385,0.75,0.09615384615384615,91,0.3350000000000001,0.5630252100840336,0.8461538461538461,0.7045895281189398,0.618507462686567,67
5,0,"2,5,6",SAFE-MLP,0.25,ACI g=0.01 (grow cal),blocked,0.7945331978945425,0.8571428571428572,0.14285714285714285,0.75,0.1071428571428572,91,0.3450000000000001,0.5630252100840336,0.8571428571428572,0.7100840336134454,0.6176119402985073,67
5,0,"2,5,6",SAFE-MLP,0.25,ACI g=0.05,blocked,0.7945331978945425,0.8021978021978022,0.1978021978021978,0.75,0.052197802197802234,91,0.4750000000000006,0.5630252100840336,0.8021978021978022,0.6826115061409179,0.60955223880597,67
5,0,"2,5,6",SAFE-MLP,0.25,ACI g=0.05 (grow cal),blocked,0.7945331978945425,0.8021978021978022,0.1978021978021978,0.75,0.052197802197802234,91,0.47500000000000075,0.5798319327731093,0.8021978021978022,0.6910148674854557,0.6063768115942029,69
5,0,"2,5,6",SAFE-MLP,0.25,split CP (SAFE),shuffled,0.7945331978945425,0.8461538461538461,0.15384615384615385,0.75,0.09615384615384615,91,0.25,0.5294117647058824,0.8461538461538461,0.6877828054298643,0.62031746031746,63
5,0,"2,5,6",SAFE-MLP,0.25,split CP (n+1 corr.),shuffled,0.7945331978945425,0.8901098901098901,0.10989010989010989,0.75,0.14010989010989006,91,0.25,0.48739495798319327,0.8901098901098901,0.6887524240465417,0.6762068965517243,58
5,0,"2,5,6",SAFE-MLP,0.25,DtACI,shuffled,0.7945331978945425,0.7362637362637363,0.26373626373626374,0.75,-0.013736263736263687,91,0.2816330221455709,0.6050420168067226,0.7362637362637363,0.6706528765352295,0.5733333333333334,72
5,0,"2,5,6",SAFE-MLP,0.25,DtACI (grow cal),shuffled,0.7945331978945425,0.7362637362637363,0.26373626373626374,0.75,-0.013736263736263687,91,0.2576124138223928,0.6302521008403361,0.7362637362637363,0.6832579185520362,0.5554666666666667,75
5,0,"2,5,6",SAFE-MLP,0.25,ACI g=0.005,shuffled,0.7945331978945425,0.8021978021978022,0.1978021978021978,0.75,0.052197802197802234,91,0.2737499999999985,0.5798319327731093,0.8021978021978022,0.6910148674854557,0.6049275362318839,69
5,0,"2,5,6",SAFE-MLP,0.25,ACI g=0.005 (grow cal),shuffled,0.7945331978945425,0.7472527472527473,0.25274725274725274,0.75,-0.0027472527472527375,91,0.24874999999999914,0.6386554621848739,0.7472527472527473,0.6929541047188106,0.5705263157894737,76
5,0,"2,5,6",SAFE-MLP,0.25,ACI g=0.01,shuffled,0.7945331978945425,0.7802197802197802,0.21978021978021978,0.75,0.030219780219780223,91,0.2775,0.5798319327731093,0.7802197802197802,0.6800258564964448,0.5794202898550724,69
5,0,"2,5,6",SAFE-MLP,0.25,ACI g=0.01 (grow cal),shuffled,0.7945331978945425,0.7472527472527473,0.25274725274725274,0.75,-0.0027472527472527375,91,0.2475,0.6386554621848739,0.7472527472527473,0.6929541047188106,0.5660526315789474,76
5,0,"2,5,6",SAFE-MLP,0.25,ACI g=0.05,shuffled,0.7945331978945425,0.7582417582417582,0.24175824175824176,0.75,0.008241758241758212,91,0.2875000000000006,0.6050420168067226,0.7582417582417582,0.6816418875242405,0.5783333333333334,72
5,0,"2,5,6",SAFE-MLP,0.25,ACI g=0.05 (grow cal),shuffled,0.7945331978945425,0.7472527472527473,0.25274725274725274,0.75,-0.0027472527472527375,91,0.23750000000000052,0.6218487394957983,0.7472527472527473,0.6845507433742728,0.5708108108108108,74
5,0,"2,5,6",SAFE-MLP,0.25,split CP (SAFE),exch,0.7945331978945425,1.0,0.0,0.75,0.25,16,0.25,0.8181818181818182,1.0,0.9090909090909092,0.520888888888889,45
5,0,"2,5,6",SAFE-MLP,0.25,split CP (n+1 corr.),exch,0.7945331978945425,1.0,0.0,0.75,0.25,16,0.25,0.7636363636363637,1.0,0.8818181818181818,0.5671428571428573,42
5,0,"2,5,6",SAFE-MLP,0.25,DtACI,exch,0.7945331978945425,0.875,0.125,0.75,0.125,16,0.42330279602167614,0.8727272727272727,0.875,0.8738636363636363,0.41625,48
5,0,"2,5,6",SAFE-MLP,0.25,DtACI (grow cal),exch,0.7945331978945425,0.875,0.125,0.75,0.125,16,0.3226355744821492,0.8909090909090909,0.875,0.8829545454545454,0.3828571428571429,49
5,0,"2,5,6",SAFE-MLP,0.25,ACI g=0.005,exch,0.7945331978945425,1.0,0.0,0.75,0.25,16,0.2699999999999996,0.8363636363636363,1.0,0.9181818181818182,0.5173913043478261,46
5,0,"2,5,6",SAFE-MLP,0.25,ACI g=0.005 (grow cal),exch,0.7945331978945425,0.875,0.125,0.75,0.125,16,0.2599999999999997,0.8727272727272727,0.875,0.8738636363636363,0.4320833333333333,48
5,0,"2,5,6",SAFE-MLP,0.25,ACI g=0.01,exch,0.7945331978945425,1.0,0.0,0.75,0.25,16,0.29000000000000004,0.8363636363636363,1.0,0.9181818181818182,0.5004347826086957,46
5,0,"2,5,6",SAFE-MLP,0.25,ACI g=0.01 (grow cal),exch,0.7945331978945425,0.875,0.125,0.75,0.125,16,0.27,0.8727272727272727,0.875,0.8738636363636363,0.42625,48
5,0,"2,5,6",SAFE-MLP,0.25,ACI g=0.05,exch,0.7945331978945425,0.875,0.125,0.75,0.125,16,0.35000000000000014,0.8727272727272727,0.875,0.8738636363636363,0.44125,48
5,0,"2,5,6",SAFE-MLP,0.25,ACI g=0.05 (grow cal),exch,0.7945331978945425,0.875,0.125,0.75,0.125,16,0.35000000000000014,0.9090909090909091,0.875,0.8920454545454546,0.39039999999999997,50
5,0,"2,5,6",SAFE-Embed,0.1,split CP (SAFE),blocked,0.8006279434850864,0.01098901098901095,0.989010989010989,0.9,-0.8890109890109891,91,0.1,0.957983193277311,0.01098901098901095,0.48448610213316096,0.2156140350877193,114
5,0,"2,5,6",SAFE-Embed,0.1,split CP (n+1 corr.),blocked,0.8006279434850864,0.05494505494505497,0.945054945054945,0.9,-0.845054945054945,91,0.1,0.957983193277311,0.05494505494505497,0.5064641241111829,0.2952631578947369,114
5,0,"2,5,6",SAFE-Embed,0.1,DtACI,blocked,0.8006279434850864,0.2857142857142857,0.7142857142857143,0.9,-0.6142857142857143,91,0.004966807799624725,0.9159663865546218,0.2857142857142857,0.6008403361344538,0.5143119266055045,109
5,0,"2,5,6",SAFE-Embed,0.1,DtACI (grow cal),blocked,0.8006279434850864,0.8131868131868132,0.18681318681318682,0.9,-0.08681318681318684,91,0.17925504196343417,0.6050420168067226,0.8131868131868132,0.7091144149967679,0.8058333333333334,72
5,0,"2,5,6",SAFE-Embed,0.1,ACI g=0.005,blocked,0.8006279434850864,0.2637362637362637,0.7362637362637363,0.9,-0.6362637362637363,91,0.0015,0.907563025210084,0.2637362637362637,0.5856496444731738,0.5037037037037037,108
5,0,"2,5,6",SAFE-Embed,0.1,ACI g=0.005 (grow cal),blocked,0.8006279434850864,0.8241758241758241,0.17582417582417584,0.9,-0.07582417582417589,91,0.06499999999999997,0.5042016806722689,0.8241758241758241,0.6641887524240465,0.8086666666666666,60
5,0,"2,5,6",SAFE-Embed,0.1,ACI g=0.01,blocked,0.8006279434850864,0.29670329670329665,0.7032967032967034,0.9,-0.6032967032967034,91,0.002,0.907563025210084,0.29670329670329665,0.6021331609566903,0.5298148148148148,108
5,0,"2,5,6",SAFE-Embed,0.1,ACI g=0.01 (grow cal),blocked,0.8006279434850864,0.8461538461538461,0.15384615384615385,0.9,-0.05384615384615388,91,0.051000000000000045,0.3445378151260504,0.8461538461538461,0.5953458306399483,0.8341463414634145,41
5,0,"2,5,6",SAFE-Embed,0.1,ACI g=0.05,blocked,0.8006279434850864,0.29670329670329665,0.7032967032967034,0.9,-0.6032967032967034,91,0.006000000000000001,0.9159663865546218,0.29670329670329665,0.6063348416289592,0.5396330275229357,109
5,0,"2,5,6",SAFE-Embed,0.1,ACI g=0.05 (grow cal),blocked,0.8006279434850864,0.8571428571428572,0.14285714285714285,0.9,-0.042857142857142816,91,0.1510000000000002,0.5714285714285714,0.8571428571428572,0.7142857142857143,0.8652941176470588,68
5,0,"2,5,6",SAFE-Embed,0.1,split CP (SAFE),shuffled,0.8006279434850864,0.01098901098901095,0.989010989010989,0.9,-0.8890109890109891,91,0.1,0.957983193277311,0.01098901098901095,0.48448610213316096,0.21561403508771929,114
5,0,"2,5,6",SAFE-Embed,0.1,split CP (n+1 corr.),shuffled,0.8006279434850864,0.05494505494505497,0.945054945054945,0.9,-0.845054945054945,91,0.1,0.957983193277311,0.05494505494505497,0.5064641241111829,0.2952631578947369,114
5,0,"2,5,6",SAFE-Embed,0.1,DtACI,shuffled,0.8006279434850864,0.27472527472527475,0.7252747252747253,0.9,-0.6252747252747253,91,0.01450371352599187,0.9159663865546218,0.27472527472527475,0.5953458306399483,0.49908256880733937,109
5,0,"2,5,6",SAFE-Embed,0.1,DtACI (grow cal),shuffled,0.8006279434850864,0.8131868131868132,0.18681318681318682,0.9,-0.08681318681318684,91,0.10163109893055472,0.6302521008403361,0.8131868131868132,0.7217194570135747,0.7666666666666667,75
5,0,"2,5,6",SAFE-Embed,0.1,ACI g=0.005,shuffled,0.8006279434850864,0.27472527472527475,0.7252747252747253,0.9,-0.6252747252747253,91,0.003,0.9159663865546218,0.27472527472527475,0.5953458306399483,0.48183486238532114,109
5,0,"2,5,6",SAFE-Embed,0.1,ACI g=0.005 (grow cal),shuffled,0.8006279434850864,0.8131868131868132,0.18681318681318682,0.9,-0.08681318681318684,91,0.06049999999999997,0.6134453781512605,0.8131868131868132,0.7133160956690369,0.7575342465753425,73
5,0,"2,5,6",SAFE-Embed,0.1,ACI g=0.01,shuffled,0.8006279434850864,0.29670329670329665,0.7032967032967034,0.9,-0.6032967032967034,91,0.005,0.907563025210084,0.29670329670329665,0.6021331609566903,0.5194444444444445,108
5,0,"2,5,6",SAFE-Embed,0.1,ACI g=0.01 (grow cal),shuffled,0.8006279434850864,0.8461538461538461,0.15384615384615385,0.9,-0.05384615384615388,91,0.05099999999999999,0.5882352941176471,0.8461538461538461,0.7171945701357466,0.7654285714285715,70
5,0,"2,5,6",SAFE-Embed,0.1,ACI g=0.05,shuffled,0.8006279434850864,0.31868131868131866,0.6813186813186813,0.9,-0.5813186813186814,91,0.021000000000000005,0.907563025210084,0.31868131868131866,0.6131221719457014,0.5298148148148148,108
5,0,"2,5,6",SAFE-Embed,0.1,ACI g=0.05 (grow cal),shuffled,0.8006279434850864,0.8791208791208791,0.12087912087912088,0.9,-0.020879120879120916,91,0.056000000000000036,0.4957983193277311,0.8791208791208791,0.6874595992243051,0.8233898305084746,59
5,0,"2,5,6",SAFE-Embed,0.1,split CP (SAFE),exch,0.8006279434850864,1.0,0.0,0.9,0.09999999999999998,16,0.1,0.4909090909090909,1.0,0.7454545454545455,0.6111111111111112,27
5,0,"2,5,6",SAFE-Embed,0.1,split CP (n+1 corr.),exch,0.8006279434850864,1.0,0.0,0.9,0.09999999999999998,16,0.1,0.41818181818181815,1.0,0.7090909090909091,0.6347826086956523,23
5,0,"2,5,6",SAFE-Embed,0.1,DtACI,exch,0.8006279434850864,0.9375,0.0625,0.9,0.03749999999999998,16,0.15710363914756062,0.5272727272727272,0.9375,0.7323863636363637,0.5227586206896552,29
5,0,"2,5,6",SAFE-Embed,0.1,DtACI (grow cal),exch,0.8006279434850864,0.9375,0.0625,0.9,0.03749999999999998,16,0.15699564223665208,0.5818181818181818,0.9375,0.7596590909090909,0.50625,32
5,0,"2,5,6",SAFE-Embed,0.1,ACI g=0.005,exch,0.8006279434850864,1.0,0.0,0.9,0.09999999999999998,16,0.10800000000000001,0.509090909090909,1.0,0.7545454545454545,0.6171428571428572,28
5,0,"2,5,6",SAFE-Embed,0.1,ACI g=0.005 (grow cal),exch,0.8006279434850864,0.9375,0.0625,0.9,0.03749999999999998,16,0.10300000000000001,0.5272727272727272,0.9375,0.7323863636363637,0.5427586206896552,29
5,0,"2,5,6",SAFE-Embed,0.1,ACI g=0.01,exch,0.8006279434850864,1.0,0.0,0.9,0.09999999999999998,16,0.11600000000000002,0.509090909090909,1.0,0.7545454545454545,0.6092857142857142,28
5,0,"2,5,6",SAFE-Embed,0.1,ACI g=0.01 (grow cal),exch,0.8006279434850864,0.9375,0.0625,0.9,0.03749999999999998,16,0.10600000000000001,0.5272727272727272,0.9375,0.7323863636363637,0.5386206896551724,29
5,0,"2,5,6",SAFE-Embed,0.1,ACI g=0.05,exch,0.8006279434850864,0.9375,0.0625,0.9,0.03749999999999998,16,0.13000000000000006,0.5272727272727272,0.9375,0.7323863636363637,0.5593103448275861,29
5,0,"2,5,6",SAFE-Embed,0.1,ACI g=0.05 (grow cal),exch,0.8006279434850864,0.9375,0.0625,0.9,0.03749999999999998,16,0.13000000000000006,0.5454545454545454,0.9375,0.7414772727272727,0.5046666666666667,30
5,0,"2,5,6",SAFE-Embed,0.15,split CP (SAFE),blocked,0.8006279434850864,0.0,1.0,0.85,-0.85,91,0.15,0.9747899159663865,0.0,0.48739495798319327,0.17948275862068966,116
5,0,"2,5,6",SAFE-Embed,0.15,split CP (n+1 corr.),blocked,0.8006279434850864,0.09890109890109888,0.9010989010989011,0.85,-0.7510989010989011,91,0.15,0.9495798319327731,0.09890109890109888,0.5242404654169359,0.4743362831858407,113
5,0,"2,5,6",SAFE-Embed,0.15,DtACI,blocked,0.8006279434850864,0.31868131868131866,0.6813186813186813,0.85,-0.5313186813186813,91,0.007233524585439531,0.907563025210084,0.31868131868131866,0.6131221719457014,0.6453703703703704,108
5,0,"2,5,6",SAFE-Embed,0.15,DtACI (grow cal),blocked,0.8006279434850864,0.7362637362637363,0.26373626373626374,0.85,-0.11373626373626367,91,0.197850471329041,0.6722689075630253,0.7362637362637363,0.7042663219133808,0.8149999999999998,80
5,0,"2,5,6",SAFE-Embed,0.15,ACI g=0.005,blocked,0.8006279434850864,0.29670329670329665,0.7032967032967034,0.85,-0.5532967032967033,91,0.00175,0.8991596638655462,0.29670329670329665,0.5979314802844214,0.6001869158878503,107
5,0,"2,5,6",SAFE-Embed,0.15,ACI g=0.005 (grow cal),blocked,0.8006279434850864,0.7802197802197802,0.21978021978021978,0.85,-0.06978021978021975,91,0.11749999999999997,0.5882352941176471,0.7802197802197802,0.6842275371687137,0.8200000000000002,70
5,0,"2,5,6",SAFE-Embed,0.15,ACI g=0.01,blocked,0.8006279434850864,0.34065934065934067,0.6593406593406593,0.85,-0.5093406593406593,91,0.0025,0.8907563025210085,0.34065934065934067,0.6157078215901746,0.6499999999999999,106
5,0,"2,5,6",SAFE-Embed,0.15,ACI g=0.01 (grow cal),blocked,0.8006279434850864,0.8131868131868132,0.18681318681318682,0.85,-0.03681318681318679,91,0.11499999999999999,0.5210084033613446,0.8131868131868132,0.6670976082740789,0.824516129032258,62
5,0,"2,5,6",SAFE-Embed,0.15,ACI g=0.05,blocked,0.8006279434850864,0.3516483516483516,0.6483516483516484,0.85,-0.49835164835164836,91,0.0085,0.907563025210084,0.3516483516483516,0.6296056884292178,0.6907407407407407,108
5,0,"2,5,6",SAFE-Embed,0.15,ACI g=0.05 (grow cal),blocked,0.8006279434850864,0.8351648351648352,0.16483516483516483,0.85,-0.014835164835164782,91,0.20100000000000026,0.6302521008403361,0.8351648351648352,0.7327084680025857,0.8517333333333333,75
5,0,"2,5,6",SAFE-Embed,0.15,split CP (SAFE),shuffled,0.8006279434850864,0.0,1.0,0.85,-0.85,91,0.15,0.9747899159663865,0.0,0.48739495798319327,0.1794827586206897,116
5,0,"2,5,6",SAFE-Embed,0.15,split CP (n+1 corr.),shuffled,0.8006279434850864,0.09890109890109888,0.9010989010989011,0.85,-0.7510989010989011,91,0.15,0.9495798319327731,0.09890109890109888,0.5242404654169359,0.4743362831858407,113
5,0,"2,5,6",SAFE-Embed,0.15,DtACI,shuffled,0.8006279434850864,0.29670329670329665,0.7032967032967034,0.85,-0.5532967032967033,91,0.01764236932264072,0.8991596638655462,0.29670329670329665,0.5979314802844214,0.6371962616822431,107
5,0,"2,5,6",SAFE-Embed,0.15,DtACI (grow cal),shuffled,0.8006279434850864,0.7802197802197802,0.21978021978021978,0.85,-0.06978021978021975,91,0.11830195952112514,0.7310924369747899,0.7802197802197802,0.755656108597285,0.7997701149425289,87
5,0,"2,5,6",SAFE-Embed,0.15,ACI g=0.005,shuffled,0.8006279434850864,0.2857142857142857,0.7142857142857143,0.85,-0.5642857142857143,91,0.004,0.8991596638655462,0.2857142857142857,0.592436974789916,0.5637383177570093,107
5,0,"2,5,6",SAFE-Embed,0.15,ACI g=0.005 (grow cal),shuffled,0.8006279434850864,0.7802197802197802,0.21978021978021978,0.85,-0.06978021978021975,91,0.11824999999999997,0.7563025210084033,0.7802197802197802,0.7682611506140917,0.7928888888888889,90
5,0,"2,5,6",SAFE-Embed,0.15,ACI g=0.01,shuffled,0.8006279434850864,0.3296703296703297,0.6703296703296703,0.85,-0.5203296703296703,91,0.006999999999999999,0.8991596638655462,0.3296703296703297,0.614414996767938,0.6261682242990654,107
5,0,"2,5,6",SAFE-Embed,0.15,ACI g=0.01 (grow cal),shuffled,0.8006279434850864,0.8021978021978022,0.1978021978021978,0.85,-0.04780219780219774,91,0.10649999999999996,0.6890756302521008,0.8021978021978022,0.7456367162249515,0.7980487804878048,82
5,0,"2,5,6",SAFE-Embed,0.15,ACI g=0.05,shuffled,0.8006279434850864,0.3626373626373627,0.6373626373626373,0.85,-0.4873626373626373,91,0.016,0.8907563025210085,0.3626373626373627,0.6266968325791855,0.6662264150943397,106
5,0,"2,5,6",SAFE-Embed,0.15,ACI g=0.05 (grow cal),shuffled,0.8006279434850864,0.8461538461538461,0.15384615384615385,0.85,-0.0038461538461538325,91,0.13250000000000026,0.6722689075630253,0.8461538461538461,0.7592113768584356,0.8175000000000001,80
5,0,"2,5,6",SAFE-Embed,0.15,split CP (SAFE),exch,0.8006279434850864,0.9375,0.0625,0.85,0.08750000000000002,16,0.15,0.5454545454545454,0.9375,0.7414772727272727,0.5406666666666666,30
5,0,"2,5,6",SAFE-Embed,0.15,split CP (n+1 corr.),exch,0.8006279434850864,1.0,0.0,0.85,0.15000000000000002,16,0.15,0.43636363636363634,1.0,0.7181818181818181,0.6933333333333334,24
5,0,"2,5,6",SAFE-Embed,0.15,DtACI,exch,0.8006279434850864,0.875,0.125,0.85,0.025000000000000022,16,0.1700930450142757,0.6181818181818182,0.875,0.7465909090909091,0.48588235294117643,34
5,0,"2,5,6",SAFE-Embed,0.15,DtACI (grow cal),exch,0.8006279434850864,0.875,0.125,0.85,0.025000000000000022,16,0.16591612606480743,0.6181818181818182,0.875,0.7465909090909091,0.4964705882352941,34
5,0,"2,5,6",SAFE-Embed,0.15,ACI g=0.005,exch,0.8006279434850864,0.9375,0.0625,0.85,0.08750000000000002,16,0.157,0.5454545454545454,0.9375,0.7414772727272727,0.502,30
5,0,"2,5,6",SAFE-Embed,0.15,ACI g=0.005 (grow cal),exch,0.8006279434850864,0.9375,0.0625,0.85,0.08750000000000002,16,0.157,0.6,0.9375,0.76875,0.4721212121212121,33
5,0,"2,5,6",SAFE-Embed,0.15,ACI g=0.01,exch,0.8006279434850864,0.9375,0.0625,0.85,0.08750000000000002,16,0.164,0.5636363636363636,0.9375,0.7505681818181817,0.5019354838709678,31
5,0,"2,5,6",SAFE-Embed,0.15,ACI g=0.01 (grow cal),exch,0.8006279434850864,0.9375,0.0625,0.85,0.08750000000000002,16,0.164,0.6181818181818182,0.9375,0.7778409090909091,0.48117647058823526,34
5,0,"2,5,6",SAFE-Embed,0.15,ACI g=0.05,exch,0.8006279434850864,0.875,0.125,0.85,0.025000000000000022,16,0.17000000000000007,0.6545454545454545,0.875,0.7647727272727273,0.5,36
5,0,"2,5,6",SAFE-Embed,0.15,ACI g=0.05 (grow cal),exch,0.8006279434850864,0.875,0.125,0.85,0.025000000000000022,16,0.17000000000000007,0.6181818181818182,0.875,0.7465909090909091,0.49705882352941183,34
5,0,"2,5,6",SAFE-Embed,0.2,split CP (SAFE),blocked,0.8006279434850864,0.0,1.0,0.8,-0.8,91,0.2,1.0,0.0,0.5,0.02033613445378151,119
5,0,"2,5,6",SAFE-Embed,0.2,split CP (n+1 corr.),blocked,0.8006279434850864,0.0,1.0,0.8,-0.8,91,0.2,1.0,0.0,0.5,0.07781512605042017,119
5,0,"2,5,6",SAFE-Embed,0.2,DtACI,blocked,0.8006279434850864,0.3076923076923077,0.6923076923076923,0.8,-0.49230769230769234,91,0.010575948353562969,0.907563025210084,0.3076923076923077,0.6076276664511959,0.6707407407407409,108
5,0,"2,5,6",SAFE-Embed,0.2,DtACI (grow cal),blocked,0.8006279434850864,0.6923076923076923,0.3076923076923077,0.8,-0.10769230769230775,91,0.2596192212305359,0.7142857142857143,0.6923076923076923,0.7032967032967032,0.8197647058823531,85
5,0,"2,5,6",SAFE-Embed,0.2,ACI g=0.005,blocked,0.8006279434850864,0.21978021978021978,0.7802197802197802,0.8,-0.5802197802197803,91,0.002,0.9159663865546218,0.21978021978021978,0.5678733031674208,0.5282568807339451,109
5,0,"2,5,6",SAFE-Embed,0.2,ACI g=0.005 (grow cal),blocked,0.8006279434850864,0.7472527472527473,0.25274725274725274,0.8,-0.05274725274725278,91,0.175,0.6974789915966386,0.7472527472527473,0.7223658694246929,0.8122891566265062,83
5,0,"2,5,6",SAFE-Embed,0.2,ACI g=0.01,blocked,0.8006279434850864,0.29670329670329665,0.7032967032967034,0.8,-0.5032967032967034,91,0.003,0.907563025210084,0.29670329670329665,0.6021331609566903,0.6537037037037038,108
5,0,"2,5,6",SAFE-Embed,0.2,ACI g=0.01 (grow cal),blocked,0.8006279434850864,0.7582417582417582,0.24175824175824176,0.8,-0.04175824175824183,91,0.15999999999999998,0.6386554621848739,0.7582417582417582,0.6984486102133161,0.8263157894736842,76
5,0,"2,5,6",SAFE-Embed,0.2,ACI g=0.05,blocked,0.8006279434850864,0.3516483516483516,0.6483516483516484,0.8,-0.4483516483516484,91,0.011000000000000003,0.907563025210084,0.3516483516483516,0.6296056884292178,0.702962962962963,108
5,0,"2,5,6",SAFE-Embed,0.2,ACI g=0.05 (grow cal),blocked,0.8006279434850864,0.7802197802197802,0.21978021978021978,0.8,-0.01978021978021982,91,0.25100000000000033,0.6470588235294118,0.7802197802197802,0.713639301874596,0.8706493506493508,77
5,0,"2,5,6",SAFE-Embed,0.2,split CP (SAFE),shuffled,0.8006279434850864,0.0,1.0,0.8,-0.8,91,0.2,1.0,0.0,0.5,0.02033613445378151,119
5,0,"2,5,6",SAFE-Embed,0.2,split CP (n+1 corr.),shuffled,0.8006279434850864,0.0,1.0,0.8,-0.8,91,0.2,1.0,0.0,0.5,0.07781512605042017,119
5,0,"2,5,6",SAFE-Embed,0.2,DtACI,shuffled,0.8006279434850864,0.2857142857142857,0.7142857142857143,0.8,-0.5142857142857143,91,0.02545121905020944,0.8907563025210085,0.2857142857142857,0.5882352941176471,0.6609433962264151,106
5,0,"2,5,6",SAFE-Embed,0.2,DtACI (grow cal),shuffled,0.8006279434850864,0.7142857142857143,0.2857142857142857,0.8,-0.08571428571428574,91,0.15056031432078926,0.7983193277310925,0.7142857142857143,0.7563025210084033,0.7968421052631579,95
5,0,"2,5,6",SAFE-Embed,0.2,ACI g=0.005,shuffled,0.8006279434850864,0.21978021978021978,0.7802197802197802,0.8,-0.5802197802197803,91,0.005,0.907563025210084,0.21978021978021978,0.5636716224951519,0.46666666666666673,108
5,0,"2,5,6",SAFE-Embed,0.2,ACI g=0.005 (grow cal),shuffled,0.8006279434850864,0.6923076923076923,0.3076923076923077,0.8,-0.10769230769230775,91,0.15099999999999997,0.8067226890756303,0.6923076923076923,0.7495151906916613,0.775,96
5,0,"2,5,6",SAFE-Embed,0.2,ACI g=0.01,shuffled,0.8006279434850864,0.31868131868131866,0.6813186813186813,0.8,-0.4813186813186814,91,0.009000000000000001,0.907563025210084,0.31868131868131866,0.6131221719457014,0.5862962962962962,108
5,0,"2,5,6",SAFE-Embed,0.2,ACI g=0.01 (grow cal),shuffled,0.8006279434850864,0.7252747252747253,0.27472527472527475,0.8,-0.07472527472527479,91,0.13199999999999995,0.7899159663865546,0.7252747252747253,0.7575953458306399,0.8148936170212767,94
5,0,"2,5,6",SAFE-Embed,0.2,ACI g=0.05,shuffled,0.8006279434850864,0.3296703296703297,0.6703296703296703,0.8,-0.4703296703296703,91,0.021000000000000005,0.8907563025210085,0.3296703296703297,0.6102133160956691,0.6828301886792454,106
5,0,"2,5,6",SAFE-Embed,0.2,ACI g=0.05 (grow cal),shuffled,0.8006279434850864,0.7912087912087912,0.2087912087912088,0.8,-0.008791208791208871,91,0.16100000000000012,0.6890756302521008,0.7912087912087912,0.7401422107304461,0.8317073170731706,82
5,0,"2,5,6",SAFE-Embed,0.2,split CP (SAFE),exch,0.8006279434850864,0.75,0.25,0.8,-0.050000000000000044,16,0.2,0.7272727272727273,0.75,0.7386363636363636,0.493,40
5,0,"2,5,6",SAFE-Embed,0.2,split CP (n+1 corr.),exch,0.8006279434850864,0.9375,0.0625,0.8,0.13749999999999996,16,0.2,0.6363636363636364,0.9375,0.7869318181818181,0.5005714285714286,35
5,0,"2,5,6",SAFE-Embed,0.2,DtACI,exch,0.8006279434850864,0.75,0.25,0.8,-0.050000000000000044,16,0.15489792309152145,0.7454545454545455,0.75,0.7477272727272728,0.47609756097560973,41
5,0,"2,5,6",SAFE-Embed,0.2,DtACI (grow cal),exch,0.8006279434850864,0.75,0.25,0.8,-0.050000000000000044,16,0.164630506920466,0.7818181818181819,0.75,0.7659090909090909,0.4832558139534883,43
5,0,"2,5,6",SAFE-Embed,0.2,ACI g=0.005,exch,0.8006279434850864,0.75,0.25,0.8,-0.050000000000000044,16,0.196,0.7272727272727273,0.75,0.7386363636363636,0.491,40
5,0,"2,5,6",SAFE-Embed,0.2,ACI g=0.005 (grow cal),exch,0.8006279434850864,0.75,0.25,0.8,-0.050000000000000044,16,0.196,0.7454545454545455,0.75,0.7477272727272728,0.4707317073170732,41
5,0,"2,5,6",SAFE-Embed,0.2,ACI g=0.01,exch,0.8006279434850864,0.75,0.25,0.8,-0.050000000000000044,16,0.192,0.7272727272727273,0.75,0.7386363636363636,0.48949999999999994,40
5,0,"2,5,6",SAFE-Embed,0.2,ACI g=0.01 (grow cal),exch,0.8006279434850864,0.75,0.25,0.8,-0.050000000000000044,16,0.192,0.7454545454545455,0.75,0.7477272727272728,0.46926829268292686,41
5,0,"2,5,6",SAFE-Embed,0.2,ACI g=0.05,exch,0.8006279434850864,0.75,0.25,0.8,-0.050000000000000044,16,0.16000000000000006,0.7454545454545455,0.75,0.7477272727272728,0.47560975609756106,41
5,0,"2,5,6",SAFE-Embed,0.2,ACI g=0.05 (grow cal),exch,0.8006279434850864,0.75,0.25,0.8,-0.050000000000000044,16,0.16000000000000006,0.7818181818181819,0.75,0.7659090909090909,0.48279069767441857,43
5,0,"2,5,6",SAFE-Embed,0.25,split CP (SAFE),blocked,0.8006279434850864,0.0,1.0,0.75,-0.75,91,0.25,1.0,0.0,0.5,0.0036974789915966387,119
5,0,"2,5,6",SAFE-Embed,0.25,split CP (n+1 corr.),blocked,0.8006279434850864,0.0,1.0,0.75,-0.75,91,0.25,1.0,0.0,0.5,0.004201680672268907,119
5,0,"2,5,6",SAFE-Embed,0.25,DtACI,blocked,0.8006279434850864,0.31868131868131866,0.6813186813186813,0.75,-0.43131868131868134,91,0.0142644783448654,0.907563025210084,0.31868131868131866,0.6131221719457014,0.6681481481481483,108
5,0,"2,5,6",SAFE-Embed,0.25,DtACI (grow cal),blocked,0.8006279434850864,0.6483516483516483,0.3516483516483517,0.75,-0.10164835164835173,91,0.28590249213257335,0.7563025210084033,0.6483516483516483,0.7023270846800258,0.7886666666666667,90
5,0,"2,5,6",SAFE-Embed,0.25,ACI g=0.005,blocked,0.8006279434850864,0.1208791208791209,0.8791208791208791,0.75,-0.6291208791208791,91,0.002250000000000001,0.9327731092436975,0.1208791208791209,0.5268261150614092,0.42612612612612616,111
5,0,"2,5,6",SAFE-Embed,0.25,ACI g=0.005 (grow cal),blocked,0.8006279434850864,0.6483516483516483,0.3516483516483517,0.75,-0.10164835164835173,91,0.20249999999999996,0.7310924369747899,0.6483516483516483,0.6897220426632191,0.7712643678160921,87
5,0,"2,5,6",SAFE-Embed,0.25,ACI g=0.01,blocked,0.8006279434850864,0.29670329670329665,0.7032967032967034,0.75,-0.45329670329670335,91,0.003500000000000001,0.9159663865546218,0.29670329670329665,0.6063348416289592,0.5763302752293579,109
5,0,"2,5,6",SAFE-Embed,0.25,ACI g=0.01 (grow cal),blocked,0.8006279434850864,0.7142857142857143,0.2857142857142857,0.75,-0.0357142857142857,91,0.21499999999999997,0.7226890756302521,0.7142857142857143,0.7184873949579832,0.794186046511628,86
5,0,"2,5,6",SAFE-Embed,0.25,ACI g=0.05,blocked,0.8006279434850864,0.34065934065934067,0.6593406593406593,0.75,-0.40934065934065933,91,0.013500000000000002,0.907563025210084,0.34065934065934067,0.6241111829347123,0.689814814814815,108
5,0,"2,5,6",SAFE-Embed,0.25,ACI g=0.05 (grow cal),blocked,0.8006279434850864,0.7472527472527473,0.25274725274725274,0.75,-0.0027472527472527375,91,0.3010000000000003,0.6890756302521008,0.7472527472527473,0.718164188752424,0.8470731707317074,82
5,0,"2,5,6",SAFE-Embed,0.25,split CP (SAFE),shuffled,0.8006279434850864,0.0,1.0,0.75,-0.75,91,0.25,1.0,0.0,0.5,0.0036974789915966387,119
5,0,"2,5,6",SAFE-Embed,0.25,split CP (n+1 corr.),shuffled,0.8006279434850864,0.0,1.0,0.75,-0.75,91,0.25,1.0,0.0,0.5,0.004201680672268907,119
5,0,"2,5,6",SAFE-Embed,0.25,DtACI,shuffled,0.8006279434850864,0.2857142857142857,0.7142857142857143,0.75,-0.4642857142857143,91,0.03267558009491034,0.8907563025210085,0.2857142857142857,0.5882352941176471,0.6537735849056604,106
5,0,"2,5,6",SAFE-Embed,0.25,DtACI (grow cal),shuffled,0.8006279434850864,0.6483516483516483,0.3516483516483517,0.75,-0.10164835164835173,91,0.18694930105728164,0.8235294117647058,0.6483516483516483,0.7359405300581771,0.7765306122448977,98
5,0,"2,5,6",SAFE-Embed,0.25,ACI g=0.005,shuffled,0.8006279434850864,0.15384615384615385,0.8461538461538461,0.75,-0.5961538461538461,91,0.006000000000000001,0.9243697478991597,0.15384615384615385,0.5391079508726568,0.33709090909090905,110
5,0,"2,5,6",SAFE-Embed,0.25,ACI g=0.005 (grow cal),shuffled,0.8006279434850864,0.6043956043956045,0.3956043956043956,0.75,-0.14560439560439553,91,0.18374999999999994,0.8319327731092437,0.6043956043956045,0.7181641887524242,0.7432323232323232,99
5,0,"2,5,6",SAFE-Embed,0.25,ACI g=0.01,shuffled,0.8006279434850864,0.2857142857142857,0.7142857142857143,0.75,-0.4642857142857143,91,0.011000000000000001,0.907563025210084,0.2857142857142857,0.5966386554621849,0.502962962962963,108
5,0,"2,5,6",SAFE-Embed,0.25,ACI g=0.01 (grow cal),shuffled,0.8006279434850864,0.6593406593406593,0.34065934065934067,0.75,-0.09065934065934067,91,0.16749999999999993,0.8235294117647058,0.6593406593406593,0.7414350355526826,0.7622448979591837,98
5,0,"2,5,6",SAFE-Embed,0.25,ACI g=0.05,shuffled,0.8006279434850864,0.29670329670329665,0.7032967032967034,0.75,-0.45329670329670335,91,0.026000000000000002,0.8907563025210085,0.29670329670329665,0.5937297996121526,0.6713207547169813,106
5,0,"2,5,6",SAFE-Embed,0.25,ACI g=0.05 (grow cal),shuffled,0.8006279434850864,0.7362637362637363,0.26373626373626374,0.75,-0.013736263736263687,91,0.1875000000000003,0.7815126050420168,0.7362637362637363,0.7588881706528765,0.8161290322580644,93
5,0,"2,5,6",SAFE-Embed,0.25,split CP (SAFE),exch,0.8006279434850864,0.75,0.25,0.75,0.0,16,0.25,0.7818181818181819,0.75,0.7659090909090909,0.47441860465116287,43
5,0,"2,5,6",SAFE-Embed,0.25,split CP (n+1 corr.),exch,0.8006279434850864,0.75,0.25,0.75,0.0,16,0.25,0.7454545454545455,0.75,0.7477272727272728,0.4517073170731708,41
5,0,"2,5,6",SAFE-Embed,0.25,DtACI,exch,0.8006279434850864,0.75,0.25,0.75,0.0,16,0.20627352365803892,0.8,0.75,0.775,0.4836363636363636,44
5,0,"2,5,6",SAFE-Embed,0.25,DtACI (grow cal),exch,0.8006279434850864,0.625,0.375,0.75,-0.125,16,0.19120347865189613,0.8,0.625,0.7125,0.45909090909090905,44
5,0,"2,5,6",SAFE-Embed,0.25,ACI g=0.005,exch,0.8006279434850864,0.75,0.25,0.75,0.0,16,0.24999999999999975,0.7818181818181819,0.75,0.7659090909090909,0.4706976744186046,43
5,0,"2,5,6",SAFE-Embed,0.25,ACI g=0.005 (grow cal),exch,0.8006279434850864,0.6875,0.3125,0.75,-0.0625,16,0.2449999999999998,0.8,0.6875,0.74375,0.4722727272727273,44
5,0,"2,5,6",SAFE-Embed,0.25,ACI g=0.01,exch,0.8006279434850864,0.75,0.25,0.75,0.0,16,0.25,0.8,0.75,0.775,0.48181818181818187,44
5,0,"2,5,6",SAFE-Embed,0.25,ACI g=0.01 (grow cal),exch,0.8006279434850864,0.6875,0.3125,0.75,-0.0625,16,0.24,0.8,0.6875,0.74375,0.4700000000000001,44
5,0,"2,5,6",SAFE-Embed,0.25,ACI g=0.05,exch,0.8006279434850864,0.6875,0.3125,0.75,-0.0625,16,0.20000000000000007,0.8,0.6875,0.74375,0.4754545454545455,44
5,0,"2,5,6",SAFE-Embed,0.25,ACI g=0.05 (grow cal),exch,0.8006279434850864,0.625,0.375,0.75,-0.125,16,0.15000000000000005,0.8,0.625,0.7125,0.46318181818181814,44
5,0,"2,5,6",H&S inter+intra,0.1,split CP (SAFE),blocked,0.7415273801828424,0.8351648351648352,0.16483516483516483,0.9,-0.06483516483516483,91,0.1,0.29411764705882354,0.8351648351648352,0.5646412411118293,0.49028571428571427,35
5,0,"2,5,6",H&S inter+intra,0.1,split CP (n+1 corr.),blocked,0.7415273801828424,0.8681318681318682,0.13186813186813187,0.9,-0.031868131868131866,91,0.1,0.25210084033613445,0.8681318681318682,0.5601163542340013,0.4493333333333333,30
5,0,"2,5,6",H&S inter+intra,0.1,DtACI,blocked,0.7415273801828424,0.8571428571428572,0.14285714285714285,0.9,-0.042857142857142816,91,0.06425000000000004,0.2857142857142857,0.8571428571428572,0.5714285714285714,0.4782352941176471,34
5,0,"2,5,6",H&S inter+intra,0.1,DtACI (grow cal),blocked,0.7415273801828424,0.9010989010989011,0.0989010989010989,0.9,0.001098901098901095,91,0.11425000000000013,0.15126050420168066,0.9010989010989011,0.5261797026502909,0.32888888888888895,18
5,0,"2,5,6",H&S inter+intra,0.1,ACI g=0.005,blocked,0.7415273801828424,0.8461538461538461,0.15384615384615385,0.9,-0.05384615384615388,91,0.07499999999999998,0.2857142857142857,0.8461538461538461,0.5659340659340659,0.47764705882352937,34
5,0,"2,5,6",H&S inter+intra,0.1,ACI g=0.005 (grow cal),blocked,0.7415273801828424,0.9010989010989011,0.0989010989010989,0.9,0.001098901098901095,91,0.1,0.11764705882352941,0.9010989010989011,0.5093729799612152,0.04142857142857143,14
5,0,"2,5,6",H&S inter+intra,0.1,ACI g=0.01,blocked,0.7415273801828424,0.8461538461538461,0.15384615384615385,0.9,-0.05384615384615388,91,0.04999999999999999,0.2773109243697479,0.8461538461538461,0.561732385261797,0.46484848484848484,33
5,0,"2,5,6",H&S inter+intra,0.1,ACI g=0.01 (grow cal),blocked,0.7415273801828424,0.9120879120879121,0.08791208791208792,0.9,0.012087912087912045,91,0.11000000000000001,0.10084033613445378,0.9120879120879121,0.5064641241111829,0.028333333333333335,12
5,0,"2,5,6",H&S inter+intra,0.1,ACI g=0.05,blocked,0.7415273801828424,0.8791208791208791,0.12087912087912088,0.9,-0.020879120879120916,91,0.06100000000000015,0.23529411764705882,0.8791208791208791,0.557207498383969,0.41571428571428576,28
5,0,"2,5,6",H&S inter+intra,0.1,ACI g=0.05 (grow cal),blocked,0.7415273801828424,0.9010989010989011,0.0989010989010989,0.9,0.001098901098901095,91,0.11600000000000019,0.11764705882352941,0.9010989010989011,0.5093729799612152,0.16142857142857145,14
5,0,"2,5,6",H&S inter+intra,0.1,split CP (SAFE),shuffled,0.7415273801828424,0.8351648351648352,0.16483516483516483,0.9,-0.06483516483516483,91,0.1,0.29411764705882354,0.8351648351648352,0.5646412411118293,0.49028571428571427,35
5,0,"2,5,6",H&S inter+intra,0.1,split CP (n+1 corr.),shuffled,0.7415273801828424,0.8681318681318682,0.13186813186813187,0.9,-0.031868131868131866,91,0.1,0.25210084033613445,0.8681318681318682,0.5601163542340013,0.4493333333333333,30
5,0,"2,5,6",H&S inter+intra,0.1,DtACI,shuffled,0.7415273801828424,0.8461538461538461,0.15384615384615385,0.9,-0.05384615384615388,91,0.035875,0.2605042016806723,0.8461538461538461,0.5533290239172592,0.4645161290322581,31
5,0,"2,5,6",H&S inter+intra,0.1,DtACI (grow cal),shuffled,0.7415273801828424,0.8461538461538461,0.15384615384615385,0.9,-0.05384615384615388,91,0.039624999999999994,0.24369747899159663,0.8461538461538461,0.5449256625727213,0.46551724137931033,29
5,0,"2,5,6",H&S inter+intra,0.1,ACI g=0.005,shuffled,0.7415273801828424,0.8351648351648352,0.16483516483516483,0.9,-0.06483516483516483,91,0.07049999999999998,0.2857142857142857,0.8351648351648352,0.5604395604395604,0.47764705882352937,34
5,0,"2,5,6",H&S inter+intra,0.1,ACI g=0.005 (grow cal),shuffled,0.7415273801828424,0.8461538461538461,0.15384615384615385,0.9,-0.05384615384615388,91,0.07549999999999998,0.25210084033613445,0.8461538461538461,0.5491273432449904,0.4793333333333333,30
5,0,"2,5,6",H&S inter+intra,0.1,ACI g=0.01,shuffled,0.7415273801828424,0.8351648351648352,0.16483516483516483,0.9,-0.06483516483516483,91,0.04099999999999999,0.2773109243697479,0.8351648351648352,0.5562378797672916,0.4921212121212122,33
5,0,"2,5,6",H&S inter+intra,0.1,ACI g=0.01 (grow cal),shuffled,0.7415273801828424,0.8461538461538461,0.15384615384615385,0.9,-0.05384615384615388,91,0.050999999999999976,0.24369747899159663,0.8461538461538461,0.5449256625727213,0.46482758620689657,29
5,0,"2,5,6",H&S inter+intra,0.1,ACI g=0.05,shuffled,0.7415273801828424,0.8571428571428572,0.14285714285714285,0.9,-0.042857142857142816,91,0.011000000000000003,0.226890756302521,0.8571428571428572,0.5420168067226891,0.4303703703703704,27
5,0,"2,5,6",H&S inter+intra,0.1,ACI g=0.05 (grow cal),shuffled,0.7415273801828424,0.8791208791208791,0.12087912087912088,0.9,-0.020879120879120916,91,0.011000000000000003,0.19327731092436976,0.8791208791208791,0.5361990950226244,0.49391304347826076,23
5,0,"2,5,6",H&S inter+intra,0.1,split CP (SAFE),exch,0.7415273801828424,0.9375,0.0625,0.9,0.03749999999999998,16,0.1,0.2909090909090909,0.9375,0.6142045454545455,0.76375,16
5,0,"2,5,6",H&S inter+intra,0.1,split CP (n+1 corr.),exch,0.7415273801828424,0.9375,0.0625,0.9,0.03749999999999998,16,0.1,0.23636363636363636,0.9375,0.5869318181818182,0.7276923076923076,13
5,0,"2,5,6",H&S inter+intra,0.1,DtACI,exch,0.7415273801828424,0.9375,0.0625,0.9,0.03749999999999998,16,0.12475000000000006,0.32727272727272727,0.9375,0.6323863636363636,0.7822222222222223,18
5,0,"2,5,6",H&S inter+intra,0.1,DtACI (grow cal),exch,0.7415273801828424,0.9375,0.0625,0.9,0.03749999999999998,16,0.1592950000000001,0.36363636363636365,0.9375,0.6505681818181819,0.758,20
5,0,"2,5,6",H&S inter+intra,0.1,ACI g=0.005,exch,0.7415273801828424,0.9375,0.0625,0.9,0.03749999999999998,16,0.10300000000000001,0.2909090909090909,0.9375,0.6142045454545455,0.76375,16
5,0,"2,5,6",H&S inter+intra,0.1,ACI g=0.005 (grow cal),exch,0.7415273801828424,0.9375,0.0625,0.9,0.03749999999999998,16,0.10300000000000001,0.32727272727272727,0.9375,0.6323863636363636,0.7377777777777778,18
5,0,"2,5,6",H&S inter+intra,0.1,ACI g=0.01,exch,0.7415273801828424,0.9375,0.0625,0.9,0.03749999999999998,16,0.10600000000000001,0.2909090909090909,0.9375,0.6142045454545455,0.76375,16
5,0,"2,5,6",H&S inter+intra,0.1,ACI g=0.01 (grow cal),exch,0.7415273801828424,0.9375,0.0625,0.9,0.03749999999999998,16,0.10600000000000001,0.32727272727272727,0.9375,0.6323863636363636,0.7377777777777778,18
5,0,"2,5,6",H&S inter+intra,0.1,ACI g=0.05,exch,0.7415273801828424,0.9375,0.0625,0.9,0.03749999999999998,16,0.13000000000000006,0.32727272727272727,0.9375,0.6323863636363636,0.7377777777777778,18
5,0,"2,5,6",H&S inter+intra,0.1,ACI g=0.05 (grow cal),exch,0.7415273801828424,0.9375,0.0625,0.9,0.03749999999999998,16,0.13000000000000006,0.36363636363636365,0.9375,0.6505681818181819,0.758,20
5,0,"2,5,6",H&S inter+intra,0.15,split CP (SAFE),blocked,0.7415273801828424,0.8241758241758241,0.17582417582417584,0.85,-0.025824175824175843,91,0.15,0.3697478991596639,0.8241758241758241,0.596961861667744,0.5595454545454547,44
5,0,"2,5,6",H&S inter+intra,0.15,split CP (n+1 corr.),blocked,0.7415273801828424,0.8461538461538461,0.15384615384615385,0.85,-0.0038461538461538325,91,0.15,0.2857142857142857,0.8461538461538461,0.5659340659340659,0.47764705882352937,34
5,0,"2,5,6",H&S inter+intra,0.15,DtACI,blocked,0.7415273801828424,0.8241758241758241,0.17582417582417584,0.85,-0.025824175824175843,91,0.10837500000000005,0.33613445378151263,0.8241758241758241,0.5801551389786683,0.523,40
5,0,"2,5,6",H&S inter+intra,0.15,DtACI (grow cal),blocked,0.7415273801828424,0.8351648351648352,0.16483516483516483,0.85,-0.014835164835164782,91,0.13337500000000013,0.31092436974789917,0.8351648351648352,0.5730446024563671,0.49027027027027026,37
5,0,"2,5,6",H&S inter+intra,0.15,ACI g=0.005,blocked,0.7415273801828424,0.8241758241758241,0.17582417582417584,0.85,-0.025824175824175843,91,0.13749999999999998,0.36134453781512604,0.8241758241758241,0.5927601809954751,0.552093023255814,43
5,0,"2,5,6",H&S inter+intra,0.15,ACI g=0.005 (grow cal),blocked,0.7415273801828424,0.8351648351648352,0.16483516483516483,0.85,-0.014835164835164782,91,0.1425,0.2857142857142857,0.8351648351648352,0.5604395604395604,0.47764705882352937,34
5,0,"2,5,6",H&S inter+intra,0.15,ACI g=0.01,blocked,0.7415273801828424,0.8241758241758241,0.17582417582417584,0.85,-0.025824175824175843,91,0.12499999999999997,0.35294117647058826,0.8241758241758241,0.5885585003232062,0.5428571428571429,42
5,0,"2,5,6",H&S inter+intra,0.15,ACI g=0.01 (grow cal),blocked,0.7415273801828424,0.8351648351648352,0.16483516483516483,0.85,-0.014835164835164782,91,0.13499999999999998,0.2773109243697479,0.8351648351648352,0.5562378797672916,0.46424242424242423,33
5,0,"2,5,6",H&S inter+intra,0.15,ACI g=0.05,blocked,0.7415273801828424,0.8351648351648352,0.16483516483516483,0.85,-0.014835164835164782,91,0.07500000000000029,0.2773109243697479,0.8351648351648352,0.5562378797672916,0.46424242424242423,33
5,0,"2,5,6",H&S inter+intra,0.15,ACI g=0.05 (grow cal),blocked,0.7415273801828424,0.8461538461538461,0.15384615384615385,0.85,-0.0038461538461538325,91,0.12500000000000036,0.29411764705882354,0.8461538461538461,0.5701357466063348,0.4662857142857143,35
5,0,"2,5,6",H&S inter+intra,0.15,split CP (SAFE),shuffled,0.7415273801828424,0.8241758241758241,0.17582417582417584,0.85,-0.025824175824175843,91,0.15,0.3697478991596639,0.8241758241758241,0.596961861667744,0.5595454545454546,44
5,0,"2,5,6",H&S inter+intra,0.15,split CP (n+1 corr.),shuffled,0.7415273801828424,0.8461538461538461,0.15384615384615385,0.85,-0.0038461538461538325,91,0.15,0.2857142857142857,0.8461538461538461,0.5659340659340659,0.47764705882352937,34
5,0,"2,5,6",H&S inter+intra,0.15,DtACI,shuffled,0.7415273801828424,0.8241758241758241,0.17582417582417584,0.85,-0.025824175824175843,91,0.08206250000000007,0.3445378151260504,0.8241758241758241,0.5843568196509372,0.5321951219512195,41
5,0,"2,5,6",H&S inter+intra,0.15,DtACI (grow cal),shuffled,0.7415273801828424,0.8351648351648352,0.16483516483516483,0.85,-0.014835164835164782,91,0.08206250000000007,0.3277310924369748,0.8351648351648352,0.581447963800905,0.558974358974359,39
5,0,"2,5,6",H&S inter+intra,0.15,ACI g=0.005,shuffled,0.7415273801828424,0.8241758241758241,0.17582417582417584,0.85,-0.025824175824175843,91,0.13824999999999998,0.3697478991596639,0.8241758241758241,0.596961861667744,0.5595454545454546,44
5,0,"2,5,6",H&S inter+intra,0.15,ACI g=0.005 (grow cal),shuffled,0.7415273801828424,0.8241758241758241,0.17582417582417584,0.85,-0.025824175824175843,91,0.13824999999999998,0.35294117647058826,0.8241758241758241,0.5885585003232062,0.5414285714285715,42
5,0,"2,5,6",H&S inter+intra,0.15,ACI g=0.01,shuffled,0.7415273801828424,0.8241758241758241,0.17582417582417584,0.85,-0.025824175824175843,91,0.12649999999999997,0.3697478991596639,0.8241758241758241,0.596961861667744,0.5595454545454546,44
5,0,"2,5,6",H&S inter+intra,0.15,ACI g=0.01 (grow cal),shuffled,0.7415273801828424,0.8241758241758241,0.17582417582417584,0.85,-0.025824175824175843,91,0.12649999999999997,0.3445378151260504,0.8241758241758241,0.5843568196509372,0.5541463414634147,41
5,0,"2,5,6",H&S inter+intra,0.15,ACI g=0.05,shuffled,0.7415273801828424,0.8241758241758241,0.17582417582417584,0.85,-0.025824175824175843,91,0.03250000000000028,0.33613445378151263,0.8241758241758241,0.5801551389786683,0.545,40
5,0,"2,5,6",H&S inter+intra,0.15,ACI g=0.05 (grow cal),shuffled,0.7415273801828424,0.8241758241758241,0.17582417582417584,0.85,-0.025824175824175843,91,0.03250000000000028,0.3277310924369748,0.8241758241758241,0.5759534583063994,0.5615384615384615,39
5,0,"2,5,6",H&S inter+intra,0.15,split CP (SAFE),exch,0.7415273801828424,0.9375,0.0625,0.85,0.08750000000000002,16,0.15,0.36363636363636365,0.9375,0.6505681818181819,0.7579999999999999,20
5,0,"2,5,6",H&S inter+intra,0.15,split CP (n+1 corr.),exch,0.7415273801828424,0.9375,0.0625,0.85,0.08750000000000002,16,0.15,0.2727272727272727,0.9375,0.6051136363636364,0.7533333333333333,15
5,0,"2,5,6",H&S inter+intra,0.15,DtACI,exch,0.7415273801828424,0.9375,0.0625,0.85,0.08750000000000002,16,0.17000500000000007,0.38181818181818183,0.9375,0.6596590909090909,0.7285714285714285,21
5,0,"2,5,6",H&S inter+intra,0.15,DtACI (grow cal),exch,0.7415273801828424,0.8125,0.1875,0.85,-0.03749999999999998,16,0.1517900050694447,0.509090909090909,0.8125,0.6607954545454545,0.6664285714285715,28
5,0,"2,5,6",H&S inter+intra,0.15,ACI g=0.005,exch,0.7415273801828424,0.9375,0.0625,0.85,0.08750000000000002,16,0.157,0.36363636363636365,0.9375,0.6505681818181819,0.7579999999999999,20
5,0,"2,5,6",H&S inter+intra,0.15,ACI g=0.005 (grow cal),exch,0.7415273801828424,0.875,0.125,0.85,0.025000000000000022,16,0.152,0.38181818181818183,0.875,0.6284090909090909,0.7666666666666667,21
5,0,"2,5,6",H&S inter+intra,0.15,ACI g=0.01,exch,0.7415273801828424,0.9375,0.0625,0.85,0.08750000000000002,16,0.164,0.36363636363636365,0.9375,0.6505681818181819,0.7579999999999999,20
5,0,"2,5,6",H&S inter+intra,0.15,ACI g=0.01 (grow cal),exch,0.7415273801828424,0.875,0.125,0.85,0.025000000000000022,16,0.154,0.4,0.875,0.6375,0.7763636363636365,22
5,0,"2,5,6",H&S inter+intra,0.15,ACI g=0.05,exch,0.7415273801828424,0.875,0.125,0.85,0.025000000000000022,16,0.17000000000000007,0.38181818181818183,0.875,0.6284090909090909,0.7666666666666667,21
5,0,"2,5,6",H&S inter+intra,0.15,ACI g=0.05 (grow cal),exch,0.7415273801828424,0.875,0.125,0.85,0.025000000000000022,16,0.17000000000000007,0.4727272727272727,0.875,0.6738636363636363,0.7346153846153847,26
5,0,"2,5,6",H&S inter+intra,0.2,split CP (SAFE),blocked,0.7415273801828424,0.7692307692307692,0.23076923076923078,0.8,-0.030769230769230882,91,0.2,0.4789915966386555,0.7692307692307692,0.6241111829347123,0.5975438596491228,57
5,0,"2,5,6",H&S inter+intra,0.2,split CP (n+1 corr.),blocked,0.7415273801828424,0.7912087912087912,0.2087912087912088,0.8,-0.008791208791208871,91,0.2,0.4117647058823529,0.7912087912087912,0.601486748545572,0.5971428571428572,49
5,0,"2,5,6",H&S inter+intra,0.2,DtACI,blocked,0.7415273801828424,0.8021978021978022,0.1978021978021978,0.8,0.00219780219780219,91,0.18525000000000014,0.4117647058823529,0.8021978021978022,0.6069812540400776,0.5791836734693877,49
5,0,"2,5,6",H&S inter+intra,0.2,DtACI (grow cal),blocked,0.7415273801828424,0.7912087912087912,0.2087912087912088,0.8,-0.008791208791208871,91,0.19625000000000026,0.3697478991596639,0.7912087912087912,0.5804783451842275,0.5631818181818183,44
5,0,"2,5,6",H&S inter+intra,0.2,ACI g=0.005,blocked,0.7415273801828424,0.7802197802197802,0.21978021978021978,0.8,-0.01978021978021982,91,0.19,0.453781512605042,0.7802197802197802,0.6170006464124111,0.595925925925926,54
5,0,"2,5,6",H&S inter+intra,0.2,ACI g=0.005 (grow cal),blocked,0.7415273801828424,0.7912087912087912,0.2087912087912088,0.8,-0.008791208791208871,91,0.195,0.3949579831932773,0.7912087912087912,0.5930833872010343,0.5834042553191491,47
5,0,"2,5,6",H&S inter+intra,0.2,ACI g=0.01,blocked,0.7415273801828424,0.7912087912087912,0.2087912087912088,0.8,-0.008791208791208871,91,0.19,0.44537815126050423,0.7912087912087912,0.6182934712346477,0.6049056603773585,53
5,0,"2,5,6",H&S inter+intra,0.2,ACI g=0.01 (grow cal),blocked,0.7415273801828424,0.7912087912087912,0.2087912087912088,0.8,-0.008791208791208871,91,0.19,0.37815126050420167,0.7912087912087912,0.5846800258564964,0.5684444444444445,45
5,0,"2,5,6",H&S inter+intra,0.2,ACI g=0.05,blocked,0.7415273801828424,0.8021978021978022,0.1978021978021978,0.8,0.00219780219780219,91,0.2000000000000005,0.37815126050420167,0.8021978021978022,0.590174531351002,0.5275555555555556,45
5,0,"2,5,6",H&S inter+intra,0.2,ACI g=0.05 (grow cal),blocked,0.7415273801828424,0.8021978021978022,0.1978021978021978,0.8,0.00219780219780219,91,0.20000000000000048,0.35294117647058826,0.8021978021978022,0.5775694893341953,0.49904761904761896,42
5,0,"2,5,6",H&S inter+intra,0.2,split CP (SAFE),shuffled,0.7415273801828424,0.7692307692307692,0.23076923076923078,0.8,-0.030769230769230882,91,0.2,0.4789915966386555,0.7692307692307692,0.6241111829347123,0.5975438596491228,57
5,0,"2,5,6",H&S inter+intra,0.2,split CP (n+1 corr.),shuffled,0.7415273801828424,0.7912087912087912,0.2087912087912088,0.8,-0.008791208791208871,91,0.2,0.4117647058823529,0.7912087912087912,0.601486748545572,0.5971428571428571,49
5,0,"2,5,6",H&S inter+intra,0.2,DtACI,shuffled,0.7415273801828424,0.7582417582417582,0.24175824175824176,0.8,-0.04175824175824183,91,0.14700000000000024,0.4369747899159664,0.7582417582417582,0.5976082740788623,0.5992307692307692,52
5,0,"2,5,6",H&S inter+intra,0.2,DtACI (grow cal),shuffled,0.7415273801828424,0.7692307692307692,0.23076923076923078,0.8,-0.030769230769230882,91,0.14325000000000024,0.42016806722689076,0.7692307692307692,0.59469941822883,0.5644,50
5,0,"2,5,6",H&S inter+intra,0.2,ACI g=0.005,shuffled,0.7415273801828424,0.7692307692307692,0.23076923076923078,0.8,-0.030769230769230882,91,0.186,0.47058823529411764,0.7692307692307692,0.6199095022624435,0.6078571428571429,56
5,0,"2,5,6",H&S inter+intra,0.2,ACI g=0.005 (grow cal),shuffled,0.7415273801828424,0.7582417582417582,0.24175824175824176,0.8,-0.04175824175824183,91,0.181,0.47058823529411764,0.7582417582417582,0.614414996767938,0.6074999999999999,56
5,0,"2,5,6",H&S inter+intra,0.2,ACI g=0.01,shuffled,0.7415273801828424,0.7692307692307692,0.23076923076923078,0.8,-0.030769230769230882,91,0.172,0.453781512605042,0.7692307692307692,0.6115061409179056,0.6111111111111113,54
5,0,"2,5,6",H&S inter+intra,0.2,ACI g=0.01 (grow cal),shuffled,0.7415273801828424,0.7582417582417582,0.24175824175824176,0.8,-0.04175824175824183,91,0.16199999999999998,0.46218487394957986,0.7582417582417582,0.6102133160956691,0.6192727272727273,55
5,0,"2,5,6",H&S inter+intra,0.2,ACI g=0.05,shuffled,0.7415273801828424,0.7802197802197802,0.21978021978021978,0.8,-0.01978021978021982,91,0.11000000000000046,0.42857142857142855,0.7802197802197802,0.6043956043956044,0.5941176470588235,51
5,0,"2,5,6",H&S inter+intra,0.2,ACI g=0.05 (grow cal),shuffled,0.7415273801828424,0.7802197802197802,0.21978021978021978,0.8,-0.01978021978021982,91,0.11000000000000046,0.36134453781512604,0.7802197802197802,0.5707821590174531,0.5525581395348838,43
5,0,"2,5,6",H&S inter+intra,0.2,split CP (SAFE),exch,0.7415273801828424,0.9375,0.0625,0.8,0.13749999999999996,16,0.2,0.4,0.9375,0.66875,0.7745454545454546,22
5,0,"2,5,6",H&S inter+intra,0.2,split CP (n+1 corr.),exch,0.7415273801828424,0.9375,0.0625,0.8,0.13749999999999996,16,0.2,0.38181818181818183,0.9375,0.6596590909090909,0.7666666666666667,21
5,0,"2,5,6",H&S inter+intra,0.2,DtACI,exch,0.7415273801828424,0.8125,0.1875,0.8,0.012499999999999956,16,0.20637000000000028,0.5636363636363636,0.8125,0.6880681818181817,0.646451612903226,31
5,0,"2,5,6",H&S inter+intra,0.2,DtACI (grow cal),exch,0.7415273801828424,0.75,0.25,0.8,-0.050000000000000044,16,0.12134000000000016,0.5818181818181818,0.75,0.6659090909090909,0.6231249999999999,32
5,0,"2,5,6",H&S inter+intra,0.2,ACI g=0.005,exch,0.7415273801828424,0.875,0.125,0.8,0.07499999999999996,16,0.20600000000000002,0.4,0.875,0.6375,0.7745454545454546,22
5,0,"2,5,6",H&S inter+intra,0.2,ACI g=0.005 (grow cal),exch,0.7415273801828424,0.875,0.125,0.8,0.07499999999999996,16,0.20600000000000002,0.4727272727272727,0.875,0.6738636363636363,0.7400000000000001,26
5,0,"2,5,6",H&S inter+intra,0.2,ACI g=0.01,exch,0.7415273801828424,0.875,0.125,0.8,0.07499999999999996,16,0.21200000000000002,0.4,0.875,0.6375,0.7745454545454546,22
5,0,"2,5,6",H&S inter+intra,0.2,ACI g=0.01 (grow cal),exch,0.7415273801828424,0.875,0.125,0.8,0.07499999999999996,16,0.21200000000000002,0.4727272727272727,0.875,0.6738636363636363,0.7392307692307694,26
5,0,"2,5,6",H&S inter+intra,0.2,ACI g=0.05,exch,0.7415273801828424,0.875,0.125,0.8,0.07499999999999996,16,0.2600000000000001,0.4727272727272727,0.875,0.6738636363636363,0.7400000000000001,26
5,0,"2,5,6",H&S inter+intra,0.2,ACI g=0.05 (grow cal),exch,0.7415273801828424,0.8125,0.1875,0.8,0.012499999999999956,16,0.2100000000000001,0.6181818181818182,0.8125,0.7153409090909091,0.6052941176470588,34
5,0,"2,5,6",H&S inter+intra,0.25,split CP (SAFE),blocked,0.7415273801828424,0.7472527472527473,0.25274725274725274,0.75,-0.0027472527472527375,91,0.25,0.5126050420168067,0.7472527472527473,0.629928894634777,0.6065573770491803,61
5,0,"2,5,6",H&S inter+intra,0.25,split CP (n+1 corr.),blocked,0.7415273801828424,0.7582417582417582,0.24175824175824176,0.75,0.008241758241758212,91,0.25,0.4789915966386555,0.7582417582417582,0.6186166774402069,0.5971929824561404,57
5,0,"2,5,6",H&S inter+intra,0.25,DtACI,blocked,0.7415273801828424,0.7362637362637363,0.26373626373626374,0.75,-0.013736263736263687,91,0.26687500000000003,0.5210084033613446,0.7362637362637363,0.6286360698125404,0.6129032258064516,62
5,0,"2,5,6",H&S inter+intra,0.25,DtACI (grow cal),blocked,0.7415273801828424,0.7472527472527473,0.25274725274725274,0.75,-0.0027472527472527375,91,0.270625,0.46218487394957986,0.7472527472527473,0.6047188106011636,0.5669090909090909,55
5,0,"2,5,6",H&S inter+intra,0.25,ACI g=0.005,blocked,0.7415273801828424,0.7472527472527473,0.25274725274725274,0.75,-0.0027472527472527375,91,0.24749999999999997,0.5126050420168067,0.7472527472527473,0.629928894634777,0.6065573770491803,61
5,0,"2,5,6",H&S inter+intra,0.25,ACI g=0.005 (grow cal),blocked,0.7415273801828424,0.7582417582417582,0.24175824175824176,0.75,0.008241758241758212,91,0.25249999999999967,0.48739495798319327,0.7582417582417582,0.6228183581124758,0.5875862068965517,58
5,0,"2,5,6",H&S inter+intra,0.25,ACI g=0.01,blocked,0.7415273801828424,0.7472527472527473,0.25274725274725274,0.75,-0.0027472527472527375,91,0.245,0.5042016806722689,0.7472527472527473,0.6257272139625081,0.6003333333333334,60
5,0,"2,5,6",H&S inter+intra,0.25,ACI g=0.01 (grow cal),blocked,0.7415273801828424,0.7582417582417582,0.24175824175824176,0.75,0.008241758241758212,91,0.255,0.48739495798319327,0.7582417582417582,0.6228183581124758,0.5875862068965517,58
5,0,"2,5,6",H&S inter+intra,0.25,ACI g=0.05,blocked,0.7415273801828424,0.7582417582417582,0.24175824175824176,0.75,0.008241758241758212,91,0.27500000000000047,0.4957983193277311,0.7582417582417582,0.6270200387847447,0.5942372881355933,59
5,0,"2,5,6",H&S inter+intra,0.25,ACI g=0.05 (grow cal),blocked,0.7415273801828424,0.7582417582417582,0.24175824175824176,0.75,0.008241758241758212,91,0.27500000000000047,0.453781512605042,0.7582417582417582,0.6060116354234001,0.5625925925925926,54
5,0,"2,5,6",H&S inter+intra,0.25,split CP (SAFE),shuffled,0.7415273801828424,0.7472527472527473,0.25274725274725274,0.75,-0.0027472527472527375,91,0.25,0.5126050420168067,0.7472527472527473,0.629928894634777,0.6065573770491804,61
5,0,"2,5,6",H&S inter+intra,0.25,split CP (n+1 corr.),shuffled,0.7415273801828424,0.7582417582417582,0.24175824175824176,0.75,0.008241758241758212,91,0.25,0.4789915966386555,0.7582417582417582,0.6186166774402069,0.5971929824561404,57
5,0,"2,5,6",H&S inter+intra,0.25,DtACI,shuffled,0.7415273801828424,0.7142857142857143,0.2857142857142857,0.75,-0.0357142857142857,91,0.20218749999999994,0.5210084033613446,0.7142857142857143,0.6176470588235294,0.5341935483870968,62
5,0,"2,5,6",H&S inter+intra,0.25,DtACI (grow cal),shuffled,0.7415273801828424,0.7032967032967032,0.2967032967032967,0.75,-0.04670329670329676,91,0.19968749999999993,0.48739495798319327,0.7032967032967032,0.5953458306399483,0.5803448275862069,58
5,0,"2,5,6",H&S inter+intra,0.25,ACI g=0.005,shuffled,0.7415273801828424,0.7472527472527473,0.25274725274725274,0.75,-0.0027472527472527375,91,0.24874999999999917,0.5126050420168067,0.7472527472527473,0.629928894634777,0.6065573770491804,61
5,0,"2,5,6",H&S inter+intra,0.25,ACI g=0.005 (grow cal),shuffled,0.7415273801828424,0.7472527472527473,0.25274725274725274,0.75,-0.0027472527472527375,91,0.24874999999999917,0.5294117647058824,0.7472527472527473,0.6383322559793148,0.5873015873015873,63
5,0,"2,5,6",H&S inter+intra,0.25,ACI g=0.01,shuffled,0.7415273801828424,0.7472527472527473,0.25274725274725274,0.75,-0.0027472527472527375,91,0.2475,0.5210084033613446,0.7472527472527473,0.6341305753070459,0.6125806451612904,62
5,0,"2,5,6",H&S inter+intra,0.25,ACI g=0.01 (grow cal),shuffled,0.7415273801828424,0.7362637362637363,0.26373626373626374,0.75,-0.013736263736263687,91,0.2375,0.5294117647058824,0.7362637362637363,0.6328377504848093,0.586984126984127,63
5,0,"2,5,6",H&S inter+intra,0.25,ACI g=0.05,shuffled,0.7415273801828424,0.7362637362637363,0.26373626373626374,0.75,-0.013736263736263687,91,0.1875000000000005,0.5126050420168067,0.7362637362637363,0.6244343891402715,0.6045901639344262,61
5,0,"2,5,6",H&S inter+intra,0.25,ACI g=0.05 (grow cal),shuffled,0.7415273801828424,0.7362637362637363,0.26373626373626374,0.75,-0.013736263736263687,91,0.18750000000000056,0.46218487394957986,0.7362637362637363,0.5992243051066581,0.5818181818181819,55
5,0,"2,5,6",H&S inter+intra,0.25,split CP (SAFE),exch,0.7415273801828424,0.875,0.125,0.75,0.125,16,0.25,0.45454545454545453,0.875,0.6647727272727273,0.7959999999999999,25
5,0,"2,5,6",H&S inter+intra,0.25,split CP (n+1 corr.),exch,0.7415273801828424,0.875,0.125,0.75,0.125,16,0.25,0.41818181818181815,0.875,0.6465909090909091,0.7800000000000002,23
5,0,"2,5,6",H&S inter+intra,0.25,DtACI,exch,0.7415273801828424,0.75,0.25,0.75,0.0,16,0.26019999999999965,0.5818181818181818,0.75,0.6659090909090909,0.6243749999999999,32
5,0,"2,5,6",H&S inter+intra,0.25,DtACI (grow cal),exch,0.7415273801828424,0.75,0.25,0.75,0.0,16,0.25497500000808526,0.7272727272727273,0.75,0.7386363636363636,0.5765,40
5,0,"2,5,6",H&S inter+intra,0.25,ACI g=0.005,exch,0.7415273801828424,0.875,0.125,0.75,0.125,16,0.2599999999999997,0.45454545454545453,0.875,0.6647727272727273,0.7959999999999999,25
5,0,"2,5,6",H&S inter+intra,0.25,ACI g=0.005 (grow cal),exch,0.7415273801828424,0.8125,0.1875,0.75,0.0625,16,0.2549999999999997,0.6181818181818182,0.8125,0.7153409090909091,0.6411764705882352,34
5,0,"2,5,6",H&S inter+intra,0.25,ACI g=0.01,exch,0.7415273801828424,0.875,0.125,0.75,0.125,16,0.27,0.45454545454545453,0.875,0.6647727272727273,0.7959999999999999,25
5,0,"2,5,6",H&S inter+intra,0.25,ACI g=0.01 (grow cal),exch,0.7415273801828424,0.8125,0.1875,0.75,0.0625,16,0.26,0.6181818181818182,0.8125,0.7153409090909091,0.6311764705882352,34
5,0,"2,5,6",H&S inter+intra,0.25,ACI g=0.05,exch,0.7415273801828424,0.8125,0.1875,0.75,0.0625,16,0.30000000000000016,0.6181818181818182,0.8125,0.7153409090909091,0.6358823529411763,34
5,0,"2,5,6",H&S inter+intra,0.25,ACI g=0.05 (grow cal),exch,0.7415273801828424,0.75,0.25,0.75,0.0,16,0.2500000000000001,0.6727272727272727,0.75,0.7113636363636364,0.5956756756756757,37
5,1,"2,5,6",SAFE-MLP,0.1,split CP (SAFE),blocked,0.783359497645212,0.8351648351648352,0.16483516483516483,0.9,-0.06483516483516483,91,0.1,0.453781512605042,0.8351648351648352,0.6444731738849386,0.5892592592592593,54
5,1,"2,5,6",SAFE-MLP,0.1,split CP (n+1 corr.),blocked,0.783359497645212,0.9560439560439561,0.04395604395604396,0.9,0.05604395604395607,91,0.1,0.2773109243697479,0.9560439560439561,0.616677440206852,0.8515151515151514,33
5,1,"2,5,6",SAFE-MLP,0.1,DtACI,blocked,0.783359497645212,0.8901098901098901,0.10989010989010989,0.9,-0.009890109890109966,91,0.1582851925906733,0.3949579831932773,0.8901098901098901,0.6425339366515836,0.7995744680851067,47
5,1,"2,5,6",SAFE-MLP,0.1,DtACI (grow cal),blocked,0.783359497645212,0.9120879120879121,0.08791208791208792,0.9,0.012087912087912045,91,0.3039816642828744,0.3697478991596639,0.9120879120879121,0.6409179056237879,0.7977272727272727,44
5,1,"2,5,6",SAFE-MLP,0.1,ACI g=0.005,blocked,0.783359497645212,0.8791208791208791,0.12087912087912088,0.9,-0.020879120879120916,91,0.09,0.40336134453781514,0.8791208791208791,0.6412411118293471,0.7975,48
5,1,"2,5,6",SAFE-MLP,0.1,ACI g=0.005 (grow cal),blocked,0.783359497645212,0.9120879120879121,0.08791208791208792,0.9,0.012087912087912045,91,0.10500000000000001,0.3445378151260504,0.9120879120879121,0.6283128636069812,0.8278048780487804,41
5,1,"2,5,6",SAFE-MLP,0.1,ACI g=0.01,blocked,0.783359497645212,0.9120879120879121,0.08791208791208792,0.9,0.012087912087912045,91,0.11000000000000003,0.3949579831932773,0.9120879120879121,0.6535229476405947,0.8021276595744683,47
5,1,"2,5,6",SAFE-MLP,0.1,ACI g=0.01 (grow cal),blocked,0.783359497645212,0.9230769230769231,0.07692307692307693,0.9,0.023076923076923106,91,0.12000000000000002,0.3277310924369748,0.9230769230769231,0.6254040077569489,0.8282051282051281,39
5,1,"2,5,6",SAFE-MLP,0.1,ACI g=0.05,blocked,0.783359497645212,0.9120879120879121,0.08791208791208792,0.9,0.012087912087912045,91,0.1610000000000002,0.33613445378151263,0.9120879120879121,0.6241111829347123,0.7765000000000001,40
5,1,"2,5,6",SAFE-MLP,0.1,ACI g=0.05 (grow cal),blocked,0.783359497645212,0.9340659340659341,0.06593406593406594,0.9,0.034065934065934056,91,0.26100000000000023,0.35294117647058826,0.9340659340659341,0.6435035552682612,0.8290476190476189,42
5,1,"2,5,6",SAFE-MLP,0.1,split CP (SAFE),shuffled,0.783359497645212,0.8351648351648352,0.16483516483516483,0.9,-0.06483516483516483,91,0.1,0.453781512605042,0.8351648351648352,0.6444731738849386,0.5892592592592594,54
5,1,"2,5,6",SAFE-MLP,0.1,split CP (n+1 corr.),shuffled,0.783359497645212,0.9560439560439561,0.04395604395604396,0.9,0.05604395604395607,91,0.1,0.2773109243697479,0.9560439560439561,0.616677440206852,0.8515151515151514,33
5,1,"2,5,6",SAFE-MLP,0.1,DtACI,shuffled,0.783359497645212,0.8461538461538461,0.15384615384615385,0.9,-0.05384615384615388,91,0.12032469677931894,0.44537815126050423,0.8461538461538461,0.6457659987071752,0.651320754716981,53
5,1,"2,5,6",SAFE-MLP,0.1,DtACI (grow cal),shuffled,0.783359497645212,0.8791208791208791,0.12087912087912088,0.9,-0.020879120879120916,91,0.14773731119522027,0.4369747899159664,0.8791208791208791,0.6580478345184227,0.7007692307692308,52
5,1,"2,5,6",SAFE-MLP,0.1,ACI g=0.005,shuffled,0.783359497645212,0.8681318681318682,0.13186813186813187,0.9,-0.031868131868131866,91,0.08499999999999999,0.42857142857142855,0.8681318681318682,0.6483516483516484,0.7270588235294118,51
5,1,"2,5,6",SAFE-MLP,0.1,ACI g=0.005 (grow cal),shuffled,0.783359497645212,0.9010989010989011,0.0989010989010989,0.9,0.001098901098901095,91,0.1,0.40336134453781514,0.9010989010989011,0.6522301228183581,0.8033333333333333,48
5,1,"2,5,6",SAFE-MLP,0.1,ACI g=0.01,shuffled,0.783359497645212,0.8791208791208791,0.12087912087912088,0.9,-0.020879120879120916,91,0.09,0.4369747899159664,0.8791208791208791,0.6580478345184227,0.735,52
5,1,"2,5,6",SAFE-MLP,0.1,ACI g=0.01 (grow cal),shuffled,0.783359497645212,0.9120879120879121,0.08791208791208792,0.9,0.012087912087912045,91,0.11000000000000001,0.4117647058823529,0.9120879120879121,0.6619263089851325,0.8053061224489796,49
5,1,"2,5,6",SAFE-MLP,0.1,ACI g=0.05,shuffled,0.783359497645212,0.8901098901098901,0.10989010989010989,0.9,-0.009890109890109966,91,0.10000000000000026,0.40336134453781514,0.8901098901098901,0.6467356173238525,0.6708333333333334,48
5,1,"2,5,6",SAFE-MLP,0.1,ACI g=0.05 (grow cal),shuffled,0.783359497645212,0.9010989010989011,0.0989010989010989,0.9,0.001098901098901095,91,0.15000000000000027,0.42016806722689076,0.9010989010989011,0.6606334841628959,0.6736000000000001,50
5,1,"2,5,6",SAFE-MLP,0.1,split CP (SAFE),exch,0.783359497645212,1.0,0.0,0.9,0.09999999999999998,16,0.1,0.7454545454545455,1.0,0.8727272727272728,0.5907317073170731,41
5,1,"2,5,6",SAFE-MLP,0.1,split CP (n+1 corr.),exch,0.783359497645212,1.0,0.0,0.9,0.09999999999999998,16,0.1,0.4727272727272727,1.0,0.7363636363636363,0.7992307692307693,26
5,1,"2,5,6",SAFE-MLP,0.1,DtACI,exch,0.783359497645212,0.9375,0.0625,0.9,0.03749999999999998,16,0.13116857556359543,0.7454545454545455,0.9375,0.8414772727272728,0.56,41
5,1,"2,5,6",SAFE-MLP,0.1,DtACI (grow cal),exch,0.783359497645212,0.9375,0.0625,0.9,0.03749999999999998,16,0.13271535527496262,0.7454545454545455,0.9375,0.8414772727272728,0.5385365853658536,41
5,1,"2,5,6",SAFE-MLP,0.1,ACI g=0.005,exch,0.783359497645212,1.0,0.0,0.9,0.09999999999999998,16,0.10800000000000001,0.7454545454545455,1.0,0.8727272727272728,0.5902439024390245,41
5,1,"2,5,6",SAFE-MLP,0.1,ACI g=0.005 (grow cal),exch,0.783359497645212,0.9375,0.0625,0.9,0.03749999999999998,16,0.10300000000000001,0.7454545454545455,0.9375,0.8414772727272728,0.5741463414634146,41
5,1,"2,5,6",SAFE-MLP,0.1,ACI g=0.01,exch,0.783359497645212,1.0,0.0,0.9,0.09999999999999998,16,0.11600000000000002,0.7454545454545455,1.0,0.8727272727272728,0.5897560975609756,41
5,1,"2,5,6",SAFE-MLP,0.1,ACI g=0.01 (grow cal),exch,0.783359497645212,0.9375,0.0625,0.9,0.03749999999999998,16,0.10600000000000001,0.7454545454545455,0.9375,0.8414772727272728,0.5565853658536586,41
5,1,"2,5,6",SAFE-MLP,0.1,ACI g=0.05,exch,0.783359497645212,0.9375,0.0625,0.9,0.03749999999999998,16,0.13000000000000006,0.7454545454545455,0.9375,0.8414772727272728,0.5604878048780488,41
5,1,"2,5,6",SAFE-MLP,0.1,ACI g=0.05 (grow cal),exch,0.783359497645212,0.9375,0.0625,0.9,0.03749999999999998,16,0.13000000000000006,0.7454545454545455,0.9375,0.8414772727272728,0.5390243902439025,41
5,1,"2,5,6",SAFE-MLP,0.15,split CP (SAFE),blocked,0.783359497645212,0.7802197802197802,0.21978021978021978,0.85,-0.06978021978021975,91,0.15,0.5210084033613446,0.7802197802197802,0.6506140917905624,0.5629032258064516,62
5,1,"2,5,6",SAFE-MLP,0.15,split CP (n+1 corr.),blocked,0.783359497645212,0.8901098901098901,0.10989010989010989,0.85,0.04010989010989008,91,0.15,0.44537815126050423,0.8901098901098901,0.6677440206851971,0.8143396226415095,53
5,1,"2,5,6",SAFE-MLP,0.15,DtACI,blocked,0.783359497645212,0.8131868131868132,0.18681318681318682,0.85,-0.03681318681318679,91,0.33872129877255847,0.5126050420168067,0.8131868131868132,0.6628959276018099,0.6918032786885248,61
5,1,"2,5,6",SAFE-MLP,0.15,DtACI (grow cal),blocked,0.783359497645212,0.8681318681318682,0.13186813186813187,0.85,0.01813186813186818,91,0.43617699919502734,0.47058823529411764,0.8681318681318682,0.669360051712993,0.8060714285714284,56
5,1,"2,5,6",SAFE-MLP,0.15,ACI g=0.005,blocked,0.783359497645212,0.8131868131868132,0.18681318681318682,0.85,-0.03681318681318679,91,0.13249999999999998,0.5126050420168067,0.8131868131868132,0.6628959276018099,0.6901639344262296,61
5,1,"2,5,6",SAFE-MLP,0.15,ACI g=0.005 (grow cal),blocked,0.783359497645212,0.8791208791208791,0.12087912087912088,0.85,0.02912087912087913,91,0.1625,0.44537815126050423,0.8791208791208791,0.6622495151906916,0.8260377358490567,53
5,1,"2,5,6",SAFE-MLP,0.15,ACI g=0.01,blocked,0.783359497645212,0.8351648351648352,0.16483516483516483,0.85,-0.014835164835164782,91,0.13499999999999998,0.4789915966386555,0.8351648351648352,0.6570782159017453,0.8049122807017544,57
5,1,"2,5,6",SAFE-MLP,0.15,ACI g=0.01 (grow cal),blocked,0.783359497645212,0.8901098901098901,0.10989010989010989,0.85,0.04010989010989008,91,0.18500000000000003,0.4369747899159664,0.8901098901098901,0.6635423400129282,0.8257692307692307,52
5,1,"2,5,6",SAFE-MLP,0.15,ACI g=0.05,blocked,0.783359497645212,0.8681318681318682,0.13186813186813187,0.85,0.01813186813186818,91,0.2250000000000003,0.47058823529411764,0.8681318681318682,0.669360051712993,0.7742857142857142,56
5,1,"2,5,6",SAFE-MLP,0.15,ACI g=0.05 (grow cal),blocked,0.783359497645212,0.8901098901098901,0.10989010989010989,0.85,0.04010989010989008,91,0.3250000000000004,0.47058823529411764,0.8901098901098901,0.6803490627020039,0.7632142857142857,56
5,1,"2,5,6",SAFE-MLP,0.15,split CP (SAFE),shuffled,0.783359497645212,0.7802197802197802,0.21978021978021978,0.85,-0.06978021978021975,91,0.15,0.5210084033613446,0.7802197802197802,0.6506140917905624,0.5629032258064517,62
5,1,"2,5,6",SAFE-MLP,0.15,split CP (n+1 corr.),shuffled,0.783359497645212,0.8901098901098901,0.10989010989010989,0.85,0.04010989010989008,91,0.15,0.44537815126050423,0.8901098901098901,0.6677440206851971,0.8143396226415095,53
5,1,"2,5,6",SAFE-MLP,0.15,DtACI,shuffled,0.783359497645212,0.7912087912087912,0.2087912087912088,0.85,-0.058791208791208804,91,0.13908593238316114,0.5126050420168067,0.7912087912087912,0.6519069166127989,0.6055737704918033,61
5,1,"2,5,6",SAFE-MLP,0.15,DtACI (grow cal),shuffled,0.783359497645212,0.8351648351648352,0.16483516483516483,0.85,-0.014835164835164782,91,0.24919373102634637,0.48739495798319327,0.8351648351648352,0.6612798965740142,0.6544827586206898,58
5,1,"2,5,6",SAFE-MLP,0.15,ACI g=0.005,shuffled,0.783359497645212,0.7912087912087912,0.2087912087912088,0.85,-0.058791208791208804,91,0.12749999999999997,0.5042016806722689,0.7912087912087912,0.64770523594053,0.57,60
5,1,"2,5,6",SAFE-MLP,0.15,ACI g=0.005 (grow cal),shuffled,0.783359497645212,0.8351648351648352,0.16483516483516483,0.85,-0.014835164835164782,91,0.1475,0.4789915966386555,0.8351648351648352,0.6570782159017453,0.7014035087719298,57
5,1,"2,5,6",SAFE-MLP,0.15,ACI g=0.01,shuffled,0.783359497645212,0.8131868131868132,0.18681318681318682,0.85,-0.03681318681318679,91,0.12499999999999997,0.48739495798319327,0.8131868131868132,0.6502908855850033,0.6900000000000001,58
5,1,"2,5,6",SAFE-MLP,0.15,ACI g=0.01 (grow cal),shuffled,0.783359497645212,0.8351648351648352,0.16483516483516483,0.85,-0.014835164835164782,91,0.145,0.4789915966386555,0.8351648351648352,0.6570782159017453,0.7228070175438597,57
5,1,"2,5,6",SAFE-MLP,0.15,ACI g=0.05,shuffled,0.783359497645212,0.8461538461538461,0.15384615384615385,0.85,-0.0038461538461538325,91,0.17500000000000035,0.5042016806722689,0.8461538461538461,0.6751777634130576,0.6296666666666668,60
5,1,"2,5,6",SAFE-MLP,0.15,ACI g=0.05 (grow cal),shuffled,0.783359497645212,0.8571428571428572,0.14285714285714285,0.85,0.0071428571428572285,91,0.2250000000000004,0.4789915966386555,0.8571428571428572,0.6680672268907564,0.6635087719298246,57
5,1,"2,5,6",SAFE-MLP,0.15,split CP (SAFE),exch,0.783359497645212,0.875,0.125,0.85,0.025000000000000022,16,0.15,0.7818181818181819,0.875,0.8284090909090909,0.5534883720930233,43
5,1,"2,5,6",SAFE-MLP,0.15,split CP (n+1 corr.),exch,0.783359497645212,1.0,0.0,0.85,0.15000000000000002,16,0.15,0.7090909090909091,1.0,0.8545454545454545,0.7728205128205129,39
5,1,"2,5,6",SAFE-MLP,0.15,DtACI,exch,0.783359497645212,0.8125,0.1875,0.85,-0.03749999999999998,16,0.17130135703278,0.7818181818181819,0.8125,0.7971590909090909,0.5111627906976743,43
5,1,"2,5,6",SAFE-MLP,0.15,DtACI (grow cal),exch,0.783359497645212,0.8125,0.1875,0.85,-0.03749999999999998,16,0.12984656668628708,0.7818181818181819,0.8125,0.7971590909090909,0.5139534883720931,43
5,1,"2,5,6",SAFE-MLP,0.15,ACI g=0.005,exch,0.783359497645212,0.875,0.125,0.85,0.025000000000000022,16,0.152,0.7818181818181819,0.875,0.8284090909090909,0.5534883720930233,43
5,1,"2,5,6",SAFE-MLP,0.15,ACI g=0.005 (grow cal),exch,0.783359497645212,0.875,0.125,0.85,0.025000000000000022,16,0.152,0.8,0.875,0.8375,0.504090909090909,44
5,1,"2,5,6",SAFE-MLP,0.15,ACI g=0.01,exch,0.783359497645212,0.875,0.125,0.85,0.025000000000000022,16,0.154,0.7818181818181819,0.875,0.8284090909090909,0.5534883720930233,43
5,1,"2,5,6",SAFE-MLP,0.15,ACI g=0.01 (grow cal),exch,0.783359497645212,0.875,0.125,0.85,0.025000000000000022,16,0.154,0.8,0.875,0.8375,0.49181818181818177,44
5,1,"2,5,6",SAFE-MLP,0.15,ACI g=0.05,exch,0.783359497645212,0.875,0.125,0.85,0.025000000000000022,16,0.17000000000000007,0.8,0.875,0.8375,0.5018181818181818,44
5,1,"2,5,6",SAFE-MLP,0.15,ACI g=0.05 (grow cal),exch,0.783359497645212,0.8125,0.1875,0.85,-0.03749999999999998,16,0.12000000000000005,0.7818181818181819,0.8125,0.7971590909090909,0.5106976744186046,43
5,1,"2,5,6",SAFE-MLP,0.2,split CP (SAFE),blocked,0.783359497645212,0.6703296703296704,0.32967032967032966,0.8,-0.12967032967032965,91,0.2,0.6050420168067226,0.6703296703296704,0.6376858435681965,0.48305555555555557,72
5,1,"2,5,6",SAFE-MLP,0.2,split CP (n+1 corr.),blocked,0.783359497645212,0.7142857142857143,0.2857142857142857,0.8,-0.08571428571428574,91,0.2,0.5882352941176471,0.7142857142857143,0.6512605042016807,0.5762857142857143,70
5,1,"2,5,6",SAFE-MLP,0.2,DtACI,blocked,0.783359497645212,0.7362637362637363,0.26373626373626374,0.8,-0.06373626373626373,91,0.43643602299237527,0.5966386554621849,0.7362637362637363,0.6664511958629606,0.5805633802816901,71
5,1,"2,5,6",SAFE-MLP,0.2,DtACI (grow cal),blocked,0.783359497645212,0.8351648351648352,0.16483516483516483,0.8,0.03516483516483515,91,0.6355182045422128,0.5378151260504201,0.8351648351648352,0.6864899806076277,0.6640625,64
5,1,"2,5,6",SAFE-MLP,0.2,ACI g=0.005,blocked,0.783359497645212,0.7252747252747253,0.27472527472527475,0.8,-0.07472527472527479,91,0.16499999999999998,0.5798319327731093,0.7252747252747253,0.6525533290239173,0.5855072463768116,69
5,1,"2,5,6",SAFE-MLP,0.2,ACI g=0.005 (grow cal),blocked,0.783359497645212,0.8461538461538461,0.15384615384615385,0.8,0.0461538461538461,91,0.22000000000000003,0.5126050420168067,0.8461538461538461,0.6793794440853265,0.6855737704918031,61
5,1,"2,5,6",SAFE-MLP,0.2,ACI g=0.01,blocked,0.783359497645212,0.7582417582417582,0.24175824175824176,0.8,-0.04175824175824183,91,0.15999999999999998,0.5714285714285714,0.7582417582417582,0.6648351648351648,0.6064705882352942,68
5,1,"2,5,6",SAFE-MLP,0.2,ACI g=0.01 (grow cal),blocked,0.783359497645212,0.8571428571428572,0.14285714285714285,0.8,0.05714285714285716,91,0.25000000000000006,0.5126050420168067,0.8571428571428572,0.6848739495798319,0.7036065573770491,61
5,1,"2,5,6",SAFE-MLP,0.2,ACI g=0.05,blocked,0.783359497645212,0.8241758241758241,0.17582417582417584,0.8,0.02417582417582409,91,0.3000000000000005,0.5210084033613446,0.8241758241758241,0.6725921137685844,0.6764516129032259,62
5,1,"2,5,6",SAFE-MLP,0.2,ACI g=0.05 (grow cal),blocked,0.783359497645212,0.8571428571428572,0.14285714285714285,0.8,0.05714285714285716,91,0.4500000000000005,0.4957983193277311,0.8571428571428572,0.6764705882352942,0.735593220338983,59
5,1,"2,5,6",SAFE-MLP,0.2,split CP (SAFE),shuffled,0.783359497645212,0.6703296703296704,0.32967032967032966,0.8,-0.12967032967032965,91,0.2,0.6050420168067226,0.6703296703296704,0.6376858435681965,0.48305555555555557,72
5,1,"2,5,6",SAFE-MLP,0.2,split CP (n+1 corr.),shuffled,0.783359497645212,0.7142857142857143,0.2857142857142857,0.8,-0.08571428571428574,91,0.2,0.5882352941176471,0.7142857142857143,0.6512605042016807,0.5762857142857142,70
5,1,"2,5,6",SAFE-MLP,0.2,DtACI,shuffled,0.783359497645212,0.7142857142857143,0.2857142857142857,0.8,-0.08571428571428574,91,0.23972738480946587,0.5882352941176471,0.7142857142857143,0.6512605042016807,0.5662857142857144,70
5,1,"2,5,6",SAFE-MLP,0.2,DtACI (grow cal),shuffled,0.783359497645212,0.7912087912087912,0.2087912087912088,0.8,-0.008791208791208871,91,0.2309082770170576,0.5210084033613446,0.7912087912087912,0.6561085972850679,0.612258064516129,62
5,1,"2,5,6",SAFE-MLP,0.2,ACI g=0.005,shuffled,0.783359497645212,0.7142857142857143,0.2857142857142857,0.8,-0.08571428571428574,91,0.16499999999999998,0.5966386554621849,0.7142857142857143,0.6554621848739496,0.5476056338028169,71
5,1,"2,5,6",SAFE-MLP,0.2,ACI g=0.005 (grow cal),shuffled,0.783359497645212,0.7912087912087912,0.2087912087912088,0.8,-0.008791208791208871,91,0.195,0.5126050420168067,0.7912087912087912,0.6519069166127989,0.6059016393442622,61
5,1,"2,5,6",SAFE-MLP,0.2,ACI g=0.01,shuffled,0.783359497645212,0.7472527472527473,0.25274725274725274,0.8,-0.05274725274725278,91,0.15999999999999998,0.5882352941176471,0.7472527472527473,0.6677440206851972,0.5917142857142856,70
5,1,"2,5,6",SAFE-MLP,0.2,ACI g=0.01 (grow cal),shuffled,0.783359497645212,0.8021978021978022,0.1978021978021978,0.8,0.00219780219780219,91,0.2,0.5126050420168067,0.8021978021978022,0.6574014221073045,0.6160655737704918,61
5,1,"2,5,6",SAFE-MLP,0.2,ACI g=0.05,shuffled,0.783359497645212,0.7912087912087912,0.2087912087912088,0.8,-0.008791208791208871,91,0.20000000000000048,0.5126050420168067,0.7912087912087912,0.6519069166127989,0.6295081967213115,61
5,1,"2,5,6",SAFE-MLP,0.2,ACI g=0.05 (grow cal),shuffled,0.783359497645212,0.8021978021978022,0.1978021978021978,0.8,0.00219780219780219,91,0.2500000000000005,0.4957983193277311,0.8021978021978022,0.6489980607627667,0.6528813559322033,59
5,1,"2,5,6",SAFE-MLP,0.2,split CP (SAFE),exch,0.783359497645212,0.875,0.125,0.8,0.07499999999999996,16,0.2,0.8,0.875,0.8375,0.48272727272727284,44
5,1,"2,5,6",SAFE-MLP,0.2,split CP (n+1 corr.),exch,0.783359497645212,0.9375,0.0625,0.8,0.13749999999999996,16,0.2,0.7818181818181819,0.9375,0.8596590909090909,0.533953488372093,43
5,1,"2,5,6",SAFE-MLP,0.2,DtACI,exch,0.783359497645212,0.8125,0.1875,0.8,0.012499999999999956,16,0.21041198323535407,0.8,0.8125,0.80625,0.4390909090909092,44
5,1,"2,5,6",SAFE-MLP,0.2,DtACI (grow cal),exch,0.783359497645212,0.8125,0.1875,0.8,0.012499999999999956,16,0.2093970073524967,0.8363636363636363,0.8125,0.8244318181818182,0.41999999999999993,46
5,1,"2,5,6",SAFE-MLP,0.2,ACI g=0.005,exch,0.783359497645212,0.8125,0.1875,0.8,0.012499999999999956,16,0.201,0.8,0.8125,0.80625,0.4800000000000001,44
5,1,"2,5,6",SAFE-MLP,0.2,ACI g=0.005 (grow cal),exch,0.783359497645212,0.8125,0.1875,0.8,0.012499999999999956,16,0.201,0.8363636363636363,0.8125,0.8244318181818182,0.43173913043478274,46
5,1,"2,5,6",SAFE-MLP,0.2,ACI g=0.01,exch,0.783359497645212,0.8125,0.1875,0.8,0.012499999999999956,16,0.202,0.8,0.8125,0.80625,0.47090909090909094,44
5,1,"2,5,6",SAFE-MLP,0.2,ACI g=0.01 (grow cal),exch,0.783359497645212,0.8125,0.1875,0.8,0.012499999999999956,16,0.202,0.8363636363636363,0.8125,0.8244318181818182,0.43173913043478274,46
5,1,"2,5,6",SAFE-MLP,0.2,ACI g=0.05,exch,0.783359497645212,0.8125,0.1875,0.8,0.012499999999999956,16,0.2100000000000001,0.8,0.8125,0.80625,0.430909090909091,44
5,1,"2,5,6",SAFE-MLP,0.2,ACI g=0.05 (grow cal),exch,0.783359497645212,0.8125,0.1875,0.8,0.012499999999999956,16,0.2100000000000001,0.8363636363636363,0.8125,0.8244318181818182,0.42043478260869555,46
5,1,"2,5,6",SAFE-MLP,0.25,split CP (SAFE),blocked,0.783359497645212,0.5604395604395604,0.43956043956043955,0.75,-0.18956043956043955,91,0.25,0.6722689075630253,0.5604395604395604,0.6163542340012929,0.40775000000000006,80
5,1,"2,5,6",SAFE-MLP,0.25,split CP (n+1 corr.),blocked,0.783359497645212,0.6483516483516483,0.3516483516483517,0.75,-0.10164835164835173,91,0.25,0.6134453781512605,0.6483516483516483,0.6308985132514544,0.44821917808219175,73
5,1,"2,5,6",SAFE-MLP,0.25,DtACI,blocked,0.783359497645212,0.6593406593406593,0.34065934065934067,0.75,-0.09065934065934067,91,0.5455457357616628,0.6218487394957983,0.6593406593406593,0.6405946994182288,0.5075675675675675,74
5,1,"2,5,6",SAFE-MLP,0.25,DtACI (grow cal),blocked,0.783359497645212,0.7142857142857143,0.2857142857142857,0.75,-0.0357142857142857,91,0.6455437703640239,0.6134453781512605,0.7142857142857143,0.6638655462184875,0.6178082191780822,73
5,1,"2,5,6",SAFE-MLP,0.25,ACI g=0.005,blocked,0.783359497645212,0.6483516483516483,0.3516483516483517,0.75,-0.10164835164835173,91,0.20249999999999982,0.6134453781512605,0.6483516483516483,0.6308985132514544,0.4980821917808219,73
5,1,"2,5,6",SAFE-MLP,0.25,ACI g=0.005 (grow cal),blocked,0.783359497645212,0.7472527472527473,0.25274725274725274,0.75,-0.0027472527472527375,91,0.24749999999999986,0.5714285714285714,0.7472527472527473,0.6593406593406593,0.6211764705882354,68
5,1,"2,5,6",SAFE-MLP,0.25,ACI g=0.01,blocked,0.783359497645212,0.6923076923076923,0.3076923076923077,0.75,-0.05769230769230771,91,0.19499999999999995,0.5798319327731093,0.6923076923076923,0.6360698125404007,0.5631884057971014,69
5,1,"2,5,6",SAFE-MLP,0.25,ACI g=0.01 (grow cal),blocked,0.783359497645212,0.7692307692307692,0.23076923076923078,0.75,0.019230769230769162,91,0.265,0.5294117647058824,0.7692307692307692,0.6493212669683257,0.6466666666666668,63
5,1,"2,5,6",SAFE-MLP,0.25,ACI g=0.05,blocked,0.783359497645212,0.7802197802197802,0.21978021978021978,0.75,0.030219780219780223,91,0.3750000000000003,0.5546218487394958,0.7802197802197802,0.6674208144796381,0.629090909090909,66
5,1,"2,5,6",SAFE-MLP,0.25,ACI g=0.05 (grow cal),blocked,0.783359497645212,0.8021978021978022,0.1978021978021978,0.75,0.052197802197802234,91,0.4750000000000007,0.5294117647058824,0.8021978021978022,0.6658047834518424,0.6720634920634921,63
5,1,"2,5,6",SAFE-MLP,0.25,split CP (SAFE),shuffled,0.783359497645212,0.5604395604395604,0.43956043956043955,0.75,-0.18956043956043955,91,0.25,0.6722689075630253,0.5604395604395604,0.6163542340012929,0.40774999999999995,80
5,1,"2,5,6",SAFE-MLP,0.25,split CP (n+1 corr.),shuffled,0.783359497645212,0.6483516483516483,0.3516483516483517,0.75,-0.10164835164835173,91,0.25,0.6134453781512605,0.6483516483516483,0.6308985132514544,0.44821917808219175,73
5,1,"2,5,6",SAFE-MLP,0.25,DtACI,shuffled,0.783359497645212,0.6483516483516483,0.3516483516483517,0.75,-0.10164835164835173,91,0.20956001592583384,0.6134453781512605,0.6483516483516483,0.6308985132514544,0.47095890410958907,73
5,1,"2,5,6",SAFE-MLP,0.25,DtACI (grow cal),shuffled,0.783359497645212,0.7362637362637363,0.26373626373626374,0.75,-0.013736263736263687,91,0.2933898192172401,0.5882352941176471,0.7362637362637363,0.6622495151906918,0.568857142857143,70
5,1,"2,5,6",SAFE-MLP,0.25,ACI g=0.005,shuffled,0.783359497645212,0.6263736263736264,0.37362637362637363,0.75,-0.12362637362637363,91,0.19749999999999995,0.6218487394957983,0.6263736263736264,0.6241111829347123,0.4656756756756758,74
5,1,"2,5,6",SAFE-MLP,0.25,ACI g=0.005 (grow cal),shuffled,0.783359497645212,0.7252747252747253,0.27472527472527475,0.75,-0.02472527472527475,91,0.2425,0.5882352941176471,0.7252747252747253,0.6567550096961862,0.5571428571428572,70
5,1,"2,5,6",SAFE-MLP,0.25,ACI g=0.01,shuffled,0.783359497645212,0.6593406593406593,0.34065934065934067,0.75,-0.09065934065934067,91,0.17499999999999993,0.6050420168067226,0.6593406593406593,0.632191338073691,0.48944444444444446,72
5,1,"2,5,6",SAFE-MLP,0.25,ACI g=0.01 (grow cal),shuffled,0.783359497645212,0.7472527472527473,0.25274725274725274,0.75,-0.0027472527472527375,91,0.255,0.5882352941176471,0.7472527472527473,0.6677440206851972,0.5785714285714286,70
5,1,"2,5,6",SAFE-MLP,0.25,ACI g=0.05,shuffled,0.783359497645212,0.7362637362637363,0.26373626373626374,0.75,-0.013736263736263687,91,0.22500000000000048,0.5882352941176471,0.7362637362637363,0.6622495151906918,0.5537142857142858,70
5,1,"2,5,6",SAFE-MLP,0.25,ACI g=0.05 (grow cal),shuffled,0.783359497645212,0.7582417582417582,0.24175824175824176,0.75,0.008241758241758212,91,0.3250000000000004,0.5546218487394958,0.7582417582417582,0.656431803490627,0.5718181818181819,66
5,1,"2,5,6",SAFE-MLP,0.25,split CP (SAFE),exch,0.783359497645212,0.75,0.25,0.75,0.0,16,0.25,0.8545454545454545,0.75,0.8022727272727272,0.3612765957446807,47
5,1,"2,5,6",SAFE-MLP,0.25,split CP (n+1 corr.),exch,0.783359497645212,0.8125,0.1875,0.75,0.0625,16,0.25,0.8363636363636363,0.8125,0.8244318181818182,0.43913043478260866,46
5,1,"2,5,6",SAFE-MLP,0.25,DtACI,exch,0.783359497645212,0.75,0.25,0.75,0.0,16,0.25,0.8363636363636363,0.75,0.7931818181818182,0.35478260869565204,46
5,1,"2,5,6",SAFE-MLP,0.25,DtACI (grow cal),exch,0.783359497645212,0.75,0.25,0.75,0.0,16,0.25,0.8545454545454545,0.75,0.8022727272727272,0.3663829787234041,47
5,1,"2,5,6",SAFE-MLP,0.25,ACI g=0.005,exch,0.783359497645212,0.75,0.25,0.75,0.0,16,0.24999999999999994,0.8545454545454545,0.75,0.8022727272727272,0.362127659574468,47
5,1,"2,5,6",SAFE-MLP,0.25,ACI g=0.005 (grow cal),exch,0.783359497645212,0.75,0.25,0.75,0.0,16,0.24999999999999994,0.8545454545454545,0.75,0.8022727272727272,0.35744680851063815,47
5,1,"2,5,6",SAFE-MLP,0.25,ACI g=0.01,exch,0.783359497645212,0.75,0.25,0.75,0.0,16,0.25,0.8545454545454545,0.75,0.8022727272727272,0.36297872340425524,47
5,1,"2,5,6",SAFE-MLP,0.25,ACI g=0.01 (grow cal),exch,0.783359497645212,0.75,0.25,0.75,0.0,16,0.25,0.8545454545454545,0.75,0.8022727272727272,0.3578723404255318,47
5,1,"2,5,6",SAFE-MLP,0.25,ACI g=0.05,exch,0.783359497645212,0.75,0.25,0.75,0.0,16,0.25000000000000006,0.8363636363636363,0.75,0.7931818181818182,0.3773913043478259,46
5,1,"2,5,6",SAFE-MLP,0.25,ACI g=0.05 (grow cal),exch,0.783359497645212,0.75,0.25,0.75,0.0,16,0.25000000000000006,0.8363636363636363,0.75,0.7931818181818182,0.3739130434782607,46
5,1,"2,5,6",SAFE-Embed,0.1,split CP (SAFE),blocked,0.7965647797580571,0.0,1.0,0.9,-0.9,91,0.1,0.9831932773109243,0.0,0.49159663865546216,0.1353846153846154,117
5,1,"2,5,6",SAFE-Embed,0.1,split CP (n+1 corr.),blocked,0.7965647797580571,0.01098901098901095,0.989010989010989,0.9,-0.8890109890109891,91,0.1,0.957983193277311,0.01098901098901095,0.48448610213316096,0.25596491228070184,114
5,1,"2,5,6",SAFE-Embed,0.1,DtACI,blocked,0.7965647797580571,0.03296703296703296,0.967032967032967,0.9,-0.8670329670329671,91,0.001,0.957983193277311,0.03296703296703296,0.49547511312217196,0.28596491228070176,114
5,1,"2,5,6",SAFE-Embed,0.1,DtACI (grow cal),blocked,0.7965647797580571,0.7912087912087912,0.2087912087912088,0.9,-0.10879120879120885,91,0.10166803733409656,0.36134453781512604,0.7912087912087912,0.5762766645119586,0.5851162790697675,43
5,1,"2,5,6",SAFE-Embed,0.1,ACI g=0.005,blocked,0.7965647797580571,0.03296703296703296,0.967032967032967,0.9,-0.8670329670329671,91,0.001,0.957983193277311,0.03296703296703296,0.49547511312217196,0.27842105263157896,114
5,1,"2,5,6",SAFE-Embed,0.1,ACI g=0.005 (grow cal),blocked,0.7965647797580571,0.8021978021978022,0.1978021978021978,0.9,-0.09780219780219779,91,0.054999999999999966,0.35294117647058826,0.8021978021978022,0.5775694893341953,0.5609523809523809,42
5,1,"2,5,6",SAFE-Embed,0.1,ACI g=0.01,blocked,0.7965647797580571,0.03296703296703296,0.967032967032967,0.9,-0.8670329670329671,91,0.001,0.957983193277311,0.03296703296703296,0.49547511312217196,0.2826315789473684,114
5,1,"2,5,6",SAFE-Embed,0.1,ACI g=0.01 (grow cal),blocked,0.7965647797580571,0.8461538461538461,0.15384615384615385,0.9,-0.05384615384615388,91,0.051000000000000045,0.24369747899159663,0.8461538461538461,0.5449256625727213,0.6158620689655172,29
5,1,"2,5,6",SAFE-Embed,0.1,ACI g=0.05,blocked,0.7965647797580571,0.03296703296703296,0.967032967032967,0.9,-0.8670329670329671,91,0.001,0.957983193277311,0.03296703296703296,0.49547511312217196,0.28701754385964917,114
5,1,"2,5,6",SAFE-Embed,0.1,ACI g=0.05 (grow cal),blocked,0.7965647797580571,0.8131868131868132,0.18681318681318682,0.9,-0.08681318681318684,91,0.10100000000000017,0.3025210084033613,0.8131868131868132,0.5578539107950873,0.6633333333333334,36
5,1,"2,5,6",SAFE-Embed,0.1,split CP (SAFE),shuffled,0.7965647797580571,0.0,1.0,0.9,-0.9,91,0.1,0.9831932773109243,0.0,0.49159663865546216,0.1353846153846154,117
5,1,"2,5,6",SAFE-Embed,0.1,split CP (n+1 corr.),shuffled,0.7965647797580571,0.01098901098901095,0.989010989010989,0.9,-0.8890109890109891,91,0.1,0.957983193277311,0.01098901098901095,0.48448610213316096,0.2559649122807018,114
5,1,"2,5,6",SAFE-Embed,0.1,DtACI,shuffled,0.7965647797580571,0.03296703296703296,0.967032967032967,0.9,-0.8670329670329671,91,0.001,0.957983193277311,0.03296703296703296,0.49547511312217196,0.2849122807017544,114
5,1,"2,5,6",SAFE-Embed,0.1,DtACI (grow cal),shuffled,0.7965647797580571,0.8461538461538461,0.15384615384615385,0.9,-0.05384615384615388,91,0.07206909041694845,0.4117647058823529,0.8461538461538461,0.6289592760180995,0.6085714285714285,49
5,1,"2,5,6",SAFE-Embed,0.1,ACI g=0.005,shuffled,0.7965647797580571,0.03296703296703296,0.967032967032967,0.9,-0.8670329670329671,91,0.001,0.9663865546218487,0.03296703296703296,0.49967679379444085,0.2662608695652174,115
5,1,"2,5,6",SAFE-Embed,0.1,ACI g=0.005 (grow cal),shuffled,0.7965647797580571,0.8131868131868132,0.18681318681318682,0.9,-0.08681318681318684,91,0.05999999999999997,0.3865546218487395,0.8131868131868132,0.5998707175177763,0.5969565217391305,46
5,1,"2,5,6",SAFE-Embed,0.1,ACI g=0.01,shuffled,0.7965647797580571,0.03296703296703296,0.967032967032967,0.9,-0.8670329670329671,91,0.001,0.9663865546218487,0.03296703296703296,0.49967679379444085,0.2751304347826087,115
5,1,"2,5,6",SAFE-Embed,0.1,ACI g=0.01 (grow cal),shuffled,0.7965647797580571,0.8571428571428572,0.14285714285714285,0.9,-0.042857142857142816,91,0.06000000000000002,0.3949579831932773,0.8571428571428572,0.6260504201680672,0.6042553191489362,47
5,1,"2,5,6",SAFE-Embed,0.1,ACI g=0.05,shuffled,0.7965647797580571,0.03296703296703296,0.967032967032967,0.9,-0.8670329670329671,91,0.001,0.957983193277311,0.03296703296703296,0.49547511312217196,0.28789473684210526,114
5,1,"2,5,6",SAFE-Embed,0.1,ACI g=0.05 (grow cal),shuffled,0.7965647797580571,0.8791208791208791,0.12087912087912088,0.9,-0.020879120879120916,91,0.08600000000000005,0.2857142857142857,0.8791208791208791,0.5824175824175823,0.6241176470588236,34
5,1,"2,5,6",SAFE-Embed,0.1,split CP (SAFE),exch,0.7965647797580571,0.875,0.125,0.9,-0.025000000000000022,16,0.1,0.5454545454545454,0.875,0.7102272727272727,0.544,30
5,1,"2,5,6",SAFE-Embed,0.1,split CP (n+1 corr.),exch,0.7965647797580571,1.0,0.0,0.9,0.09999999999999998,16,0.1,0.21818181818181817,1.0,0.6090909090909091,0.5133333333333333,12
5,1,"2,5,6",SAFE-Embed,0.1,DtACI,exch,0.7965647797580571,0.875,0.125,0.9,-0.025000000000000022,16,0.10166796550819707,0.5272727272727272,0.875,0.7011363636363637,0.5448275862068965,29
5,1,"2,5,6",SAFE-Embed,0.1,DtACI (grow cal),exch,0.7965647797580571,0.875,0.125,0.9,-0.025000000000000022,16,0.10299313156442103,0.509090909090909,0.875,0.6920454545454545,0.5364285714285714,28
5,1,"2,5,6",SAFE-Embed,0.1,ACI g=0.005,exch,0.7965647797580571,0.875,0.125,0.9,-0.025000000000000022,16,0.098,0.5454545454545454,0.875,0.7102272727272727,0.544,30
5,1,"2,5,6",SAFE-Embed,0.1,ACI g=0.005 (grow cal),exch,0.7965647797580571,0.875,0.125,0.9,-0.025000000000000022,16,0.098,0.5454545454545454,0.875,0.7102272727272727,0.5493333333333333,30
5,1,"2,5,6",SAFE-Embed,0.1,ACI g=0.01,exch,0.7965647797580571,0.875,0.125,0.9,-0.025000000000000022,16,0.096,0.5454545454545454,0.875,0.7102272727272727,0.5446666666666666,30
5,1,"2,5,6",SAFE-Embed,0.1,ACI g=0.01 (grow cal),exch,0.7965647797580571,0.875,0.125,0.9,-0.025000000000000022,16,0.096,0.5272727272727272,0.875,0.7011363636363637,0.543448275862069,29
5,1,"2,5,6",SAFE-Embed,0.1,ACI g=0.05,exch,0.7965647797580571,0.875,0.125,0.9,-0.025000000000000022,16,0.08000000000000004,0.4,0.875,0.6375,0.5609090909090909,22
5,1,"2,5,6",SAFE-Embed,0.1,ACI g=0.05 (grow cal),exch,0.7965647797580571,0.875,0.125,0.9,-0.025000000000000022,16,0.08000000000000004,0.43636363636363634,0.875,0.6556818181818181,0.5666666666666668,24
5,1,"2,5,6",SAFE-Embed,0.15,split CP (SAFE),blocked,0.7965647797580571,0.0,1.0,0.85,-0.85,91,0.15,1.0,0.0,0.5,0.11613445378151263,119
5,1,"2,5,6",SAFE-Embed,0.15,split CP (n+1 corr.),blocked,0.7965647797580571,0.0,1.0,0.85,-0.85,91,0.15,0.9831932773109243,0.0,0.49159663865546216,0.13726495726495727,117
5,1,"2,5,6",SAFE-Embed,0.15,DtACI,blocked,0.7965647797580571,0.09890109890109888,0.9010989010989011,0.85,-0.7510989010989011,91,0.001,0.957983193277311,0.09890109890109888,0.5284421460892049,0.3821052631578948,114
5,1,"2,5,6",SAFE-Embed,0.15,DtACI (grow cal),blocked,0.7965647797580571,0.7142857142857143,0.2857142857142857,0.85,-0.13571428571428568,91,0.19589524687848325,0.6554621848739496,0.7142857142857143,0.6848739495798319,0.7151282051282052,78
5,1,"2,5,6",SAFE-Embed,0.15,ACI g=0.005,blocked,0.7965647797580571,0.05494505494505497,0.945054945054945,0.85,-0.795054945054945,91,0.001,0.957983193277311,0.05494505494505497,0.5064641241111829,0.3408771929824562,114
5,1,"2,5,6",SAFE-Embed,0.15,ACI g=0.005 (grow cal),blocked,0.7965647797580571,0.7692307692307692,0.23076923076923078,0.85,-0.08076923076923082,91,0.11249999999999996,0.5714285714285714,0.7692307692307692,0.6703296703296703,0.7026470588235294,68
5,1,"2,5,6",SAFE-Embed,0.15,ACI g=0.01,blocked,0.7965647797580571,0.06593406593406592,0.9340659340659341,0.85,-0.7840659340659341,91,0.001,0.957983193277311,0.06593406593406592,0.5119586296056884,0.3692982456140351,114
5,1,"2,5,6",SAFE-Embed,0.15,ACI g=0.01 (grow cal),blocked,0.7965647797580571,0.8131868131868132,0.18681318681318682,0.85,-0.03681318681318679,91,0.11500000000000002,0.5042016806722689,0.8131868131868132,0.658694246929541,0.739,60
5,1,"2,5,6",SAFE-Embed,0.15,ACI g=0.05,blocked,0.7965647797580571,0.10989010989010994,0.8901098901098901,0.85,-0.74010989010989,91,0.001,0.957983193277311,0.10989010989010994,0.5339366515837105,0.38754385964912286,114
5,1,"2,5,6",SAFE-Embed,0.15,ACI g=0.05 (grow cal),blocked,0.7965647797580571,0.7912087912087912,0.2087912087912088,0.85,-0.058791208791208804,91,0.20100000000000026,0.5462184873949579,0.7912087912087912,0.6687136393018746,0.7723076923076923,65
5,1,"2,5,6",SAFE-Embed,0.15,split CP (SAFE),shuffled,0.7965647797580571,0.0,1.0,0.85,-0.85,91,0.15,1.0,0.0,0.5,0.1161344537815126,119
5,1,"2,5,6",SAFE-Embed,0.15,split CP (n+1 corr.),shuffled,0.7965647797580571,0.0,1.0,0.85,-0.85,91,0.15,0.9831932773109243,0.0,0.49159663865546216,0.13726495726495724,117
5,1,"2,5,6",SAFE-Embed,0.15,DtACI,shuffled,0.7965647797580571,0.09890109890109888,0.9010989010989011,0.85,-0.7510989010989011,91,0.001,0.9663865546218487,0.09890109890109888,0.5326438267614738,0.37704347826086954,115
5,1,"2,5,6",SAFE-Embed,0.15,DtACI (grow cal),shuffled,0.7965647797580571,0.7692307692307692,0.23076923076923078,0.85,-0.08076923076923082,91,0.11256887551946923,0.6050420168067226,0.7692307692307692,0.687136393018746,0.7224999999999999,72
5,1,"2,5,6",SAFE-Embed,0.15,ACI g=0.005,shuffled,0.7965647797580571,0.05494505494505497,0.945054945054945,0.85,-0.795054945054945,91,0.001,0.9747899159663865,0.05494505494505497,0.5148674854557207,0.3208620689655172,116
5,1,"2,5,6",SAFE-Embed,0.15,ACI g=0.005 (grow cal),shuffled,0.7965647797580571,0.7582417582417582,0.24175824175824176,0.85,-0.09175824175824177,91,0.10749999999999996,0.6386554621848739,0.7582417582417582,0.6984486102133161,0.7021052631578948,76
5,1,"2,5,6",SAFE-Embed,0.15,ACI g=0.01,shuffled,0.7965647797580571,0.09890109890109888,0.9010989010989011,0.85,-0.7510989010989011,91,0.001,0.9663865546218487,0.09890109890109888,0.5326438267614738,0.34313043478260874,115
5,1,"2,5,6",SAFE-Embed,0.15,ACI g=0.01 (grow cal),shuffled,0.7965647797580571,0.7912087912087912,0.2087912087912088,0.85,-0.058791208791208804,91,0.09499999999999997,0.5462184873949579,0.7912087912087912,0.6687136393018746,0.7003076923076923,65
5,1,"2,5,6",SAFE-Embed,0.15,ACI g=0.05,shuffled,0.7965647797580571,0.10989010989010994,0.8901098901098901,0.85,-0.74010989010989,91,0.001,0.957983193277311,0.10989010989010994,0.5339366515837105,0.39350877192982464,114
5,1,"2,5,6",SAFE-Embed,0.15,ACI g=0.05 (grow cal),shuffled,0.7965647797580571,0.8351648351648352,0.16483516483516483,0.85,-0.014835164835164782,91,0.12100000000000016,0.48739495798319327,0.8351648351648352,0.6612798965740142,0.7365517241379311,58
5,1,"2,5,6",SAFE-Embed,0.15,split CP (SAFE),exch,0.7965647797580571,0.875,0.125,0.85,0.025000000000000022,16,0.15,0.6727272727272727,0.875,0.7738636363636364,0.5221621621621622,37
5,1,"2,5,6",SAFE-Embed,0.15,split CP (n+1 corr.),exch,0.7965647797580571,0.875,0.125,0.85,0.025000000000000022,16,0.15,0.6,0.875,0.7375,0.583030303030303,33
5,1,"2,5,6",SAFE-Embed,0.15,DtACI,exch,0.7965647797580571,0.875,0.125,0.85,0.025000000000000022,16,0.15592966475034514,0.6545454545454545,0.875,0.7647727272727273,0.5516666666666666,36
5,1,"2,5,6",SAFE-Embed,0.15,DtACI (grow cal),exch,0.7965647797580571,0.875,0.125,0.85,0.025000000000000022,16,0.15863745849710284,0.6181818181818182,0.875,0.7465909090909091,0.5705882352941176,34
5,1,"2,5,6",SAFE-Embed,0.15,ACI g=0.005,exch,0.7965647797580571,0.875,0.125,0.85,0.025000000000000022,16,0.152,0.6727272727272727,0.875,0.7738636363636364,0.5297297297297296,37
5,1,"2,5,6",SAFE-Embed,0.15,ACI g=0.005 (grow cal),exch,0.7965647797580571,0.875,0.125,0.85,0.025000000000000022,16,0.152,0.6181818181818182,0.875,0.7465909090909091,0.5588235294117647,34
5,1,"2,5,6",SAFE-Embed,0.15,ACI g=0.01,exch,0.7965647797580571,0.875,0.125,0.85,0.025000000000000022,16,0.154,0.6545454545454545,0.875,0.7647727272727273,0.5472222222222223,36
5,1,"2,5,6",SAFE-Embed,0.15,ACI g=0.01 (grow cal),exch,0.7965647797580571,0.875,0.125,0.85,0.025000000000000022,16,0.154,0.6181818181818182,0.875,0.7465909090909091,0.5611764705882353,34
5,1,"2,5,6",SAFE-Embed,0.15,ACI g=0.05,exch,0.7965647797580571,0.875,0.125,0.85,0.025000000000000022,16,0.17000000000000007,0.6181818181818182,0.875,0.7465909090909091,0.5588235294117647,34
5,1,"2,5,6",SAFE-Embed,0.15,ACI g=0.05 (grow cal),exch,0.7965647797580571,0.875,0.125,0.85,0.025000000000000022,16,0.17000000000000007,0.6181818181818182,0.875,0.7465909090909091,0.5723529411764706,34
5,1,"2,5,6",SAFE-Embed,0.2,split CP (SAFE),blocked,0.7965647797580571,0.0,1.0,0.8,-0.8,91,0.2,1.0,0.0,0.5,0.1085714285714286,119
5,1,"2,5,6",SAFE-Embed,0.2,split CP (n+1 corr.),blocked,0.7965647797580571,0.0,1.0,0.8,-0.8,91,0.2,1.0,0.0,0.5,0.12907563025210084,119
5,1,"2,5,6",SAFE-Embed,0.2,DtACI,blocked,0.7965647797580571,0.06593406593406592,0.9340659340659341,0.8,-0.7340659340659341,91,0.0010000000000000002,0.957983193277311,0.06593406593406592,0.5119586296056884,0.3880701754385965,114
5,1,"2,5,6",SAFE-Embed,0.2,DtACI (grow cal),blocked,0.7965647797580571,0.6813186813186813,0.31868131868131866,0.8,-0.1186813186813187,91,0.19784045730616942,0.680672268907563,0.6813186813186813,0.6809954751131222,0.6293827160493827,81
5,1,"2,5,6",SAFE-Embed,0.2,ACI g=0.005,blocked,0.7965647797580571,0.0,1.0,0.8,-0.8,91,0.001,0.9663865546218487,0.0,0.4831932773109244,0.32695652173913037,115
5,1,"2,5,6",SAFE-Embed,0.2,ACI g=0.005 (grow cal),blocked,0.7965647797580571,0.6923076923076923,0.3076923076923077,0.8,-0.10769230769230775,91,0.14999999999999997,0.6218487394957983,0.6923076923076923,0.6570782159017453,0.6443243243243243,74
5,1,"2,5,6",SAFE-Embed,0.2,ACI g=0.01,blocked,0.7965647797580571,0.04395604395604391,0.9560439560439561,0.8,-0.7560439560439561,91,0.001,0.9663865546218487,0.04395604395604391,0.5051712992889463,0.36382608695652174,115
5,1,"2,5,6",SAFE-Embed,0.2,ACI g=0.01 (grow cal),blocked,0.7965647797580571,0.7472527472527473,0.25274725274725274,0.8,-0.05274725274725278,91,0.14999999999999997,0.5462184873949579,0.7472527472527473,0.6467356173238525,0.6541538461538461,65
5,1,"2,5,6",SAFE-Embed,0.2,ACI g=0.05,blocked,0.7965647797580571,0.06593406593406592,0.9340659340659341,0.8,-0.7340659340659341,91,0.001,0.957983193277311,0.06593406593406592,0.5119586296056884,0.3907017543859649,114
5,1,"2,5,6",SAFE-Embed,0.2,ACI g=0.05 (grow cal),blocked,0.7965647797580571,0.7802197802197802,0.21978021978021978,0.8,-0.01978021978021982,91,0.20100000000000035,0.5630252100840336,0.7802197802197802,0.671622495151907,0.6904477611940298,67
5,1,"2,5,6",SAFE-Embed,0.2,split CP (SAFE),shuffled,0.7965647797580571,0.0,1.0,0.8,-0.8,91,0.2,1.0,0.0,0.5,0.10857142857142857,119
5,1,"2,5,6",SAFE-Embed,0.2,split CP (n+1 corr.),shuffled,0.7965647797580571,0.0,1.0,0.8,-0.8,91,0.2,1.0,0.0,0.5,0.12907563025210086,119
5,1,"2,5,6",SAFE-Embed,0.2,DtACI,shuffled,0.7965647797580571,0.05494505494505497,0.945054945054945,0.8,-0.7450549450549451,91,0.0010000000000000002,0.9663865546218487,0.05494505494505497,0.5106658047834518,0.3827826086956522,115
5,1,"2,5,6",SAFE-Embed,0.2,DtACI (grow cal),shuffled,0.7965647797580571,0.7362637362637363,0.26373626373626374,0.8,-0.06373626373626373,91,0.15934823946066834,0.7058823529411765,0.7362637362637363,0.7210730446024565,0.6592857142857143,84
5,1,"2,5,6",SAFE-Embed,0.2,ACI g=0.005,shuffled,0.7965647797580571,0.03296703296703296,0.967032967032967,0.8,-0.7670329670329671,91,0.001,0.9831932773109243,0.03296703296703296,0.5080801551389786,0.30854700854700856,117
5,1,"2,5,6",SAFE-Embed,0.2,ACI g=0.005 (grow cal),shuffled,0.7965647797580571,0.7032967032967032,0.2967032967032967,0.8,-0.0967032967032968,91,0.15499999999999997,0.7478991596638656,0.7032967032967032,0.7255979314802844,0.618876404494382,89
5,1,"2,5,6",SAFE-Embed,0.2,ACI g=0.01,shuffled,0.7965647797580571,0.04395604395604391,0.9560439560439561,0.8,-0.7560439560439561,91,0.001,0.9663865546218487,0.04395604395604391,0.5051712992889463,0.3408695652173913,115
5,1,"2,5,6",SAFE-Embed,0.2,ACI g=0.01 (grow cal),shuffled,0.7965647797580571,0.7362637362637363,0.26373626373626374,0.8,-0.06373626373626373,91,0.13999999999999996,0.6890756302521008,0.7362637362637363,0.7126696832579186,0.6360975609756098,82
5,1,"2,5,6",SAFE-Embed,0.2,ACI g=0.05,shuffled,0.7965647797580571,0.06593406593406592,0.9340659340659341,0.8,-0.7340659340659341,91,0.001,0.9663865546218487,0.06593406593406592,0.5161603102779573,0.383304347826087,115
5,1,"2,5,6",SAFE-Embed,0.2,ACI g=0.05 (grow cal),shuffled,0.7965647797580571,0.7912087912087912,0.2087912087912088,0.8,-0.008791208791208871,91,0.17100000000000026,0.5042016806722689,0.7912087912087912,0.64770523594053,0.6806666666666668,60
5,1,"2,5,6",SAFE-Embed,0.2,split CP (SAFE),exch,0.7965647797580571,0.8125,0.1875,0.8,0.012499999999999956,16,0.2,0.7090909090909091,0.8125,0.7607954545454545,0.4502564102564102,39
5,1,"2,5,6",SAFE-Embed,0.2,split CP (n+1 corr.),exch,0.7965647797580571,0.8125,0.1875,0.8,0.012499999999999956,16,0.2,0.6727272727272727,0.8125,0.7426136363636364,0.5048648648648648,37
5,1,"2,5,6",SAFE-Embed,0.2,DtACI,exch,0.7965647797580571,0.8125,0.1875,0.8,0.012499999999999956,16,0.20231918971276608,0.7090909090909091,0.8125,0.7607954545454545,0.4543589743589743,39
5,1,"2,5,6",SAFE-Embed,0.2,DtACI (grow cal),exch,0.7965647797580571,0.8125,0.1875,0.8,0.012499999999999956,16,0.20220588274933513,0.6909090909090909,0.8125,0.7517045454545455,0.4784210526315789,38
5,1,"2,5,6",SAFE-Embed,0.2,ACI g=0.005,exch,0.7965647797580571,0.8125,0.1875,0.8,0.012499999999999956,16,0.201,0.7090909090909091,0.8125,0.7607954545454545,0.45128205128205134,39
5,1,"2,5,6",SAFE-Embed,0.2,ACI g=0.005 (grow cal),exch,0.7965647797580571,0.8125,0.1875,0.8,0.012499999999999956,16,0.201,0.6909090909090909,0.8125,0.7517045454545455,0.4689473684210526,38
5,1,"2,5,6",SAFE-Embed,0.2,ACI g=0.01,exch,0.7965647797580571,0.8125,0.1875,0.8,0.012499999999999956,16,0.202,0.7090909090909091,0.8125,0.7607954545454545,0.4517948717948718,39
5,1,"2,5,6",SAFE-Embed,0.2,ACI g=0.01 (grow cal),exch,0.7965647797580571,0.8125,0.1875,0.8,0.012499999999999956,16,0.202,0.6909090909090909,0.8125,0.7517045454545455,0.47052631578947374,38
5,1,"2,5,6",SAFE-Embed,0.2,ACI g=0.05,exch,0.7965647797580571,0.8125,0.1875,0.8,0.012499999999999956,16,0.2100000000000001,0.6909090909090909,0.8125,0.7517045454545455,0.4689473684210526,38
5,1,"2,5,6",SAFE-Embed,0.2,ACI g=0.05 (grow cal),exch,0.7965647797580571,0.8125,0.1875,0.8,0.012499999999999956,16,0.2100000000000001,0.6545454545454545,0.8125,0.7335227272727273,0.5011111111111111,36
5,1,"2,5,6",SAFE-Embed,0.25,split CP (SAFE),blocked,0.7965647797580571,0.0,1.0,0.75,-0.75,91,0.25,1.0,0.0,0.5,0.08521008403361346,119
5,1,"2,5,6",SAFE-Embed,0.25,split CP (n+1 corr.),blocked,0.7965647797580571,0.0,1.0,0.75,-0.75,91,0.25,1.0,0.0,0.5,0.09008403361344539,119
5,1,"2,5,6",SAFE-Embed,0.25,DtACI,blocked,0.7965647797580571,0.06593406593406592,0.9340659340659341,0.75,-0.6840659340659341,91,0.0010000000000000002,0.957983193277311,0.06593406593406592,0.5119586296056884,0.38508771929824565,114
5,1,"2,5,6",SAFE-Embed,0.25,DtACI (grow cal),blocked,0.7965647797580571,0.6373626373626373,0.3626373626373626,0.75,-0.11263736263736268,91,0.27766365321224207,0.6890756302521008,0.6373626373626373,0.6632191338073691,0.6202439024390244,82
5,1,"2,5,6",SAFE-Embed,0.25,ACI g=0.005,blocked,0.7965647797580571,0.0,1.0,0.75,-0.75,91,0.001,0.9831932773109243,0.0,0.49159663865546216,0.26017094017094017,117
5,1,"2,5,6",SAFE-Embed,0.25,ACI g=0.005 (grow cal),blocked,0.7965647797580571,0.6153846153846154,0.38461538461538464,0.75,-0.13461538461538458,91,0.18749999999999994,0.7058823529411765,0.6153846153846154,0.660633484162896,0.6064285714285714,84
5,1,"2,5,6",SAFE-Embed,0.25,ACI g=0.01,blocked,0.7965647797580571,0.03296703296703296,0.967032967032967,0.75,-0.717032967032967,91,0.001,0.9663865546218487,0.03296703296703296,0.49967679379444085,0.3455652173913043,115
5,1,"2,5,6",SAFE-Embed,0.25,ACI g=0.01 (grow cal),blocked,0.7965647797580571,0.6813186813186813,0.31868131868131866,0.75,-0.06868131868131866,91,0.18499999999999994,0.6638655462184874,0.6813186813186813,0.6725921137685844,0.6354430379746834,79
5,1,"2,5,6",SAFE-Embed,0.25,ACI g=0.05,blocked,0.7965647797580571,0.06593406593406592,0.9340659340659341,0.75,-0.6840659340659341,91,0.001,0.957983193277311,0.06593406593406592,0.5119586296056884,0.38701754385964915,114
5,1,"2,5,6",SAFE-Embed,0.25,ACI g=0.05 (grow cal),blocked,0.7965647797580571,0.7252747252747253,0.27472527472527475,0.75,-0.02472527472527475,91,0.2010000000000003,0.5966386554621849,0.7252747252747253,0.6609566903684551,0.6583098591549296,71
5,1,"2,5,6",SAFE-Embed,0.25,split CP (SAFE),shuffled,0.7965647797580571,0.0,1.0,0.75,-0.75,91,0.25,1.0,0.0,0.5,0.08521008403361344,119
5,1,"2,5,6",SAFE-Embed,0.25,split CP (n+1 corr.),shuffled,0.7965647797580571,0.0,1.0,0.75,-0.75,91,0.25,1.0,0.0,0.5,0.09008403361344539,119
5,1,"2,5,6",SAFE-Embed,0.25,DtACI,shuffled,0.7965647797580571,0.05494505494505497,0.945054945054945,0.75,-0.695054945054945,91,0.001,0.9663865546218487,0.05494505494505497,0.5106658047834518,0.36817391304347824,115
5,1,"2,5,6",SAFE-Embed,0.25,DtACI (grow cal),shuffled,0.7965647797580571,0.6593406593406593,0.34065934065934067,0.75,-0.09065934065934067,91,0.18547127546936762,0.7142857142857143,0.6593406593406593,0.6868131868131868,0.6376470588235293,85
5,1,"2,5,6",SAFE-Embed,0.25,ACI g=0.005,shuffled,0.7965647797580571,0.02197802197802201,0.978021978021978,0.75,-0.728021978021978,91,0.001,0.9831932773109243,0.02197802197802201,0.5025856496444732,0.2579487179487179,117
5,1,"2,5,6",SAFE-Embed,0.25,ACI g=0.005 (grow cal),shuffled,0.7965647797580571,0.6043956043956045,0.3956043956043956,0.75,-0.14560439560439553,91,0.18249999999999994,0.7478991596638656,0.6043956043956045,0.676147382029735,0.5644943820224719,89
5,1,"2,5,6",SAFE-Embed,0.25,ACI g=0.01,shuffled,0.7965647797580571,0.03296703296703296,0.967032967032967,0.75,-0.717032967032967,91,0.001,0.9747899159663865,0.03296703296703296,0.5038784744667097,0.31551724137931036,116
5,1,"2,5,6",SAFE-Embed,0.25,ACI g=0.01 (grow cal),shuffled,0.7965647797580571,0.6593406593406593,0.34065934065934067,0.75,-0.09065934065934067,91,0.16499999999999992,0.7478991596638656,0.6593406593406593,0.7036199095022624,0.5923595505617977,89
5,1,"2,5,6",SAFE-Embed,0.25,ACI g=0.05,shuffled,0.7965647797580571,0.06593406593406592,0.9340659340659341,0.75,-0.6840659340659341,91,0.001,0.9663865546218487,0.06593406593406592,0.5161603102779573,0.3620869565217391,115
5,1,"2,5,6",SAFE-Embed,0.25,ACI g=0.05 (grow cal),shuffled,0.7965647797580571,0.7472527472527473,0.25274725274725274,0.75,-0.0027472527472527375,91,0.22600000000000015,0.5882352941176471,0.7472527472527473,0.6677440206851972,0.6531428571428572,70
5,1,"2,5,6",SAFE-Embed,0.25,split CP (SAFE),exch,0.7965647797580571,0.75,0.25,0.75,0.0,16,0.25,0.7636363636363637,0.75,0.7568181818181818,0.4642857142857143,42
5,1,"2,5,6",SAFE-Embed,0.25,split CP (n+1 corr.),exch,0.7965647797580571,0.75,0.25,0.75,0.0,16,0.25,0.7454545454545455,0.75,0.7477272727272728,0.464390243902439,41
5,1,"2,5,6",SAFE-Embed,0.25,DtACI,exch,0.7965647797580571,0.75,0.25,0.75,0.0,16,0.24999999999999994,0.7636363636363637,0.75,0.7568181818181818,0.4576190476190477,42
5,1,"2,5,6",SAFE-Embed,0.25,DtACI (grow cal),exch,0.7965647797580571,0.75,0.25,0.75,0.0,16,0.27561219781967033,0.7636363636363637,0.75,0.7568181818181818,0.4466666666666667,42
5,1,"2,5,6",SAFE-Embed,0.25,ACI g=0.005,exch,0.7965647797580571,0.75,0.25,0.75,0.0,16,0.24999999999999994,0.7636363636363637,0.75,0.7568181818181818,0.4642857142857143,42
5,1,"2,5,6",SAFE-Embed,0.25,ACI g=0.005 (grow cal),exch,0.7965647797580571,0.75,0.25,0.75,0.0,16,0.24999999999999994,0.7636363636363637,0.75,0.7568181818181818,0.44904761904761914,42
5,1,"2,5,6",SAFE-Embed,0.25,ACI g=0.01,exch,0.7965647797580571,0.75,0.25,0.75,0.0,16,0.25,0.7636363636363637,0.75,0.7568181818181818,0.4642857142857143,42
5,1,"2,5,6",SAFE-Embed,0.25,ACI g=0.01 (grow cal),exch,0.7965647797580571,0.75,0.25,0.75,0.0,16,0.25,0.7636363636363637,0.75,0.7568181818181818,0.44857142857142857,42
5,1,"2,5,6",SAFE-Embed,0.25,ACI g=0.05,exch,0.7965647797580571,0.75,0.25,0.75,0.0,16,0.25000000000000006,0.7636363636363637,0.75,0.7568181818181818,0.4495238095238095,42
5,1,"2,5,6",SAFE-Embed,0.25,ACI g=0.05 (grow cal),exch,0.7965647797580571,0.75,0.25,0.75,0.0,16,0.25000000000000006,0.7636363636363637,0.75,0.7568181818181818,0.4480952380952381,42
5,1,"2,5,6",H&S inter+intra,0.1,split CP (SAFE),blocked,0.7385723520177302,0.7472527472527473,0.25274725274725274,0.9,-0.15274725274725276,91,0.1,0.2605042016806723,0.7472527472527473,0.5038784744667097,0.13354838709677422,31
5,1,"2,5,6",H&S inter+intra,0.1,split CP (n+1 corr.),blocked,0.7385723520177302,0.8571428571428572,0.14285714285714285,0.9,-0.042857142857142816,91,0.1,0.11764705882352941,0.8571428571428572,0.4873949579831933,0.12428571428571429,14
5,1,"2,5,6",H&S inter+intra,0.1,DtACI,blocked,0.7385723520177302,0.7912087912087912,0.2087912087912088,0.9,-0.10879120879120885,91,0.1104120074756674,0.29411764705882354,0.7912087912087912,0.5426632191338073,0.28,35
5,1,"2,5,6",H&S inter+intra,0.1,DtACI (grow cal),blocked,0.7385723520177302,0.8681318681318682,0.13186813186813187,0.9,-0.031868131868131866,91,0.25918999908303797,0.19327731092436976,0.8681318681318682,0.5307045895281189,0.28782608695652173,23
5,1,"2,5,6",H&S inter+intra,0.1,ACI g=0.005,blocked,0.7385723520177302,0.8241758241758241,0.17582417582417584,0.9,-0.07582417582417589,91,0.06499999999999997,0.14285714285714285,0.8241758241758241,0.48351648351648346,0.10117647058823531,17
5,1,"2,5,6",H&S inter+intra,0.1,ACI g=0.005 (grow cal),blocked,0.7385723520177302,0.9010989010989011,0.0989010989010989,0.9,0.001098901098901095,91,0.1,0.06722689075630252,0.9010989010989011,0.4841628959276018,0.12250000000000001,8
5,1,"2,5,6",H&S inter+intra,0.1,ACI g=0.01,blocked,0.7385723520177302,0.8461538461538461,0.15384615384615385,0.9,-0.05384615384615388,91,0.051000000000000045,0.12605042016806722,0.8461538461538461,0.4861021331609567,0.11066666666666668,15
5,1,"2,5,6",H&S inter+intra,0.1,ACI g=0.01 (grow cal),blocked,0.7385723520177302,0.9010989010989011,0.0989010989010989,0.9,0.001098901098901095,91,0.10000000000000003,0.06722689075630252,0.9010989010989011,0.4841628959276018,0.12250000000000001,8
5,1,"2,5,6",H&S inter+intra,0.1,ACI g=0.05,blocked,0.7385723520177302,0.8571428571428572,0.14285714285714285,0.9,-0.042857142857142816,91,0.11100000000000018,0.09243697478991597,0.8571428571428572,0.4747899159663866,0.17454545454545453,11
5,1,"2,5,6",H&S inter+intra,0.1,ACI g=0.05 (grow cal),blocked,0.7385723520177302,0.9230769230769231,0.07692307692307693,0.9,0.023076923076923106,91,0.26100000000000023,0.09243697478991597,0.9230769230769231,0.5077569489334195,0.25272727272727274,11
5,1,"2,5,6",H&S inter+intra,0.1,split CP (SAFE),shuffled,0.7385723520177302,0.7472527472527473,0.25274725274725274,0.9,-0.15274725274725276,91,0.1,0.2605042016806723,0.7472527472527473,0.5038784744667097,0.13354838709677422,31
5,1,"2,5,6",H&S inter+intra,0.1,split CP (n+1 corr.),shuffled,0.7385723520177302,0.8571428571428572,0.14285714285714285,0.9,-0.042857142857142816,91,0.1,0.11764705882352941,0.8571428571428572,0.4873949579831933,0.1242857142857143,14
5,1,"2,5,6",H&S inter+intra,0.1,DtACI,shuffled,0.7385723520177302,0.8131868131868132,0.18681318681318682,0.9,-0.08681318681318684,91,0.10023999999994677,0.21008403361344538,0.8131868131868132,0.5116354234001292,0.15200000000000002,25
5,1,"2,5,6",H&S inter+intra,0.1,DtACI (grow cal),shuffled,0.7385723520177302,0.8681318681318682,0.13186813186813187,0.9,-0.031868131868131866,91,0.1401400000000003,0.17647058823529413,0.8681318681318682,0.5223012281835812,0.18095238095238098,21
5,1,"2,5,6",H&S inter+intra,0.1,ACI g=0.005,shuffled,0.7385723520177302,0.8131868131868132,0.18681318681318682,0.9,-0.08681318681318684,91,0.05999999999999997,0.16806722689075632,0.8131868131868132,0.4906270200387848,0.12400000000000004,20
5,1,"2,5,6",H&S inter+intra,0.1,ACI g=0.005 (grow cal),shuffled,0.7385723520177302,0.8681318681318682,0.13186813186813187,0.9,-0.031868131868131866,91,0.08499999999999999,0.11764705882352941,0.8681318681318682,0.4928894634776988,0.11571428571428573,14
5,1,"2,5,6",H&S inter+intra,0.1,ACI g=0.01,shuffled,0.7385723520177302,0.8351648351648352,0.16483516483516483,0.9,-0.06483516483516483,91,0.04000000000000001,0.13445378151260504,0.8351648351648352,0.4848093083387201,0.11000000000000001,16
5,1,"2,5,6",H&S inter+intra,0.1,ACI g=0.01 (grow cal),shuffled,0.7385723520177302,0.8791208791208791,0.12087912087912088,0.9,-0.020879120879120916,91,0.07999999999999999,0.09243697478991597,0.8791208791208791,0.48577892695539754,0.11090909090909093,11
5,1,"2,5,6",H&S inter+intra,0.1,ACI g=0.05,shuffled,0.7385723520177302,0.8571428571428572,0.14285714285714285,0.9,-0.042857142857142816,91,0.05100000000000002,0.13445378151260504,0.8571428571428572,0.4957983193277311,0.0925,16
5,1,"2,5,6",H&S inter+intra,0.1,ACI g=0.05 (grow cal),shuffled,0.7385723520177302,0.8901098901098901,0.10989010989010989,0.9,-0.009890109890109966,91,0.08600000000000016,0.09243697478991597,0.8901098901098901,0.491273432449903,0.10909090909090911,11
5,1,"2,5,6",H&S inter+intra,0.1,split CP (SAFE),exch,0.7385723520177302,0.9375,0.0625,0.9,0.03749999999999998,16,0.1,0.21818181818181817,0.9375,0.5778409090909091,0.065,12
5,1,"2,5,6",H&S inter+intra,0.1,split CP (n+1 corr.),exch,0.7385723520177302,0.9375,0.0625,0.9,0.03749999999999998,16,0.1,0.12727272727272726,0.9375,0.5323863636363636,0.028571428571428574,7
5,1,"2,5,6",H&S inter+intra,0.1,DtACI,exch,0.7385723520177302,0.9375,0.0625,0.9,0.03749999999999998,16,0.12964694040917232,0.18181818181818182,0.9375,0.5596590909090909,0.054000000000000006,10
5,1,"2,5,6",H&S inter+intra,0.1,DtACI (grow cal),exch,0.7385723520177302,0.875,0.125,0.9,-0.025000000000000022,16,0.10327048776779231,0.21818181818181817,0.875,0.5465909090909091,0.04833333333333334,12
5,1,"2,5,6",H&S inter+intra,0.1,ACI g=0.005,exch,0.7385723520177302,0.9375,0.0625,0.9,0.03749999999999998,16,0.10300000000000001,0.21818181818181817,0.9375,0.5778409090909091,0.065,12
5,1,"2,5,6",H&S inter+intra,0.1,ACI g=0.005 (grow cal),exch,0.7385723520177302,0.9375,0.0625,0.9,0.03749999999999998,16,0.10300000000000001,0.2,0.9375,0.56875,0.06727272727272728,11
5,1,"2,5,6",H&S inter+intra,0.1,ACI g=0.01,exch,0.7385723520177302,0.9375,0.0625,0.9,0.03749999999999998,16,0.10600000000000001,0.21818181818181817,0.9375,0.5778409090909091,0.065,12
5,1,"2,5,6",H&S inter+intra,0.1,ACI g=0.01 (grow cal),exch,0.7385723520177302,0.9375,0.0625,0.9,0.03749999999999998,16,0.10600000000000001,0.2,0.9375,0.56875,0.06727272727272728,11
5,1,"2,5,6",H&S inter+intra,0.1,ACI g=0.05,exch,0.7385723520177302,0.9375,0.0625,0.9,0.03749999999999998,16,0.13000000000000006,0.2,0.9375,0.56875,0.06727272727272728,11
5,1,"2,5,6",H&S inter+intra,0.1,ACI g=0.05 (grow cal),exch,0.7385723520177302,0.875,0.125,0.9,-0.025000000000000022,16,0.08000000000000004,0.16363636363636364,0.875,0.5193181818181818,0.03777777777777777,9
5,1,"2,5,6",H&S inter+intra,0.15,split CP (SAFE),blocked,0.7385723520177302,0.7252747252747253,0.27472527472527475,0.85,-0.12472527472527473,91,0.15,0.4369747899159664,0.7252747252747253,0.5811247575953458,0.27307692307692305,52
5,1,"2,5,6",H&S inter+intra,0.15,split CP (n+1 corr.),blocked,0.7385723520177302,0.7692307692307692,0.23076923076923078,0.85,-0.08076923076923082,91,0.15,0.23529411764705882,0.7692307692307692,0.502262443438914,0.13071428571428576,28
5,1,"2,5,6",H&S inter+intra,0.15,DtACI,blocked,0.7385723520177302,0.7252747252747253,0.27472527472527475,0.85,-0.12472527472527473,91,0.15047684693329352,0.31092436974789917,0.7252747252747253,0.5180995475113122,0.26810810810810815,37
5,1,"2,5,6",H&S inter+intra,0.15,DtACI (grow cal),blocked,0.7385723520177302,0.8021978021978022,0.1978021978021978,0.85,-0.04780219780219774,91,0.27374249695001485,0.226890756302521,0.8021978021978022,0.5145442792501617,0.24592592592592594,27
5,1,"2,5,6",H&S inter+intra,0.15,ACI g=0.005,blocked,0.7385723520177302,0.7472527472527473,0.25274725274725274,0.85,-0.10274725274725272,91,0.10249999999999995,0.23529411764705882,0.7472527472527473,0.49127343244990307,0.1235714285714286,28
5,1,"2,5,6",H&S inter+intra,0.15,ACI g=0.005 (grow cal),blocked,0.7385723520177302,0.8681318681318682,0.13186813186813187,0.85,0.01813186813186818,91,0.1575,0.11764705882352941,0.8681318681318682,0.4928894634776988,0.09428571428571429,14
5,1,"2,5,6",H&S inter+intra,0.15,ACI g=0.01,blocked,0.7385723520177302,0.8131868131868132,0.18681318681318682,0.85,-0.03681318681318679,91,0.11499999999999999,0.19327731092436976,0.8131868131868132,0.5032320620555915,0.14782608695652177,23
5,1,"2,5,6",H&S inter+intra,0.15,ACI g=0.01 (grow cal),blocked,0.7385723520177302,0.8791208791208791,0.12087912087912088,0.85,0.02912087912087913,91,0.17500000000000002,0.10084033613445378,0.8791208791208791,0.48998060762766643,0.07833333333333335,12
5,1,"2,5,6",H&S inter+intra,0.15,ACI g=0.05,blocked,0.7385723520177302,0.8131868131868132,0.18681318681318682,0.85,-0.03681318681318679,91,0.15100000000000025,0.2184873949579832,0.8131868131868132,0.5158371040723981,0.2438461538461538,26
5,1,"2,5,6",H&S inter+intra,0.15,ACI g=0.05 (grow cal),blocked,0.7385723520177302,0.8791208791208791,0.12087912087912088,0.85,0.02912087912087913,91,0.2750000000000004,0.19327731092436976,0.8791208791208791,0.5361990950226244,0.29130434782608694,23
5,1,"2,5,6",H&S inter+intra,0.15,split CP (SAFE),shuffled,0.7385723520177302,0.7252747252747253,0.27472527472527475,0.85,-0.12472527472527473,91,0.15,0.4369747899159664,0.7252747252747253,0.5811247575953458,0.2730769230769231,52
5,1,"2,5,6",H&S inter+intra,0.15,split CP (n+1 corr.),shuffled,0.7385723520177302,0.7692307692307692,0.23076923076923078,0.85,-0.08076923076923082,91,0.15,0.23529411764705882,0.7692307692307692,0.502262443438914,0.13071428571428573,28
5,1,"2,5,6",H&S inter+intra,0.15,DtACI,shuffled,0.7385723520177302,0.7472527472527473,0.25274725274725274,0.85,-0.10274725274725272,91,0.15002405883191214,0.31092436974789917,0.7472527472527473,0.5290885585003232,0.187027027027027,37
5,1,"2,5,6",H&S inter+intra,0.15,DtACI (grow cal),shuffled,0.7385723520177302,0.8021978021978022,0.1978021978021978,0.85,-0.04780219780219774,91,0.17449198999983956,0.2184873949579832,0.8021978021978022,0.5103425985778927,0.1769230769230769,26
5,1,"2,5,6",H&S inter+intra,0.15,ACI g=0.005,shuffled,0.7385723520177302,0.7472527472527473,0.25274725274725274,0.85,-0.10274725274725272,91,0.10249999999999995,0.31932773109243695,0.7472527472527473,0.5332902391725921,0.19421052631578947,38
5,1,"2,5,6",H&S inter+intra,0.15,ACI g=0.005 (grow cal),shuffled,0.7385723520177302,0.8131868131868132,0.18681318681318682,0.85,-0.03681318681318679,91,0.13249999999999998,0.16806722689075632,0.8131868131868132,0.4906270200387848,0.16300000000000003,20
5,1,"2,5,6",H&S inter+intra,0.15,ACI g=0.01,shuffled,0.7385723520177302,0.7692307692307692,0.23076923076923078,0.85,-0.08076923076923082,91,0.07499999999999993,0.226890756302521,0.7692307692307692,0.49806076276664507,0.15999999999999998,27
5,1,"2,5,6",H&S inter+intra,0.15,ACI g=0.01 (grow cal),shuffled,0.7385723520177302,0.8241758241758241,0.17582417582417584,0.85,-0.025824175824175843,91,0.12499999999999997,0.15966386554621848,0.8241758241758241,0.4919198448610213,0.1642105263157895,19
5,1,"2,5,6",H&S inter+intra,0.15,ACI g=0.05,shuffled,0.7385723520177302,0.8351648351648352,0.16483516483516483,0.85,-0.014835164835164782,91,0.08350000000000007,0.21008403361344538,0.8351648351648352,0.5226244343891403,0.192,25
5,1,"2,5,6",H&S inter+intra,0.15,ACI g=0.05 (grow cal),shuffled,0.7385723520177302,0.8571428571428572,0.14285714285714285,0.85,0.0071428571428572285,91,0.17500000000000032,0.15966386554621848,0.8571428571428572,0.5084033613445378,0.11157894736842106,19
5,1,"2,5,6",H&S inter+intra,0.15,split CP (SAFE),exch,0.7385723520177302,0.8125,0.1875,0.85,-0.03749999999999998,16,0.15,0.38181818181818183,0.8125,0.5971590909090909,0.18571428571428572,21
5,1,"2,5,6",H&S inter+intra,0.15,split CP (n+1 corr.),exch,0.7385723520177302,0.9375,0.0625,0.85,0.08750000000000002,16,0.15,0.2,0.9375,0.56875,0.052727272727272734,11
5,1,"2,5,6",H&S inter+intra,0.15,DtACI,exch,0.7385723520177302,0.8125,0.1875,0.85,-0.03749999999999998,16,0.18858190712431958,0.38181818181818183,0.8125,0.5971590909090909,0.20571428571428568,21
5,1,"2,5,6",H&S inter+intra,0.15,DtACI (grow cal),exch,0.7385723520177302,0.8125,0.1875,0.85,-0.03749999999999998,16,0.18371942120700024,0.38181818181818183,0.8125,0.5971590909090909,0.22571428571428573,21
5,1,"2,5,6",H&S inter+intra,0.15,ACI g=0.005,exch,0.7385723520177302,0.8125,0.1875,0.85,-0.03749999999999998,16,0.147,0.36363636363636365,0.8125,0.5880681818181819,0.16499999999999998,20
5,1,"2,5,6",H&S inter+intra,0.15,ACI g=0.005 (grow cal),exch,0.7385723520177302,0.8125,0.1875,0.85,-0.03749999999999998,16,0.147,0.38181818181818183,0.8125,0.5971590909090909,0.20571428571428568,21
5,1,"2,5,6",H&S inter+intra,0.15,ACI g=0.01,exch,0.7385723520177302,0.8125,0.1875,0.85,-0.03749999999999998,16,0.144,0.36363636363636365,0.8125,0.5880681818181819,0.16499999999999998,20
5,1,"2,5,6",H&S inter+intra,0.15,ACI g=0.01 (grow cal),exch,0.7385723520177302,0.8125,0.1875,0.85,-0.03749999999999998,16,0.144,0.38181818181818183,0.8125,0.5971590909090909,0.20571428571428568,21
5,1,"2,5,6",H&S inter+intra,0.15,ACI g=0.05,exch,0.7385723520177302,0.8125,0.1875,0.85,-0.03749999999999998,16,0.12000000000000005,0.34545454545454546,0.8125,0.5789772727272727,0.16421052631578947,19
5,1,"2,5,6",H&S inter+intra,0.15,ACI g=0.05 (grow cal),exch,0.7385723520177302,0.8125,0.1875,0.85,-0.03749999999999998,16,0.12000000000000005,0.34545454545454546,0.8125,0.5789772727272727,0.18631578947368424,19
5,1,"2,5,6",H&S inter+intra,0.2,split CP (SAFE),blocked,0.7385723520177302,0.6043956043956045,0.3956043956043956,0.8,-0.19560439560439558,91,0.2,0.6386554621848739,0.6043956043956045,0.6215255332902392,0.3486842105263158,76
5,1,"2,5,6",H&S inter+intra,0.2,split CP (n+1 corr.),blocked,0.7385723520177302,0.6593406593406593,0.34065934065934067,0.8,-0.14065934065934071,91,0.2,0.5546218487394958,0.6593406593406593,0.6069812540400776,0.3400000000000001,66
5,1,"2,5,6",H&S inter+intra,0.2,DtACI,blocked,0.7385723520177302,0.7252747252747253,0.27472527472527475,0.8,-0.07472527472527479,91,0.2991149987487943,0.47058823529411764,0.7252747252747253,0.5979314802844214,0.3735714285714286,56
5,1,"2,5,6",H&S inter+intra,0.2,DtACI (grow cal),blocked,0.7385723520177302,0.7802197802197802,0.21978021978021978,0.8,-0.01978021978021982,91,0.43828499865271,0.3949579831932773,0.7802197802197802,0.5875888817065288,0.36042553191489374,47
5,1,"2,5,6",H&S inter+intra,0.2,ACI g=0.005,blocked,0.7385723520177302,0.7252747252747253,0.27472527472527475,0.8,-0.07472527472527479,91,0.16499999999999998,0.46218487394957986,0.7252747252747253,0.5937297996121526,0.32690909090909104,55
5,1,"2,5,6",H&S inter+intra,0.2,ACI g=0.005 (grow cal),blocked,0.7385723520177302,0.8241758241758241,0.17582417582417584,0.8,0.02417582417582409,91,0.21000000000000002,0.2773109243697479,0.8241758241758241,0.5507433742727861,0.2703030303030304,33
5,1,"2,5,6",H&S inter+intra,0.2,ACI g=0.01,blocked,0.7385723520177302,0.7582417582417582,0.24175824175824176,0.8,-0.04175824175824183,91,0.15999999999999998,0.3949579831932773,0.7582417582417582,0.5765998707175177,0.3306382978723405,47
5,1,"2,5,6",H&S inter+intra,0.2,ACI g=0.01 (grow cal),blocked,0.7385723520177302,0.8241758241758241,0.17582417582417584,0.8,0.02417582417582409,91,0.22000000000000003,0.2773109243697479,0.8241758241758241,0.5507433742727861,0.2884848484848485,33
5,1,"2,5,6",H&S inter+intra,0.2,ACI g=0.05,blocked,0.7385723520177302,0.7912087912087912,0.2087912087912088,0.8,-0.008791208791208871,91,0.20100000000000035,0.3949579831932773,0.7912087912087912,0.5930833872010343,0.3506382978723405,47
5,1,"2,5,6",H&S inter+intra,0.2,ACI g=0.05 (grow cal),blocked,0.7385723520177302,0.8351648351648352,0.16483516483516483,0.8,0.03516483516483515,91,0.3500000000000003,0.33613445378151263,0.8351648351648352,0.5856496444731739,0.35300000000000004,40
5,1,"2,5,6",H&S inter+intra,0.2,split CP (SAFE),shuffled,0.7385723520177302,0.6043956043956045,0.3956043956043956,0.8,-0.19560439560439558,91,0.2,0.6386554621848739,0.6043956043956045,0.6215255332902392,0.3486842105263158,76
5,1,"2,5,6",H&S inter+intra,0.2,split CP (n+1 corr.),shuffled,0.7385723520177302,0.6593406593406593,0.34065934065934067,0.8,-0.14065934065934071,91,0.2,0.5546218487394958,0.6593406593406593,0.6069812540400776,0.33999999999999997,66
5,1,"2,5,6",H&S inter+intra,0.2,DtACI,shuffled,0.7385723520177302,0.6923076923076923,0.3076923076923077,0.8,-0.10769230769230775,91,0.1548753356695349,0.4957983193277311,0.6923076923076923,0.5940530058177117,0.34881355932203395,59
5,1,"2,5,6",H&S inter+intra,0.2,DtACI (grow cal),shuffled,0.7385723520177302,0.7802197802197802,0.21978021978021978,0.8,-0.01978021978021982,91,0.25639697170468817,0.35294117647058826,0.7802197802197802,0.5665804783451842,0.33,42
5,1,"2,5,6",H&S inter+intra,0.2,ACI g=0.005,shuffled,0.7385723520177302,0.7032967032967032,0.2967032967032967,0.8,-0.0967032967032968,91,0.15499999999999997,0.5126050420168067,0.7032967032967032,0.607950872656755,0.3514754098360657,61
5,1,"2,5,6",H&S inter+intra,0.2,ACI g=0.005 (grow cal),shuffled,0.7385723520177302,0.7802197802197802,0.21978021978021978,0.8,-0.01978021978021982,91,0.19,0.3445378151260504,0.7802197802197802,0.5623787976729153,0.3185365853658537,41
5,1,"2,5,6",H&S inter+intra,0.2,ACI g=0.01,shuffled,0.7385723520177302,0.7472527472527473,0.25274725274725274,0.8,-0.05274725274725278,91,0.14999999999999997,0.44537815126050423,0.7472527472527473,0.5963154492566257,0.33811320754716984,53
5,1,"2,5,6",H&S inter+intra,0.2,ACI g=0.01 (grow cal),shuffled,0.7385723520177302,0.7912087912087912,0.2087912087912088,0.8,-0.008791208791208871,91,0.19,0.3445378151260504,0.7912087912087912,0.5678733031674208,0.3185365853658537,41
5,1,"2,5,6",H&S inter+intra,0.2,ACI g=0.05,shuffled,0.7385723520177302,0.7912087912087912,0.2087912087912088,0.8,-0.008791208791208871,91,0.1500000000000004,0.35294117647058826,0.7912087912087912,0.5720749838396897,0.31000000000000005,42
5,1,"2,5,6",H&S inter+intra,0.2,ACI g=0.05 (grow cal),shuffled,0.7385723520177302,0.8131868131868132,0.18681318681318682,0.8,0.01318681318681314,91,0.25000000000000044,0.3025210084033613,0.8131868131868132,0.5578539107950873,0.2866666666666668,36
5,1,"2,5,6",H&S inter+intra,0.2,split CP (SAFE),exch,0.7385723520177302,0.875,0.125,0.8,0.07499999999999996,16,0.2,0.6545454545454545,0.875,0.7647727272727273,0.3861111111111111,36
5,1,"2,5,6",H&S inter+intra,0.2,split CP (n+1 corr.),exch,0.7385723520177302,0.9375,0.0625,0.8,0.13749999999999996,16,0.2,0.5272727272727272,0.9375,0.7323863636363637,0.34620689655172415,29
5,1,"2,5,6",H&S inter+intra,0.2,DtACI,exch,0.7385723520177302,0.8125,0.1875,0.8,0.012499999999999956,16,0.2119341797711688,0.6727272727272727,0.8125,0.7426136363636364,0.39081081081081087,37
5,1,"2,5,6",H&S inter+intra,0.2,DtACI (grow cal),exch,0.7385723520177302,0.8125,0.1875,0.8,0.012499999999999956,16,0.2013779625070038,0.6909090909090909,0.8125,0.7517045454545455,0.3852631578947369,38
5,1,"2,5,6",H&S inter+intra,0.2,ACI g=0.005,exch,0.7385723520177302,0.875,0.125,0.8,0.07499999999999996,16,0.20600000000000002,0.6545454545454545,0.875,0.7647727272727273,0.3772222222222223,36
5,1,"2,5,6",H&S inter+intra,0.2,ACI g=0.005 (grow cal),exch,0.7385723520177302,0.8125,0.1875,0.8,0.012499999999999956,16,0.201,0.7090909090909091,0.8125,0.7607954545454545,0.3764102564102565,39
5,1,"2,5,6",H&S inter+intra,0.2,ACI g=0.01,exch,0.7385723520177302,0.875,0.125,0.8,0.07499999999999996,16,0.21200000000000002,0.6727272727272727,0.875,0.7738636363636364,0.3751351351351352,37
5,1,"2,5,6",H&S inter+intra,0.2,ACI g=0.01 (grow cal),exch,0.7385723520177302,0.8125,0.1875,0.8,0.012499999999999956,16,0.202,0.7090909090909091,0.8125,0.7607954545454545,0.3764102564102565,39
5,1,"2,5,6",H&S inter+intra,0.2,ACI g=0.05,exch,0.7385723520177302,0.8125,0.1875,0.8,0.012499999999999956,16,0.2100000000000001,0.6181818181818182,0.8125,0.7153409090909091,0.3588235294117647,34
5,1,"2,5,6",H&S inter+intra,0.2,ACI g=0.05 (grow cal),exch,0.7385723520177302,0.8125,0.1875,0.8,0.012499999999999956,16,0.2100000000000001,0.6727272727272727,0.8125,0.7426136363636364,0.3751351351351352,37
5,1,"2,5,6",H&S inter+intra,0.25,split CP (SAFE),blocked,0.7385723520177302,0.5494505494505495,0.45054945054945056,0.75,-0.2005494505494505,91,0.25,0.7394957983193278,0.5494505494505495,0.6444731738849386,0.3590909090909091,88
5,1,"2,5,6",H&S inter+intra,0.25,split CP (n+1 corr.),blocked,0.7385723520177302,0.6043956043956045,0.3956043956043956,0.75,-0.14560439560439553,91,0.25,0.6974789915966386,0.6043956043956045,0.6509372979961215,0.35228915662650606,83
5,1,"2,5,6",H&S inter+intra,0.25,DtACI,blocked,0.7385723520177302,0.6703296703296704,0.32967032967032966,0.75,-0.07967032967032961,91,0.3983745852178003,0.5378151260504201,0.6703296703296704,0.6040723981900453,0.3728125,64
5,1,"2,5,6",H&S inter+intra,0.25,DtACI (grow cal),blocked,0.7385723520177302,0.7362637362637363,0.26373626373626374,0.75,-0.013736263736263687,91,0.5968472926881494,0.42857142857142855,0.7362637362637363,0.5824175824175825,0.3662745098039216,51
5,1,"2,5,6",H&S inter+intra,0.25,ACI g=0.005,blocked,0.7385723520177302,0.6263736263736264,0.37362637362637363,0.75,-0.12362637362637363,91,0.19249999999999995,0.6218487394957983,0.6263736263736264,0.6241111829347123,0.34567567567567575,74
5,1,"2,5,6",H&S inter+intra,0.25,ACI g=0.005 (grow cal),blocked,0.7385723520177302,0.7802197802197802,0.21978021978021978,0.75,0.030219780219780223,91,0.26249999999999957,0.36134453781512604,0.7802197802197802,0.5707821590174531,0.3190697674418605,43
5,1,"2,5,6",H&S inter+intra,0.25,ACI g=0.01,blocked,0.7385723520177302,0.6813186813186813,0.31868131868131866,0.75,-0.06868131868131866,91,0.18499999999999994,0.4957983193277311,0.6813186813186813,0.5885585003232062,0.3352542372881357,59
5,1,"2,5,6",H&S inter+intra,0.25,ACI g=0.01 (grow cal),blocked,0.7385723520177302,0.7912087912087912,0.2087912087912088,0.75,0.04120879120879117,91,0.28500000000000003,0.33613445378151263,0.7912087912087912,0.5636716224951519,0.304,40
5,1,"2,5,6",H&S inter+intra,0.25,ACI g=0.05,blocked,0.7385723520177302,0.7582417582417582,0.24175824175824176,0.75,0.008241758241758212,91,0.3010000000000004,0.44537815126050423,0.7582417582417582,0.6018099547511312,0.3483018867924529,53
5,1,"2,5,6",H&S inter+intra,0.25,ACI g=0.05 (grow cal),blocked,0.7385723520177302,0.7912087912087912,0.2087912087912088,0.75,0.04120879120879117,91,0.4250000000000005,0.3865546218487395,0.7912087912087912,0.5888817065287654,0.3473913043478261,46
5,1,"2,5,6",H&S inter+intra,0.25,split CP (SAFE),shuffled,0.7385723520177302,0.5494505494505495,0.45054945054945056,0.75,-0.2005494505494505,91,0.25,0.7394957983193278,0.5494505494505495,0.6444731738849386,0.3590909090909091,88
5,1,"2,5,6",H&S inter+intra,0.25,split CP (n+1 corr.),shuffled,0.7385723520177302,0.6043956043956045,0.3956043956043956,0.75,-0.14560439560439553,91,0.25,0.6974789915966386,0.6043956043956045,0.6509372979961215,0.35228915662650606,83
5,1,"2,5,6",H&S inter+intra,0.25,DtACI,shuffled,0.7385723520177302,0.6373626373626373,0.3626373626373626,0.75,-0.11263736263736268,91,0.1873517602162857,0.6386554621848739,0.6373626373626373,0.6380090497737556,0.3486842105263158,76
5,1,"2,5,6",H&S inter+intra,0.25,DtACI (grow cal),shuffled,0.7385723520177302,0.7142857142857143,0.2857142857142857,0.75,-0.0357142857142857,91,0.29786986651738445,0.47058823529411764,0.7142857142857143,0.592436974789916,0.32571428571428573,56
5,1,"2,5,6",H&S inter+intra,0.25,ACI g=0.005,shuffled,0.7385723520177302,0.6153846153846154,0.38461538461538464,0.75,-0.13461538461538458,91,0.18749999999999994,0.6722689075630253,0.6153846153846154,0.6438267614738203,0.34950000000000003,80
5,1,"2,5,6",H&S inter+intra,0.25,ACI g=0.005 (grow cal),shuffled,0.7385723520177302,0.7362637362637363,0.26373626373626374,0.75,-0.013736263736263687,91,0.2425,0.453781512605042,0.7362637362637363,0.5950226244343891,0.3377777777777779,54
5,1,"2,5,6",H&S inter+intra,0.25,ACI g=0.01,shuffled,0.7385723520177302,0.6483516483516483,0.3516483516483517,0.75,-0.10164835164835173,91,0.15499999999999992,0.5378151260504201,0.6483516483516483,0.5930833872010342,0.35562499999999997,64
5,1,"2,5,6",H&S inter+intra,0.25,ACI g=0.01 (grow cal),shuffled,0.7385723520177302,0.7362637362637363,0.26373626373626374,0.75,-0.013736263736263687,91,0.235,0.42857142857142855,0.7362637362637363,0.5824175824175825,0.3443137254901961,51
5,1,"2,5,6",H&S inter+intra,0.25,ACI g=0.05,shuffled,0.7385723520177302,0.7362637362637363,0.26373626373626374,0.75,-0.013736263736263687,91,0.17500000000000032,0.4117647058823529,0.7362637362637363,0.5740142210730446,0.33918367346938777,49
5,1,"2,5,6",H&S inter+intra,0.25,ACI g=0.05 (grow cal),shuffled,0.7385723520177302,0.7582417582417582,0.24175824175824176,0.75,0.008241758241758212,91,0.27500000000000047,0.40336134453781514,0.7582417582417582,0.5808015513897866,0.33208333333333334,48
5,1,"2,5,6",H&S inter+intra,0.25,split CP (SAFE),exch,0.7385723520177302,0.8125,0.1875,0.75,0.0625,16,0.25,0.8363636363636363,0.8125,0.8244318181818182,0.3973913043478262,46
5,1,"2,5,6",H&S inter+intra,0.25,split CP (n+1 corr.),exch,0.7385723520177302,0.8125,0.1875,0.75,0.0625,16,0.25,0.7272727272727273,0.8125,0.7698863636363636,0.38649999999999995,40
5,1,"2,5,6",H&S inter+intra,0.25,DtACI,exch,0.7385723520177302,0.8125,0.1875,0.75,0.0625,16,0.2686243069063414,0.8181818181818182,0.8125,0.8153409090909092,0.38888888888888895,45
5,1,"2,5,6",H&S inter+intra,0.25,DtACI (grow cal),exch,0.7385723520177302,0.8125,0.1875,0.75,0.0625,16,0.2590850874465229,0.8363636363636363,0.8125,0.8244318181818182,0.38652173913043486,46
5,1,"2,5,6",H&S inter+intra,0.25,ACI g=0.005,exch,0.7385723520177302,0.8125,0.1875,0.75,0.0625,16,0.2549999999999998,0.8363636363636363,0.8125,0.8244318181818182,0.3973913043478262,46
5,1,"2,5,6",H&S inter+intra,0.25,ACI g=0.005 (grow cal),exch,0.7385723520177302,0.8125,0.1875,0.75,0.0625,16,0.2549999999999998,0.8545454545454545,0.8125,0.8335227272727272,0.39617021276595754,47
5,1,"2,5,6",H&S inter+intra,0.25,ACI g=0.01,exch,0.7385723520177302,0.8125,0.1875,0.75,0.0625,16,0.26,0.8363636363636363,0.8125,0.8244318181818182,0.3973913043478262,46
5,1,"2,5,6",H&S inter+intra,0.25,ACI g=0.01 (grow cal),exch,0.7385723520177302,0.8125,0.1875,0.75,0.0625,16,0.26,0.8545454545454545,0.8125,0.8335227272727272,0.39617021276595754,47
5,1,"2,5,6",H&S inter+intra,0.25,ACI g=0.05,exch,0.7385723520177302,0.8125,0.1875,0.75,0.0625,16,0.30000000000000004,0.8545454545454545,0.8125,0.8335227272727272,0.39617021276595754,47
5,1,"2,5,6",H&S inter+intra,0.25,ACI g=0.05 (grow cal),exch,0.7385723520177302,0.8125,0.1875,0.75,0.0625,16,0.30000000000000004,0.8545454545454545,0.8125,0.8335227272727272,0.39617021276595754,47
